Crime ID,Month,Reported by,Falls within,Longitude,Latitude,Location,LSOA code,LSOA name,Crime type,Last outcome category,Context
3e7e0820fd77de8ca7247a66d9f39e8637ca447e56345a7700e124ae22e8fc75,2025-09,City of London Police,City of London Police,-0.107682,51.517786,On or near B521,E01000917,Camden 027C,Other theft,Status update unavailable,
daf473e0eaa9a01db414bba42c5a9ab95efc25a70ad07c6dd8d8224ae7e36709,2025-09,City of London Police,City of London Police,-0.110350,51.518090,On or near Holborn,E01000917,Camden 027C,Theft from the person,Investigation complete; no suspect identified,
50e9b15e762d29d44828cfb69deca3e2ea7e59f5bde750a9bcfb7e3e9dca1313,2025-09,City of London Police,City of London Police,-0.112096,51.515942,On or near Nightclub,E01000914,Camden 028B,Other theft,Status update unavailable,
55e5ff999224dae849bb611b78e1600339bf0e585ca520a8b78a776e7c431c51,2025-09,City of London Police,City of London Police,-0.111596,51.518281,On or near Chancery Lane,E01000914,Camden 028B,Shoplifting,Investigation complete; no suspect identified,
803d05ccf91ac51327cf59176e8510c59e88976fd484559e0389383d617e076b,2025-09,City of London Police,City of London Police,-0.121977,51.517845,On or near Further/Higher Educational Building,E01000918,Camden 028C,Violence and sexual offences,Status update unavailable,
8c2ea3f0c7ac88cfe73b466b003e3eb3be01d3e33934c8be4127da72294288d0,2025-09,City of London Police,City of London Police,-3.971261,51.789479,On or near Ffordd Maescwarrau,W01000627,Carmarthenshire 013C,Other crime,Formal action is not in the public interest,
4a933d3b145bc8d81fc22ff628fb71b95b2b5ecadb1b4ed796d24d5bf8f8f495,2025-09,City of London Police,City of London Police,-0.097506,51.521228,On or near Aldersgate Street,E01000001,City of London 001A,Bicycle theft,Awaiting court outcome,
8ec72e95ea194bc74890dff938d4f87a018bd6316927750c71b82f05603e7cc0,2025-09,City of London Police,City of London Police,-0.096367,51.515355,On or near Foster Lane,E01000001,City of London 001A,Criminal damage and arson,Investigation complete; no suspect identified,
67f3d1af80a6df6b77c1989c7a3cc75516f6ec65c191b4de0dad3e2da733cac6,2025-09,City of London Police,City of London Police,-0.097078,51.519045,On or near A1,E01000001,City of London 001A,Criminal damage and arson,Court result unavailable,
febce3305208ee7911a79a252a55bbf54f1c1a3283da66e4ed8582e1492e3c5e,2025-09,City of London Police,City of London Police,-0.097078,51.519045,On or near A1,E01000001,City of London 001A,Drugs,Status update unavailable,
93cd762f4f6cbccccd9bbfde4d4efd58a7d74f67fcb951634b4835c7948d7593,2025-09,City of London Police,City of London Police,-0.098519,51.517332,On or near Little Britain,E01000001,City of London 001A,Drugs,Awaiting court outcome,
11e1dbb8a22a2b504080f29e9372726091f9151508d4e7d1d048ff916dc2742c,2025-09,City of London Police,City of London Police,-0.097290,51.521575,On or near Fann Street,E01000001,City of London 001A,Other theft,Status update unavailable,
16268ea92ed684aaadcc5e67340521ffaf132e8fd8f69241099da713c80cb10a,2025-09,City of London Police,City of London Police,-0.097144,51.515062,On or near St Paul'S,E01000001,City of London 001A,Other theft,Investigation complete; no suspect identified,
8c1c43356ce378075dad9957196ea62cc923ff9224b558cf1452cfc619660e74,2025-09,City of London Police,City of London Police,-0.097103,51.518461,On or near Aldersgate Street,E01000001,City of London 001A,Public order,Unable to prosecute suspect,
b71c4c32ebfc41cdd0c9ad50f9f16dc99b08c9e1f4f173e616f815ef93cb9e05,2025-09,City of London Police,City of London Police,-0.096367,51.515355,On or near Foster Lane,E01000001,City of London 001A,Shoplifting,Investigation complete; no suspect identified,
1bdaeae72fd977678025d46268e955a7f92ce4d186dccde993bb089798aed571,2025-09,City of London Police,City of London Police,-0.097103,51.518461,On or near Aldersgate Street,E01000001,City of London 001A,Vehicle crime,Status update unavailable,
19402c3ea4bf444977f6fb72217c9164ddfdee1fb99b3725a141729d473c0f0d,2025-09,City of London Police,City of London Police,-0.098519,51.517332,On or near Little Britain,E01000001,City of London 001A,Violence and sexual offences,Unable to prosecute suspect,
14541037fe56db3e3ede0c53370c9f3d1c6fb964a85fbb4042b9ea462e3f984f,2025-09,City of London Police,City of London Police,-0.092488,51.520598,On or near Silk Street,E01000002,City of London 001B,Bicycle theft,Status update unavailable,
a1ed9f1ea9ec3e146dc71da276b1198ebc74e552c58f905eaf7df0ddc3a2aa3a,2025-09,City of London Police,City of London Police,-0.094130,51.519961,On or near Theatre/Concert Hall,E01000002,City of London 001B,Bicycle theft,Investigation complete; no suspect identified,
41b8b825f575fcb15d30a946aa8c5e3589ac9cc2f874f309eb01214aeff27fd6,2025-09,City of London Police,City of London Police,-0.092488,51.520598,On or near Silk Street,E01000002,City of London 001B,Bicycle theft,Investigation complete; no suspect identified,
6db191633df2d41fa5fe45b72bdaf2db870cc1ed7996f5f5c87679cb7af856c0,2025-09,City of London Police,City of London Police,-0.092488,51.520598,On or near Silk Street,E01000002,City of London 001B,Bicycle theft,Status update unavailable,
a662cabd1fdd52d62eb2d0a1caa8f9c78d1f2f748cd26927b33450a05e697b94,2025-09,City of London Police,City of London Police,-0.092488,51.520598,On or near Silk Street,E01000002,City of London 001B,Bicycle theft,Status update unavailable,
4c596c3fac45f9c07be86d2259d1dd8a5f6ef6a219391bc06d8d789dc7d88867,2025-09,City of London Police,City of London Police,-0.092488,51.520598,On or near Silk Street,E01000002,City of London 001B,Other theft,Status update unavailable,
bedc3ea672a80f35c57a0cda1549101777671f09f5e9efb51a4f3598a3119fd1,2025-09,City of London Police,City of London Police,-0.092488,51.520598,On or near Silk Street,E01000002,City of London 001B,Other theft,Investigation complete; no suspect identified,
d684e0a4f4a89d40e9589d0259b18cf3fd04dbd0b7874cd5629a74a9f8df9b76,2025-09,City of London Police,City of London Police,-0.091495,51.518145,On or near Fore Street,E01000002,City of London 001B,Other theft,Investigation complete; no suspect identified,
4e21caff94ce054528f29c0c22a89bc84384d89a1fc646db8559bb73b6cb2c26,2025-09,City of London Police,City of London Police,-0.092297,51.518949,On or near Park/Open Space,E01000002,City of London 001B,Other theft,Unable to prosecute suspect,
6cfab8a669d2504dbca604bdad2c899cb2df8c549ea587bc8edbfbd4c807632a,2025-09,City of London Police,City of London Police,-0.095704,51.516747,On or near Noble Street,E01000002,City of London 001B,Other theft,Status update unavailable,
1f260251af4fd7dd9e108fffcd44ad2642c82fa173c3ecf03a579e7667718978,2025-09,City of London Police,City of London Police,-0.095704,51.516747,On or near Noble Street,E01000002,City of London 001B,Other theft,Status update unavailable,
f31d09163ed471063224dec41bbf29467987cb2dd4028559de7af5862539c10b,2025-09,City of London Police,City of London Police,-0.095704,51.516747,On or near Noble Street,E01000002,City of London 001B,Other theft,Status update unavailable,
14ed6ff49b8fbbb5c7cadfa8e3f9421eabf39a541a82790ca7402a98196a0fe5,2025-09,City of London Police,City of London Police,-0.090648,51.520127,On or near Milton Court,E01000002,City of London 001B,Robbery,Awaiting court outcome,
737516b587ea8df12fe00cc84911c54db91afcbd5282d72f474f14c16b83e86c,2025-09,City of London Police,City of London Police,-0.090553,51.518948,On or near Moor Lane,E01000002,City of London 001B,Shoplifting,Status update unavailable,
1fe6e7433ac81bc283ddded5ed7f9cef114c2f7161c2a2b1ea684e3fc56dadd4,2025-09,City of London Police,City of London Police,-0.090553,51.518948,On or near Moor Lane,E01000002,City of London 001B,Shoplifting,Status update unavailable,
7fe8b5309f92d910f597ee50e079c2833be33e7708ba30520c9100bb3b158b89,2025-09,City of London Police,City of London Police,-0.090553,51.518948,On or near Moor Lane,E01000002,City of London 001B,Shoplifting,Status update unavailable,
3057ae8471e99a3f8f19ef012b7bb2c96bf488d70491dd621133a5aa6e2368dd,2025-09,City of London Police,City of London Police,-0.090553,51.518948,On or near Moor Lane,E01000002,City of London 001B,Shoplifting,Unable to prosecute suspect,
0c83c46b14e2685b21d6c779fc07963c00ae9ca7517293e6af022fe57912392b,2025-09,City of London Police,City of London Police,-0.090553,51.518948,On or near Moor Lane,E01000002,City of London 001B,Shoplifting,Status update unavailable,
cfd3d1da641e3f7d89671d89c5196907443031a6f52637ac4ab5592fdf854f09,2025-09,City of London Police,City of London Police,-0.090553,51.518948,On or near Moor Lane,E01000002,City of London 001B,Shoplifting,Status update unavailable,
5db50d846856c6db42208ba8babf0af96baad78007b930a53fb2719f0305920f,2025-09,City of London Police,City of London Police,-0.090553,51.518948,On or near Moor Lane,E01000002,City of London 001B,Shoplifting,Status update unavailable,
b935ddc52406d04aef5184077f52583433892ec275d223a5a65c4e4c6b15a37c,2025-09,City of London Police,City of London Police,-0.090553,51.518948,On or near Moor Lane,E01000002,City of London 001B,Shoplifting,Court result unavailable,
59d90b5b7817b8f700bcec73866fddb58adaa98b1697aac864dfbd3549b6cd31,2025-09,City of London Police,City of London Police,-0.090553,51.518948,On or near Moor Lane,E01000002,City of London 001B,Shoplifting,Status update unavailable,
e49d94d65c320b8aa00baf5b356f68a4abbd4816e3cef7d73631dca0e60c2aa2,2025-09,City of London Police,City of London Police,-0.090553,51.518948,On or near Moor Lane,E01000002,City of London 001B,Shoplifting,Investigation complete; no suspect identified,
d8f895d71126eaf87133fcc010989b234475d267579247595f2e3b8ae0654b87,2025-09,City of London Police,City of London Police,-0.090553,51.518948,On or near Moor Lane,E01000002,City of London 001B,Shoplifting,Status update unavailable,
1b88020503ff3bd56f3724a2d17e3f5157067cdb06d5ef2304da4777e2e8e56f,2025-09,City of London Police,City of London Police,-0.090553,51.518948,On or near Moor Lane,E01000002,City of London 001B,Shoplifting,Status update unavailable,
d5f3748caab50766dcfc971461656055afa855ffc964531b8eacc4860f2571bf,2025-09,City of London Police,City of London Police,-0.090553,51.518948,On or near Moor Lane,E01000002,City of London 001B,Shoplifting,Status update unavailable,
ae709fb6cbfdc3e7efa5ddb5b89667b207e9c435d2d1c17c6116e8ed812e857b,2025-09,City of London Police,City of London Police,-0.090553,51.518948,On or near Moor Lane,E01000002,City of London 001B,Shoplifting,Court result unavailable,
6557b8a15225f99db37dc05660336743353b7247b78079db017aa323544b5b0f,2025-09,City of London Police,City of London Police,-0.090553,51.518948,On or near Moor Lane,E01000002,City of London 001B,Shoplifting,Investigation complete; no suspect identified,
e49d31ce262b43d4c05f7a4254f4a59b5fc75f4057e16697215e96f913aa5752,2025-09,City of London Police,City of London Police,-0.091498,51.520483,On or near Conference/Exhibition Centre,E01000002,City of London 001B,Theft from the person,Investigation complete; no suspect identified,
6cea3d41508514961fb2a3193155dd5320278e4787518bd22f2fe6b9fa994ad5,2025-09,City of London Police,City of London Police,-0.094130,51.519961,On or near Theatre/Concert Hall,E01000002,City of London 001B,Violence and sexual offences,Investigation complete; no suspect identified,
1b65eb3d9375d91cbc6ff98b0e6e58618a0b75c3dac97a8d2cf3a6901437ad5d,2025-09,City of London Police,City of London Police,-0.095704,51.516747,On or near Noble Street,E01000002,City of London 001B,Violence and sexual offences,Unable to prosecute suspect,
0fe28b9469ea1bf7e2ac26f02efcc3aceec714b3d31b40d81c5bf11f3d9430e0,2025-09,City of London Police,City of London Police,-0.094130,51.519961,On or near Theatre/Concert Hall,E01000002,City of London 001B,Violence and sexual offences,Investigation complete; no suspect identified,
,2025-09,City of London Police,City of London Police,-0.097706,51.522652,On or near Goswell Road,E01000003,City of London 001C,Anti-social behaviour,,
ee95984db184f5fc005686a59f5c12cd3085e275684e5d96ece72e4dc00a0e20,2025-09,City of London Police,City of London Police,-0.096984,51.522426,On or near Sports/Recreation Area,E01000003,City of London 001C,Bicycle theft,Investigation complete; no suspect identified,
27df3bb4bbe70905dce8d5e79a75e69ff025a848ec92fa31996191a880af42b7,2025-09,City of London Police,City of London Police,-0.096984,51.522426,On or near Sports/Recreation Area,E01000003,City of London 001C,Bicycle theft,Awaiting court outcome,
95490f8a83a35a35bc889e177ad3bd6439c4a1f8c69da632571f01960aa11575,2025-09,City of London Police,City of London Police,-0.096984,51.522426,On or near Sports/Recreation Area,E01000003,City of London 001C,Drugs,Investigation complete; no suspect identified,
9207270eb9beb754c4529b94971e76708997fddfcac2e287332693ce6eb51b4d,2025-09,City of London Police,City of London Police,-0.094932,51.522823,On or near Golden Lane,E01000003,City of London 001C,Drugs,Investigation complete; no suspect identified,
96d8f5dac93612a279a51761f8b9a1784950adb4ba1fc58418c83b5528372755,2025-09,City of London Police,City of London Police,-0.094932,51.522823,On or near Golden Lane,E01000003,City of London 001C,Drugs,Investigation complete; no suspect identified,
86566585ea2c9eec249e3460ceb469223a8e54589b711c7a8999dd8367d69ea3,2025-09,City of London Police,City of London Police,-0.096984,51.522426,On or near Sports/Recreation Area,E01000003,City of London 001C,Drugs,Investigation complete; no suspect identified,
7dcb29fcc316dc85afb286cf44ca8f16ad48e440d265b75137f7871c7a188b6b,2025-09,City of London Police,City of London Police,-0.094759,51.521435,On or near Brackley Street,E01000003,City of London 001C,Drugs,Status update unavailable,
85ee625daecb55b323d6cb158c59eb35c881d78850c7a463160e946466cf69e6,2025-09,City of London Police,City of London Police,-0.096984,51.522426,On or near Sports/Recreation Area,E01000003,City of London 001C,Drugs,Formal action is not in the public interest,
79c17fbc954a3317a30847f31f8084a74337a2795639b1b5622dd2681d805bc1,2025-09,City of London Police,City of London Police,-0.096984,51.522426,On or near Sports/Recreation Area,E01000003,City of London 001C,Drugs,Status update unavailable,
13ca4fb8593f2fe0cff832dcbaba0c4f74004c86af6ba6f10aeb43dd4f04fee0,2025-09,City of London Police,City of London Police,-0.094932,51.522823,On or near Golden Lane,E01000003,City of London 001C,Drugs,Investigation complete; no suspect identified,
d54e19eb7ce8a8a03647afce8669b930d5cc40d7131bd7197ec6e66fe58054e2,2025-09,City of London Police,City of London Police,-0.096984,51.522426,On or near Sports/Recreation Area,E01000003,City of London 001C,Drugs,Investigation complete; no suspect identified,
b66aa1763ed9119bf64d5b3e381e4bbe22d5ddbe7710b99ed275bb5c5c3ea5d0,2025-09,City of London Police,City of London Police,-0.096984,51.522426,On or near Sports/Recreation Area,E01000003,City of London 001C,Drugs,Status update unavailable,
5a51faf54ae408eaf4e259a160fc9a518f2af24232db5d0cac1b5fd880f03149,2025-09,City of London Police,City of London Police,-0.096984,51.522426,On or near Sports/Recreation Area,E01000003,City of London 001C,Drugs,Investigation complete; no suspect identified,
75209a09b6a1e81fa6f53487d692b290533cc3145b756cf8b77564b4eb504205,2025-09,City of London Police,City of London Police,-0.096984,51.522426,On or near Sports/Recreation Area,E01000003,City of London 001C,Drugs,Investigation complete; no suspect identified,
3decf8787d5a9e8137014f32a6f6cd38cef4560f65a637a584e1a93a64e9d498,2025-09,City of London Police,City of London Police,-0.094759,51.521435,On or near Brackley Street,E01000003,City of London 001C,Drugs,Status update unavailable,
994b68567b42ac1f5116c233afed6c8c8cb279f4bba4f0fa438be8cb0055fcfd,2025-09,City of London Police,City of London Police,-0.095758,51.521667,On or near Fann Street,E01000003,City of London 001C,Other theft,Investigation complete; no suspect identified,
d19416afaf3cc1e8e562b6b55004745835cda8de7176e8a4aa6a15f371206132,2025-09,City of London Police,City of London Police,-0.095758,51.521667,On or near Fann Street,E01000003,City of London 001C,Theft from the person,Unable to prosecute suspect,
499ab23b1c22c85e3fa7b06e8425a031036273af5e06cfe90ac9d9c59601f43a,2025-09,City of London Police,City of London Police,-0.095053,51.523022,On or near Golden Lane,E01000003,City of London 001C,Violence and sexual offences,Status update unavailable,
,2025-09,City of London Police,City of London Police,-0.073717,51.510084,On or near Shorter Street,E01000005,City of London 001E,Anti-social behaviour,,
5732482148586e8d559dedb048c98442df8bcbd9d441ff100cc7eb6d8ba26dca,2025-09,City of London Police,City of London Police,-0.076425,51.516271,On or near Wentworth Street,E01000005,City of London 001E,Bicycle theft,Unable to prosecute suspect,
a23efa78fa3f1370ffa600b87d5b5570796e83a5f613778bf209ffe7f1a605c0,2025-09,City of London Police,City of London Police,-0.075866,51.511406,On or near America Square,E01000005,City of London 001E,Bicycle theft,Investigation complete; no suspect identified,
53bc1a62fadc48a14318f88c0316674a3011257494e3999b13693da693a01972,2025-09,City of London Police,City of London Police,-0.074925,51.514924,On or near St Botolph Street,E01000005,City of London 001E,Bicycle theft,Status update unavailable,
345bdeaf6c10562f624e8e725018e7f47f66a511b93ecaa8c4149d4bd08841ef,2025-09,City of London Police,City of London Police,-0.073704,51.511748,On or near Portsoken Street,E01000005,City of London 001E,Burglary,Status update unavailable,
9c8e30f04a79574c43726bf88a1121e23f0f244fb25086978a6db069a129356f,2025-09,City of London Police,City of London Police,-0.077511,51.515812,On or near Artizan Street,E01000005,City of London 001E,Burglary,Status update unavailable,
dee3cdf0cf25437f2c4ee9a68fb540c8a19d3fb921eb87b6b1aa7ae6035d2f54,2025-09,City of London Police,City of London Police,-0.075080,51.512625,On or near St Clare Street,E01000005,City of London 001E,Burglary,Status update unavailable,
4db532ee80ea0c5305c465073b0ea565c59bbb17fe7ca0db47c781e9e7a78931,2025-09,City of London Police,City of London Police,-0.075080,51.512625,On or near St Clare Street,E01000005,City of London 001E,Burglary,Status update unavailable,
737deb6f00b2a395f37fae448d0ca844330f8ebf96ccc2c8eac6c6bbc31f01eb,2025-09,City of London Police,City of London Police,-0.073456,51.513542,On or near Little Somerset Street,E01000005,City of London 001E,Criminal damage and arson,Status update unavailable,
cd7e5594d3ac5cf077891eff8dde387ac0392a0e9b2a6de586a928ff674d6436,2025-09,City of London Police,City of London Police,-0.075922,51.515894,On or near New Goulston Street,E01000005,City of London 001E,Criminal damage and arson,Unable to prosecute suspect,
38b7b3291d4159835a2c85ee4fd3b729953f3dc25cccab75ac1e7689db128de0,2025-09,City of London Police,City of London Police,-0.073456,51.513542,On or near Little Somerset Street,E01000005,City of London 001E,Criminal damage and arson,Status update unavailable,
18353d7b3ec6466d631d39f3370659ee6b97b1af65bd740760c1e4f14286f7a1,2025-09,City of London Police,City of London Police,-0.073531,51.513813,On or near Braham Street,E01000005,City of London 001E,Drugs,Local resolution,
9a8c7491d84f76cf7f5eeb57578e685c170c6e0ec65ad68e1d302687ba4fda8d,2025-09,City of London Police,City of London Police,-0.075080,51.512625,On or near St Clare Street,E01000005,City of London 001E,Other theft,Status update unavailable,
9e1b0ec7219599d1044f61b0bc64d4f8bc50de8e40fb746b9e706b18e56a20a1,2025-09,City of London Police,City of London Police,-0.077407,51.516215,On or near Harrow Place,E01000005,City of London 001E,Other theft,Status update unavailable,
baa6ef27c2f77e273cb37f205b75d06b2a273e15c31e9ae24820619b72b1c429,2025-09,City of London Police,City of London Police,-0.075453,51.511965,On or near Minories,E01000005,City of London 001E,Other theft,Further investigation is not in the public interest,
b28c65c03aad3117e9cdd37356a366442c57e0eef531750af3c4ded2b55e3797,2025-09,City of London Police,City of London Police,-0.074330,51.513647,On or near Little Somerset Street,E01000005,City of London 001E,Other theft,Status update unavailable,
f8fbe59daf6db7f3a0a2ca0d3b773fe2ee36064f934f2ecdf8701c2d37ab6963,2025-09,City of London Police,City of London Police,-0.074925,51.514924,On or near St Botolph Street,E01000005,City of London 001E,Other theft,Investigation complete; no suspect identified,
938bcb2c49c5dd1cef28b3c131782dfdfa2d4b42908390a3d77f8b5826d0989f,2025-09,City of London Police,City of London Police,-0.074925,51.514924,On or near St Botolph Street,E01000005,City of London 001E,Other theft,Unable to prosecute suspect,
26da170efc4439e9827db778e3c5666be4370541b199ed9d20355e4c60df58ac,2025-09,City of London Police,City of London Police,-0.073456,51.513542,On or near Little Somerset Street,E01000005,City of London 001E,Public order,Unable to prosecute suspect,
dc737241b338642d2f5baf013a173db28e0adfb750850c0b35148af6ee9c6838,2025-09,City of London Police,City of London Police,-0.074925,51.514924,On or near St Botolph Street,E01000005,City of London 001E,Public order,Status update unavailable,
21a29287388e1807679072a6bdba60910df233a5718ea91371559198a3d59f69,2025-09,City of London Police,City of London Police,-0.076716,51.515178,On or near Gravel Lane,E01000005,City of London 001E,Public order,Unable to prosecute suspect,
a41f8baaed5d1d80871d419decf52f9096ffcac87cb2828a42ac1ac634048523,2025-09,City of London Police,City of London Police,-0.074330,51.513647,On or near Little Somerset Street,E01000005,City of London 001E,Robbery,Status update unavailable,
f35c4a69f3fcf09944a4bc685a83e85805217428bf6af3992f12de719333d317,2025-09,City of London Police,City of London Police,-0.076716,51.515178,On or near Gravel Lane,E01000005,City of London 001E,Shoplifting,Unable to prosecute suspect,
810df7965001c6090c36c7b01c05bc75e261edc5d17c2cb1784c970b7190591c,2025-09,City of London Police,City of London Police,-0.075401,51.511164,On or near Supermarket,E01000005,City of London 001E,Shoplifting,Investigation complete; no suspect identified,
db36caf964caeb18bfe82413d603d0c6e190540fbe93fcb1b54164b76da42ef2,2025-09,City of London Police,City of London Police,-0.074330,51.513647,On or near Little Somerset Street,E01000005,City of London 001E,Shoplifting,Investigation complete; no suspect identified,
91ffd0a2b9a0d7357e979ab44e7946e9b26fce5adfa7c24907135328c4142673,2025-09,City of London Police,City of London Police,-0.074253,51.511037,On or near Goodman'S Court,E01000005,City of London 001E,Theft from the person,Investigation complete; no suspect identified,
f142db0431b527683737125e2317ac3e9be68f44309f51ba49a2cb8bb8503750,2025-09,City of London Police,City of London Police,-0.078849,51.516212,On or near Devonshire Square,E01000005,City of London 001E,Vehicle crime,Investigation complete; no suspect identified,
64a74a7dfeb524c752935897ba23ae7523234b4dd5137c4298edab2f88f59130,2025-09,City of London Police,City of London Police,-0.074925,51.514924,On or near St Botolph Street,E01000005,City of London 001E,Violence and sexual offences,Status update unavailable,
e86148b5bfff7055ffd70fd4132a21d6d855f17024854bb0ea54d9ab69350108,2025-09,City of London Police,City of London Police,-0.074925,51.514924,On or near St Botolph Street,E01000005,City of London 001E,Violence and sexual offences,Status update unavailable,
dfd538a6e5854cbf8acf15d92b92d16042f82898b5f74d2f936edb3b3681cd68,2025-09,City of London Police,City of London Police,-0.076716,51.515178,On or near Gravel Lane,E01000005,City of London 001E,Violence and sexual offences,Status update unavailable,
77019620b5d5ce8cbe91aafd6097b12f89bee107ab680304380c81b75e6622bf,2025-09,City of London Police,City of London Police,-0.078849,51.516212,On or near Devonshire Square,E01000005,City of London 001E,Violence and sexual offences,Status update unavailable,
b374709de6ec58bf0445681ab2a0d1c395de9de1f3100443238fed022c2c9d6d,2025-09,City of London Police,City of London Police,-0.076145,51.512642,On or near India Street,E01000005,City of London 001E,Violence and sexual offences,Unable to prosecute suspect,
,2025-09,City of London Police,City of London Police,-0.093339,51.511557,On or near Conference/Exhibition Centre,E01032739,City of London 001F,Anti-social behaviour,,
,2025-09,City of London Police,City of London Police,-0.091823,51.514427,On or near Ironmonger Lane,E01032739,City of London 001F,Anti-social behaviour,,
,2025-09,City of London Police,City of London Police,-0.078755,51.518440,On or near Artillery Lane,E01032739,City of London 001F,Anti-social behaviour,,
,2025-09,City of London Police,City of London Police,-0.092036,51.511049,On or near College Street,E01032739,City of London 001F,Anti-social behaviour,,
,2025-09,City of London Police,City of London Police,-0.090798,51.510328,On or near London Cannon Street,E01032739,City of London 001F,Anti-social behaviour,,
,2025-09,City of London Police,City of London Police,-0.093339,51.511557,On or near Conference/Exhibition Centre,E01032739,City of London 001F,Anti-social behaviour,,
,2025-09,City of London Police,City of London Police,-0.078424,51.518093,On or near Widegate Street,E01032739,City of London 001F,Anti-social behaviour,,
,2025-09,City of London Police,City of London Police,-0.091540,51.511896,On or near Cannon Street,E01032739,City of London 001F,Anti-social behaviour,,
,2025-09,City of London Police,City of London Police,-0.089808,51.517461,On or near London Wall,E01032739,City of London 001F,Anti-social behaviour,,
,2025-09,City of London Police,City of London Police,-0.083977,51.510441,On or near Lovat Lane,E01032739,City of London 001F,Anti-social behaviour,,
5df9146dcf7242f6d9909f28b17da8ae0617f4f1e0f7be7e44344c78f61c5932,2025-09,City of London Police,City of London Police,-0.078495,51.517770,On or near Further/Higher Educational Building,E01032739,City of London 001F,Bicycle theft,Unable to prosecute suspect,
21900005c2e8821748e8b6aae717d2bf6f3e77887532f1270cdfc423249bbc42,2025-09,City of London Police,City of London Police,-0.079196,51.513789,On or near Creechurch Lane,E01032739,City of London 001F,Bicycle theft,Investigation complete; no suspect identified,
e651fc14431c0837f89d04368b76bd4850fb68a82148238a1aab9d1019a726d1,2025-09,City of London Police,City of London Police,-0.093339,51.511557,On or near Conference/Exhibition Centre,E01032739,City of London 001F,Bicycle theft,Investigation complete; no suspect identified,
1d4b95ec9b0ff349c90789782a7dcf2464b1c3808fbadd4432204a0534d87520,2025-09,City of London Police,City of London Police,-0.089479,51.510864,On or near Gophir Lane,E01032739,City of London 001F,Bicycle theft,Investigation complete; no suspect identified,
6a1c20239c7809af0d4a8452665cd3aac0b1c5b51929cb3d972ca13c621cd10e,2025-09,City of London Police,City of London Police,-0.086019,51.513631,On or near Finch Lane,E01032739,City of London 001F,Bicycle theft,Investigation complete; no suspect identified,
31a502dfca88447b1742cb4c6697e08c64e79a9a6b535a889de28f41b0b03758,2025-09,City of London Police,City of London Police,-0.079838,51.514267,On or near Bury Street,E01032739,City of London 001F,Bicycle theft,Status update unavailable,
7ae2bef7d25bce35316daaed668ed2364d5a45269eaac1eb5e8627ae44ec531f,2025-09,City of London Police,City of London Police,-0.087157,51.512624,On or near Lombard Street,E01032739,City of London 001F,Bicycle theft,Investigation complete; no suspect identified,
4c4bf23bb48abe98a49fdd76134aba792cb62171cefe5fac20df4a3e5746b0a4,2025-09,City of London Police,City of London Police,-0.082993,51.516360,On or near Wormwood Street,E01032739,City of London 001F,Bicycle theft,Investigation complete; no suspect identified,
f74f5e6adc457aabaad4ca7dc37a33ce154af12841c3973dce5dfcdeb515b8b6,2025-09,City of London Police,City of London Police,-0.079521,51.511196,On or near New London Street,E01032739,City of London 001F,Bicycle theft,Status update unavailable,
1eeeabe6bbf6efad1e7c100f2de7e4d7d701e28e02c2643e164bf90bcb23db23,2025-09,City of London Police,City of London Police,-0.092531,51.512658,On or near Queen Street,E01032739,City of London 001F,Bicycle theft,Investigation complete; no suspect identified,
54fbd584d4c3d776b8a35dfc7bcf49ae3f63372ac951ec43342c4e6cb00148f2,2025-09,City of London Police,City of London Police,-0.086815,51.517007,On or near Circus Place,E01032739,City of London 001F,Bicycle theft,Investigation complete; no suspect identified,
97fe06e9ef7d5bff9044935e48d2c697d11b679429c0bd08f1518c98da777ab0,2025-09,City of London Police,City of London Police,-0.080291,51.514814,On or near Bury Court,E01032739,City of London 001F,Bicycle theft,Investigation complete; no suspect identified,
f85e73af768177ff7b62af99b9cd94e58f642bca43d054f9c1a916e8514cd913,2025-09,City of London Police,City of London Police,-0.100588,51.512636,On or near Addle Hill,E01032739,City of London 001F,Bicycle theft,Unable to prosecute suspect,
309b98e8ed5e982d7b53e54b0fe6483d96562ef93759691b8028e22e7b4016fe,2025-09,City of London Police,City of London Police,-0.095224,51.513736,On or near Shopping Area,E01032739,City of London 001F,Bicycle theft,Status update unavailable,
b9e1037ca113b1685923505173aafe3924de290ff4450c614ace1f623a024c4d,2025-09,City of London Police,City of London Police,-0.085089,51.512105,On or near Gracechurch Street,E01032739,City of London 001F,Burglary,Status update unavailable,
c61e891326e1b9ee1aac1ee0639030dfede24b42d85ceae28720b06723c90095,2025-09,City of London Police,City of London Police,-0.086815,51.517007,On or near Circus Place,E01032739,City of London 001F,Burglary,Status update unavailable,
a8e9f9299ce647b65831a5ae3aa93f9708ea8914378a57a6766f5a7831296422,2025-09,City of London Police,City of London Police,-0.094900,51.513209,On or near Bread Street,E01032739,City of London 001F,Burglary,Court result unavailable,
46a7e700e7c4d2fdad1346ca21be3da0eac5a0b241db54c7ce3d1c6e3cd08f06,2025-09,City of London Police,City of London Police,-0.089822,51.516103,On or near Coleman Street,E01032739,City of London 001F,Burglary,Investigation complete; no suspect identified,
5e98ec7bd7f98e1ee1d3aecfe3ade917cd0b488689fcf12da3b902e653de1a83,2025-09,City of London Police,City of London Police,-0.078424,51.518093,On or near Widegate Street,E01032739,City of London 001F,Burglary,Investigation complete; no suspect identified,
9d89823bac045c9fb8eb0695398b223257cd588677a609adf45e183d604d5a15,2025-09,City of London Police,City of London Police,-0.100201,51.513286,On or near Dean'S Court,E01032739,City of London 001F,Burglary,Status update unavailable,
1bfc6d28fb051547fc773a8183bef0894b05db1f612aa0379f535e612f966000,2025-09,City of London Police,City of London Police,-0.085228,51.511190,On or near Talbot Court,E01032739,City of London 001F,Burglary,Awaiting court outcome,
21cddcfa7d22aebb882c6bd101309868cfe6bd740beba5ff58b6adf2ad8f47d8,2025-09,City of London Police,City of London Police,-0.082133,51.515222,On or near St Helen'S Place,E01032739,City of London 001F,Burglary,Status update unavailable,
2300ded9a050792399b7c3cc1d6149f5881011e9e441af9c28b22347e24e28af,2025-09,City of London Police,City of London Police,-0.081643,51.510070,On or near Great Tower Street,E01032739,City of London 001F,Burglary,Investigation complete; no suspect identified,
b8a69f6871b9e4d0f9b2bc3ddc881b6e5d197cbf0ac04e86546b740640c15acd,2025-09,City of London Police,City of London Police,-0.094070,51.513079,On or near Watling Street,E01032739,City of London 001F,Burglary,Status update unavailable,
e0de74181f9c60dbf326f1db0fa81b6b276fe45f10906febcc4c411253386f1e,2025-09,City of London Police,City of London Police,-0.100201,51.513286,On or near Dean'S Court,E01032739,City of London 001F,Burglary,Unable to prosecute suspect,
1a89dd8d9f53ed7c541fbdf46573db5fa39548734b4ad8415e1e100f51b1151c,2025-09,City of London Police,City of London Police,-0.081113,51.516869,On or near Bishopsgate,E01032739,City of London 001F,Burglary,Investigation complete; no suspect identified,
b43e826a96017ff66ce2d31b46114e9d6de2a3dcf0845920e73521ee20544784,2025-09,City of London Police,City of London Police,-0.077959,51.511332,On or near Crutched Friars,E01032739,City of London 001F,Burglary,Court result unavailable,
c6433b01f1de3ce292a1aabab4ec9955231657184e5365c5d975bdb28a87698b,2025-09,City of London Police,City of London Police,-0.087744,51.516492,On or near Copthall Avenue,E01032739,City of London 001F,Burglary,Status update unavailable,
0b649af357343392c3fa48615b64aa611e9bab4d4628f09c6813ad2db7ae5548,2025-09,City of London Police,City of London Police,-0.081091,51.508820,On or near Water Lane,E01032739,City of London 001F,Burglary,Unable to prosecute suspect,
6a62cf09a2a143ad183b9310b80f1eee39f6cbed5bf02f500f9cdf6c31757b04,2025-09,City of London Police,City of London Police,-0.088456,51.514975,On or near Tokenhouse Yard,E01032739,City of London 001F,Burglary,Investigation complete; no suspect identified,
833235e7747e699aaed26261ccdcb1a8133c6b04350f8da1b2f64bfee2d64ce6,2025-09,City of London Police,City of London Police,-0.084559,51.510316,On or near Botolph Lane,E01032739,City of London 001F,Burglary,Investigation complete; no suspect identified,
54f5810fc9bf46dd721a8fbb426959d94f257482946877e6fecc550f2db78524,2025-09,City of London Police,City of London Police,-0.086815,51.517007,On or near Circus Place,E01032739,City of London 001F,Burglary,Investigation complete; no suspect identified,
b16ab1f10d994680ac279eaf6c3d3733983e72fb1384431b0b6e15c7cafa1519,2025-09,City of London Police,City of London Police,-0.101589,51.513515,On or near Ludgate Square,E01032739,City of London 001F,Burglary,Investigation complete; no suspect identified,
55fe1db53519bbc17f397289ed35d215025d49e32cbe017c1b099a473d25c37a,2025-09,City of London Police,City of London Police,-0.081113,51.516869,On or near Bishopsgate,E01032739,City of London 001F,Burglary,Investigation complete; no suspect identified,
5d4f6d4143f5aa7bebf6aaad74f1735d36f98d235de463297a10f8f9e4637171,2025-09,City of London Police,City of London Police,-0.081113,51.516869,On or near Bishopsgate,E01032739,City of London 001F,Burglary,Unable to prosecute suspect,
5b8b2a1424681e5df8d042362cec10d71b63d2fa8efc1af280a7859707021c31,2025-09,City of London Police,City of London Police,-0.087157,51.512624,On or near Lombard Street,E01032739,City of London 001F,Burglary,Investigation complete; no suspect identified,
65011b3ae1911a51dca48672ea0f289d32a0f443cf0c3eeb9e867f5000ccd821,2025-09,City of London Police,City of London Police,-0.077959,51.511332,On or near Crutched Friars,E01032739,City of London 001F,Burglary,Status update unavailable,
9740e8796834c1bf6bb22cc73f5314868da768711207190b462db6a1fe1e3a5e,2025-09,City of London Police,City of London Police,-0.100201,51.513286,On or near Dean'S Court,E01032739,City of London 001F,Burglary,Awaiting court outcome,
8aed2d24be3380d253d16032338679d3567c9aa9b0d760c6bd5b55c3459eef6e,2025-09,City of London Police,City of London Police,-0.079196,51.513789,On or near Creechurch Lane,E01032739,City of London 001F,Burglary,Unable to prosecute suspect,
f0e0a534bba5736eebc4d531b734fa0062ff855db27620ed1cc9533144b4d40f,2025-09,City of London Police,City of London Police,-0.078477,51.509965,On or near Muscovy Street,E01032739,City of London 001F,Burglary,Awaiting court outcome,
6899bbaa38ac184dad0e90ff2065e9fcfd6c1bbe6033c1707e4ca11bd107b076,2025-09,City of London Police,City of London Police,-0.091823,51.514427,On or near Ironmonger Lane,E01032739,City of London 001F,Burglary,Court result unavailable,
c005130cd6f8f9bd3857112d79a351e1513f16d31701a9d859e0a1b63a46a513,2025-09,City of London Police,City of London Police,-0.077070,51.510877,On or near Cooper'S Row,E01032739,City of London 001F,Burglary,Investigation complete; no suspect identified,
92bf31c5fc51b4aa9aaf3cb016416c7b9888f79565ec33450ca5060e5449d7c3,2025-09,City of London Police,City of London Police,-0.095764,51.512549,On or near Friday Street,E01032739,City of London 001F,Criminal damage and arson,Awaiting court outcome,
5dfd4717167e8e40732333af10507dc68543491ec8f8b7365eb4aa2147fbcf7c,2025-09,City of London Police,City of London Police,-0.083977,51.510441,On or near Lovat Lane,E01032739,City of London 001F,Criminal damage and arson,Unable to prosecute suspect,
51fbd19e963d074a10d6e8fbd8738167d8a409460146627a6a96389692f4c8b5,2025-09,City of London Police,City of London Police,-0.091947,51.513188,On or near Pancras Lane,E01032739,City of London 001F,Criminal damage and arson,Status update unavailable,
26a586a2e05fcd92aab413a53b7ea55337d381d17455fa29395326d1eebb3180,2025-09,City of London Police,City of London Police,-0.087772,51.510665,On or near Martin Lane,E01032739,City of London 001F,Criminal damage and arson,Status update unavailable,
bc2cd0ab70d361295421dd187314b75a37d0dea422a362148a2fefac23eac184,2025-09,City of London Police,City of London Police,-0.079907,51.517785,On or near Victoria Avenue,E01032739,City of London 001F,Criminal damage and arson,Status update unavailable,
bcc2061def0eff74707bd189ecb1a9e9a385f23906b1c70b806ae4b96cd57cac,2025-09,City of London Police,City of London Police,-0.078755,51.518440,On or near Artillery Lane,E01032739,City of London 001F,Criminal damage and arson,Unable to prosecute suspect,
b6b2c08c73a8db5796474a93f065d67214cc86612f360366fc1d94cb56e8be95,2025-09,City of London Police,City of London Police,-0.104276,51.513712,On or near A201,E01032739,City of London 001F,Criminal damage and arson,Status update unavailable,
32304fe96b75ce73becaebbb635012fb1f1278f450166bc816507454ee38db8e,2025-09,City of London Police,City of London Police,-0.092633,51.509872,On or near Bell Wharf Lane,E01032739,City of London 001F,Criminal damage and arson,Status update unavailable,
d3e0420af48b4ebef9ec9f5b5aa4a62be5b36c5ed4d6cc4f88d76704c7c4e3a9,2025-09,City of London Police,City of London Police,-0.079907,51.517785,On or near Victoria Avenue,E01032739,City of London 001F,Drugs,Status update unavailable,
abbbc75793c8abd563bf35483475487bea95b627c51f7ede54bbf40fed127096,2025-09,City of London Police,City of London Police,-0.079907,51.517785,On or near Victoria Avenue,E01032739,City of London 001F,Drugs,Local resolution,
3d30fbf768cdd02ae5b578ea899a0a16a29f2c1306a4b400feb3133d168e30d4,2025-09,City of London Police,City of London Police,-0.078424,51.518093,On or near Widegate Street,E01032739,City of London 001F,Drugs,Awaiting court outcome,
e25dff3bee7ed8fdecced00ad2e05bef2bb636e6de0cf02f1e09bf1f8abaedcd,2025-09,City of London Police,City of London Police,-0.085089,51.512105,On or near Gracechurch Street,E01032739,City of London 001F,Drugs,Status update unavailable,
e62167555dbad0319bc1537f9b791de08031cbd0cb19f07f937c91ceac9224d3,2025-09,City of London Police,City of London Police,-0.091540,51.511896,On or near Cannon Street,E01032739,City of London 001F,Drugs,Status update unavailable,
78654d9300b1b5abbbd5e5e419a731b3643e26b08268ffb410b7911badc56dca,2025-09,City of London Police,City of London Police,-0.091823,51.514427,On or near Ironmonger Lane,E01032739,City of London 001F,Drugs,Investigation complete; no suspect identified,
445b5dac9dcd75d1a7ddf92de866a962e88fcf2b01e25d5ebe502055a46713ea,2025-09,City of London Police,City of London Police,-0.094070,51.513079,On or near Watling Street,E01032739,City of London 001F,Drugs,Local resolution,
3f0e9f2dac8d0949bb9465bd115ec4fb71ad7151e97331a5f4efefb401c3df37,2025-09,City of London Police,City of London Police,-0.085089,51.512105,On or near Gracechurch Street,E01032739,City of London 001F,Drugs,Local resolution,
9acd30ebc726c6198174568c174da20a97cb78813b20b544bc6245d42e271cd9,2025-09,City of London Police,City of London Police,-0.091540,51.511896,On or near Cannon Street,E01032739,City of London 001F,Drugs,Status update unavailable,
9c99e4e0cdebb98935c7b21b4b71e545e6f49473bf856ffe8a2ca129c14de5ac,2025-09,City of London Police,City of London Police,-0.088903,51.510836,On or near Laurence Pountney Hill,E01032739,City of London 001F,Drugs,Formal action is not in the public interest,
9236e70bf064cf27493bcbca7fa9f230ca91f35ec5387310e7004c5fa1ecbb89,2025-09,City of London Police,City of London Police,-0.078755,51.518440,On or near Artillery Lane,E01032739,City of London 001F,Drugs,Status update unavailable,
23cf80160149cd72d7548f027fc1278688cd814647ab17a0e22ad1b45682b78a,2025-09,City of London Police,City of London Police,-0.081902,51.517296,On or near Liverpool Street,E01032739,City of London 001F,Drugs,Status update unavailable,
113998dfa295373e32f6cf68c6c337e658835ad08ed09e0aec8d3eeb10175875,2025-09,City of London Police,City of London Police,-0.091540,51.511896,On or near Cannon Street,E01032739,City of London 001F,Drugs,Court result unavailable,
1317c5d4a5a654b5ba063eff9a5682ced31b2668fc287af36476ec0793f69da2,2025-09,City of London Police,City of London Police,-0.089808,51.517461,On or near London Wall,E01032739,City of London 001F,Drugs,Status update unavailable,
2b1bd4122b9813daedd35a49449e09c6b9ea3bed03c9a40db5cfd70b573d8bba,2025-09,City of London Police,City of London Police,-0.081512,51.518692,On or near London Liverpool Street,E01032739,City of London 001F,Other theft,Investigation complete; no suspect identified,
3b99d93c82cec466e50fc14c63f76f1cd68fed56502fef779b15dae9cb385b7a,2025-09,City of London Police,City of London Police,-0.089822,51.516103,On or near Coleman Street,E01032739,City of London 001F,Other theft,Unable to prosecute suspect,
444b87345b445cc55c84c277c740b25dcfba543ba67b1ca8cf2598105bb5b961,2025-09,City of London Police,City of London Police,-0.077372,51.512590,On or near Carlisle Avenue,E01032739,City of London 001F,Other theft,Investigation complete; no suspect identified,
692398dbe1b32b6ffb909fd1e70e1ec52fd6fcaae5411e1ad0eccc433bda79c8,2025-09,City of London Police,City of London Police,-0.095224,51.513736,On or near Shopping Area,E01032739,City of London 001F,Other theft,Status update unavailable,
074f64860827398502d169fc0956afca1188acdb79bf0a728cf77aed3f43773d,2025-09,City of London Police,City of London Police,-0.104276,51.513712,On or near A201,E01032739,City of London 001F,Other theft,Status update unavailable,
0a70f3a455b2c6e4d70efc7bedba02c0cc34d5c4985d30a53fe9d95b36639db3,2025-09,City of London Police,City of London Police,-0.101589,51.513515,On or near Ludgate Square,E01032739,City of London 001F,Other theft,Status update unavailable,
dc31fff958bf7b5b4c103bfa4d5d3fd47354f9c21a74d26d3786639a2db84f10,2025-09,City of London Police,City of London Police,-0.102134,51.513929,On or near Ludgate Hill,E01032739,City of London 001F,Other theft,Investigation complete; no suspect identified,
8a08da7046d90f93e9530506a39190cd372e22f0b8e185b58f260fa1be724f9c,2025-09,City of London Police,City of London Police,-0.090578,51.509722,On or near Allhallows Lane,E01032739,City of London 001F,Other theft,Status update unavailable,
c7f4eca6745cf2a9a725eb08e6ac782bb896481d92d7ea35b47ef4e660333e66,2025-09,City of London Police,City of London Police,-0.090578,51.509722,On or near Allhallows Lane,E01032739,City of London 001F,Other theft,Status update unavailable,
1f0bccad1d27eed9d4da6c1f5b4aeddf92bbd221af13fc9054046f6aa2d5e30d,2025-09,City of London Police,City of London Police,-0.078755,51.518440,On or near Artillery Lane,E01032739,City of London 001F,Other theft,Investigation complete; no suspect identified,
8c700bbca4eca3da1bdad08d10fbe0ea96b05fa29de9ce4e7e61a7fd6886fbe8,2025-09,City of London Police,City of London Police,-0.087157,51.512624,On or near Lombard Street,E01032739,City of London 001F,Other theft,Investigation complete; no suspect identified,
6558b73309f904d87fb440b2b48111b745d5277b863c7880e35114d7a6b403cd,2025-09,City of London Police,City of London Police,-0.087157,51.512624,On or near Lombard Street,E01032739,City of London 001F,Other theft,Investigation complete; no suspect identified,
f812905314b068073f537cd7605d2591b46b00a3bbe82269d4fab23373256692,2025-09,City of London Police,City of London Police,-0.082133,51.515222,On or near St Helen'S Place,E01032739,City of London 001F,Other theft,Investigation complete; no suspect identified,
0a0be39269f0fa24bb58e9fc198d371ddc66b087e62cadbdd0e9180c44ef1964,2025-09,City of London Police,City of London Police,-0.091947,51.513188,On or near Pancras Lane,E01032739,City of London 001F,Other theft,Investigation complete; no suspect identified,
d83d5177a238f44414dd0220460e2457847bfa1ae33f6c27cc4b5a0960046173,2025-09,City of London Police,City of London Police,-0.078495,51.517770,On or near Further/Higher Educational Building,E01032739,City of London 001F,Other theft,Status update unavailable,
66807869d2dd426200635894dc2556e7ac67f2359685dadf3a8a67b433ad3259,2025-09,City of London Police,City of London Police,-0.091540,51.511896,On or near Cannon Street,E01032739,City of London 001F,Other theft,Investigation complete; no suspect identified,
fd383660f9fdd6bc57c1e4ee120a156854dc1f0a2b2a0b9291815a2093eb7c6e,2025-09,City of London Police,City of London Police,-0.100201,51.513286,On or near Dean'S Court,E01032739,City of London 001F,Other theft,Investigation complete; no suspect identified,
051bb5751c03b8d4938010b32069278ad3629882610f5f17f2c36ae8dafc3874,2025-09,City of London Police,City of London Police,-0.092531,51.512658,On or near Queen Street,E01032739,City of London 001F,Other theft,Investigation complete; no suspect identified,
37fefb4e3e77b284353b001a5fa371104a7630acbef8712a29310d778690f375,2025-09,City of London Police,City of London Police,-0.097291,51.514626,On or near Supermarket,E01032739,City of London 001F,Other theft,Investigation complete; no suspect identified,
1b6ed3be387acd682257c77db84d08d9d5086ccca619b060a632dd026eb89742,2025-09,City of London Police,City of London Police,-0.079138,51.508312,On or near Lower Thames Street,E01032739,City of London 001F,Other theft,Investigation complete; no suspect identified,
f5a02e091547db25047c740a97c69f342929aaa286acc114210315a809e741bb,2025-09,City of London Police,City of London Police,-0.084910,51.512588,On or near Bell Inn Yard,E01032739,City of London 001F,Other theft,Investigation complete; no suspect identified,
85e4a9090ac1398e0c51c33b41e915c1854f766406a2319bf49e1e2a5c575e72,2025-09,City of London Police,City of London Police,-0.079838,51.514267,On or near Bury Street,E01032739,City of London 001F,Other theft,Unable to prosecute suspect,
6d5539b994b2f06887baa6f71cac1d2a7deb3f875de390e11d773b2f4f281c72,2025-09,City of London Police,City of London Police,-0.094070,51.513079,On or near Watling Street,E01032739,City of London 001F,Other theft,Investigation complete; no suspect identified,
74d4beb9ba318bc14c8466177d2458c22d6359dbb24cf37a6372fe6786cc2206,2025-09,City of London Police,City of London Police,-0.102134,51.513929,On or near Ludgate Hill,E01032739,City of London 001F,Other theft,Investigation complete; no suspect identified,
df64985738571b4620f5f5b5257bc15c6ee94aec7c41a2da27966a411caab0bd,2025-09,City of London Police,City of London Police,-0.101393,51.512685,On or near St Andrew'S Hill,E01032739,City of London 001F,Other theft,Status update unavailable,
4e0b56f621d51016c3faf3ee0ef16d78fc463b352a554e0756c3297846b1ab6a,2025-09,City of London Police,City of London Police,-0.086815,51.517007,On or near Circus Place,E01032739,City of London 001F,Other theft,Investigation complete; no suspect identified,
082ba84fcc0a12eae84f505e88a761d4caa1e496f458ae286fd92c881effd1f8,2025-09,City of London Police,City of London Police,-0.088785,51.517102,On or near Moorgate,E01032739,City of London 001F,Other theft,Status update unavailable,
3888a7631fbb1a3285388e994eb35f2a931f5ec825eb79afda3dfb1511685a10,2025-09,City of London Police,City of London Police,-0.085228,51.511190,On or near Talbot Court,E01032739,City of London 001F,Other theft,Unable to prosecute suspect,
977a0ddeded3cfd7e9f1de6c4315d6cb250a4bd0761739e089e0b0d044b0e4a1,2025-09,City of London Police,City of London Police,-0.085089,51.512105,On or near Gracechurch Street,E01032739,City of London 001F,Other theft,Status update unavailable,
b63f55ac3adeee5d16bb9d5a066acbef4c3dc7f871322c4c36bcc0e4ca97a819,2025-09,City of London Police,City of London Police,-0.089208,51.509744,On or near Angel Lane,E01032739,City of London 001F,Other theft,Investigation complete; no suspect identified,
1170f862d077ae8644dc411b6923c6f8c0ec22409a0e194515b29fe44f752ef0,2025-09,City of London Police,City of London Police,-0.101589,51.513515,On or near Ludgate Square,E01032739,City of London 001F,Other theft,Status update unavailable,
fe43dcd792d0fef91d4ef5c0af89aae28c28028597abff4ce439f9c2084be3bf,2025-09,City of London Police,City of London Police,-0.084836,51.511939,On or near Shopping Area,E01032739,City of London 001F,Other theft,Investigation complete; no suspect identified,
23ded9feb9658ecb33190e5a721424f8657e5b8de98c6818d0bf88cf8ac1016b,2025-09,City of London Police,City of London Police,-0.084844,51.510725,On or near Eastcheap,E01032739,City of London 001F,Other theft,Investigation complete; no suspect identified,
418b6cc789bdb5f871790582ada4210614d124b465aeaf352314b9a1db69f463,2025-09,City of London Police,City of London Police,-0.081512,51.518692,On or near London Liverpool Street,E01032739,City of London 001F,Other theft,Investigation complete; no suspect identified,
477d689a12e5b54c626b00d2294d1ea91664bc8b44445df790c4a5b2305e47b2,2025-09,City of London Police,City of London Police,-0.094900,51.513209,On or near Bread Street,E01032739,City of London 001F,Other theft,Status update unavailable,
211ef3c0a14a83ab15dcd11d3074be6fd641ccf3d62ba0f95ad6762494027f72,2025-09,City of London Police,City of London Police,-0.079138,51.508312,On or near Lower Thames Street,E01032739,City of London 001F,Other theft,Investigation complete; no suspect identified,
f4d2f79bc1243ac3ada815c3f7876a4193e11ef851942c547c463d615a9c7c46,2025-09,City of London Police,City of London Police,-0.088785,51.517102,On or near Moorgate,E01032739,City of London 001F,Other theft,Investigation complete; no suspect identified,
f2dab10a5a297aff44cce65c7c9d6decda94ca458407cf6301e87d7719ae0ca1,2025-09,City of London Police,City of London Police,-0.084754,51.512882,On or near Corbet Court,E01032739,City of London 001F,Other theft,Investigation complete; no suspect identified,
95c74ffb82218b73875f6e3e8d935d8d603a51cd16d6775e7e28a7ae1e8f6a1c,2025-09,City of London Police,City of London Police,-0.079138,51.508312,On or near Lower Thames Street,E01032739,City of London 001F,Other theft,Investigation complete; no suspect identified,
dd9a5bb9617728ec6f341cdb31deaca88ba46a49666b4c191e1588e64ff3f621,2025-09,City of London Police,City of London Police,-0.086019,51.513631,On or near Finch Lane,E01032739,City of London 001F,Other theft,Unable to prosecute suspect,
c44e778210976ddffddfa15602b2fde2b1beb43c49cc1f10288cd80e91603a4f,2025-09,City of London Police,City of London Police,-0.091410,51.510167,On or near Cousin Lane,E01032739,City of London 001F,Other theft,Investigation complete; no suspect identified,
3a1c1888f4f2bca75d3e5ee2c26302f6b3826b11c4877fbfe0e2d62f53764589,2025-09,City of London Police,City of London Police,-0.091410,51.510167,On or near Cousin Lane,E01032739,City of London 001F,Other theft,Investigation complete; no suspect identified,
62aed2fb29bbcd7a913067aeb87b42ef860c89a122c4d4b8d01dd3b5bf4dfec1,2025-09,City of London Police,City of London Police,-0.085228,51.511190,On or near Talbot Court,E01032739,City of London 001F,Other theft,Status update unavailable,
8dc011d987f29d82bbf4f14e7327865a3f3cf14594755e118a9006d46a167dd9,2025-09,City of London Police,City of London Police,-0.091540,51.511896,On or near Cannon Street,E01032739,City of London 001F,Other theft,Status update unavailable,
4c2b99adb4fd3e22aa9dacbff4df9bf31fce8519725e90e7ec186d9e3d55022b,2025-09,City of London Police,City of London Police,-0.083977,51.510441,On or near Lovat Lane,E01032739,City of London 001F,Other theft,Status update unavailable,
1d4e71ba0d0e50c32c855492f50326b8fd25d1e9eb50bf6afd128997c900ffc1,2025-09,City of London Police,City of London Police,-0.086019,51.513631,On or near Finch Lane,E01032739,City of London 001F,Other theft,Status update unavailable,
2bc3ddedb12d6479b90b33f98d1cd584bdec0e7fa925dc314b89785f089cdd70,2025-09,City of London Police,City of London Police,-0.079138,51.508312,On or near Lower Thames Street,E01032739,City of London 001F,Other theft,Investigation complete; no suspect identified,
99fbe0ccb21260fe52b5af11f945a5efe180ffef780cb7f3c48d6af148148fc3,2025-09,City of London Police,City of London Police,-0.091947,51.513188,On or near Pancras Lane,E01032739,City of London 001F,Other theft,Status update unavailable,
b409fb3b9a5534d316fc7cb4c0d02a01b2b814821b0c23a3bbb797855c5a32d6,2025-09,City of London Police,City of London Police,-0.081512,51.518692,On or near London Liverpool Street,E01032739,City of London 001F,Other theft,Status update unavailable,
94cbbb20a17eb89d99007aa53725d94d30c22cf2d9a117626747f6fff2702696,2025-09,City of London Police,City of London Police,-0.084754,51.512882,On or near Corbet Court,E01032739,City of London 001F,Other theft,Investigation complete; no suspect identified,
b24a95a944f67dc7943b15e5049d710b7b185165f777e0a492f1a51817cfd547,2025-09,City of London Police,City of London Police,-0.079127,51.509607,On or near Byward Street,E01032739,City of London 001F,Other theft,Status update unavailable,
cbb494597891d350043c5e27b1af3776e5d12d3c211cd690a2251370c721b6d6,2025-09,City of London Police,City of London Police,-0.096274,51.511037,On or near Gardners Lane,E01032739,City of London 001F,Other theft,Investigation complete; no suspect identified,
ccced9517786ed85ff357ab137624d6f61c12a0564bc32e41c5664ea9f3f5358,2025-09,City of London Police,City of London Police,-0.081512,51.518692,On or near London Liverpool Street,E01032739,City of London 001F,Other theft,Investigation complete; no suspect identified,
7c7e1174b48f160ac539c2374c80d997de6a75f6fbe4e147af8730c76f8eae0d,2025-09,City of London Police,City of London Police,-0.079138,51.508312,On or near Lower Thames Street,E01032739,City of London 001F,Other theft,Unable to prosecute suspect,
d2071ada07f5a0a55dfa4419417eace4f4ac34f599a64bf3d207d65d48202758,2025-09,City of London Police,City of London Police,-0.081902,51.517296,On or near Liverpool Street,E01032739,City of London 001F,Other theft,Investigation complete; no suspect identified,
d1d9d11fc8aed1305aac7176b926716a1c927385bc9dc2b0623952980d16ba6b,2025-09,City of London Police,City of London Police,-0.101906,51.511794,On or near Theatre/Concert Hall,E01032739,City of London 001F,Other theft,Investigation complete; no suspect identified,
af8054f1fdcefebbd2a9cc7de3bfa9c6ccab0a0489181c691015f3333447ef3e,2025-09,City of London Police,City of London Police,-0.084844,51.509700,On or near Monument Street,E01032739,City of London 001F,Other theft,Status update unavailable,
7d2a447ebf7ce88b78efc7939970149ff2cfd51a480e09356dbccc352fdf35c4,2025-09,City of London Police,City of London Police,-0.100201,51.513286,On or near Dean'S Court,E01032739,City of London 001F,Other theft,Investigation complete; no suspect identified,
b62ca86d046290dab7b018ffe040cf537da85f6f4d8457c943cf64f0ef3a58fa,2025-09,City of London Police,City of London Police,-0.095054,51.510559,On or near Queenhithe,E01032739,City of London 001F,Other theft,Investigation complete; no suspect identified,
7bb654a734ae910a7631debf81400a0281965610a31064835d04d84abc8c3a91,2025-09,City of London Police,City of London Police,-0.101393,51.512685,On or near St Andrew'S Hill,E01032739,City of London 001F,Other theft,Investigation complete; no suspect identified,
b87b104c369a958d5f2af8da6686d8fc576b08264c2e2b9533e8c937245b9bee,2025-09,City of London Police,City of London Police,-0.096501,51.513874,On or near New Change,E01032739,City of London 001F,Other theft,Investigation complete; no suspect identified,
e33a36d57e9c800a9474d998d1e1b166ae5f37717320543ae8be466c05e8d418,2025-09,City of London Police,City of London Police,-0.090578,51.509722,On or near Allhallows Lane,E01032739,City of London 001F,Other theft,Investigation complete; no suspect identified,
e71acd0640a704554f07b3179fdaec16ca5f9d48c06566345f1b1b99c2552ae8,2025-09,City of London Police,City of London Police,-0.086815,51.517007,On or near Circus Place,E01032739,City of London 001F,Other theft,Investigation complete; no suspect identified,
a8feb1b55897f52c35b9ec104b6ab1235028f5b1f7be0b04fafc3675fe2e8f3a,2025-09,City of London Police,City of London Police,-0.101589,51.513515,On or near Ludgate Square,E01032739,City of London 001F,Other theft,Investigation complete; no suspect identified,
1cd4ae366f4f1f04def336a8e4098e23d3cee12e7e1396fa0d8ce2c5426529de,2025-09,City of London Police,City of London Police,-0.085089,51.512105,On or near Gracechurch Street,E01032739,City of London 001F,Other theft,Investigation complete; no suspect identified,
71dbd6e9f208a453eef8e2a5081da29ab5df37369570434da80d745778e89eed,2025-09,City of London Police,City of London Police,-0.085228,51.511190,On or near Talbot Court,E01032739,City of London 001F,Other theft,Investigation complete; no suspect identified,
30d1b0dfe03af4e11b030efd8c59346e13748329c9033b8916760ef4b545a933,2025-09,City of London Police,City of London Police,-0.090578,51.509722,On or near Allhallows Lane,E01032739,City of London 001F,Other theft,Investigation complete; no suspect identified,
9d417bcbce6d69902ea773ea81c1d260acba02a6fe6f1c346575173bd1048fe3,2025-09,City of London Police,City of London Police,-0.083349,51.514830,On or near Shopping Area,E01032739,City of London 001F,Other theft,Status update unavailable,
f4c52f4f0a69c295f9bbadefdb614d2d07e4098c15e7cf393f168e6da02fff3b,2025-09,City of London Police,City of London Police,-0.079883,51.517326,On or near New Street,E01032739,City of London 001F,Other theft,Status update unavailable,
c880ab7110662886763720ffdd9e6a977fc3437a564ed373ba2233ae08da5b7e,2025-09,City of London Police,City of London Police,-0.089208,51.509744,On or near Angel Lane,E01032739,City of London 001F,Other theft,Status update unavailable,
57681a0af3d7020c5e883524d8c7af3c15a6b17d48e1f6ee3610d75d375464ee,2025-09,City of London Police,City of London Police,-0.104276,51.513712,On or near A201,E01032739,City of London 001F,Other theft,Status update unavailable,
612fa5db7489c388b96ae7e7bcc5b9e33a10aca7f59e3d999cf69d9f6121e308,2025-09,City of London Police,City of London Police,-0.083977,51.510441,On or near Lovat Lane,E01032739,City of London 001F,Other theft,Status update unavailable,
11c88f06d11d8af3f6d6b028faac0db6d4ebd07b01e986dc71da76ef42efd0b2,2025-09,City of London Police,City of London Police,-0.091947,51.513188,On or near Pancras Lane,E01032739,City of London 001F,Other theft,Status update unavailable,
91ecd5c4178aa8d92e65a87c46b6c4fc45975c47c26d8f83f7272aff69add8f9,2025-09,City of London Police,City of London Police,-0.101393,51.512685,On or near St Andrew'S Hill,E01032739,City of London 001F,Other theft,Investigation complete; no suspect identified,
59bb1b27ac7bc243e355aafdd7fbf7e1cf7aae329765f35c001b6c94735a8e9d,2025-09,City of London Police,City of London Police,-0.101589,51.513515,On or near Ludgate Square,E01032739,City of London 001F,Other theft,Status update unavailable,
a59dba74f2f6d7c3ee56c50e9fedb0c15a9c54636956bfbca3554544c260662c,2025-09,City of London Police,City of London Police,-0.087772,51.510665,On or near Martin Lane,E01032739,City of London 001F,Other theft,Unable to prosecute suspect,
eb1e899d32d0e9d27c37eeb1bbd6a6b184cb2d0094fcee809b28fea75c055d5b,2025-09,City of London Police,City of London Police,-0.100201,51.513286,On or near Dean'S Court,E01032739,City of London 001F,Other theft,Investigation complete; no suspect identified,
d3a8b155d5a0cf5ba9f11cb056c65860630604c382219467af346f539666ac7e,2025-09,City of London Police,City of London Police,-0.087772,51.510665,On or near Martin Lane,E01032739,City of London 001F,Other theft,Investigation complete; no suspect identified,
fdeeec2fe13b57040b2c9e78d1d9d934cc7a8e2c4b3f89014bfa686260e2b154,2025-09,City of London Police,City of London Police,-0.088456,51.514975,On or near Tokenhouse Yard,E01032739,City of London 001F,Other theft,Status update unavailable,
3d7d1694343f72109d45fb0ada91dd838d8f34a3b4cb4e5b4c93527b30472087,2025-09,City of London Police,City of London Police,-0.078477,51.509965,On or near Muscovy Street,E01032739,City of London 001F,Other theft,Status update unavailable,
2a73cf386f6013228244a611690163cf30535acda8e5f434a727179983c4c050,2025-09,City of London Police,City of London Police,-0.081512,51.518692,On or near London Liverpool Street,E01032739,City of London 001F,Other theft,Status update unavailable,
e9fa8163956c1eef37f147c7d01c9eebbf0007dd50f89c5cec823bd7f825b92b,2025-09,City of London Police,City of London Police,-0.079907,51.517785,On or near Victoria Avenue,E01032739,City of London 001F,Other theft,Investigation complete; no suspect identified,
70a1fa50e4f710bec63ba4eba35875e8adf2df464a19e8324ddd881aef92fe73,2025-09,City of London Police,City of London Police,-0.081512,51.518692,On or near London Liverpool Street,E01032739,City of London 001F,Other theft,Status update unavailable,
967fb3427cc58147727e188e0a039314680014173bfc8c166ecf5b60b9ea9164,2025-09,City of London Police,City of London Police,-0.084836,51.511939,On or near Shopping Area,E01032739,City of London 001F,Other theft,Status update unavailable,
cd24232f5912ca8823521b940c0aaa5da7b529432e7d9060ffef96c63fa22151,2025-09,City of London Police,City of London Police,-0.081512,51.518692,On or near London Liverpool Street,E01032739,City of London 001F,Other theft,Status update unavailable,
f975383459d3aa80a56c25ddfc89e8f3bce09966208bfea8562de3694789d692,2025-09,City of London Police,City of London Police,-0.092531,51.512658,On or near Queen Street,E01032739,City of London 001F,Other theft,Status update unavailable,
e50c2561598bcd3c280d491f8df3ce2681f2d2999b7840c9ec237bc83c61571a,2025-09,City of London Police,City of London Police,-0.089208,51.509744,On or near Angel Lane,E01032739,City of London 001F,Other theft,Status update unavailable,
b31531fa5ccbee4f0345a4c03e2d546e2d7e7c174f04578b060ba158ea9997d4,2025-09,City of London Police,City of London Police,-0.089208,51.509744,On or near Angel Lane,E01032739,City of London 001F,Other theft,Status update unavailable,
f678d7e33e5998da96e7814b458d327e1816cf72fe8a5145d4d8b69ddce9f0fe,2025-09,City of London Police,City of London Police,-0.094070,51.513079,On or near Watling Street,E01032739,City of London 001F,Other theft,Investigation complete; no suspect identified,
66d83d855d195bb53af3f99aba3f9b1b8d0b2b43142c18bcf4152ca77e4d0ef0,2025-09,City of London Police,City of London Police,-0.079127,51.509607,On or near Byward Street,E01032739,City of London 001F,Other theft,Status update unavailable,
3e2e6bfd11ba3438ddb3a85b82b2bbcbe22567c79cc7136b7ca32e22aba13749,2025-09,City of London Police,City of London Police,-0.089208,51.509744,On or near Angel Lane,E01032739,City of London 001F,Other theft,Status update unavailable,
5d64f0a4f48379a04e4664c6526565a613dd6046f43183029cfec9aea4643518,2025-09,City of London Police,City of London Police,-0.089208,51.509744,On or near Angel Lane,E01032739,City of London 001F,Other theft,Status update unavailable,
046d40391a45c9642c0089ff5f3f097722a9152ab2f8df9bbd163d41ac6fb946,2025-09,City of London Police,City of London Police,-0.089208,51.509744,On or near Angel Lane,E01032739,City of London 001F,Other theft,Status update unavailable,
139d5d7b3cecc95ee8592eaaca3545dcc1c47c59407f17c95c9be73bf4c03717,2025-09,City of London Police,City of London Police,-0.081643,51.510070,On or near Great Tower Street,E01032739,City of London 001F,Other theft,Unable to prosecute suspect,
76220e8605c4ddf3fb58c007b76516340b01452576c1cb8cb57aa510019d65f9,2025-09,City of London Police,City of London Police,-0.090578,51.509722,On or near Allhallows Lane,E01032739,City of London 001F,Other theft,Status update unavailable,
5480565641c6584012fa5898b7f64f4faf4b1a80a9717a5570a94fd7a3daf6fc,2025-09,City of London Police,City of London Police,-0.086019,51.513631,On or near Finch Lane,E01032739,City of London 001F,Other theft,Status update unavailable,
5dd1f2c4afb5535e1a27cbecb82a0be69df6d7ba21ec931e398980dda98d7f2d,2025-09,City of London Police,City of London Police,-0.085228,51.511190,On or near Talbot Court,E01032739,City of London 001F,Other theft,Investigation complete; no suspect identified,
ebbb711488ea6b3c7f86e22a1fd35a6c9269cbc27e6aa9a2e58b0abd713c3038,2025-09,City of London Police,City of London Police,-0.081902,51.517296,On or near Liverpool Street,E01032739,City of London 001F,Other theft,Investigation complete; no suspect identified,
4b68cbce7cab25a6be2412771b7bb30be904122054b11c936960b1bd7111db0b,2025-09,City of London Police,City of London Police,-0.095764,51.512549,On or near Friday Street,E01032739,City of London 001F,Other theft,Investigation complete; no suspect identified,
c768074e4d993c7dcf90c599c082073adf7d814a3ea349ccaffd289f539945b4,2025-09,City of London Police,City of London Police,-0.081643,51.510070,On or near Great Tower Street,E01032739,City of London 001F,Other theft,Investigation complete; no suspect identified,
86bb4fce36ee4a514d491b43bc26fafec7a9d18fcfe618395d7857950ebed1c4,2025-09,City of London Police,City of London Police,-0.077070,51.510877,On or near Cooper'S Row,E01032739,City of London 001F,Other theft,Investigation complete; no suspect identified,
c775b1bfbf4b90ee05a8982669b2f75ad27eeb8e1dffe849fea8deb7525174bc,2025-09,City of London Police,City of London Police,-0.086019,51.513631,On or near Finch Lane,E01032739,City of London 001F,Other theft,Investigation complete; no suspect identified,
b7a4ee95093b5a1ccc7b69c5b2afb5d913b6f3374f34f0d8df27ebbb500f5b4b,2025-09,City of London Police,City of London Police,-0.080365,51.508943,On or near Parking Area,E01032739,City of London 001F,Other theft,Investigation complete; no suspect identified,
725e95419e82c9e1fbe2e837f392486b028b713623bb7a209e60cfb421ce12b7,2025-09,City of London Police,City of London Police,-0.077959,51.511332,On or near Crutched Friars,E01032739,City of London 001F,Other theft,Investigation complete; no suspect identified,
883f19a648e5714c77ef27d8ef6be0c8d6b64681289615b637a849cc988a7a5a,2025-09,City of London Police,City of London Police,-0.091823,51.514427,On or near Ironmonger Lane,E01032739,City of London 001F,Other theft,Status update unavailable,
72054ec891eacee6a4ad216e718a51c52515932919de0028313119b1d4e927ed,2025-09,City of London Police,City of London Police,-0.089808,51.517461,On or near London Wall,E01032739,City of London 001F,Other theft,Status update unavailable,
25e6933a075576ac96dc2334a058f2108aabfc47603e7ddc096119a96d2a9b29,2025-09,City of London Police,City of London Police,-0.092531,51.512658,On or near Queen Street,E01032739,City of London 001F,Other theft,Investigation complete; no suspect identified,
60d092ae128db327cb67386a668c4b14dcc42758706518b359e0450c05afe404,2025-09,City of London Police,City of London Police,-0.086019,51.513631,On or near Finch Lane,E01032739,City of London 001F,Other theft,Investigation complete; no suspect identified,
f08bfbe48f5e61ad4cced738e6daf162096f96c7e4ecc2cf0e5a7bc0c3061113,2025-09,City of London Police,City of London Police,-0.100201,51.513286,On or near Dean'S Court,E01032739,City of London 001F,Other theft,Investigation complete; no suspect identified,
31abdb0b856f29bfce741ca95656c6b37b98975d30e39d8ae848e2b8e7fdf63f,2025-09,City of London Police,City of London Police,-0.079127,51.509607,On or near Byward Street,E01032739,City of London 001F,Other theft,Investigation complete; no suspect identified,
29a7faa6f4831799aa40d586164ba3b4475a8d999fea9bedb20f0900ca4e80db,2025-09,City of London Police,City of London Police,-0.082993,51.516360,On or near Wormwood Street,E01032739,City of London 001F,Other theft,Investigation complete; no suspect identified,
f6e267fb3ccc1b3961c588da980e0ef4b51a58b3327dfee6e4795d59ce334df0,2025-09,City of London Police,City of London Police,-0.081902,51.517296,On or near Liverpool Street,E01032739,City of London 001F,Other theft,Investigation complete; no suspect identified,
ae73a92fc8727ad2e2270ed1b616fa8c96827e57de543620c53774dfeb7859f5,2025-09,City of London Police,City of London Police,-0.084844,51.509700,On or near Monument Street,E01032739,City of London 001F,Other theft,Unable to prosecute suspect,
190a2b05c5cfc0498bee7161327ecca27a7d183a2491345058a346a3ee3de731,2025-09,City of London Police,City of London Police,-0.079521,51.511196,On or near New London Street,E01032739,City of London 001F,Other theft,Status update unavailable,
07cfb46b8ee1b41f3043e1e945c4b3b48724d8361a3ce901742fdb2d244871fc,2025-09,City of London Police,City of London Police,-0.100201,51.513286,On or near Dean'S Court,E01032739,City of London 001F,Other theft,Status update unavailable,
7e6bd9b864b503a82f218f7db51722c0e74c262e9659a74cc395b443eedecd7c,2025-09,City of London Police,City of London Police,-0.079907,51.517785,On or near Victoria Avenue,E01032739,City of London 001F,Other theft,Status update unavailable,
5a0487ed22cf4e4360a5750b59c4d9592492b3648a29c9ee6d1fc1a16dd92e45,2025-09,City of London Police,City of London Police,-0.086019,51.513631,On or near Finch Lane,E01032739,City of London 001F,Other theft,Status update unavailable,
b7880b7575c07a2cfc088b293901b986d4f4949574d3cd5674529b06d0bab4c5,2025-09,City of London Police,City of London Police,-0.095924,51.513882,On or near Shopping Area,E01032739,City of London 001F,Other theft,Status update unavailable,
d5bf0435cdc502412bbb00891fb316033860b318e82a45a1dec4bf53627cce25,2025-09,City of London Police,City of London Police,-0.094900,51.513209,On or near Bread Street,E01032739,City of London 001F,Other theft,Unable to prosecute suspect,
a5e53744cb9571214145a7be251671ea97ec126eb977d3718dde3a9a4bd718e0,2025-09,City of London Police,City of London Police,-0.094070,51.513079,On or near Watling Street,E01032739,City of London 001F,Other theft,Investigation complete; no suspect identified,
70c325926941aa4fef77f7d0d922e3b6e7ad11072265dc80eaf4c2c0e5b3b29d,2025-09,City of London Police,City of London Police,-0.084754,51.512882,On or near Corbet Court,E01032739,City of London 001F,Other theft,Investigation complete; no suspect identified,
418661396d4c677962b08f627ec592eeaaf52d069c7f383bd6d99e756efdc047,2025-09,City of London Police,City of London Police,-0.100201,51.513286,On or near Dean'S Court,E01032739,City of London 001F,Other theft,Status update unavailable,
fbf416dc8c1837f38d68184542af9b6b53724eace5e3e4681ad1dbe5a2cd1660,2025-09,City of London Police,City of London Police,-0.083977,51.510441,On or near Lovat Lane,E01032739,City of London 001F,Other theft,Investigation complete; no suspect identified,
8bfce48d1302e80080e63f7fdb8dbc89bdc6d41ca0cb8ae73298f8ae3bb47aec,2025-09,City of London Police,City of London Police,-0.086815,51.517007,On or near Circus Place,E01032739,City of London 001F,Possession of weapons,Unable to prosecute suspect,
42661d252eb4974d479933c5f117b0b3d980c343d6e49b0a1714b9dd9e5968a6,2025-09,City of London Police,City of London Police,-0.091947,51.513188,On or near Pancras Lane,E01032739,City of London 001F,Public order,Unable to prosecute suspect,
09ca8b7c015f71f9f8b3be842dba9c6c1626c64ce36e43fbf486768e6f2706ec,2025-09,City of London Police,City of London Police,-0.101393,51.512685,On or near St Andrew'S Hill,E01032739,City of London 001F,Public order,Unable to prosecute suspect,
3b941411d6b1f0ff6fef5091acb686e332364f26162e3175410c8fb54291bc3d,2025-09,City of London Police,City of London Police,-0.100201,51.513286,On or near Dean'S Court,E01032739,City of London 001F,Public order,Investigation complete; no suspect identified,
49a42684d611faaeb45002b5ab76b10bf8d4877e474c8516553dc6c62e4d0ac7,2025-09,City of London Police,City of London Police,-0.091947,51.513188,On or near Pancras Lane,E01032739,City of London 001F,Public order,Unable to prosecute suspect,
9c151c4154ffeb55e337df96c2d833ed99a81f4e38471076167eb0ee9909d4c1,2025-09,City of London Police,City of London Police,-0.101292,51.514770,On or near Amen Court,E01032739,City of London 001F,Public order,Investigation complete; no suspect identified,
5b519bbc2342b3ae619570b09c267b33cf9928f650fa98009ea9db6dd4369809,2025-09,City of London Police,City of London Police,-0.091540,51.511896,On or near Cannon Street,E01032739,City of London 001F,Public order,Unable to prosecute suspect,
deb0659eea961db4283eb7b38590396e6a67c548eeeb9220850de12d9a974070,2025-09,City of London Police,City of London Police,-0.081512,51.518692,On or near London Liverpool Street,E01032739,City of London 001F,Public order,Unable to prosecute suspect,
9727f2d8ad9fd380d14237d3d62b9807e4939febb37a2ab62b2355514433603e,2025-09,City of London Police,City of London Police,-0.081902,51.517296,On or near Liverpool Street,E01032739,City of London 001F,Public order,Unable to prosecute suspect,
31464812f013e8d2c40d2c52f162a11bda3103a762e6364116f5812d2d8976c2,2025-09,City of London Police,City of London Police,-0.079883,51.517326,On or near New Street,E01032739,City of London 001F,Public order,Status update unavailable,
59c363257dc62ded9896a46677cfdafb01a3cef36029108d10a84488350fa737,2025-09,City of London Police,City of London Police,-0.086815,51.517007,On or near Circus Place,E01032739,City of London 001F,Public order,Unable to prosecute suspect,
698ea124841ba4f009abd3a03258b83c40b14f4e212f5ae6c2cbd6886f522a03,2025-09,City of London Police,City of London Police,-0.078278,51.513666,On or near Mitre Street,E01032739,City of London 001F,Public order,Unable to prosecute suspect,
9a3b48bd8769ab35ddaa930f7a3270f5be957fbc11815763578c2a427af82928,2025-09,City of London Police,City of London Police,-0.087772,51.510665,On or near Martin Lane,E01032739,City of London 001F,Public order,Status update unavailable,
a311fddf46a6068c738936481d682d88395adb22b50537d3fd98fddd849609cf,2025-09,City of London Police,City of London Police,-0.104276,51.513712,On or near A201,E01032739,City of London 001F,Public order,Status update unavailable,
7c6a437881d2127b5092079120b384c1e666f552e470f5f272bdc40c16b26b14,2025-09,City of London Police,City of London Police,-0.081902,51.517296,On or near Liverpool Street,E01032739,City of London 001F,Public order,Investigation complete; no suspect identified,
cd73291baa91da86f68ea893d6834ba5ce98d8bb3968fdde8b00a49ef43acb26,2025-09,City of London Police,City of London Police,-0.078278,51.513666,On or near Mitre Street,E01032739,City of London 001F,Public order,Status update unavailable,
3a6aa127140ad7b262a0ce1273cca1347e8b5a4df0c77c435a53c466eba62bc6,2025-09,City of London Police,City of London Police,-0.078278,51.513666,On or near Mitre Street,E01032739,City of London 001F,Public order,Status update unavailable,
ba1f591607504699740b32a909706e933e6f5713ef5761c2c1f3f815731dc762,2025-09,City of London Police,City of London Police,-0.082993,51.516360,On or near Wormwood Street,E01032739,City of London 001F,Public order,Status update unavailable,
b0e3a1468a9c08c0bc17019f13541d0b1f2efb69292f90f7c83f43f702cc0051,2025-09,City of London Police,City of London Police,-0.082993,51.516360,On or near Wormwood Street,E01032739,City of London 001F,Public order,Court result unavailable,
65c63cd64a2f24ae7c9783707f3b662d6615642c6185ec22886e8eadbdd3d7dc,2025-09,City of London Police,City of London Police,-0.087873,51.516503,On or near Langthorn Court,E01032739,City of London 001F,Public order,Awaiting court outcome,
c612cafdaa1d6d181ed52491ffc9957ca4f75f2cf5e66c73d3132317e6b03441,2025-09,City of London Police,City of London Police,-0.079907,51.517785,On or near Victoria Avenue,E01032739,City of London 001F,Public order,Awaiting court outcome,
4aea22c0b9d2077671b6960afff14e82b78a874610a2bd188989fea6e5ec65e2,2025-09,City of London Police,City of London Police,-0.094070,51.513079,On or near Watling Street,E01032739,City of London 001F,Public order,Unable to prosecute suspect,
fe7b7b8cc891d14ee092e6bc6a7751c2265b8620f1b769ed06d3eae1f27679f8,2025-09,City of London Police,City of London Police,-0.088903,51.510836,On or near Laurence Pountney Hill,E01032739,City of London 001F,Public order,Awaiting court outcome,
2937acc6cbc349be357b96939343b965e6b26e1de37845ad356201ef01505f7d,2025-09,City of London Police,City of London Police,-0.081902,51.517296,On or near Liverpool Street,E01032739,City of London 001F,Public order,Investigation complete; no suspect identified,
5cb25d757b9cfcb93c0cb902a180fd2699aa72d967826118446e1a4dfe453a42,2025-09,City of London Police,City of London Police,-0.081902,51.517296,On or near Liverpool Street,E01032739,City of London 001F,Public order,Investigation complete; no suspect identified,
0a1840ba38824eb63eb9074c9571ab4c8d5b2c3306863160a7de4a16a335e98b,2025-09,City of London Police,City of London Police,-0.095764,51.512549,On or near Friday Street,E01032739,City of London 001F,Public order,Unable to prosecute suspect,
f5e54ae2759d547d064de57031da47aa945d0360d8709ba6ee9ae74575ca6deb,2025-09,City of London Police,City of London Police,-0.100888,51.514448,On or near Amen Corner,E01032739,City of London 001F,Public order,Unable to prosecute suspect,
e76e3e359d7f6604a51d4830731468751b2913dc733fb1b78caa733bc67202fb,2025-09,City of London Police,City of London Police,-0.091540,51.511896,On or near Cannon Street,E01032739,City of London 001F,Public order,Status update unavailable,
927de7a368ed316bd99058469eccbec606059a1d95a16cc0321888f718fd4c3a,2025-09,City of London Police,City of London Police,-0.097291,51.514626,On or near Supermarket,E01032739,City of London 001F,Robbery,Status update unavailable,
07e68511b129343560a25743f70c059a0cd62a542ee527293ff0378411411a7c,2025-09,City of London Police,City of London Police,-0.095224,51.513736,On or near Shopping Area,E01032739,City of London 001F,Robbery,Investigation complete; no suspect identified,
fec9eaf5a1d72b1bf21540a6c7159b7db151ec70787302ec20ee5453b6413018,2025-09,City of London Police,City of London Police,-0.100588,51.512636,On or near Addle Hill,E01032739,City of London 001F,Robbery,Unable to prosecute suspect,
b0c247dd113f9e982ce80b2f90fb52ae88f526778310304c640d97a3098d4c87,2025-09,City of London Police,City of London Police,-0.095224,51.513736,On or near Shopping Area,E01032739,City of London 001F,Robbery,Investigation complete; no suspect identified,
a2b11767e481792d9931737398b2e710c4be150f75bc635dac698ebcddf59957,2025-09,City of London Police,City of London Police,-0.096501,51.513874,On or near New Change,E01032739,City of London 001F,Robbery,Court result unavailable,
89ade0ecdee66a078d3765e74028da6ed421bbde94d12862604efe2477ea4ecd,2025-09,City of London Police,City of London Police,-0.085089,51.512105,On or near Gracechurch Street,E01032739,City of London 001F,Robbery,Investigation complete; no suspect identified,
fabac7708dc0ce9a65c7adc21805045b0d1c97fe97eaff93a1bbc5bf1d77d99f,2025-09,City of London Police,City of London Police,-0.079907,51.517785,On or near Victoria Avenue,E01032739,City of London 001F,Robbery,Investigation complete; no suspect identified,
1e8fe87df130471ab4f17f482f4c4e00b9200a4c060223518e9b635c43db816e,2025-09,City of London Police,City of London Police,-0.082993,51.516360,On or near Wormwood Street,E01032739,City of London 001F,Robbery,Unable to prosecute suspect,
5be030d8eb29e55dba8dcecfb7948f1d445938d8491932f30a3a32aa27038236,2025-09,City of London Police,City of London Police,-0.089479,51.510864,On or near Gophir Lane,E01032739,City of London 001F,Robbery,Status update unavailable,
f5eaccf4f6b75f26691faef42fd54829bf29bd98de72931ee2cf30f09c9f266e,2025-09,City of London Police,City of London Police,-0.089822,51.516103,On or near Coleman Street,E01032739,City of London 001F,Robbery,Status update unavailable,
7d09424bad12af2de17ee07ed3b7e6fa42229917663bc2bbba9f820a6cc83940,2025-09,City of London Police,City of London Police,-0.094070,51.513079,On or near Watling Street,E01032739,City of London 001F,Robbery,Unable to prosecute suspect,
48a154d81b23f227bef6573e9a2706c99dbd6f306d723c8578c6bcca66cb1b8c,2025-09,City of London Police,City of London Police,-0.084836,51.511939,On or near Shopping Area,E01032739,City of London 001F,Robbery,Investigation complete; no suspect identified,
94e4a6d26f4eb6d8b288c77d29b5614730ee0c17c20f1cbf2f0f155da3730c99,2025-09,City of London Police,City of London Police,-0.078278,51.513666,On or near Mitre Street,E01032739,City of London 001F,Robbery,Unable to prosecute suspect,
cbf547ce42abcd2a5ae95198b84020b705fb1d4f85d64f31d963ab6cd1be8fda,2025-09,City of London Police,City of London Police,-0.084836,51.511939,On or near Shopping Area,E01032739,City of London 001F,Shoplifting,Investigation complete; no suspect identified,
0223900947d8922c1fa2ae8c43b80214ec53b1085bb8d86b8bdc92d380295668,2025-09,City of London Police,City of London Police,-0.094070,51.513079,On or near Watling Street,E01032739,City of London 001F,Shoplifting,Unable to prosecute suspect,
d3b2e3a8bbf8b9b04146fed7a206cae96e95d76e763e9a4be18c1c587fd7b8e8,2025-09,City of London Police,City of London Police,-0.078278,51.513666,On or near Mitre Street,E01032739,City of London 001F,Shoplifting,Unable to prosecute suspect,
11b66f0518180a83d7e67c45917974c8c0cb3371d4e1ebb3fb4ec99e2c3f1f4a,2025-09,City of London Police,City of London Police,-0.086815,51.517007,On or near Circus Place,E01032739,City of London 001F,Shoplifting,Investigation complete; no suspect identified,
6e769994cab951e7ab4701271feeff736e26b5f9de57388b921f26038905893c,2025-09,City of London Police,City of London Police,-0.081902,51.517296,On or near Liverpool Street,E01032739,City of London 001F,Shoplifting,Status update unavailable,
ec28db5be9756b94adc4d1b7b31f805e92e356ec0d2760080f722f4e2e216ee6,2025-09,City of London Police,City of London Police,-0.094070,51.513079,On or near Watling Street,E01032739,City of London 001F,Shoplifting,Unable to prosecute suspect,
682774138bd7a2fc763895d77f6b3a67711384039efb04daeacd2bf372fe49c6,2025-09,City of London Police,City of London Police,-0.086815,51.517007,On or near Circus Place,E01032739,City of London 001F,Shoplifting,Status update unavailable,
5eeebe2190c7f249529ffc785955a105cb41313d7328a1c937e40b65b76f9efb,2025-09,City of London Police,City of London Police,-0.082993,51.516360,On or near Wormwood Street,E01032739,City of London 001F,Shoplifting,Status update unavailable,
100b5ace84b59307a246f4840dd609f3f194b486c778299343c3ebb3a0d6f661,2025-09,City of London Police,City of London Police,-0.096501,51.513874,On or near New Change,E01032739,City of London 001F,Shoplifting,Unable to prosecute suspect,
859439fa287221bce7df8311d700a57fdaecca93b8a1600146d28bff32e00178,2025-09,City of London Police,City of London Police,-0.097291,51.514626,On or near Supermarket,E01032739,City of London 001F,Shoplifting,Status update unavailable,
cce912f36e41bfeb416f684e859acac5d3c87a54a228cc988358e0d1b77d92ec,2025-09,City of London Police,City of London Police,-0.081902,51.517296,On or near Liverpool Street,E01032739,City of London 001F,Shoplifting,Status update unavailable,
c4efe4a877029dc215b5d3e1d223f2fefcdf554968ce26509bbf0bdfb4498ee7,2025-09,City of London Police,City of London Police,-0.079907,51.517785,On or near Victoria Avenue,E01032739,City of London 001F,Shoplifting,Status update unavailable,
894cdb1c5a45ceab868b7b14910433eea2557d8f78d5749f433b1895948a55a4,2025-09,City of London Police,City of London Police,-0.095224,51.513736,On or near Shopping Area,E01032739,City of London 001F,Shoplifting,Investigation complete; no suspect identified,
4612d16996a5dcd3ed94d8c67babeacc43c547b7f165d7b5b68c91e2f945e7c1,2025-09,City of London Police,City of London Police,-0.095224,51.513736,On or near Shopping Area,E01032739,City of London 001F,Shoplifting,Local resolution,
a5f3cb49bb1225a414ab6ae03f9c63e175f2d94fabc0248661875fe71fb2e2d0,2025-09,City of London Police,City of London Police,-0.079907,51.517785,On or near Victoria Avenue,E01032739,City of London 001F,Shoplifting,Unable to prosecute suspect,
e7d8e4e01b34da4cf329a444a5161a94d2faadb3f097956c514d0607e3b8d7e9,2025-09,City of London Police,City of London Police,-0.079883,51.517326,On or near New Street,E01032739,City of London 001F,Shoplifting,Unable to prosecute suspect,
00425b360a5b54fc0bd932e6dafcb39df0e2ed6232b75113c0f32943664da170,2025-09,City of London Police,City of London Police,-0.097291,51.514626,On or near Supermarket,E01032739,City of London 001F,Shoplifting,Investigation complete; no suspect identified,
d61cbb3040d71008d149d51d932fcea2531c2381578e8d06cc0f4b0a0ee4a8cc,2025-09,City of London Police,City of London Police,-0.088785,51.517102,On or near Moorgate,E01032739,City of London 001F,Shoplifting,Status update unavailable,
10529e6b05e301e72a9c597e8639e28e00435d078ea7f5690784c8ebef1d1225,2025-09,City of London Police,City of London Police,-0.084836,51.511939,On or near Shopping Area,E01032739,City of London 001F,Shoplifting,Investigation complete; no suspect identified,
d2f3eacb9d7934c2ed7d1fd4a763287edaeddded5bf5beb351ceaadb7a9aff5e,2025-09,City of London Police,City of London Police,-0.094070,51.513079,On or near Watling Street,E01032739,City of London 001F,Shoplifting,Court result unavailable,
cdb7d05bae4519755be29d2932649cd847e4ad1a143ee877eec85179febf74eb,2025-09,City of London Police,City of London Police,-0.094070,51.513079,On or near Watling Street,E01032739,City of London 001F,Shoplifting,Status update unavailable,
22248021ef9af72d2b85de8eb8be3dfecf7ed0fbd18a59e13485e9e786976be4,2025-09,City of London Police,City of London Police,-0.085089,51.512105,On or near Gracechurch Street,E01032739,City of London 001F,Shoplifting,Status update unavailable,
e7ffd343d6c6d225ca9c7146fc74210d20e60dfb1678c94c08dc2d335db055e9,2025-09,City of London Police,City of London Police,-0.078278,51.513666,On or near Mitre Street,E01032739,City of London 001F,Shoplifting,Court result unavailable,
c35679224e2c9d15edc4ba59dba59b60e45b0e5b1cbf862610100c9f8ab60aa7,2025-09,City of London Police,City of London Police,-0.088785,51.517102,On or near Moorgate,E01032739,City of London 001F,Shoplifting,Status update unavailable,
b21638388f61741c5b268d27083f58e3962bf7102a0d8b1e1449e5622c748399,2025-09,City of London Police,City of London Police,-0.086815,51.517007,On or near Circus Place,E01032739,City of London 001F,Shoplifting,Court result unavailable,
9ec77bb7105259a1cff19071ad50ec3d86c3a621c465ed9fe02f70d4602ae158,2025-09,City of London Police,City of London Police,-0.085089,51.512105,On or near Gracechurch Street,E01032739,City of London 001F,Shoplifting,Unable to prosecute suspect,
33754482a575d32b4e75940fb7aa4e01eac5b8448f466b4abc456769ebb8bf3a,2025-09,City of London Police,City of London Police,-0.081902,51.517296,On or near Liverpool Street,E01032739,City of London 001F,Shoplifting,Status update unavailable,
a3e8c98d02c400d307407e7109cb4fba9d006efa6419a83b3db979a550fc852c,2025-09,City of London Police,City of London Police,-0.087772,51.510665,On or near Martin Lane,E01032739,City of London 001F,Shoplifting,Status update unavailable,
5b319dea4e4a0df3fb18dadb60c8284fc26e30fc4dfd58111ac695dac242aac8,2025-09,City of London Police,City of London Police,-0.082993,51.516360,On or near Wormwood Street,E01032739,City of London 001F,Shoplifting,Status update unavailable,
1749a207e7f3d0c7e68dca51813fb38aaad86aa4803d2cf72ab4c441086afcec,2025-09,City of London Police,City of London Police,-0.085089,51.512105,On or near Gracechurch Street,E01032739,City of London 001F,Shoplifting,Investigation complete; no suspect identified,
04e58a2bbbe69b8fe0da894e51bed8ce85ae06d4665437613f73f6fca26f57ac,2025-09,City of London Police,City of London Police,-0.084844,51.510725,On or near Eastcheap,E01032739,City of London 001F,Shoplifting,Status update unavailable,
08f43be3eba9c12416b6ae121e98790aad0dea891606b9f65ad37263a0f841e8,2025-09,City of London Police,City of London Police,-0.079883,51.517326,On or near New Street,E01032739,City of London 001F,Shoplifting,Investigation complete; no suspect identified,
a75d04c5623ea228d78bc7ba4cb9ac2e2ffb843f1268dfea4bdc329689bc4f52,2025-09,City of London Police,City of London Police,-0.079883,51.517326,On or near New Street,E01032739,City of London 001F,Shoplifting,Investigation complete; no suspect identified,
259fdfdd5e6aba482923a6e003cb998407d7d25fb307671ee451f85cf900f0a2,2025-09,City of London Police,City of London Police,-0.094070,51.513079,On or near Watling Street,E01032739,City of London 001F,Shoplifting,Investigation complete; no suspect identified,
3de1022dd37f5fa0bcde0fbafcb5fe2f982f09d161170df3fa1b9975979af285,2025-09,City of London Police,City of London Police,-0.097291,51.514626,On or near Supermarket,E01032739,City of London 001F,Shoplifting,Status update unavailable,
a90a88c2069b046755a6ce2789dfee84134aa5df1dd9a1d85d4153e399eb4cb8,2025-09,City of London Police,City of London Police,-0.088785,51.517102,On or near Moorgate,E01032739,City of London 001F,Shoplifting,Status update unavailable,
8d7cf00c44e8f435cf679695130e69ad89b948573248c65b0631bb14208beff7,2025-09,City of London Police,City of London Police,-0.079883,51.517326,On or near New Street,E01032739,City of London 001F,Shoplifting,Unable to prosecute suspect,
411ed97ce8b7e2f5342c10b390a012ce3737103b81c58ae400da2f788e1bd11d,2025-09,City of London Police,City of London Police,-0.097291,51.514626,On or near Supermarket,E01032739,City of London 001F,Shoplifting,Investigation complete; no suspect identified,
71fdfe3e87be2f35d19d6b6e38e7693a59f345e140afe0a68b22d9efe8eb8efe,2025-09,City of London Police,City of London Police,-0.078278,51.513666,On or near Mitre Street,E01032739,City of London 001F,Shoplifting,Court result unavailable,
eea1c4a238d11301a5db1d87171556cf75f0f92e2b17e4ec40d0019eb177c9e9,2025-09,City of London Police,City of London Police,-0.091947,51.513188,On or near Pancras Lane,E01032739,City of London 001F,Shoplifting,Unable to prosecute suspect,
a8702580582984188c51e783db25033f8796180268de28e4ecc5043377888ae2,2025-09,City of London Police,City of London Police,-0.091540,51.511896,On or near Cannon Street,E01032739,City of London 001F,Shoplifting,Status update unavailable,
0cadea6f1910a9bed4bb11a94f750c08c547a807f3ef0fa98b6e0984fd09a65f,2025-09,City of London Police,City of London Police,-0.091823,51.514427,On or near Ironmonger Lane,E01032739,City of London 001F,Shoplifting,Awaiting court outcome,
80d8c6de3258408893c6bb0062609de4b242cfae7200c9e9d62cbce747fc4df9,2025-09,City of London Police,City of London Police,-0.095224,51.513736,On or near Shopping Area,E01032739,City of London 001F,Shoplifting,Unable to prosecute suspect,
25c94ed0e66bd92562e0b1d43fa539e1284c6b5f26bb1ecb1761891097c60dcb,2025-09,City of London Police,City of London Police,-0.097291,51.514626,On or near Supermarket,E01032739,City of London 001F,Shoplifting,Unable to prosecute suspect,
ada8f6c4d7edd60959e87c844f2756989cf8d062ce93631eee539c1de0529074,2025-09,City of London Police,City of London Police,-0.095224,51.513736,On or near Shopping Area,E01032739,City of London 001F,Shoplifting,Investigation complete; no suspect identified,
2779fae109a882258e6f2b7964a6a115119d45c022193d3cd615e2f6cbf48806,2025-09,City of London Police,City of London Police,-0.085089,51.512105,On or near Gracechurch Street,E01032739,City of London 001F,Shoplifting,Unable to prosecute suspect,
8c3270bd4edd6cd4e28a6b53400b7f9a9d0b438269972fdbac33fb9f7ebdaf5c,2025-09,City of London Police,City of London Police,-0.091947,51.513188,On or near Pancras Lane,E01032739,City of London 001F,Shoplifting,Investigation complete; no suspect identified,
f2a2d202963fad7e16ec61f7cab041c8a14a2a9b0b629b461191a0631f139b11,2025-09,City of London Police,City of London Police,-0.091823,51.514427,On or near Ironmonger Lane,E01032739,City of London 001F,Shoplifting,Status update unavailable,
de88c5f7dfc5b2cc09fedd3f87ef2a59642c5f0f6adff4ca5232d26010512d40,2025-09,City of London Police,City of London Police,-0.084754,51.512882,On or near Corbet Court,E01032739,City of London 001F,Shoplifting,Unable to prosecute suspect,
51334c36e49e4a4889354f76ff4ae2fa92bf23e9a75b533d40d92415b972ad69,2025-09,City of London Police,City of London Police,-0.085089,51.512105,On or near Gracechurch Street,E01032739,City of London 001F,Shoplifting,Unable to prosecute suspect,
e9dc552eecd2c3e97106ef6d914f33d2719b2ee94e1f1147f0c85c2d012fec20,2025-09,City of London Police,City of London Police,-0.079883,51.517326,On or near New Street,E01032739,City of London 001F,Shoplifting,Status update unavailable,
7134fa0913d3cbacb7c9091dea26988602b9ed67f67581f2396faece9cd57988,2025-09,City of London Police,City of London Police,-0.079883,51.517326,On or near New Street,E01032739,City of London 001F,Shoplifting,Further action is not in the public interest,
bcb98eb9a20d541195ab374c91e0d45de87e1d5f205fa22432daeda4c74ca170,2025-09,City of London Police,City of London Police,-0.095224,51.513736,On or near Shopping Area,E01032739,City of London 001F,Shoplifting,Investigation complete; no suspect identified,
c25cd807259af137001150e5751f067011b8c90d2dc71737d618241cecf9cbea,2025-09,City of London Police,City of London Police,-0.084754,51.512882,On or near Corbet Court,E01032739,City of London 001F,Shoplifting,Status update unavailable,
c2314154c1af506d92c0ca7cb1359e443c55409e6aaa35327ee0f703732fdab4,2025-09,City of London Police,City of London Police,-0.091823,51.514427,On or near Ironmonger Lane,E01032739,City of London 001F,Shoplifting,Investigation complete; no suspect identified,
e56228216d45741888ca5c1a10b5128a041bcb45f9fd53dbc55131dad24bf23a,2025-09,City of London Police,City of London Police,-0.095224,51.513736,On or near Shopping Area,E01032739,City of London 001F,Shoplifting,Investigation complete; no suspect identified,
fea54252d3b3827d8b239ccd501f659e12fea90c5c07e358bed5e76c273c5288,2025-09,City of London Police,City of London Police,-0.078278,51.513666,On or near Mitre Street,E01032739,City of London 001F,Shoplifting,Investigation complete; no suspect identified,
26f1c2b625c3e19e4277a294025b2bdb9488d52541710fd6a7d8213b39d65e23,2025-09,City of London Police,City of London Police,-0.097291,51.514626,On or near Supermarket,E01032739,City of London 001F,Shoplifting,Investigation complete; no suspect identified,
cf4645816ec88f6971d31049d8ae0bbf764f7bd98c9f28875c5a4c51698727c9,2025-09,City of London Police,City of London Police,-0.084836,51.511939,On or near Shopping Area,E01032739,City of London 001F,Shoplifting,Investigation complete; no suspect identified,
6c259d9c8b605764dfd769074acb73b10207f70db5c947add26d7677dd2aa98c,2025-09,City of London Police,City of London Police,-0.086815,51.517007,On or near Circus Place,E01032739,City of London 001F,Shoplifting,Unable to prosecute suspect,
cc8e0f708aca55b37bbd3b6c4c18f185b44205f081f22025a9ee240264cf6af5,2025-09,City of London Police,City of London Police,-0.091540,51.511896,On or near Cannon Street,E01032739,City of London 001F,Shoplifting,Unable to prosecute suspect,
9cf1c93473443d8c7c96559776b58148e90d76a543c07721b0a78ff9371dc208,2025-09,City of London Police,City of London Police,-0.094070,51.513079,On or near Watling Street,E01032739,City of London 001F,Shoplifting,Status update unavailable,
a56cf853e450ac67d237d4e1eb04f918014bc4d4088b74929aa145391cb0e085,2025-09,City of London Police,City of London Police,-0.081902,51.517296,On or near Liverpool Street,E01032739,City of London 001F,Shoplifting,Status update unavailable,
14d7754c8643a8f1a408953beca839bc27a5da1a7fc6afd47e2930ca1f6dd8e3,2025-09,City of London Police,City of London Police,-0.086019,51.513631,On or near Finch Lane,E01032739,City of London 001F,Shoplifting,Unable to prosecute suspect,
1c26cfdbb16a399f585bfdb9ce979237a95db0d5b8371ab81ae55035b406a715,2025-09,City of London Police,City of London Police,-0.082993,51.516360,On or near Wormwood Street,E01032739,City of London 001F,Shoplifting,Unable to prosecute suspect,
f5466020082b5f7f901c9c1eb4e06dcfd65ced53ddd5c6398fc2e87115409cd3,2025-09,City of London Police,City of London Police,-0.085089,51.512105,On or near Gracechurch Street,E01032739,City of London 001F,Shoplifting,Status update unavailable,
d5386f42da78d474589dce6a764c7e5b75b18a2c91f6f429fbca71daa682a5c0,2025-09,City of London Police,City of London Police,-0.084754,51.512882,On or near Corbet Court,E01032739,City of London 001F,Shoplifting,Status update unavailable,
6217dd88db3edfd132fb82b2a30f1b7852016aa9ccd91b7bee1556c1d7767d32,2025-09,City of London Police,City of London Police,-0.091947,51.513188,On or near Pancras Lane,E01032739,City of London 001F,Shoplifting,Unable to prosecute suspect,
817aabfbdf9cb004881e56fed1f9e13b58df72535331917a8854642eb87d469e,2025-09,City of London Police,City of London Police,-0.081902,51.517296,On or near Liverpool Street,E01032739,City of London 001F,Shoplifting,Investigation complete; no suspect identified,
d3d02530e0765ba2ab936daaf12e01de4b5d03399c1ed485dcc769162b7c235c,2025-09,City of London Police,City of London Police,-0.079883,51.517326,On or near New Street,E01032739,City of London 001F,Shoplifting,Unable to prosecute suspect,
3fb5a087237fe98883b279d0ac8fe19dd76946ab8630b73a76bcf6082acbaccf,2025-09,City of London Police,City of London Police,-0.095224,51.513736,On or near Shopping Area,E01032739,City of London 001F,Shoplifting,Unable to prosecute suspect,
4dca4ce65b3a2503813b720c54ed576a945bce9d15b41405da148e59df6a996f,2025-09,City of London Police,City of London Police,-0.088785,51.517102,On or near Moorgate,E01032739,City of London 001F,Shoplifting,Unable to prosecute suspect,
ad9026dee5a51133eaab286009f8be51ac6baf2e5890ca2e8b3731ee01e9a0c3,2025-09,City of London Police,City of London Police,-0.079883,51.517326,On or near New Street,E01032739,City of London 001F,Shoplifting,Unable to prosecute suspect,
4b88b33c1819787e614f6a10977006d48657654f63244645e78bd58d76989e01,2025-09,City of London Police,City of London Police,-0.097291,51.514626,On or near Supermarket,E01032739,City of London 001F,Shoplifting,Awaiting court outcome,
0607ffb236749ced833d4e2abd56e34401148b8276ebdd9f4d0e92d5fb4a882f,2025-09,City of London Police,City of London Police,-0.079838,51.514267,On or near Bury Street,E01032739,City of London 001F,Theft from the person,Investigation complete; no suspect identified,
378f918ed0cc1644ff74f7dc86d52ea1a79ca411b4c0896b8d5ece1aec352eb3,2025-09,City of London Police,City of London Police,-0.089208,51.509744,On or near Angel Lane,E01032739,City of London 001F,Theft from the person,Investigation complete; no suspect identified,
2392dea2e49c8d682e5de0a70c0c5e99f65d434324a90558748af29d6f634287,2025-09,City of London Police,City of London Police,-0.081902,51.517296,On or near Liverpool Street,E01032739,City of London 001F,Theft from the person,Investigation complete; no suspect identified,
96e2efaf284bf77cd2353b2295646ff45f15ab70d9d0cc80acf70e37427d7552,2025-09,City of London Police,City of London Police,-0.079127,51.509607,On or near Byward Street,E01032739,City of London 001F,Theft from the person,Investigation complete; no suspect identified,
fc252fbb20b0671ed37aab686919f0307f2b1962673002287647d10102b9dbb2,2025-09,City of London Police,City of London Police,-0.081113,51.516869,On or near Bishopsgate,E01032739,City of London 001F,Theft from the person,Status update unavailable,
a80466f0b10d73d3cf9839129c894839c5eadbf40d43670adbdc3e97d3f1aa56,2025-09,City of London Police,City of London Police,-0.086019,51.513631,On or near Finch Lane,E01032739,City of London 001F,Theft from the person,Investigation complete; no suspect identified,
0ccf424a4c0eaa19bece505917cdf252c22bd36d34260e43bcad7b9837833bee,2025-09,City of London Police,City of London Police,-0.081902,51.517296,On or near Liverpool Street,E01032739,City of London 001F,Theft from the person,Investigation complete; no suspect identified,
958a0323397fc0561e18d1e3e9336f71ff1fcefbf216f93549300b0023339409,2025-09,City of London Police,City of London Police,-0.092531,51.512658,On or near Queen Street,E01032739,City of London 001F,Theft from the person,Investigation complete; no suspect identified,
a1cf6c8582906a209d0b259bf6c6638a836067bd7ca15fb6c188f94733764861,2025-09,City of London Police,City of London Police,-0.078424,51.518093,On or near Widegate Street,E01032739,City of London 001F,Theft from the person,Investigation complete; no suspect identified,
c86fe17e1cbd0d00b8000a254c921dc771d74be1d01d933c11233b595ed663d8,2025-09,City of London Police,City of London Police,-0.101589,51.513515,On or near Ludgate Square,E01032739,City of London 001F,Theft from the person,Investigation complete; no suspect identified,
2eab7bcb970e8e0162d2d54b38958267c230d838c573433d594df79ae480ef09,2025-09,City of London Police,City of London Police,-0.084844,51.510725,On or near Eastcheap,E01032739,City of London 001F,Theft from the person,Status update unavailable,
555f6d2f19ea4e9e1f217b42beaeb36f5208e8ee556ee22153caae223dc36ab5,2025-09,City of London Police,City of London Police,-0.081902,51.517296,On or near Liverpool Street,E01032739,City of London 001F,Theft from the person,Investigation complete; no suspect identified,
e0c8518ae063052b57810079beaa2c1ef987ce84ce054cb09afa758a2938be7e,2025-09,City of London Police,City of London Police,-0.089208,51.509744,On or near Angel Lane,E01032739,City of London 001F,Theft from the person,Unable to prosecute suspect,
afcd94ed488d45ebbc3b3414533d6a073011ff42cb3b08d4aac2abf3ac27625b,2025-09,City of London Police,City of London Police,-0.097291,51.514626,On or near Supermarket,E01032739,City of London 001F,Theft from the person,Investigation complete; no suspect identified,
73dfb9f03482af49aa897de09068505cc36df70aa1c209feb4a9b510249b2e7b,2025-09,City of London Police,City of London Police,-0.097291,51.514626,On or near Supermarket,E01032739,City of London 001F,Theft from the person,Investigation complete; no suspect identified,
3de90f416a51eee900bb6c6a8f693990ed9c4d17d957bc7c1e4375dc4b53eb7f,2025-09,City of London Police,City of London Police,-0.088785,51.517102,On or near Moorgate,E01032739,City of London 001F,Theft from the person,Investigation complete; no suspect identified,
a0cb9b3f29edcea047205f5c6f012d2991a56bbf897dbeb955d720edf6d5552f,2025-09,City of London Police,City of London Police,-0.081113,51.516869,On or near Bishopsgate,E01032739,City of London 001F,Theft from the person,Investigation complete; no suspect identified,
52cc7a7e3c40d3c3d56c6825f6a44098025005f11d6d20aada99b88c9bebd5bb,2025-09,City of London Police,City of London Police,-0.095224,51.513736,On or near Shopping Area,E01032739,City of London 001F,Theft from the person,Investigation complete; no suspect identified,
4fbed771f809b7969aca575fc96a76e98c630f7fddc3d8163445188a91144cad,2025-09,City of London Police,City of London Police,-0.084910,51.512588,On or near Bell Inn Yard,E01032739,City of London 001F,Theft from the person,Investigation complete; no suspect identified,
bdf151f628f56d5e96dc413d77f3386748e9f0fa9961a623d4b8e1e21f02bb07,2025-09,City of London Police,City of London Police,-0.101963,51.510761,On or near Ferry Terminal,E01032739,City of London 001F,Theft from the person,Investigation complete; no suspect identified,
42403ac1faa8765d293b28cbfebae23553521c68446597f41d45971be90b11ef,2025-09,City of London Police,City of London Police,-0.088785,51.517102,On or near Moorgate,E01032739,City of London 001F,Theft from the person,Investigation complete; no suspect identified,
a8fdb928bbe4e19b21ec0e814a03ef39e19250140853dd81b89df8a333d8437b,2025-09,City of London Police,City of London Police,-0.096501,51.513874,On or near New Change,E01032739,City of London 001F,Theft from the person,Investigation complete; no suspect identified,
5a2e7fdb6ae390695cc52e789b036433c4f24794433085cf84366dd87818edb9,2025-09,City of London Police,City of London Police,-0.088785,51.517102,On or near Moorgate,E01032739,City of London 001F,Theft from the person,Investigation complete; no suspect identified,
f5df2471d58e24b2b7ebc84a90907a80a003079c837004cbf0b93ec079b66868,2025-09,City of London Police,City of London Police,-0.082993,51.516360,On or near Wormwood Street,E01032739,City of London 001F,Theft from the person,Investigation complete; no suspect identified,
a4b580236912668256e56f3ef18d920994671794de3f3fe8145b0293b63bf916,2025-09,City of London Police,City of London Police,-0.100201,51.513286,On or near Dean'S Court,E01032739,City of London 001F,Theft from the person,Status update unavailable,
2b99397c06e78b92c462a631cbe48ac0283170e7a7c0b8a0cfe234e61569a4d1,2025-09,City of London Police,City of London Police,-0.091540,51.511896,On or near Cannon Street,E01032739,City of London 001F,Theft from the person,Investigation complete; no suspect identified,
a4683953856fea2313793e538060d5cf403d93f9b59ec765be65ba4a641a7f4e,2025-09,City of London Police,City of London Police,-0.084844,51.510725,On or near Eastcheap,E01032739,City of London 001F,Theft from the person,Investigation complete; no suspect identified,
e836b9eebd27e2f5fd5aaa6ccfe22dd844e5864cf9cef3096f63bfd046484bc0,2025-09,City of London Police,City of London Police,-0.088785,51.517102,On or near Moorgate,E01032739,City of London 001F,Theft from the person,Status update unavailable,
6cf612b58da801b3b085eceb07a5d894f009a7965d7b52f42adf9c2ff76cd270,2025-09,City of London Police,City of London Police,-0.081643,51.510070,On or near Great Tower Street,E01032739,City of London 001F,Theft from the person,Investigation complete; no suspect identified,
5d1717eadd0167775881470b9529acc7fa3d5a3ebdb00110020c6817df170d16,2025-09,City of London Police,City of London Police,-0.095224,51.513736,On or near Shopping Area,E01032739,City of London 001F,Theft from the person,Investigation complete; no suspect identified,
41b3976aa1e38dd44194c3e24baffc1353dda8a0d47a54cf62ca8a20a0596838,2025-09,City of London Police,City of London Police,-0.081113,51.516869,On or near Bishopsgate,E01032739,City of London 001F,Theft from the person,Investigation complete; no suspect identified,
22503b42b2b0c39fdc08d177bcf5836fa5157c3280218c947cff5e0fbb70e956,2025-09,City of London Police,City of London Police,-0.084836,51.511939,On or near Shopping Area,E01032739,City of London 001F,Theft from the person,Investigation complete; no suspect identified,
cee8c8f86030d901be7c79982c22dd20e3592c30444df6fa5744f7a413cf7387,2025-09,City of London Police,City of London Police,-0.091540,51.511896,On or near Cannon Street,E01032739,City of London 001F,Theft from the person,Investigation complete; no suspect identified,
2728a8b34e36db6a484dc56879433db7a60ffb7e8e37775df98a2a5393c48edc,2025-09,City of London Police,City of London Police,-0.100201,51.513286,On or near Dean'S Court,E01032739,City of London 001F,Theft from the person,Investigation complete; no suspect identified,
cc85e35b8ccc311735b48491f8cf8008b35f891bf1bc1fbb7a8bc8b4888f2821,2025-09,City of London Police,City of London Police,-0.081113,51.516869,On or near Bishopsgate,E01032739,City of London 001F,Theft from the person,Status update unavailable,
7d51946b78cb16b26a0e3f1ee504e88451808c25acaad9713c6714b370ea90dd,2025-09,City of London Police,City of London Police,-0.081113,51.516869,On or near Bishopsgate,E01032739,City of London 001F,Theft from the person,Investigation complete; no suspect identified,
fe5ac56fbfbff3006c524d77afac869814f76f0ee7b420feba44aa4c8b85ac59,2025-09,City of London Police,City of London Police,-0.097176,51.510836,On or near Trig Lane,E01032739,City of London 001F,Theft from the person,Status update unavailable,
1f961b7e2a91edb8ca17383850bf970c31f1d09c4ecc7cdd35dc097edb211602,2025-09,City of London Police,City of London Police,-0.097176,51.510836,On or near Trig Lane,E01032739,City of London 001F,Theft from the person,Status update unavailable,
1bc8c6bc41053f27aa39e944ea40a7ad7541da709969d2923e58a28a8104455b,2025-09,City of London Police,City of London Police,-0.092633,51.509872,On or near Bell Wharf Lane,E01032739,City of London 001F,Vehicle crime,Investigation complete; no suspect identified,
d0c34fc1c6ed807a8366cf3f9aa536562cfff8ed651d667c7a2a257e5c47d174,2025-09,City of London Police,City of London Police,-0.081643,51.510070,On or near Great Tower Street,E01032739,City of London 001F,Vehicle crime,Status update unavailable,
5634e2e67feb538475a92a19840cb0134a6fb9f59587f2f8cc02e71199c375fb,2025-09,City of London Police,City of London Police,-0.097176,51.510836,On or near Trig Lane,E01032739,City of London 001F,Violence and sexual offences,Unable to prosecute suspect,
04c45a293fc54efabea6b5d8724d5f2e19becb6f80410939f7c6315b21432b06,2025-09,City of London Police,City of London Police,-0.078477,51.509965,On or near Muscovy Street,E01032739,City of London 001F,Violence and sexual offences,Status update unavailable,
4c53623a357e34c4fe3d96a757e1e3b88708cfdde3fa91dbdac021b4277c5e59,2025-09,City of London Police,City of London Police,-0.083977,51.510441,On or near Lovat Lane,E01032739,City of London 001F,Violence and sexual offences,Unable to prosecute suspect,
1ae7107e818d00ac8257f3b51eab5bf87ad5f0a6810134456f9de31a3bbb86a4,2025-09,City of London Police,City of London Police,-0.085228,51.511190,On or near Talbot Court,E01032739,City of London 001F,Violence and sexual offences,Unable to prosecute suspect,
d6c07f8856d100f7b2df5f4963df2b9faf3a88f5d410da3fcb3aa7c6b4eb29cd,2025-09,City of London Police,City of London Police,-0.081113,51.516869,On or near Bishopsgate,E01032739,City of London 001F,Violence and sexual offences,Unable to prosecute suspect,
059d158547d6683a3f57ca4f69e5d833a1601ed20bb1a070c7c11ed1645932af,2025-09,City of London Police,City of London Police,-0.082993,51.516360,On or near Wormwood Street,E01032739,City of London 001F,Violence and sexual offences,Unable to prosecute suspect,
bd3a383d85efef3f85293fef8fca26a280692a8b70a97c01fe7aa54877bde950,2025-09,City of London Police,City of London Police,-0.078059,51.509967,On or near Trinity Square,E01032739,City of London 001F,Violence and sexual offences,Unable to prosecute suspect,
830caa82acdced64030ce32568d8338c71db6a95e6d241079979f3b25a708e19,2025-09,City of London Police,City of London Police,-0.091540,51.511896,On or near Cannon Street,E01032739,City of London 001F,Violence and sexual offences,Awaiting court outcome,
1738edb9fecbb06189140dea0ac3272e26c29d532496ff1955f6ef7a8763d6df,2025-09,City of London Police,City of London Police,-0.082993,51.516360,On or near Wormwood Street,E01032739,City of London 001F,Violence and sexual offences,Status update unavailable,
d9aa868ee33566df3908e22411e198172b353b5721daee5ee18f1bd03c76a0ae,2025-09,City of London Police,City of London Police,-0.081512,51.518692,On or near London Liverpool Street,E01032739,City of London 001F,Violence and sexual offences,Unable to prosecute suspect,
316b4924f1f872313b8faccdb001480e5f707638c795d985a1cd70884277e875,2025-09,City of London Police,City of London Police,-0.081113,51.516869,On or near Bishopsgate,E01032739,City of London 001F,Violence and sexual offences,Status update unavailable,
2113195bd9a3c4d71fad6befc86d75b22c04ef43f2b8b7a8ab9fe5fe584eda27,2025-09,City of London Police,City of London Police,-0.081643,51.510070,On or near Great Tower Street,E01032739,City of London 001F,Violence and sexual offences,Unable to prosecute suspect,
b2555dba1bde5200f5a053bbe44655468b13b47456b0e9206f6cd95193e37e51,2025-09,City of London Police,City of London Police,-0.086815,51.517007,On or near Circus Place,E01032739,City of London 001F,Violence and sexual offences,Court result unavailable,
7f5f6ed28cdd644418ac7204db89333d38f6c7b9f75064adf7570105dc4a5ceb,2025-09,City of London Police,City of London Police,-0.083977,51.510441,On or near Lovat Lane,E01032739,City of London 001F,Violence and sexual offences,Unable to prosecute suspect,
abdc4e0df092ffbdc64acc229bb7ab113d57e4e6cb68e4e085417174246e8ebd,2025-09,City of London Police,City of London Police,-0.101963,51.510761,On or near Ferry Terminal,E01032739,City of London 001F,Violence and sexual offences,Status update unavailable,
ddc2b82bfe14901517428c7e5454f10bd9da4143d1db092bb1c174087a9d5ef2,2025-09,City of London Police,City of London Police,-0.081113,51.516869,On or near Bishopsgate,E01032739,City of London 001F,Violence and sexual offences,Investigation complete; no suspect identified,
5fa7246579c68d03c1e8fbef5bccebced22dd97de5eaab27072b2ad016b72908,2025-09,City of London Police,City of London Police,-0.078278,51.513666,On or near Mitre Street,E01032739,City of London 001F,Violence and sexual offences,Status update unavailable,
cc3f17168c31117243e815a29cf71c51fff566d730ce8767adfe57d4741b55f1,2025-09,City of London Police,City of London Police,-0.081902,51.517296,On or near Liverpool Street,E01032739,City of London 001F,Violence and sexual offences,Unable to prosecute suspect,
0e02a32e303ff0615ee5fbd62cdc72a29dc662f7c071970707d0f8f9fcc7d631,2025-09,City of London Police,City of London Police,-0.078278,51.513666,On or near Mitre Street,E01032739,City of London 001F,Violence and sexual offences,Status update unavailable,
294126c3af8d78653952e056f0b83a31eaf4d2eee7fef8757b91af29e13cdd96,2025-09,City of London Police,City of London Police,-0.101393,51.512685,On or near St Andrew'S Hill,E01032739,City of London 001F,Violence and sexual offences,Unable to prosecute suspect,
b8497dc52df2ec4819155613602f2bd5fdf7d2a495ebfdb93f2ccc4e4031380b,2025-09,City of London Police,City of London Police,-0.081113,51.516869,On or near Bishopsgate,E01032739,City of London 001F,Violence and sexual offences,Unable to prosecute suspect,
a1cc69f0781c62c59e41164e06e11bb6ec7d2cb71266727efdb6582b9577e1c9,2025-09,City of London Police,City of London Police,-0.081113,51.516869,On or near Bishopsgate,E01032739,City of London 001F,Violence and sexual offences,Investigation complete; no suspect identified,
f00c0c10c4a454492ec96da6cda026f2b86a9cb6713edec7826a733ab12a9572,2025-09,City of London Police,City of London Police,-0.086815,51.517007,On or near Circus Place,E01032739,City of London 001F,Violence and sexual offences,Unable to prosecute suspect,
d11ae2675ecb5f7cc239b8caaac47e8b4aa65950754ae69c972d889991b6d340,2025-09,City of London Police,City of London Police,-0.084836,51.511939,On or near Shopping Area,E01032739,City of London 001F,Violence and sexual offences,Unable to prosecute suspect,
49f53821359157e59fb3bede8749d9407bb5241b5ac2ba893021f37ca930519e,2025-09,City of London Police,City of London Police,-0.086815,51.517007,On or near Circus Place,E01032739,City of London 001F,Violence and sexual offences,Unable to prosecute suspect,
b6b14a89e908b02be2b7918d991d08e50c797c48d6232fadd6b04e5aab307151,2025-09,City of London Police,City of London Police,-0.083977,51.510441,On or near Lovat Lane,E01032739,City of London 001F,Violence and sexual offences,Investigation complete; no suspect identified,
e70a9668f8e95bf90f621ae69bb4d563d4afdd139f5001129c41935377e3fdea,2025-09,City of London Police,City of London Police,-0.082993,51.516360,On or near Wormwood Street,E01032739,City of London 001F,Violence and sexual offences,Unable to prosecute suspect,
c2d8aa554630e230de48c1d95edac3bd8f08045af9669df4e70adf95e9ada2b6,2025-09,City of London Police,City of London Police,-0.084836,51.511939,On or near Shopping Area,E01032739,City of London 001F,Violence and sexual offences,Court result unavailable,
a9685d332a97e4501a199a7135b4223ca0c8345bdd3d9ce25f97549e088a535b,2025-09,City of London Police,City of London Police,-0.081113,51.516869,On or near Bishopsgate,E01032739,City of London 001F,Violence and sexual offences,Status update unavailable,
408e8098242fe50e194a6a13e2126a4a4f971b1a4c3a5025e580e298902709d8,2025-09,City of London Police,City of London Police,-0.101906,51.511794,On or near Theatre/Concert Hall,E01032739,City of London 001F,Violence and sexual offences,Unable to prosecute suspect,
ededf0c4c770ce6b9e32a0c85b3a7c90b140f5875c089f8e1b4bb9e5b97a9412,2025-09,City of London Police,City of London Police,-0.081902,51.517296,On or near Liverpool Street,E01032739,City of London 001F,Violence and sexual offences,Unable to prosecute suspect,
fd6511ae253e7db878f5df2086392dc577d3141f1b37157f6e6f8a3c943b8b79,2025-09,City of London Police,City of London Police,-0.081113,51.516869,On or near Bishopsgate,E01032739,City of London 001F,Violence and sexual offences,Unable to prosecute suspect,
933c412e3f53565e2bb63a83a28bc734e1af1d9ba31eeef4a8098b0656bd0bca,2025-09,City of London Police,City of London Police,-0.090578,51.509722,On or near Allhallows Lane,E01032739,City of London 001F,Violence and sexual offences,Status update unavailable,
dc99754549b19de23d83e6ec15ff86a2fffe34d66c2e4440ad51f2e0055385f1,2025-09,City of London Police,City of London Police,-0.087157,51.512624,On or near Lombard Street,E01032739,City of London 001F,Violence and sexual offences,Status update unavailable,
f4370e7e29bbb940144de19039e8e25f73fe91556360b4f3afddc56114a2f178,2025-09,City of London Police,City of London Police,-0.091947,51.513188,On or near Pancras Lane,E01032739,City of London 001F,Violence and sexual offences,Status update unavailable,
6359f29ba3c0abf577c472fd27ed1bb2b7942999674df077506bb278ca532398,2025-09,City of London Police,City of London Police,-0.091947,51.513188,On or near Pancras Lane,E01032739,City of London 001F,Violence and sexual offences,Status update unavailable,
8d73c15998d208d145d35d5dde15ae3487fcb65410014229a9fae45e5c41ebfa,2025-09,City of London Police,City of London Police,-0.078278,51.513666,On or near Mitre Street,E01032739,City of London 001F,Violence and sexual offences,Unable to prosecute suspect,
1235917bba1451a05bfff949ae8345ad130209bb82ab6eb32203a677fc6e2865,2025-09,City of London Police,City of London Police,-0.086815,51.517007,On or near Circus Place,E01032739,City of London 001F,Violence and sexual offences,Unable to prosecute suspect,
1993ab4f5450a19a2a69b74d04e12c15049f8aeb1e1014cae3b96568003760f9,2025-09,City of London Police,City of London Police,-0.078755,51.518440,On or near Artillery Lane,E01032739,City of London 001F,Violence and sexual offences,Status update unavailable,
433a61d8adffac631c135ff7aed9c695633ba52ae6277516d6af417d876a4b27,2025-09,City of London Police,City of London Police,-0.077959,51.511332,On or near Crutched Friars,E01032739,City of London 001F,Violence and sexual offences,Court result unavailable,
e282601dd400a6f0f97f7c091665b8f2bad0eb6220fdb8b321ff7f5838a84a92,2025-09,City of London Police,City of London Police,-0.084910,51.512588,On or near Bell Inn Yard,E01032739,City of London 001F,Violence and sexual offences,Status update unavailable,
1bc105ae737eae6b268ca27ab9e7868c29027899b78be3934ac1d85ba310dee2,2025-09,City of London Police,City of London Police,-0.081902,51.517296,On or near Liverpool Street,E01032739,City of London 001F,Violence and sexual offences,Unable to prosecute suspect,
f7364c07c63343e576a6f82bf2ef706995ce0ff57f5e4d94f2963afb7d10798a,2025-09,City of London Police,City of London Police,-0.080291,51.514814,On or near Bury Court,E01032739,City of London 001F,Violence and sexual offences,Status update unavailable,
df79046d69494e48c430bb1afa6bcf20b87b57e58e1547d43cb62af38eafd1aa,2025-09,City of London Police,City of London Police,-0.095924,51.513882,On or near Shopping Area,E01032739,City of London 001F,Violence and sexual offences,Unable to prosecute suspect,
636a3b556eff2cedc7a3f3a6ac8bf73e233c49044f02544444f89c5cc89cebf3,2025-09,City of London Police,City of London Police,-0.095924,51.513882,On or near Shopping Area,E01032739,City of London 001F,Violence and sexual offences,Unable to prosecute suspect,
eeebaa3ff761483b0fa198a8de91a824199613c578df30d743f02edac9f3ada7,2025-09,City of London Police,City of London Police,-0.089208,51.509744,On or near Angel Lane,E01032739,City of London 001F,Violence and sexual offences,Investigation complete; no suspect identified,
42b5b54a66768a8029e71a0f02a6a3174462f9d8da0ff077d5ddf4e89bb147a6,2025-09,City of London Police,City of London Police,-0.081512,51.518692,On or near London Liverpool Street,E01032739,City of London 001F,Violence and sexual offences,Unable to prosecute suspect,
ca6a8b871d97816cc6b2f46d6ccb54e9fd84e331f8d32c509b6e27ccadefa8d9,2025-09,City of London Police,City of London Police,-0.085089,51.512105,On or near Gracechurch Street,E01032739,City of London 001F,Violence and sexual offences,Unable to prosecute suspect,
dd4b31563d8c88f40f43a9cbd358a82bed6ac6a86bd0dd3540402ef9191c1107,2025-09,City of London Police,City of London Police,-0.077070,51.510877,On or near Cooper'S Row,E01032739,City of London 001F,Violence and sexual offences,Status update unavailable,
975228e9e73c4db1bd12901f2f2ea8a13a6695bf5ca5b5b9b8e1aa448e8b626d,2025-09,City of London Police,City of London Police,-0.079883,51.517326,On or near New Street,E01032739,City of London 001F,Violence and sexual offences,Status update unavailable,
c9f6dd3e1f45126699def031da3fc5517b10e33f3c96d781247bd53adbeb98ba,2025-09,City of London Police,City of London Police,-0.078477,51.509965,On or near Muscovy Street,E01032739,City of London 001F,Violence and sexual offences,Unable to prosecute suspect,
402242b00d54602daa4105c717bf3096bd5e1abaf7fcf40a90fb9cf21725dc21,2025-09,City of London Police,City of London Police,-0.101963,51.510761,On or near Ferry Terminal,E01032739,City of London 001F,Violence and sexual offences,Unable to prosecute suspect,
8b1883e14dfb1e74ccfa62191e175af0520f0303d591b6a79259d97dcbaab36b,2025-09,City of London Police,City of London Police,-0.081113,51.516869,On or near Bishopsgate,E01032739,City of London 001F,Violence and sexual offences,Status update unavailable,
3449b2feecf8267a6c2d7bfcb4700a32aba8d5309cec6247cef369304b812c03,2025-09,City of London Police,City of London Police,-0.086815,51.517007,On or near Circus Place,E01032739,City of London 001F,Violence and sexual offences,Awaiting court outcome,
d170725bb2ec1df5df52376e24ad79e80608fa2b2b2659a388a4a43a272a3d69,2025-09,City of London Police,City of London Police,-0.087873,51.516503,On or near Langthorn Court,E01032739,City of London 001F,Violence and sexual offences,Awaiting court outcome,
2aa0a10705a8771bbc2c06693a68abe52fa142b9abf1472c93ad9572f35767ff,2025-09,City of London Police,City of London Police,-0.094460,51.512024,On or near Great Trinity Lane,E01032739,City of London 001F,Violence and sexual offences,Court result unavailable,
ffdc8a2f7bf85dcef88aa9a4d30e2eb4b8306377e113ef0eef5d4293536058b7,2025-09,City of London Police,City of London Police,-0.081113,51.516869,On or near Bishopsgate,E01032739,City of London 001F,Violence and sexual offences,Unable to prosecute suspect,
86ec8be150a752e319c9ce16afa4ee8beb39a78d1631dd97c655bb0a997a5fd3,2025-09,City of London Police,City of London Police,-0.077959,51.511332,On or near Crutched Friars,E01032739,City of London 001F,Violence and sexual offences,Court result unavailable,
8c356ef5be47307ac09ac056dbd21c3d8f148d7ac2306a3c0dddd9293c1d7aa4,2025-09,City of London Police,City of London Police,-0.101292,51.514770,On or near Amen Court,E01032739,City of London 001F,Violence and sexual offences,Status update unavailable,
16b299106cf3a55791a1763884abf9bb312c6a46501c4048140764e1c419d413,2025-09,City of London Police,City of London Police,-0.084836,51.511939,On or near Shopping Area,E01032739,City of London 001F,Violence and sexual offences,Court result unavailable,
e0155aed558f1ea7aa5a681ac786ecb974ac19b776a180d666c7b78944852dae,2025-09,City of London Police,City of London Police,-0.086019,51.513631,On or near Finch Lane,E01032739,City of London 001F,Violence and sexual offences,Investigation complete; no suspect identified,
11f7885f27f63f595319e880301bd57afec8b076f6bfe5740beeb4f92841fcb2,2025-09,City of London Police,City of London Police,-0.083600,51.509797,On or near St Mary At Hill,E01032739,City of London 001F,Violence and sexual offences,Status update unavailable,
d0e1148f4e3ebd4ec86be66e9465c14b0a1a0f3f9983fa4057419f3ccf3f0759,2025-09,City of London Police,City of London Police,-0.084844,51.510725,On or near Eastcheap,E01032739,City of London 001F,Violence and sexual offences,Status update unavailable,
d6df2e9a2ce452ee20642b76beac4a468ed03d483239c2a9f186489603035d1a,2025-09,City of London Police,City of London Police,-0.087157,51.512624,On or near Lombard Street,E01032739,City of London 001F,Violence and sexual offences,Unable to prosecute suspect,
1446e058013e843bb281476ac78c3f4bb84efdec4e0a254c3baa3162518b267c,2025-09,City of London Police,City of London Police,-0.087744,51.516492,On or near Copthall Avenue,E01032739,City of London 001F,Violence and sexual offences,Unable to prosecute suspect,
69e3f173b31caec49053b72db36e4e16d7292a6dc473109f33507153bf413489,2025-09,City of London Police,City of London Police,-0.083349,51.514830,On or near Shopping Area,E01032739,City of London 001F,Violence and sexual offences,Unable to prosecute suspect,
7abddddc3159626e92a227f565e1b369bc507eaad7c28d15acb2b890bb42b912,2025-09,City of London Police,City of London Police,-0.080448,51.520689,On or near Primrose Street,E01032739,City of London 001F,Violence and sexual offences,Unable to prosecute suspect,
6e9dbabf79553dc5fd53cba7edc731e579ebebc121335d0588a5acf171ad9cd9,2025-09,City of London Police,City of London Police,-0.095924,51.513882,On or near Shopping Area,E01032739,City of London 001F,Violence and sexual offences,Awaiting court outcome,
f238a31a3cfd224cca2708737a0705c5e1498af4b07181ef9f5582921b55ffd1,2025-09,City of London Police,City of London Police,-0.091540,51.511896,On or near Cannon Street,E01032739,City of London 001F,Violence and sexual offences,Awaiting court outcome,
04d9491c9ef4492883ef35b850a13821debfcb28fbb03fb3c1ac3a2b9ea2ad4f,2025-09,City of London Police,City of London Police,-0.081902,51.517296,On or near Liverpool Street,E01032739,City of London 001F,Violence and sexual offences,Unable to prosecute suspect,
4946862094721033bb2a5030a194984f87328b6c893934cb459bc65037eaf38e,2025-09,City of London Police,City of London Police,-0.100588,51.512636,On or near Addle Hill,E01032739,City of London 001F,Violence and sexual offences,Unable to prosecute suspect,
b981724037b1e6bf12a9a6fd0f6350d0722505877496d58be3df94648c7fb77f,2025-09,City of London Police,City of London Police,-0.078755,51.518440,On or near Artillery Lane,E01032739,City of London 001F,Violence and sexual offences,Unable to prosecute suspect,
61aea5c7ef1e58b04643d187442c1163d84fbc55a74d977383932baffc80195e,2025-09,City of London Police,City of London Police,-0.084836,51.511939,On or near Shopping Area,E01032739,City of London 001F,Violence and sexual offences,Unable to prosecute suspect,
786540f1bbaa4a036ad22c5e3fccaa0caf959aa094b4ec6511510f2b6659e7c5,2025-09,City of London Police,City of London Police,-0.100201,51.513286,On or near Dean'S Court,E01032739,City of London 001F,Violence and sexual offences,Status update unavailable,
3a949446f7863a43ee6008f64bad92cb5eb7c44ebd4f989c5150ad18fe4acd4f,2025-09,City of London Police,City of London Police,-0.095924,51.513882,On or near Shopping Area,E01032739,City of London 001F,Violence and sexual offences,Status update unavailable,
be1a653d69dc0581053c6364a8120501433e5125efad534b5b5d18af94f2041c,2025-09,City of London Police,City of London Police,-0.083977,51.510441,On or near Lovat Lane,E01032739,City of London 001F,Violence and sexual offences,Unable to prosecute suspect,
ade22a11e5cdff9e7920344a1d8925934e603326a80ccb264da6ee356f2ac2cd,2025-09,City of London Police,City of London Police,-0.083600,51.509797,On or near St Mary At Hill,E01032739,City of London 001F,Violence and sexual offences,Investigation complete; no suspect identified,
3ca59a9c477a90622bf581b44c2acce1c6c32c8a8fd38550ba35be5795108809,2025-09,City of London Police,City of London Police,-0.092633,51.509872,On or near Bell Wharf Lane,E01032739,City of London 001F,Violence and sexual offences,Unable to prosecute suspect,
5f1b8786efcd43d8ff72cdb8a795733d4678a19c644ddc20f59ab6b542801594,2025-09,City of London Police,City of London Police,-0.094070,51.513079,On or near Watling Street,E01032739,City of London 001F,Violence and sexual offences,Status update unavailable,
78614ab19cfbd465600690fb96bd3d53b9c3801409edb94287ec24f7722caef5,2025-09,City of London Police,City of London Police,-0.087772,51.510665,On or near Martin Lane,E01032739,City of London 001F,Violence and sexual offences,Status update unavailable,
a85b1ae59ec796e5dda3e9d75ad10da8e11831a7c162138ba8022791182d5994,2025-09,City of London Police,City of London Police,-0.084844,51.510725,On or near Eastcheap,E01032739,City of London 001F,Violence and sexual offences,Status update unavailable,
52365b1c02bbe907a80878e3b8b06e8bc265671f8e3f1cf7fafc5f467a94c0e0,2025-09,City of London Police,City of London Police,-0.101292,51.514770,On or near Amen Court,E01032739,City of London 001F,Other crime,Action to be taken by another organisation,
516ab0b3502cd3612bdff6d525ac7819e4f8f2c010677fccd76c5cca0640e512,2025-09,City of London Police,City of London Police,-0.101292,51.514770,On or near Amen Court,E01032739,City of London 001F,Other crime,Investigation complete; no suspect identified,
5c1e6e956e8147ca0fd32115c5f49909a309e0c510252e28690f4b92cd8e28e0,2025-09,City of London Police,City of London Police,-0.101292,51.514770,On or near Amen Court,E01032739,City of London 001F,Other crime,Status update unavailable,
25401ee726ddb3626ca5eead5aa063890424856116538b51a9a27476ecd99eab,2025-09,City of London Police,City of London Police,-0.101906,51.511794,On or near Theatre/Concert Hall,E01032739,City of London 001F,Other crime,Unable to prosecute suspect,
1a955e08d91608aafff8f47a2a629b75dd798af58fe867d6243e4f4a24b80501,2025-09,City of London Police,City of London Police,-0.086815,51.517007,On or near Circus Place,E01032739,City of London 001F,Other crime,Further investigation is not in the public interest,
,2025-09,City of London Police,City of London Police,-0.104980,51.512033,On or near Kingscote Street,E01032740,City of London 001G,Anti-social behaviour,,
,2025-09,City of London Police,City of London Police,-0.110289,51.516075,On or near Bream'S Buildings,E01032740,City of London 001G,Anti-social behaviour,,
,2025-09,City of London Police,City of London Police,-0.105909,51.513262,On or near Dorset Buildings,E01032740,City of London 001G,Anti-social behaviour,,
10d95f82ed0722f91a3869f5e305c638d5655913040b56b01a1c41f07c680266,2025-09,City of London Police,City of London Police,-0.106342,51.513592,On or near Salisbury Square,E01032740,City of London 001G,Burglary,Investigation complete; no suspect identified,
d5c6486d08315cf6008b0a1dc092b262d492454101599c5edfb8922970f23dab,2025-09,City of London Police,City of London Police,-0.098397,51.519561,On or near Middle Street,E01032740,City of London 001G,Burglary,Status update unavailable,
d104fe5ca582adb3ce2da8608e9a3f4f0bbaaa98b641451138a88e02e95e5495,2025-09,City of London Police,City of London Police,-0.101621,51.516906,On or near Giltspur Street,E01032740,City of London 001G,Criminal damage and arson,Status update unavailable,
13b087cbb5b1cc8ac3ff7e7329fcff59b259036d3460f8d48db0d112928360d1,2025-09,City of London Police,City of London Police,-0.101621,51.516906,On or near Giltspur Street,E01032740,City of London 001G,Criminal damage and arson,Status update unavailable,
259d1e21948e91d19f8e771ee9b36a1e1c4638cf4b4a6db4e7a7cf48097e2316,2025-09,City of London Police,City of London Police,-0.109387,51.513839,On or near Old Mitre Court,E01032740,City of London 001G,Criminal damage and arson,Investigation complete; no suspect identified,
58a61cc7d065c672e850b97d65f657c50b46bd0916a50ffddfe3b39055ddda61,2025-09,City of London Police,City of London Police,-0.101621,51.516906,On or near Giltspur Street,E01032740,City of London 001G,Criminal damage and arson,Status update unavailable,
daf3aa96f9bc835cfa40e9dc32b52ebe9efd72cdd2de871ada81a3adc1dfdaea,2025-09,City of London Police,City of London Police,-0.104980,51.512033,On or near Kingscote Street,E01032740,City of London 001G,Criminal damage and arson,Court result unavailable,
218825825288c7d42816a71c831835d674329c8edc42d1b5c16e7448726acc91,2025-09,City of London Police,City of London Police,-0.102812,51.517051,On or near Police Station,E01032740,City of London 001G,Drugs,Investigation complete; no suspect identified,
b751926eb5304d2920eef7dd92ac27f320a4bfe9dda20cfd55f305db7a21e7bb,2025-09,City of London Police,City of London Police,-0.106076,51.517239,On or near Conference/Exhibition Centre,E01032740,City of London 001G,Drugs,Local resolution,
1afda005c35eb635c508f286bafc89956a0a2239fe777ff4de1b7c7a8157ea33,2025-09,City of London Police,City of London Police,-0.099803,51.519026,On or near Cloth Fair,E01032740,City of London 001G,Drugs,Status update unavailable,
8c6541febd9bfbba808294a5493eedae01d22cf36996878ffde59130b8822d46,2025-09,City of London Police,City of London Police,-0.105131,51.513941,On or near Bride Lane,E01032740,City of London 001G,Other theft,Unable to prosecute suspect,
b8e2eee41ec36384fdaad94063f3bb864030c326e4080879adc202b66a3e443d,2025-09,City of London Police,City of London Police,-0.109164,51.517846,On or near Holborn,E01032740,City of London 001G,Other theft,Status update unavailable,
c9673e191824cfa990b1b246e9ae3bd5745319da64eef0d1d7f391774b89749d,2025-09,City of London Police,City of London Police,-0.106076,51.517239,On or near Conference/Exhibition Centre,E01032740,City of London 001G,Other theft,Status update unavailable,
32137160f2f183b897da1f7159afbca0b78778f64d5456b193974f95c6296dc7,2025-09,City of London Police,City of London Police,-0.102812,51.517051,On or near Police Station,E01032740,City of London 001G,Other theft,Investigation complete; no suspect identified,
f2a9d08879d1b9a83cecf39847f5aaaa50bb758d9f0480511425ae538d64e293,2025-09,City of London Police,City of London Police,-0.105909,51.513262,On or near Dorset Buildings,E01032740,City of London 001G,Other theft,Status update unavailable,
7ed0894bdc7282716a090b3155ec6a357ce5ad6a4393691f22ade0de5d2625b2,2025-09,City of London Police,City of London Police,-0.103490,51.513897,On or near City Thameslink,E01032740,City of London 001G,Other theft,Status update unavailable,
ebf197640665832803705c1f7fde3110ff32d5455f336b1f7c01c871b5043490,2025-09,City of London Police,City of London Police,-0.110746,51.516523,On or near Cursitor Street,E01032740,City of London 001G,Other theft,Investigation complete; no suspect identified,
4a615583c6ab748db6cd672ff3ef60a786837d64a4a53a089764b33d797bd118,2025-09,City of London Police,City of London Police,-0.109164,51.517846,On or near Holborn,E01032740,City of London 001G,Other theft,Investigation complete; no suspect identified,
452f0c11836716e60d3c34f2d4b5c0ab4df74a0c2455eaa21fd89c9ae3d3f5fb,2025-09,City of London Police,City of London Police,-0.105131,51.513941,On or near Bride Lane,E01032740,City of London 001G,Other theft,Investigation complete; no suspect identified,
e5becdacc2e835cfa4d9f2525f820df60602333e952d9c00eb55f6aec610a09a,2025-09,City of London Police,City of London Police,-0.106076,51.517239,On or near Conference/Exhibition Centre,E01032740,City of London 001G,Other theft,Awaiting court outcome,
aae4bb44a6f08563b019337a52cb70874eaf737bddf3341f94132de47b5d207e,2025-09,City of London Police,City of London Police,-0.101320,51.519293,On or near Grand Avenue,E01032740,City of London 001G,Other theft,Unable to prosecute suspect,
4f1e8479c2daa62a035c010552ea45749daa223965a6351e759f79d7e104a221,2025-09,City of London Police,City of London Police,-0.108450,51.514202,On or near Fleet Street,E01032740,City of London 001G,Public order,Court result unavailable,
3835d341b3a7147715487ac3d9f461b8b875ee15cc7e1cb94281df58c00f5951,2025-09,City of London Police,City of London Police,-0.104980,51.512033,On or near Kingscote Street,E01032740,City of London 001G,Public order,Status update unavailable,
a52e60595d9a54db0e4c6788ea456a267b5f320d2e28a74536bc86f1c07cba47,2025-09,City of London Police,City of London Police,-0.104980,51.512033,On or near Kingscote Street,E01032740,City of London 001G,Public order,Status update unavailable,
1738b53cd1ac58fdfbbc68caa259a640b68b710f2268b4d0531ffe34539e7132,2025-09,City of London Police,City of London Police,-0.104980,51.512033,On or near Kingscote Street,E01032740,City of London 001G,Public order,Unable to prosecute suspect,
d113355931531389dd7fd86e4bb8f603859afba076a8fc2c893c3737d189fe7f,2025-09,City of London Police,City of London Police,-0.106076,51.517239,On or near Conference/Exhibition Centre,E01032740,City of London 001G,Public order,Investigation complete; no suspect identified,
fd28479193e83def9e9e112eb030a9e1f647f0f56020f4cbd8655ea3522e03f0,2025-09,City of London Police,City of London Police,-0.101621,51.516906,On or near Giltspur Street,E01032740,City of London 001G,Public order,Unable to prosecute suspect,
511cc44f1c08c8785bd7cecf379ff7e4242beb5787a8053929745fba895506c5,2025-09,City of London Police,City of London Police,-0.108450,51.514202,On or near Fleet Street,E01032740,City of London 001G,Public order,Unable to prosecute suspect,
fbb1a2e189da6391775fdd9c07a07b2420c0f5a6a5f5b76ad7b6e59ddcba9cfd,2025-09,City of London Police,City of London Police,-0.106076,51.517239,On or near Conference/Exhibition Centre,E01032740,City of London 001G,Public order,Status update unavailable,
908f3b6befab0bcf181153a4976fcb7f2fb1e9f2b36a63fb9e956d2ce1f22820,2025-09,City of London Police,City of London Police,-0.109387,51.513839,On or near Old Mitre Court,E01032740,City of London 001G,Public order,Status update unavailable,
8d597c36381695b22d1bb3b99cbe97ff5bbd14cd2260e485c22ea6251e186615,2025-09,City of London Police,City of London Police,-0.104980,51.512033,On or near Kingscote Street,E01032740,City of London 001G,Robbery,Unable to prosecute suspect,
32f9f37993d8a14cfa298a0d9b8155286fe80ed81ce74f9e637e04d889786a7c,2025-09,City of London Police,City of London Police,-0.104980,51.512033,On or near Kingscote Street,E01032740,City of London 001G,Robbery,Investigation complete; no suspect identified,
ef259d4758bccf1b4b599fa499ebaf6624ce6b19f854cdbab6d1a83a6b60bb6b,2025-09,City of London Police,City of London Police,-0.109164,51.517846,On or near Holborn,E01032740,City of London 001G,Robbery,Unable to prosecute suspect,
f93b9f03d0af88ba527f727cffce47027087851afbc1a65df54aaaa501378814,2025-09,City of London Police,City of London Police,-0.097959,51.517629,On or near Montague Street,E01032740,City of London 001G,Robbery,Investigation complete; no suspect identified,
e3d946a44aaaa891b76dc9665b35b48eef020e8ad26b907e05cb7192549cc51c,2025-09,City of London Police,City of London Police,-0.112953,51.518231,On or near Southampton Buildings,E01032740,City of London 001G,Robbery,Awaiting court outcome,
a4e765aef9abfd779cee0c7d895a68ccb31b450176c7b3f219f88c7436a5b0e5,2025-09,City of London Police,City of London Police,-0.108450,51.514202,On or near Fleet Street,E01032740,City of London 001G,Robbery,Status update unavailable,
551614750ccc9a382c575db57350382219b9a0b1b0344fc37340bccb15592024,2025-09,City of London Police,City of London Police,-0.105909,51.513262,On or near Dorset Buildings,E01032740,City of London 001G,Robbery,Investigation complete; no suspect identified,
1cc379493335917c7f0d718bd1c331bf76f22fce9b6c29bfdde4eb0d7269654d,2025-09,City of London Police,City of London Police,-0.104980,51.512033,On or near Kingscote Street,E01032740,City of London 001G,Shoplifting,Court result unavailable,
60d9eb08f9292e5f967017ceb0b4f8cfbc90f39be217c966a5d6351a7514f413,2025-09,City of London Police,City of London Police,-0.112953,51.518231,On or near Southampton Buildings,E01032740,City of London 001G,Shoplifting,Investigation complete; no suspect identified,
0e494ce2341900417c08230fae545611d82331f9d8bffe071c94d2c27ab077ef,2025-09,City of London Police,City of London Police,-0.104980,51.512033,On or near Kingscote Street,E01032740,City of London 001G,Shoplifting,Status update unavailable,
18f7a8001cda97809d271e2c58b76ff53984eda2927e55b99f17cdf444593e4f,2025-09,City of London Police,City of London Police,-0.104980,51.512033,On or near Kingscote Street,E01032740,City of London 001G,Shoplifting,Unable to prosecute suspect,
0ca34f22b5d220a3918ec509c5eae5fea2067ae0af5335714e86038647a49b91,2025-09,City of London Police,City of London Police,-0.104980,51.512033,On or near Kingscote Street,E01032740,City of London 001G,Shoplifting,Investigation complete; no suspect identified,
ee549880e7c8f938194e4ca22bbd5405166df3f35d1c4386854f90e5413a355f,2025-09,City of London Police,City of London Police,-0.103393,51.517978,On or near Smithfield Street,E01032740,City of London 001G,Shoplifting,Unable to prosecute suspect,
db7ddd5acec2033f13183a007daf53f6bba09ba5350913c70c752ac2af2fac50,2025-09,City of London Police,City of London Police,-0.104980,51.512033,On or near Kingscote Street,E01032740,City of London 001G,Shoplifting,Investigation complete; no suspect identified,
15f641f8af71d1b188fe178c9c4c494f9e65b524515288330ed093045975b763,2025-09,City of London Police,City of London Police,-0.112953,51.518231,On or near Southampton Buildings,E01032740,City of London 001G,Shoplifting,Investigation complete; no suspect identified,
a3efddca2f370363f5f9cd86f34adf62fd51a42344e3a3cd06bf651c95290dd3,2025-09,City of London Police,City of London Police,-0.104980,51.512033,On or near Kingscote Street,E01032740,City of London 001G,Shoplifting,Unable to prosecute suspect,
15da81f44a98ae71776f859074e46c9129c933269edbc806494a6b50aaadedc3,2025-09,City of London Police,City of London Police,-0.105131,51.513941,On or near Bride Lane,E01032740,City of London 001G,Shoplifting,Status update unavailable,
d24f11def803719b2ca2cddf99a78d6da4af0ce9ef970caa0d64e09ef6f9b16e,2025-09,City of London Police,City of London Police,-0.104980,51.512033,On or near Kingscote Street,E01032740,City of London 001G,Shoplifting,Local resolution,
0005ac267f843c669e78e8f836fe6ceb6306d9b15be52133b186d7d909ea4dab,2025-09,City of London Police,City of London Police,-0.102726,51.513911,On or near Pageantmaster Court,E01032740,City of London 001G,Theft from the person,Investigation complete; no suspect identified,
49fea1dfd5d65a2a44ae6e9be88d0805927777084dade062d3af914d24b06976,2025-09,City of London Police,City of London Police,-0.103393,51.517978,On or near Smithfield Street,E01032740,City of London 001G,Theft from the person,Status update unavailable,
4bcf9ed7cd4bced4dadc3ec844fbeec000e0cd91ce8e7f24cfa7f95c442da977,2025-09,City of London Police,City of London Police,-0.107201,51.514092,On or near Conference/Exhibition Centre,E01032740,City of London 001G,Theft from the person,Investigation complete; no suspect identified,
c28b15755318b4607e7810a5552f91c9acfe9570e551f8e955558183016a0383,2025-09,City of London Police,City of London Police,-0.108027,51.511884,On or near Temple Avenue,E01032740,City of London 001G,Theft from the person,Investigation complete; no suspect identified,
f13b6608d3516d94bc6360c98c8c36f52993a607b9e041f849a2d6be9a07b7b0,2025-09,City of London Police,City of London Police,-0.099803,51.519026,On or near Cloth Fair,E01032740,City of London 001G,Theft from the person,Investigation complete; no suspect identified,
e6cff1996f5702386925ad2daf4266f61fdab1482a8a18014f3e1df140b34e66,2025-09,City of London Police,City of London Police,-0.101359,51.518700,On or near Parking Area,E01032740,City of London 001G,Theft from the person,Status update unavailable,
50a985ba596b323687409233dcec82d1ced8849ce3bc0a8b7607ba8eda61171c,2025-09,City of London Police,City of London Police,-0.106076,51.517239,On or near Conference/Exhibition Centre,E01032740,City of London 001G,Theft from the person,Investigation complete; no suspect identified,
4ca58dc2dbf8981c776e302971de17d712d88916a3a70f7ddd303270f3218076,2025-09,City of London Police,City of London Police,-0.106076,51.517239,On or near Conference/Exhibition Centre,E01032740,City of London 001G,Theft from the person,Investigation complete; no suspect identified,
16baacbca18aba1d23fa2fccc7c85b087fefd56eaf420773c67c20241e97bb77,2025-09,City of London Police,City of London Police,-0.107979,51.515480,On or near East Harding Street,E01032740,City of London 001G,Theft from the person,Investigation complete; no suspect identified,
67c8a6c9b9aa52ce64b2085423f806ea5cf59de16396a23e506fcb0bf5735578,2025-09,City of London Police,City of London Police,-0.107201,51.514092,On or near Conference/Exhibition Centre,E01032740,City of London 001G,Theft from the person,Investigation complete; no suspect identified,
80200aedb3633fc71e9c7f876a6b37308b47e12ca5e61dbc6211e6e9aa3d49e1,2025-09,City of London Police,City of London Police,-0.105131,51.513941,On or near Bride Lane,E01032740,City of London 001G,Theft from the person,Investigation complete; no suspect identified,
995538a15f09f675c13f4f4fa8bad9091ff165e495442b42349b16ce59e5687e,2025-09,City of London Police,City of London Police,-0.107979,51.515480,On or near East Harding Street,E01032740,City of London 001G,Theft from the person,Investigation complete; no suspect identified,
93af7853fa081107eafb6b92f7da863d5cdc86ded78cc5678f1c5e5e04c2dfde,2025-09,City of London Police,City of London Police,-0.102726,51.513911,On or near Pageantmaster Court,E01032740,City of London 001G,Theft from the person,Investigation complete; no suspect identified,
e641f73f77a5123369d289ab988026d57c25fed33641766a42e8b8140a108444,2025-09,City of London Police,City of London Police,-0.105909,51.513262,On or near Dorset Buildings,E01032740,City of London 001G,Theft from the person,Investigation complete; no suspect identified,
203752ceffd6d2d5e4cbe7a3010b41d50db0e7745bca93e5cf6cd3fe7f085814,2025-09,City of London Police,City of London Police,-0.104980,51.512033,On or near Kingscote Street,E01032740,City of London 001G,Vehicle crime,Investigation complete; no suspect identified,
13cb0005dea7ea931633565e1e8fdd038ac8fbc814c0dd537f481b61401db206,2025-09,City of London Police,City of London Police,-0.108450,51.514202,On or near Fleet Street,E01032740,City of London 001G,Violence and sexual offences,Unable to prosecute suspect,
6bdfda9f700d0f11589b4a4cfeae3d24e2468acbafb6d86d32624e7dd2833cd1,2025-09,City of London Police,City of London Police,-0.108450,51.514202,On or near Fleet Street,E01032740,City of London 001G,Violence and sexual offences,Unable to prosecute suspect,
1141133784707d49b529c68e91e7ea6eb6806817f197d3b5380857b6c17182c3,2025-09,City of London Police,City of London Police,-0.108450,51.514202,On or near Fleet Street,E01032740,City of London 001G,Violence and sexual offences,Court result unavailable,
68d6bcc44c46ec9875db09ebb4a11dad4841250448a5ea636c3ff3a35a57e940,2025-09,City of London Police,City of London Police,-0.097959,51.517629,On or near Montague Street,E01032740,City of London 001G,Violence and sexual offences,Further action is not in the public interest,
cd54d46b37b942b8d212e2ab57420be231cf42c5efc3cf6f933bee4b0dddc025,2025-09,City of London Police,City of London Police,-0.104980,51.512033,On or near Kingscote Street,E01032740,City of London 001G,Violence and sexual offences,Status update unavailable,
c18f1ffb42c55b95eca0d81c363e85ccc0a25d188fd0786de7d755d3a181032d,2025-09,City of London Police,City of London Police,-0.056082,51.615519,On or near Craig Park Road,E01001427,Enfield 030C,Other crime,Status update unavailable,
9b633a4190b68f62059b4d945853ddc11aec02c637a2d5dbd8277c3182e734d1,2025-09,City of London Police,City of London Police,-0.082648,51.520455,On or near Earl Street,E01033708,Hackney 033C,Other theft,Investigation complete; no suspect identified,
bfdea00ea6c8aa64969c0feab0738d0586437f0fbf1be48367487315a0ca484a,2025-09,City of London Police,City of London Police,-0.082648,51.520455,On or near Earl Street,E01033708,Hackney 033C,Other theft,Status update unavailable,
abf52c178df9e9b16b5549f8df1ef513294194a2973f52b7537be0d09b59185b,2025-09,City of London Police,City of London Police,-0.082648,51.520455,On or near Earl Street,E01033708,Hackney 033C,Other theft,Status update unavailable,
6be8725fd5beed3a88a5759e5cb3074cc30e84918d71955a92e169249f4e3951,2025-09,City of London Police,City of London Police,-0.084384,51.521689,On or near Dysart Street,E01033708,Hackney 033C,Theft from the person,Status update unavailable,
b1f44849ce8f3c9c2c3406ea8dde44f5c21e54c66d7541c9087ac58578a48067,2025-09,City of London Police,City of London Police,-0.402976,51.498142,On or near Hayes Road,E01002637,Hounslow 005C,Other crime,Unable to prosecute suspect,
f3b5c8ede8aa0045f3195aa38261e27a3bd808d8cf3a88453cf916effe2f6256,2025-09,City of London Police,City of London Police,-0.129441,51.550967,On or near Hilldrop Crescent,E01002783,Islington 010B,Public order,Status update unavailable,
fb9e05cc09b18f7ca6409f15c4e9f76cba88be18dff1d63b216d1e7e9ba260ed,2025-09,City of London Police,City of London Police,-0.110726,51.533375,On or near Grant Street,E01002695,Islington 021A,Drugs,Status update unavailable,
b842138194cbf63fffe55e6c42c7408e4caab0408f45abd6b5d3953ae50e82d1,2025-09,City of London Police,City of London Police,-0.103679,51.519080,On or near Charterhouse Street,E01002724,Islington 022D,Theft from the person,Investigation complete; no suspect identified,
e906c33157b1fd548871fc4d3edb94f19aa62519e013d1f553085a19ddd84e6f,2025-09,City of London Police,City of London Police,-0.097151,51.523182,On or near Baltic Street West,E01033490,Islington 022H,Bicycle theft,Investigation complete; no suspect identified,
48c0471145fb3faabbf3cd3f20b768bb43880d39f3d3154fe2d8af1312064399,2025-09,City of London Police,City of London Police,-0.097151,51.523182,On or near Baltic Street West,E01033490,Islington 022H,Bicycle theft,Investigation complete; no suspect identified,
a5882d678fc9c8709aa35e4245a2d11435d296d25a534b2aacd2e8f3a4640038,2025-09,City of London Police,City of London Police,-0.098500,51.520551,On or near Carthusian Street,E01033490,Islington 022H,Shoplifting,Investigation complete; no suspect identified,
047105e4b48fb32fe6cf5ab420532b42c27381a60b4b23dface2faa6476aa575,2025-09,City of London Police,City of London Police,-0.086858,51.521127,On or near Parking Area,E01002704,Islington 023D,Other crime,Unable to prosecute suspect,
432e30a6ec7e15ec48402a6c7a185fdee4c8f0cef9eb0eff4f51a7cf38a61172,2025-09,City of London Police,City of London Police,-0.118410,51.499488,On or near Hospital,E01003013,Lambeth 036A,Violence and sexual offences,Unable to prosecute suspect,
961bd2bd1dd5f0613da76f8f7af8aaacacdfdbd741758da3516394df0130cd48,2025-09,City of London Police,City of London Police,-2.263772,53.487206,On or near Damask Avenue,E01033991,Salford 034A,Bicycle theft,Status update unavailable,
c3d2680ad8173d8d9d9d2fbc3dba317bcb4c6d2940d74f6b6fad0fb188744ec6,2025-09,City of London Police,City of London Police,-0.084170,51.494833,On or near Aberdour Street,E01003979,Southwark 006E,Violence and sexual offences,Unable to prosecute suspect,
f81645e4e858fb459dc494fcb7064ad540a21c199ce7d2492522e5886318293f,2025-09,City of London Police,City of London Police,-0.074842,51.500472,On or near Lower Thames Street,E01033885,Southwark 036A,Robbery,Unable to prosecute suspect,
4b0a509f00424623da9f9f57497705a67701c071a28050d9ec0c6d77c225a6e2,2025-09,City of London Police,City of London Police,-2.134463,53.476707,On or near Manchester Road,E01005962,Tameside 014B,Other crime,Status update unavailable,
3877df069de801dd2b2e4b93352139952d36e682cbb2caff889a1821bb3cdacf,2025-09,City of London Police,City of London Police,-0.078757,51.520455,On or near Spital Square,E01004307,Tower Hamlets 015B,Criminal damage and arson,Investigation complete; no suspect identified,
92ea9505c02e8f5c17f0a94801aa9d0d91449ee82788eb55ab6813d4ec43b2c0,2025-09,City of London Police,City of London Police,-0.078757,51.520455,On or near Spital Square,E01004307,Tower Hamlets 015B,Theft from the person,Investigation complete; no suspect identified,
0d6405ab9b8302c0545728c2934a1e121e16c6953c698042ccc9fcc72ec7a48c,2025-09,City of London Police,City of London Police,-0.077597,51.518907,On or near Steward Street,E01004307,Tower Hamlets 015B,Violence and sexual offences,Investigation complete; no suspect identified,
f28bd0dc3445faeb4b9bdfbe490206c517bb17efe440d72c0c628785a9855841,2025-09,City of London Police,City of London Police,-0.065886,51.518723,On or near Old Montague Street,E01004308,Tower Hamlets 015C,Drugs,Unable to prosecute suspect,
787b13333143f103f10f598d2cc996b5ea20191b330ccdc247eceb1b82e651ae,2025-09,City of London Police,City of London Police,-0.043131,51.519623,On or near Trafalgar Gardens,E01004290,Tower Hamlets 016D,Possession of weapons,Unable to prosecute suspect,
281c71fd3efdfe22e4a052578baaee7eb52befa4d6e8afa75bfb10ab2383289d,2025-09,City of London Police,City of London Police,-0.057886,51.518735,On or near Raven Row,E01004322,Tower Hamlets 017A,Violence and sexual offences,Unable to prosecute suspect,
8b7dc59b751c34b7ea07368975933ca0164f27d9f141e00bfc7ce5d6333389b6,2025-09,City of London Police,City of London Police,-0.063451,51.509520,On or near Petrol Station,E01004295,Tower Hamlets 026C,Drugs,Status update unavailable,
790afa098b54694b43c794745b7341ddb353208700d481e614ee3c007379391a,2025-09,City of London Police,City of London Police,-0.068095,51.509785,On or near Dock Street,E01035697,Tower Hamlets 026F,Drugs,Status update unavailable,
21ce03fbde9e0b0929be35c7ed3707a1bdff9e45099253c80f2782ed7de35946,2025-09,City of London Police,City of London Police,-0.068095,51.509785,On or near Dock Street,E01035697,Tower Hamlets 026F,Drugs,Status update unavailable,
f05e3f19b30ad60aab8334c56137fa70eef1d523e105bca939a325becc15fdf6,2025-09,City of London Police,City of London Police,-0.074039,51.508588,On or near Tower Bridge Approach,E01004293,Tower Hamlets 027B,Criminal damage and arson,Status update unavailable,
842e56eb00375b4f8bd3c03fa46e8efcb4e39db11a4a386fc5e0efb36a822658,2025-09,City of London Police,City of London Police,-0.074039,51.508588,On or near Tower Bridge Approach,E01004293,Tower Hamlets 027B,Theft from the person,Court result unavailable,
59c2a44afd3e22b9a34a1c3f719db12bf2cefb059b3b5e01cf76223ba7f5a777,2025-09,City of London Police,City of London Police,-1.381405,53.633911,On or near Newall Crescent,E01011791,Wakefield 039C,Other crime,Status update unavailable,
7e77f5785742d2e6c85a4b006419d0c07a46ff682daceb4ceb48816657466135,2025-09,City of London Police,City of London Police,-0.156919,51.522761,On or near Baker Street,E01004727,Westminster 008D,Violence and sexual offences,Unable to prosecute suspect,
3901c5a9fe9700be1816d18c4e2fe74145e71feea19b660a740cac5be9674864,2025-09,City of London Police,City of London Police,,,No Location,,,Bicycle theft,Investigation complete; no suspect identified,
d32e653dfb9655e1a94386b07a0aecb7eddcc4a00c5229dee0f2da68748ba2a0,2025-09,City of London Police,City of London Police,,,No Location,,,Bicycle theft,Investigation complete; no suspect identified,
3910aee68656926110ef88f3a3d390df86fac1ad18cedf86dcc7487e5a98f560,2025-09,City of London Police,City of London Police,,,No Location,,,Bicycle theft,Investigation complete; no suspect identified,
699e088722f9f87042a94dd6716f7cb67e2087a9b539cc1b56712df1e11f1512,2025-09,City of London Police,City of London Police,,,No Location,,,Criminal damage and arson,Unable to prosecute suspect,
a60cb021bb138d7f0740b4a17d15ec86cd9d5fb65b2773309176ccb2525e783f,2025-09,City of London Police,City of London Police,,,No Location,,,Drugs,Investigation complete; no suspect identified,
897d2ae08a9925cba427a71059b1148bb78aaa77b4ad90babe907b7b7ac0b55a,2025-09,City of London Police,City of London Police,,,No Location,,,Drugs,Status update unavailable,
7b94f0a63bcfc709df5ac3f5b6a7a09436a7e603e16400e6826fef32c7890c5a,2025-09,City of London Police,City of London Police,,,No Location,,,Drugs,Status update unavailable,
2f982e83656ca7a40b10c7989bd3d7d9b92b8c3e137ffb59eba33be0a2b79c7a,2025-09,City of London Police,City of London Police,,,No Location,,,Drugs,Investigation complete; no suspect identified,
1cdc45e3dca7ea01d920c1541d371c0c5b41493b83657f388a2b9cbf0a9e8227,2025-09,City of London Police,City of London Police,,,No Location,,,Drugs,Unable to prosecute suspect,
446d679a378b171298dc30718ad87d91421b81fbe621503fe011ee10645350aa,2025-09,City of London Police,City of London Police,,,No Location,,,Drugs,Local resolution,
b80a5566d1beafd851a2c946cded706bcab45f86b200fcbea59c95a9a8bdf08c,2025-09,City of London Police,City of London Police,,,No Location,,,Other theft,Investigation complete; no suspect identified,
711d7e344bcbcea28f600c7316fd54121e3142947051e5e1ae2232a321c282ed,2025-09,City of London Police,City of London Police,,,No Location,,,Other theft,Investigation complete; no suspect identified,
b73d80e8fff81a18053b918d558a1537b041abb5b59ef9b1c37d923fcf65edbd,2025-09,City of London Police,City of London Police,,,No Location,,,Other theft,Awaiting court outcome,
d61f493d5dddb9e1a8dc696264c9e67e9e36b741db3676e0ace968e7cf0638fc,2025-09,City of London Police,City of London Police,,,No Location,,,Other theft,Status update unavailable,
6bf90ba8b836f9aac55fdec788a9349cc9a9f59e899c36863f0b950600f1a4d6,2025-09,City of London Police,City of London Police,,,No Location,,,Other theft,Status update unavailable,
805104e648c7b35290271b6ed348503c68b6ad8fdb38b10acac86724717d392e,2025-09,City of London Police,City of London Police,,,No Location,,,Other theft,Investigation complete; no suspect identified,
f998511078fe2a72741d972d951ff4ccc475263993f8cd90a2250e979299d0ae,2025-09,City of London Police,City of London Police,,,No Location,,,Other theft,Investigation complete; no suspect identified,
36ee1730ebee13210e0e2df768b6545837d5684ee8d68b5bd4e93ee8058cada6,2025-09,City of London Police,City of London Police,,,No Location,,,Other theft,Investigation complete; no suspect identified,
3a6c44bee7ebc905d5f2da197ff79229caf534a69315340eeb8ca2afa37bd3b2,2025-09,City of London Police,City of London Police,,,No Location,,,Other theft,Investigation complete; no suspect identified,
1361b30cf0579366e77e8f56077ba38f5865cdf1ebcecc9a08e41979009ec42d,2025-09,City of London Police,City of London Police,,,No Location,,,Other theft,Investigation complete; no suspect identified,
985198899e7c0dcf5e1d775994575724b76b99898c5490f32ef05bc458bfc182,2025-09,City of London Police,City of London Police,,,No Location,,,Public order,Investigation complete; no suspect identified,
0aeb25cd3fc53b9dc07e10bddedeffc827e0d49ca6c11d6400596dd8ea23a2b6,2025-09,City of London Police,City of London Police,,,No Location,,,Public order,Unable to prosecute suspect,
45e6eaf1a55ab1de5951efbd2facc336e40c08221294d7c6b4dda9610653ed19,2025-09,City of London Police,City of London Police,,,No Location,,,Public order,Status update unavailable,
0b1568d92fd172a5e0e6f10d077e45fb6e1d2173015a917d102c6181507ef134,2025-09,City of London Police,City of London Police,,,No Location,,,Public order,Status update unavailable,
f6c9a634f7c4032160f71e5881fdc307e9189a534e739fa9ad2e237e891ff3d4,2025-09,City of London Police,City of London Police,,,No Location,,,Public order,Status update unavailable,
0a5fa7736178322d78d71b3fcf68941ffcf24495976b6e975c63396f1027241c,2025-09,City of London Police,City of London Police,,,No Location,,,Public order,Status update unavailable,
e8679208f7acd3b4ab5735e14812fdc518ec09ed6ac2272bee2d8b21872ee994,2025-09,City of London Police,City of London Police,,,No Location,,,Robbery,Status update unavailable,
f7411e890f640a8766831b5975603c17518484c1e600796f9025c7b2ec85ca2c,2025-09,City of London Police,City of London Police,,,No Location,,,Shoplifting,Status update unavailable,
9cbe2472a90d94b5567755dcfe4b1d567be5b30a8dd5e01066e9bbbfdc6a7770,2025-09,City of London Police,City of London Police,,,No Location,,,Shoplifting,Court result unavailable,
916b7fe20c9fc537cf0031bb5fa4df04b64779e81b482352bc483c1a67ac846e,2025-09,City of London Police,City of London Police,,,No Location,,,Shoplifting,Awaiting court outcome,
e9a908bb16f0a807249b3ebf5dd2208483ab0d4702bbf0f8ed73a04f60740f5d,2025-09,City of London Police,City of London Police,,,No Location,,,Shoplifting,Unable to prosecute suspect,
d2290392006cc698eb6a17a29c1af26c2cb6c03daaf3de64cd48bacb28befcac,2025-09,City of London Police,City of London Police,,,No Location,,,Shoplifting,Investigation complete; no suspect identified,
64245d6d8888438ec81894d93e8083f05b9097f580f6768e28b4a76a7786fa3e,2025-09,City of London Police,City of London Police,,,No Location,,,Shoplifting,Awaiting court outcome,
b990202e68c5e2014273b92aa41b438296c733e1fbf96b544ea715abc64c82c7,2025-09,City of London Police,City of London Police,,,No Location,,,Shoplifting,Awaiting court outcome,
f01c9e73fc2375469256769b7802d461d8543176edc674518cf23bea6f809e14,2025-09,City of London Police,City of London Police,,,No Location,,,Shoplifting,Formal action is not in the public interest,
6ea37898ff22faf3e975f8117e99b13ae756b1061d2409379294f58ac237286f,2025-09,City of London Police,City of London Police,,,No Location,,,Theft from the person,Investigation complete; no suspect identified,
28e7f8a89dc5577ebafdb7a2425a919af2581e845fb82a4acb14d7c08ff42bd4,2025-09,City of London Police,City of London Police,,,No Location,,,Theft from the person,Investigation complete; no suspect identified,
85f0172013ab6143710c770f2729c123ec8badab65853e43b361a1dfdec76191,2025-09,City of London Police,City of London Police,,,No Location,,,Theft from the person,Status update unavailable,
74afb60faf6146cc9f2095afa83d44182f7570043decb3c8cca1ef091e68a3fb,2025-09,City of London Police,City of London Police,,,No Location,,,Theft from the person,Investigation complete; no suspect identified,
a4d20a0cc843075e96a2de32905dd781d191809aa6265d4fd379aa53fbb3df6d,2025-09,City of London Police,City of London Police,,,No Location,,,Theft from the person,Investigation complete; no suspect identified,
e0ff2724ddc26df23e71c18adcc6927289344222f71e2cc25e7323956f1fd883,2025-09,City of London Police,City of London Police,,,No Location,,,Theft from the person,Investigation complete; no suspect identified,
5af10020a1bf847a351ac51190c8ed21005507b66725b60f05cd9b609f8d31b0,2025-09,City of London Police,City of London Police,,,No Location,,,Violence and sexual offences,Court result unavailable,
6e61b2a9b6fa0cdc4f4832ff30645bf3aca857e55af7aa07c39a143b06ef64f5,2025-09,City of London Police,City of London Police,,,No Location,,,Violence and sexual offences,Unable to prosecute suspect,
80af9d48d8d82897f99a1edb3bba7b561db541b21fe9feebc6cf275d0e1d7a13,2025-09,City of London Police,City of London Police,,,No Location,,,Violence and sexual offences,Unable to prosecute suspect,
a5b94e6143bc4d148bcd5c5d795a2f8fe112e3dcb229f4d0bae99c65f34f70c6,2025-09,City of London Police,City of London Police,,,No Location,,,Violence and sexual offences,Unable to prosecute suspect,
5ea6ae91f27edd523cc59fbffa55c68dd32c020cf4023ddb27ecf249220663fa,2025-09,City of London Police,City of London Police,,,No Location,,,Violence and sexual offences,Unable to prosecute suspect,
13df594c7c088353fcac5afde9145b9b5d939794407c5f668e88c9bc2de816fc,2025-09,City of London Police,City of London Police,,,No Location,,,Violence and sexual offences,Unable to prosecute suspect,
7df77c95beb3f912e3052246df7993154f20aebd4fa4277df9c25a7c61777622,2025-09,City of London Police,City of London Police,,,No Location,,,Violence and sexual offences,Unable to prosecute suspect,
dbd56eda86ba9388f3a1eaec0e679fd94ced5daf231aca725eaa7a85699d31c6,2025-09,City of London Police,City of London Police,,,No Location,,,Other crime,Status update unavailable,
