Crime ID,Month,Reported by,Falls within,Longitude,Latitude,Location,LSOA code,LSOA name,Crime type,Last outcome category,Context
673cd6314f9b4f7f72e68ccdaf8bd7bc8c05f352417aff4d92a64f9481851323,2025-08,City of London Police,City of London Police,-0.109601,51.520524,On or near Leather Lane,E01000916,Camden 027B,Drugs,Court result unavailable,
66b909c6d8d56733bbc9d9db2e5b0851ae56c86622f4c8d48f25733187a32669,2025-08,City of London Police,City of London Police,-0.107682,51.517786,On or near B521,E01000917,Camden 027C,Burglary,Investigation complete; no suspect identified,
7252a39bcd560f3f9a25e0de766d92149d159fd0024f49cae11cdc76a636e6d6,2025-08,City of London Police,City of London Police,-0.115068,51.522869,On or near Roger Street,E01000920,Camden 027D,Drugs,Unable to prosecute suspect,
63dbf285d64e77b44d8ff369acc7a9f9853f3891fe5b98168d3bfd18ec22da00,2025-08,City of London Police,City of London Police,-0.111596,51.518281,On or near Chancery Lane,E01000914,Camden 028B,Criminal damage and arson,Investigation complete; no suspect identified,
12b52d1d821443817acb591cec8251dc6f11fc9eeedda8c78b0a34d996725057,2025-08,City of London Police,City of London Police,-0.111596,51.518281,On or near Chancery Lane,E01000914,Camden 028B,Drugs,Court result unavailable,
b465c6cb3d6f1c5a1bc0f105bb03a804b57b7b6c0b39051046e934c402a149a7,2025-08,City of London Police,City of London Police,-0.111596,51.518281,On or near Chancery Lane,E01000914,Camden 028B,Shoplifting,Investigation complete; no suspect identified,
677cacaec8d061d053d20898a917da71dd01f3ac70118e6821eedf3f2a59f929,2025-08,City of London Police,City of London Police,-0.111596,51.518281,On or near Chancery Lane,E01000914,Camden 028B,Theft from the person,Investigation complete; no suspect identified,
09bdd374f0c2d108e3b69f8e1e02b9734794a9ca9b8c272aecc384b6b063415c,2025-08,City of London Police,City of London Police,-0.097078,51.519045,On or near A1,E01000001,City of London 001A,Bicycle theft,Investigation complete; no suspect identified,
8d91f0c19cd62809de72a07dd2d817cd7eb828615b087b363770b2957f33395f,2025-08,City of London Police,City of London Police,-0.097245,51.515387,On or near St Martin'S Le Grand,E01000001,City of London 001A,Bicycle theft,Investigation complete; no suspect identified,
4decf16f48305856cfd82fb94df7f35810dd6846fbaa10c628fcce85749aeb60,2025-08,City of London Police,City of London Police,-0.097144,51.515062,On or near St Paul'S,E01000001,City of London 001A,Other theft,Investigation complete; no suspect identified,
d81292aed5732990577b6a7dab0d8a07d6cc33304b23eb8305a13f41270c0e05,2025-08,City of London Police,City of London Police,-0.098519,51.517332,On or near Little Britain,E01000001,City of London 001A,Other theft,Unable to prosecute suspect,
199d464aeaee44d74dfffd69e9a680fe6e98cc76c30a8aab6d8e419d580b8ccf,2025-08,City of London Police,City of London Police,-0.097245,51.515387,On or near St Martin'S Le Grand,E01000001,City of London 001A,Shoplifting,Court result unavailable,
a2f3d70d8f861336f772ec1dd503f12a2b0a4e8d9260742139bd4ea8d2c9491e,2025-08,City of London Police,City of London Police,-0.097078,51.519045,On or near A1,E01000001,City of London 001A,Theft from the person,Investigation complete; no suspect identified,
bdfe89354a009fa87a01cdc499906f08b4f15b9b925cfd61cf99ee6bf0ee1b80,2025-08,City of London Police,City of London Police,-0.097078,51.519045,On or near A1,E01000001,City of London 001A,Theft from the person,Investigation complete; no suspect identified,
e50f87bd68b35b2883835b7e52699861742ea675760cc19290b47a6f9a2a8933,2025-08,City of London Police,City of London Police,-0.097078,51.519045,On or near A1,E01000001,City of London 001A,Theft from the person,Investigation complete; no suspect identified,
d4d701131cce9c7b46fedd002c04495137a22bf58c5c016f0131d35b4516cb65,2025-08,City of London Police,City of London Police,-0.098519,51.517332,On or near Little Britain,E01000001,City of London 001A,Theft from the person,Investigation complete; no suspect identified,
605309a4febf6e977df2af141296e6e46c6b0219ea864a9159c24676f0197a2c,2025-08,City of London Police,City of London Police,-0.096367,51.515355,On or near Foster Lane,E01000001,City of London 001A,Vehicle crime,Investigation complete; no suspect identified,
f82d3fcfa13110868f8ac0f8ea2b04c8c495a1d0783e7da3063d95479993ee68,2025-08,City of London Police,City of London Police,-0.097078,51.519045,On or near A1,E01000001,City of London 001A,Violence and sexual offences,Court result unavailable,
,2025-08,City of London Police,City of London Police,-0.090553,51.518948,On or near Moor Lane,E01000002,City of London 001B,Anti-social behaviour,,
2614878f4b100ab1042fa3af6ddd73455d0d36a78b4a6b042f73b40225e5623b,2025-08,City of London Police,City of London Police,-0.092488,51.520598,On or near Silk Street,E01000002,City of London 001B,Bicycle theft,Investigation complete; no suspect identified,
8a0f28b545ee364ffa8845a8028da79bdf68d3af27292e80d175c62935638b45,2025-08,City of London Police,City of London Police,-0.092374,51.519517,On or near Further/Higher Educational Building,E01000002,City of London 001B,Bicycle theft,Investigation complete; no suspect identified,
38fec2dd3421395e77a08745ccbd04100e51a048202d7b73e42c1a30e869d520,2025-08,City of London Police,City of London Police,-0.092488,51.520598,On or near Silk Street,E01000002,City of London 001B,Bicycle theft,Investigation complete; no suspect identified,
1503dd84e888c2012c016579eacbd661db5b3ff05cbff4253baff312f5c5f968,2025-08,City of London Police,City of London Police,-0.092971,51.516271,On or near Aldermanbury,E01000002,City of London 001B,Drugs,Local resolution,
52816eb4f384f2000be37efc34043228cf2e4eb86d2693a8d1551ce4f2add4f5,2025-08,City of London Police,City of London Police,-0.092488,51.520598,On or near Silk Street,E01000002,City of London 001B,Other theft,Investigation complete; no suspect identified,
181f06682e81ab15e6c8968434602112874bd0bf061ef3c5563e906d42c2ea63,2025-08,City of London Police,City of London Police,-0.090553,51.518948,On or near Moor Lane,E01000002,City of London 001B,Other theft,Investigation complete; no suspect identified,
b7b7986e9f1b5718e3d93476b3e6aeeebc42a8da4f5c1c43defedf16a9773628,2025-08,City of London Police,City of London Police,-0.092971,51.516271,On or near Aldermanbury,E01000002,City of London 001B,Other theft,Investigation complete; no suspect identified,
4d605416fdabe32e2fc7150473c8358e1a60b681922722fc9cc2e705ddfbfc93,2025-08,City of London Police,City of London Police,-0.093271,51.518066,On or near St Alphage Garden,E01000002,City of London 001B,Other theft,Investigation complete; no suspect identified,
afa95853efde24c95705d2f6eca169279d648d0426738f292ef8792beff3b269,2025-08,City of London Police,City of London Police,-0.095704,51.516747,On or near Noble Street,E01000002,City of London 001B,Other theft,Investigation complete; no suspect identified,
ba1eebaf8fb43f3090052b5718b0ff88b2dad26058f03142e6c89d2aeddb5a19,2025-08,City of London Police,City of London Police,-0.094130,51.519961,On or near Theatre/Concert Hall,E01000002,City of London 001B,Public order,Unable to prosecute suspect,
9774f50807d167d49e3104aa44b0b7f4b9fa36301a5298f8de1a712107db3a0c,2025-08,City of London Police,City of London Police,-0.091082,51.519730,On or near Silk Street,E01000002,City of London 001B,Public order,Unable to prosecute suspect,
0713f54e25534b30ffb3e6fa5761ecfbd37ac92838ec44035f3429634e64ae49,2025-08,City of London Police,City of London Police,-0.090553,51.518948,On or near Moor Lane,E01000002,City of London 001B,Robbery,Unable to prosecute suspect,
e4d85c75ae69ec6837f4c7bfd759cdb8c5804cf9e64cd8bb8251aa0638d3d9e2,2025-08,City of London Police,City of London Police,-0.090553,51.518948,On or near Moor Lane,E01000002,City of London 001B,Shoplifting,Court result unavailable,
6fb4fb10f0006dffeda67482ec187c9731b89b78483893301d52f4885de2821f,2025-08,City of London Police,City of London Police,-0.090553,51.518948,On or near Moor Lane,E01000002,City of London 001B,Shoplifting,Investigation complete; no suspect identified,
dfc01f63ea858d4073c53d33f3f2bde9ca69d816cc917f9b46c745652763d691,2025-08,City of London Police,City of London Police,-0.090553,51.518948,On or near Moor Lane,E01000002,City of London 001B,Shoplifting,Investigation complete; no suspect identified,
c409aad00f07ec49f388e84dfff17f92f1872c627de30d2625c5a1412d157a5d,2025-08,City of London Police,City of London Police,-0.090553,51.518948,On or near Moor Lane,E01000002,City of London 001B,Shoplifting,Court result unavailable,
c73be459ba365c4c7e4a4382f641337ded791e5dd67eaf73a70f251419fd7402,2025-08,City of London Police,City of London Police,-0.090553,51.518948,On or near Moor Lane,E01000002,City of London 001B,Shoplifting,Investigation complete; no suspect identified,
a3df0d67bf4116c53b053a31d3396186cb46eeb638566e2d3a675af20f6aa04f,2025-08,City of London Police,City of London Police,-0.090553,51.518948,On or near Moor Lane,E01000002,City of London 001B,Shoplifting,Court result unavailable,
75da1c93739384a1e362eacc8542498947f60326a5f3b79246a8644e62958d97,2025-08,City of London Police,City of London Police,-0.090553,51.518948,On or near Moor Lane,E01000002,City of London 001B,Shoplifting,Investigation complete; no suspect identified,
2809382ef3bf26ac83d4a7d20344db656049b7094c8af2855bbbd0751ee802cd,2025-08,City of London Police,City of London Police,-0.090553,51.518948,On or near Moor Lane,E01000002,City of London 001B,Shoplifting,Court result unavailable,
9440f2c80103c2be18a755e5ae144abcb4f66bb5234cbff2a337905786504a22,2025-08,City of London Police,City of London Police,-0.090553,51.518948,On or near Moor Lane,E01000002,City of London 001B,Shoplifting,Court result unavailable,
7c5c60a1ae62ccab617f28a3740c96faf8e39ceb867250844c7ac0058a204d4a,2025-08,City of London Police,City of London Police,-0.090553,51.518948,On or near Moor Lane,E01000002,City of London 001B,Shoplifting,Investigation complete; no suspect identified,
561deef58a3e588af0039fcaf69c5a6002e486942cd996f8c3643371e37eae6b,2025-08,City of London Police,City of London Police,-0.090553,51.518948,On or near Moor Lane,E01000002,City of London 001B,Shoplifting,Investigation complete; no suspect identified,
2ccc2164ffe59743f5bb9d432bbed610351d41118f2c975b1238716b8c5fefe7,2025-08,City of London Police,City of London Police,-0.090553,51.518948,On or near Moor Lane,E01000002,City of London 001B,Shoplifting,Court result unavailable,
109628bd62758deb2ab300da1f1aa01d9e1fb184cd04f7b683a801d7a931b9eb,2025-08,City of London Police,City of London Police,-0.090105,51.520001,On or near Milton Court,E01000002,City of London 001B,Theft from the person,Investigation complete; no suspect identified,
892bae26228c7376dd02cecb2f9342ac80dc9e6d98a42fa6d55e98921253f0eb,2025-08,City of London Police,City of London Police,-0.095704,51.516747,On or near Noble Street,E01000002,City of London 001B,Theft from the person,Investigation complete; no suspect identified,
614ca42a83321cf93eb08f8055e8cc99c0f65735d6251b52b5330f92c3d09d93,2025-08,City of London Police,City of London Police,-0.092971,51.516271,On or near Aldermanbury,E01000002,City of London 001B,Vehicle crime,Court result unavailable,
11c06ff39ceb98ab1b18f331e25415dfdb60ab1bb2b4c8baea374f93c2c8b7b2,2025-08,City of London Police,City of London Police,-0.093886,51.518166,On or near Monkwell Square,E01000002,City of London 001B,Violence and sexual offences,Investigation complete; no suspect identified,
,2025-08,City of London Police,City of London Police,-0.096114,51.520747,On or near Park/Open Space,E01000003,City of London 001C,Anti-social behaviour,,
,2025-08,City of London Police,City of London Police,-0.095258,51.520526,On or near Beech Street,E01000003,City of London 001C,Anti-social behaviour,,
3bb50e42f0565b4a907a5b2569df2b19bcf276cef07648cc1cfcc71c3571d67c,2025-08,City of London Police,City of London Police,-0.096984,51.522426,On or near Sports/Recreation Area,E01000003,City of London 001C,Bicycle theft,Investigation complete; no suspect identified,
ceb76f562fbb5d43c431988657981fd2858105a7f24a4c526ae2e822e0f41842,2025-08,City of London Police,City of London Police,-0.095758,51.521667,On or near Fann Street,E01000003,City of London 001C,Burglary,Investigation complete; no suspect identified,
21e453a86520df48b40ca62bafcda8e213c40d749b365ca88e517a39a7a8a870,2025-08,City of London Police,City of London Police,-0.096984,51.522426,On or near Sports/Recreation Area,E01000003,City of London 001C,Drugs,Investigation complete; no suspect identified,
e817263560290c7f3ca601a66504d5841bc8d961d3b0d819f192e7152c89acca,2025-08,City of London Police,City of London Police,-0.094932,51.522823,On or near Golden Lane,E01000003,City of London 001C,Drugs,Investigation complete; no suspect identified,
5fa967f1e8ab92d0d72d50d05c97c2763bbb9e1bd5acd8d3bae3664bd77b1640,2025-08,City of London Police,City of London Police,-0.094932,51.522823,On or near Golden Lane,E01000003,City of London 001C,Drugs,Investigation complete; no suspect identified,
40bed47964fd4a01035ea60d4a4a29515c292cbd2f01090ec4ffeb211fe22a8a,2025-08,City of London Police,City of London Police,-0.095758,51.521667,On or near Fann Street,E01000003,City of London 001C,Drugs,Investigation complete; no suspect identified,
d5468c730f7104aeed11fd413056232feaca9322feea58008a76d2aa862719b2,2025-08,City of London Police,City of London Police,-0.094932,51.522823,On or near Golden Lane,E01000003,City of London 001C,Drugs,Investigation complete; no suspect identified,
559b8e091932dd50363d26ceca89bcb3dc573512ceb13a692b7a12fa78394a51,2025-08,City of London Police,City of London Police,-0.095758,51.521667,On or near Fann Street,E01000003,City of London 001C,Drugs,Investigation complete; no suspect identified,
89c0252f0337a15fb946db838629f908ba3128e80dd7d6b7c425aac51fd41ab8,2025-08,City of London Police,City of London Police,-0.096984,51.522426,On or near Sports/Recreation Area,E01000003,City of London 001C,Theft from the person,Investigation complete; no suspect identified,
1957b7d0f8fbb68264ebcd41200043c6fc8a8a76566b6625a882f106a61418f9,2025-08,City of London Police,City of London Police,-0.095758,51.521667,On or near Fann Street,E01000003,City of London 001C,Theft from the person,Investigation complete; no suspect identified,
5ffb32d53e97d74cbcc5b6d9ba50894529b79393f3361b835460bfa84bf29d5a,2025-08,City of London Police,City of London Police,-0.094017,51.520901,On or near Theatre/Concert Hall,E01000003,City of London 001C,Theft from the person,Investigation complete; no suspect identified,
a6d1c1e3c1205f5dc9fdf29b79f8374502fd66888e32537ea743ba109b9f8d79,2025-08,City of London Police,City of London Police,-0.095758,51.521667,On or near Fann Street,E01000003,City of London 001C,Theft from the person,Investigation complete; no suspect identified,
d5fce3927cfad91949b4adc6ad279b76b33cf1477e24e396e188bc6633a81de7,2025-08,City of London Police,City of London Police,-0.094759,51.521435,On or near Brackley Street,E01000003,City of London 001C,Theft from the person,Investigation complete; no suspect identified,
9b9d20a5d338768fc92b180460c39791add2aef433817feb2626509881231f28,2025-08,City of London Police,City of London Police,-0.094017,51.520901,On or near Theatre/Concert Hall,E01000003,City of London 001C,Theft from the person,Investigation complete; no suspect identified,
061cd02f1bafc6f9d0b80dfa3ba04691cb032deb4e02e8209f2bc402f95eaad6,2025-08,City of London Police,City of London Police,-0.096984,51.522426,On or near Sports/Recreation Area,E01000003,City of London 001C,Theft from the person,Investigation complete; no suspect identified,
236321de3fdc2cb41e7773506b00d4ee0dc5fe776bc480010d24402ed5f7eeaf,2025-08,City of London Police,City of London Police,-0.095758,51.521667,On or near Fann Street,E01000003,City of London 001C,Theft from the person,Investigation complete; no suspect identified,
f64ec92e718f10ed70809bc7e6c9f3d6ba12b89167d0a1aa13ec101d628ad154,2025-08,City of London Police,City of London Police,-0.097706,51.522652,On or near Goswell Road,E01000003,City of London 001C,Violence and sexual offences,Investigation complete; no suspect identified,
46fe3afcd305fc33f0179c0bac7ee8a724eeeaedb76786271325379c4acb368c,2025-08,City of London Police,City of London Police,-0.074330,51.513647,On or near Little Somerset Street,E01000005,City of London 001E,Bicycle theft,Investigation complete; no suspect identified,
e9cc06926e7037cb5d1ace7df3449c016431d11d07509f77d6146a165084c42e,2025-08,City of London Police,City of London Police,-0.073103,51.511981,On or near A1210,E01000005,City of London 001E,Bicycle theft,Investigation complete; no suspect identified,
8e8f815801404ba96afbbd73fecd388934008caa7da92f9cb25dca0ebe2e95f2,2025-08,City of London Police,City of London Police,-0.074330,51.513647,On or near Little Somerset Street,E01000005,City of London 001E,Bicycle theft,Investigation complete; no suspect identified,
07964d6f8bab5b4e5ec71187ece9f3b316d84f4dd55c1d85fe95f0834fc74881,2025-08,City of London Police,City of London Police,-0.074330,51.513647,On or near Little Somerset Street,E01000005,City of London 001E,Bicycle theft,Investigation complete; no suspect identified,
3f72f7eed03e9b41b2e9def05e1b7913c54d211b54582e2a1dcde0b9b34f78d1,2025-08,City of London Police,City of London Police,-0.076145,51.512642,On or near India Street,E01000005,City of London 001E,Burglary,Investigation complete; no suspect identified,
bd48aa7e615843e780776a4f6194b419093a4b583f4f199a7daf6dadef3b4d15,2025-08,City of London Police,City of London Police,-0.075080,51.512625,On or near St Clare Street,E01000005,City of London 001E,Criminal damage and arson,Investigation complete; no suspect identified,
ce69c348d3b366874a441f1a82abdf6bc7b99437979b48103cfcfe75ac5597ff,2025-08,City of London Police,City of London Police,-0.073704,51.511748,On or near Portsoken Street,E01000005,City of London 001E,Criminal damage and arson,Unable to prosecute suspect,
6cb51b1bb15d41500834fae6f97ffc812e5dff4d74abf2c1bb037fade17052b5,2025-08,City of London Police,City of London Police,-0.074330,51.513647,On or near Little Somerset Street,E01000005,City of London 001E,Drugs,Formal action is not in the public interest,
5f5dab6dd4dfc9199f5fd2713ab9c960ce1046028b05e6038192af07310b1aa6,2025-08,City of London Police,City of London Police,-0.075080,51.512625,On or near St Clare Street,E01000005,City of London 001E,Other theft,Unable to prosecute suspect,
69ebb91b9c3632ccc97e961dae03a05eafc0ac19841fc50ec53a3be9ffb12a08,2025-08,City of London Police,City of London Police,-0.075401,51.511164,On or near Supermarket,E01000005,City of London 001E,Other theft,Investigation complete; no suspect identified,
5971aee298e7f82960367d5536c954e94e27f92dec6b4a2d4e0e27be395ccca3,2025-08,City of London Police,City of London Police,-0.075080,51.512625,On or near St Clare Street,E01000005,City of London 001E,Other theft,Investigation complete; no suspect identified,
20d53cc12b9b1abffd82c27994e0f0cc0beab5d9a1c4ce4b60b2dc56b2bb9a1c,2025-08,City of London Police,City of London Police,-0.075080,51.512625,On or near St Clare Street,E01000005,City of London 001E,Other theft,Investigation complete; no suspect identified,
538e3b8815a6004d0275749ba1452d7bf54f395ad8e7ef6a46c226e7f6736ed5,2025-08,City of London Police,City of London Police,-0.075922,51.515894,On or near New Goulston Street,E01000005,City of London 001E,Other theft,Investigation complete; no suspect identified,
ca75118329da60905ac64afd332461130fda85ce4902d654f7c724ba4b4c774e,2025-08,City of London Police,City of London Police,-0.075453,51.511965,On or near Minories,E01000005,City of London 001E,Other theft,Investigation complete; no suspect identified,
6177597df6f24476d940ca23ed9e82cdf6fca87648c8740579189c1a3988ffdf,2025-08,City of London Police,City of London Police,-0.075866,51.511406,On or near America Square,E01000005,City of London 001E,Other theft,Unable to prosecute suspect,
294444d04664d25223704f66791bf4bd56231e238bbcccb296a6ff26c82d9b9a,2025-08,City of London Police,City of London Police,-0.078783,51.515383,On or near Houndsditch,E01000005,City of London 001E,Other theft,Investigation complete; no suspect identified,
bdd1cbce30ec98bb96321430587c44488fb73310a718cb0922d9bca3e51dcd18,2025-08,City of London Police,City of London Police,-0.077511,51.515812,On or near Artizan Street,E01000005,City of London 001E,Other theft,Investigation complete; no suspect identified,
84437c106fa2069fd0c33e70e0914c9c736348a2ce3550dee3a04975f48fd9a2,2025-08,City of London Police,City of London Police,-0.074925,51.514924,On or near St Botolph Street,E01000005,City of London 001E,Other theft,Investigation complete; no suspect identified,
fefeba026a46ca1868b6d0876d9461d9dc5d20cb0b621b530d2810bc44ddb013,2025-08,City of London Police,City of London Police,-0.075453,51.511965,On or near Minories,E01000005,City of London 001E,Public order,Unable to prosecute suspect,
0371ad065800b2cb069d9c2ae0272f3ab4cebc2effa10b5a04f5304e2f3d7870,2025-08,City of London Police,City of London Police,-0.075080,51.512625,On or near St Clare Street,E01000005,City of London 001E,Public order,Investigation complete; no suspect identified,
68c679a166c80326c4a78cd92e79254d63643528ef81f3188cad8ee77d549471,2025-08,City of London Police,City of London Police,-0.074330,51.513647,On or near Little Somerset Street,E01000005,City of London 001E,Robbery,Unable to prosecute suspect,
18ac9a4388b7f7279d8fbf34c0f0ba85e68fd0d9c3d623d814232a3edc8d4366,2025-08,City of London Police,City of London Police,-0.075401,51.511164,On or near Supermarket,E01000005,City of London 001E,Shoplifting,Unable to prosecute suspect,
8b35c3bc4ca2005de75f6c46850188c164b9990b239de3ed1e7ddd6ca275c500,2025-08,City of London Police,City of London Police,-0.074330,51.513647,On or near Little Somerset Street,E01000005,City of London 001E,Shoplifting,Local resolution,
b4440b2de9fdf0215b1be5e11867abd396f2385b57fe44a9773094be2806b404,2025-08,City of London Police,City of London Police,-0.073704,51.511748,On or near Portsoken Street,E01000005,City of London 001E,Theft from the person,Investigation complete; no suspect identified,
055d92713050346a2a16c4cb1b203bd7b73d23e8fa7045b9a15dcee1c7eed781,2025-08,City of London Police,City of London Police,-0.074330,51.513647,On or near Little Somerset Street,E01000005,City of London 001E,Theft from the person,Investigation complete; no suspect identified,
f7979b00b013e10bfab5f0712f7dc59efd60c125e8ac380221003457044b2d96,2025-08,City of London Police,City of London Police,-0.074253,51.511037,On or near Goodman'S Court,E01000005,City of London 001E,Theft from the person,Investigation complete; no suspect identified,
0362e1a5206114c92780c5393194acd5fe9a06eddcfe5961de677d08b4657ea7,2025-08,City of London Police,City of London Police,-0.076145,51.512642,On or near India Street,E01000005,City of London 001E,Theft from the person,Investigation complete; no suspect identified,
763000b3f5bcae19032cca129f20b40f57845043e41b03e9e162c1526d39bc2b,2025-08,City of London Police,City of London Police,-0.075453,51.511965,On or near Minories,E01000005,City of London 001E,Vehicle crime,Unable to prosecute suspect,
6d432049bc2d2cc719b9e0173645cf49df0f207037e71d0be2898acb1d07391d,2025-08,City of London Police,City of London Police,-0.075453,51.511965,On or near Minories,E01000005,City of London 001E,Vehicle crime,Unable to prosecute suspect,
533090212b4454ae13d3bc9b958ea56d96f00ccea53ca429e7ff08629ff0fcc5,2025-08,City of London Police,City of London Police,-0.074925,51.514924,On or near St Botolph Street,E01000005,City of London 001E,Violence and sexual offences,Unable to prosecute suspect,
c01ea50891843b7961a96a528c05056dd27adb9d7ef46e82a45d2cb2b4f5f786,2025-08,City of London Police,City of London Police,-0.076145,51.512642,On or near India Street,E01000005,City of London 001E,Violence and sexual offences,Unable to prosecute suspect,
d05f6457704f2ff26c54e30abe90ed713861cc1f2c6c9db8e84cc7a00af3ffae,2025-08,City of London Police,City of London Police,-0.078783,51.515383,On or near Houndsditch,E01000005,City of London 001E,Violence and sexual offences,Unable to prosecute suspect,
3f813ca6d832a631cf047ce28fb6757247bcee4e2b4ec3991bf2769f0b0948e6,2025-08,City of London Police,City of London Police,-0.075453,51.511965,On or near Minories,E01000005,City of London 001E,Violence and sexual offences,Unable to prosecute suspect,
6f576e65e90ee19713c7b913f558ff105745b1e291fd018edb1094a0360dd466,2025-08,City of London Police,City of London Police,-0.075080,51.512625,On or near St Clare Street,E01000005,City of London 001E,Violence and sexual offences,Unable to prosecute suspect,
565fcb31f96785278dc819ec9726f1cc57c085a2aee9b35aa242a7c007d546fc,2025-08,City of London Police,City of London Police,-0.075453,51.511965,On or near Minories,E01000005,City of London 001E,Violence and sexual offences,Investigation complete; no suspect identified,
c9e8b1d43491a667b48a8ea9ec56fbe8e5d12af9ee42223700c9e29e63b1f642,2025-08,City of London Police,City of London Police,-0.078883,51.515385,On or near Goring Street,E01000005,City of London 001E,Violence and sexual offences,Unable to prosecute suspect,
5a7a5a979ecc611eb2e2f4c840d75e5b72ae1b467b7e79cd9f534f4afe0a3e2c,2025-08,City of London Police,City of London Police,-0.074925,51.514924,On or near St Botolph Street,E01000005,City of London 001E,Violence and sexual offences,Unable to prosecute suspect,
5a437255e37246d112bf197fff7b21515851a00683f29637882b642f9e80bcc3,2025-08,City of London Police,City of London Police,-0.074330,51.513647,On or near Little Somerset Street,E01000005,City of London 001E,Violence and sexual offences,Unable to prosecute suspect,
2e2047e3e94250d5c21a11352c53737b90c77df109eb8d13dfe5ee4e6c0ee177,2025-08,City of London Police,City of London Police,-0.077511,51.515812,On or near Artizan Street,E01000005,City of London 001E,Violence and sexual offences,Investigation complete; no suspect identified,
20c136d3a3f5283f13da8a7e95decd75e9ed04094ad9b3375ea43e04c693e4b2,2025-08,City of London Police,City of London Police,-0.074925,51.514924,On or near St Botolph Street,E01000005,City of London 001E,Violence and sexual offences,Unable to prosecute suspect,
4c3e2d131206cce744300f9ae3f38e83aee93623a535dca45c146ee95e5df71d,2025-08,City of London Police,City of London Police,-0.074925,51.514924,On or near St Botolph Street,E01000005,City of London 001E,Violence and sexual offences,Unable to prosecute suspect,
,2025-08,City of London Police,City of London Police,-0.090578,51.509722,On or near Allhallows Lane,E01032739,City of London 001F,Anti-social behaviour,,
,2025-08,City of London Police,City of London Police,-0.084844,51.510725,On or near Eastcheap,E01032739,City of London 001F,Anti-social behaviour,,
,2025-08,City of London Police,City of London Police,-0.084844,51.510725,On or near Eastcheap,E01032739,City of London 001F,Anti-social behaviour,,
,2025-08,City of London Police,City of London Police,-0.086815,51.517007,On or near Circus Place,E01032739,City of London 001F,Anti-social behaviour,,
,2025-08,City of London Police,City of London Police,-0.091540,51.511896,On or near Cannon Street,E01032739,City of London 001F,Anti-social behaviour,,
,2025-08,City of London Police,City of London Police,-0.092531,51.512658,On or near Queen Street,E01032739,City of London 001F,Anti-social behaviour,,
,2025-08,City of London Police,City of London Police,-0.081113,51.516869,On or near Bishopsgate,E01032739,City of London 001F,Anti-social behaviour,,
,2025-08,City of London Police,City of London Police,-0.092633,51.509872,On or near Bell Wharf Lane,E01032739,City of London 001F,Anti-social behaviour,,
,2025-08,City of London Police,City of London Police,-0.081113,51.516869,On or near Bishopsgate,E01032739,City of London 001F,Anti-social behaviour,,
,2025-08,City of London Police,City of London Police,-0.081113,51.516869,On or near Bishopsgate,E01032739,City of London 001F,Anti-social behaviour,,
,2025-08,City of London Police,City of London Police,-0.088785,51.517102,On or near Moorgate,E01032739,City of London 001F,Anti-social behaviour,,
,2025-08,City of London Police,City of London Police,-0.104276,51.513712,On or near A201,E01032739,City of London 001F,Anti-social behaviour,,
968ca1f0dd16d5088598e7ef4c9dcbb459aa270588b708cb9c6ea885c1e4be56,2025-08,City of London Police,City of London Police,-0.087772,51.510665,On or near Martin Lane,E01032739,City of London 001F,Bicycle theft,Investigation complete; no suspect identified,
faefaeabeec3ab9a94c7435f812143955cd8358955972edad2f8b793eba80261,2025-08,City of London Police,City of London Police,-0.083600,51.509797,On or near St Mary At Hill,E01032739,City of London 001F,Bicycle theft,Investigation complete; no suspect identified,
669910d6c77ded93269c1f1893885c46b84276cc85dec1791509d07b997bb16d,2025-08,City of London Police,City of London Police,-0.100588,51.512636,On or near Addle Hill,E01032739,City of London 001F,Bicycle theft,Investigation complete; no suspect identified,
915c68c935e1b809e051f8383f8f747f1b146861c55a8d3c26aa509df8a556bd,2025-08,City of London Police,City of London Police,-0.087157,51.512624,On or near Lombard Street,E01032739,City of London 001F,Bicycle theft,Investigation complete; no suspect identified,
528857ea80ef784527650de60789657c3b1364d5aab22556719cbdbd82b99949,2025-08,City of London Police,City of London Police,-0.082993,51.516360,On or near Wormwood Street,E01032739,City of London 001F,Bicycle theft,Investigation complete; no suspect identified,
70b3ace324fc5c951d9801b033a1a6ba523e4413e471ec6e6446d10b5ad57251,2025-08,City of London Police,City of London Police,-0.083349,51.514830,On or near Shopping Area,E01032739,City of London 001F,Bicycle theft,Investigation complete; no suspect identified,
7a01e2d96aab0667b9e4606309688c621f68d42dff32346175f4b1cea761b848,2025-08,City of London Police,City of London Police,-0.092036,51.511049,On or near College Street,E01032739,City of London 001F,Bicycle theft,Investigation complete; no suspect identified,
49a1f823e64313f98dc69fbfddfb49c4e77fcb9cf98593c3e59dbaf84a46305b,2025-08,City of London Police,City of London Police,-0.089208,51.509744,On or near Angel Lane,E01032739,City of London 001F,Bicycle theft,Investigation complete; no suspect identified,
7b5d29b4bc83dcd2d6c86f4baf27b938dbb6e517acd2bf0d35faee9fe6a7fe99,2025-08,City of London Police,City of London Police,-0.084836,51.511939,On or near Shopping Area,E01032739,City of London 001F,Bicycle theft,Investigation complete; no suspect identified,
3f5c296d79926ebb792c77c178a12c2e7b870e50bf945ba2f5c1a17add01aa3c,2025-08,City of London Police,City of London Police,-0.091540,51.511896,On or near Cannon Street,E01032739,City of London 001F,Bicycle theft,Investigation complete; no suspect identified,
3868fd2606cba56abf8e7b9e058dfd6608ede8e9607c02519a0e3ffcb14ff9fb,2025-08,City of London Police,City of London Police,-0.079521,51.511196,On or near New London Street,E01032739,City of London 001F,Bicycle theft,Investigation complete; no suspect identified,
c77544c5f998a5844c0aa2959b0db8c41d173e8e517eb0ec3b55c639aa82b973,2025-08,City of London Police,City of London Police,-0.079196,51.513789,On or near Creechurch Lane,E01032739,City of London 001F,Bicycle theft,Investigation complete; no suspect identified,
39e31f719ffeb6f9f548b6be8a807eb7ac0eae6f046be70cf48c571d1d32ac80,2025-08,City of London Police,City of London Police,-0.091540,51.511896,On or near Cannon Street,E01032739,City of London 001F,Bicycle theft,Investigation complete; no suspect identified,
69feb08df645b7fc4b5a01e317f1d9628aafe4365d2a287025730a0d67373a42,2025-08,City of London Police,City of London Police,-0.091410,51.510167,On or near Cousin Lane,E01032739,City of London 001F,Bicycle theft,Investigation complete; no suspect identified,
bfa61983a7f77df7f9e47c5474a817c37efabf82cc48c29e95eab2a41065f8b1,2025-08,City of London Police,City of London Police,-0.084836,51.511939,On or near Shopping Area,E01032739,City of London 001F,Bicycle theft,Awaiting court outcome,
a73e1a928a2ff5fb6cb05d1c335db4c45d4991fb85192de0548982273629a60d,2025-08,City of London Police,City of London Police,-0.089479,51.510864,On or near Gophir Lane,E01032739,City of London 001F,Bicycle theft,Investigation complete; no suspect identified,
1750191953f65a0003897040811f65260de27c240d23ca13cb1465193a098eb6,2025-08,City of London Police,City of London Police,-0.084844,51.510725,On or near Eastcheap,E01032739,City of London 001F,Bicycle theft,Investigation complete; no suspect identified,
47c052c358156eed77e9bec00a5e3121ca66423f07957cb74b5c98697f9017af,2025-08,City of London Police,City of London Police,-0.084754,51.512882,On or near Corbet Court,E01032739,City of London 001F,Bicycle theft,Investigation complete; no suspect identified,
19b4c54533c09a2b9dd5e4a975c616bd65ab2a82af529a799357e837c8ce1525,2025-08,City of London Police,City of London Police,-0.079838,51.514267,On or near Bury Street,E01032739,City of London 001F,Bicycle theft,Investigation complete; no suspect identified,
82b474954c2e6ae9f9a74e67bfd87af8169db70fba6c9d2915f832851a21bfda,2025-08,City of London Police,City of London Police,-0.085089,51.512105,On or near Gracechurch Street,E01032739,City of London 001F,Bicycle theft,Investigation complete; no suspect identified,
a719a2023fceda2fcc0d07988d4045f71f08dafb57223135d49e2a27469466b4,2025-08,City of London Police,City of London Police,-0.084836,51.511939,On or near Shopping Area,E01032739,City of London 001F,Bicycle theft,Investigation complete; no suspect identified,
1a8e96b1f54e599ad410ee1b0868213ec8db65c01e04c950b9d86bca97923e60,2025-08,City of London Police,City of London Police,-0.079838,51.514267,On or near Bury Street,E01032739,City of London 001F,Bicycle theft,Investigation complete; no suspect identified,
7c819c4bb276e1e1d4e6df76fe1923f5a540ac210cd749d83cfba93fd5cf27de,2025-08,City of London Police,City of London Police,-0.100588,51.512636,On or near Addle Hill,E01032739,City of London 001F,Bicycle theft,Investigation complete; no suspect identified,
c6cd1a921b5985bdc732ed37816b2d20253cb38663e15dd42a815b3968865b29,2025-08,City of London Police,City of London Police,-0.082993,51.516360,On or near Wormwood Street,E01032739,City of London 001F,Burglary,Unable to prosecute suspect,
9735f8011ba4129f363826613becb356021190005743e22d75ccb800653e06f7,2025-08,City of London Police,City of London Police,-0.084836,51.511939,On or near Shopping Area,E01032739,City of London 001F,Burglary,Investigation complete; no suspect identified,
abada3dec0022e66c711707deb5ffb1fef82f0548c633c6bfd36db04b81bdb43,2025-08,City of London Police,City of London Police,-0.084754,51.512882,On or near Corbet Court,E01032739,City of London 001F,Burglary,Awaiting court outcome,
cb0aec26ae08b1e53f7e061b025159b2cb88d230d3d1897d0a7f5b86316bebfd,2025-08,City of London Police,City of London Police,-0.081902,51.517296,On or near Liverpool Street,E01032739,City of London 001F,Burglary,Investigation complete; no suspect identified,
54df66310a543d4a20310ef422c2d6d2275ee5a48e1c5d2a896f45b01d35574b,2025-08,City of London Police,City of London Police,-0.077070,51.510877,On or near Cooper'S Row,E01032739,City of London 001F,Burglary,Investigation complete; no suspect identified,
a59dd006f874b115463f9d7e70372e9d9555ee2800690a419bec016872e97fa9,2025-08,City of London Police,City of London Police,-0.084559,51.510316,On or near Botolph Lane,E01032739,City of London 001F,Burglary,Investigation complete; no suspect identified,
93680d264e3d83f39c5a623c2d3aea5e1d1466a3980c4099827303dd82c06d65,2025-08,City of London Police,City of London Police,-0.084559,51.510316,On or near Botolph Lane,E01032739,City of London 001F,Burglary,Investigation complete; no suspect identified,
d2b6e9b6893db8c4c1b25aff7c0291c1c944da82a0a88056fb9d2e3f339a6585,2025-08,City of London Police,City of London Police,-0.084559,51.510316,On or near Botolph Lane,E01032739,City of London 001F,Burglary,Investigation complete; no suspect identified,
b9ee34854c3cc7c4f8b80ae8698762bb213180e2c12d7415b367f7f6d8d04aaf,2025-08,City of London Police,City of London Police,-0.084559,51.510316,On or near Botolph Lane,E01032739,City of London 001F,Burglary,Investigation complete; no suspect identified,
02b295fbef1c07b70b66b33164fcf2fea731f8c0636b4550cd15e976b6ddee02,2025-08,City of London Police,City of London Police,-0.101589,51.513515,On or near Ludgate Square,E01032739,City of London 001F,Burglary,Unable to prosecute suspect,
061c0138c89cbef59b139a3b68b13b7266322488a0a2af1886722f04a4ec51f3,2025-08,City of London Police,City of London Police,-0.084910,51.512588,On or near Bell Inn Yard,E01032739,City of London 001F,Burglary,Awaiting court outcome,
e887c0a70950dc92482b93198cd9a0eb2ddcfb3aba38cc9515fcff33c2db1abc,2025-08,City of London Police,City of London Police,-0.100888,51.514448,On or near Amen Corner,E01032739,City of London 001F,Burglary,Investigation complete; no suspect identified,
df49ffb2f6a761de0e981bd28b0102936c83862d86d29fc30b108dbc57cbeef7,2025-08,City of London Police,City of London Police,-0.083349,51.514830,On or near Shopping Area,E01032739,City of London 001F,Burglary,Court result unavailable,
3dcc2f9b562fd505bd64f870793ef479ba00a515e07663f99f5292fbc4453f59,2025-08,City of London Police,City of London Police,-0.101589,51.513515,On or near Ludgate Square,E01032739,City of London 001F,Burglary,Investigation complete; no suspect identified,
f65d0534ad05b3c6875eaa21ecddb5bd12321e7dba68126b065c223cf1ca16dc,2025-08,City of London Police,City of London Police,-0.078059,51.509967,On or near Trinity Square,E01032739,City of London 001F,Burglary,Investigation complete; no suspect identified,
c216ec53cd7756b632e93f1ea88838ea9e338e06bf7b71d331593ce26f155224,2025-08,City of London Police,City of London Police,-0.083349,51.514830,On or near Shopping Area,E01032739,City of London 001F,Burglary,Court result unavailable,
79056a00b7300d91227c2424c86ab6534b757bbf1bcbc58b65c5576295cd9d1c,2025-08,City of London Police,City of London Police,-0.079521,51.511196,On or near New London Street,E01032739,City of London 001F,Burglary,Unable to prosecute suspect,
1356dfa8d28d121cd763d70d09dbfbf8da43f1b231caee84d45511e194ec5c14,2025-08,City of London Police,City of London Police,-0.092036,51.511049,On or near College Street,E01032739,City of London 001F,Burglary,Investigation complete; no suspect identified,
d8f10e7702a186fd4a4a2fb34db81e2ca87820892ab102d3b3c75fbe22a377de,2025-08,City of London Police,City of London Police,-0.084559,51.510316,On or near Botolph Lane,E01032739,City of London 001F,Burglary,Investigation complete; no suspect identified,
eb6c2a6a8451aae212c919ec9b20533dd478459f0940b606ed4c78f8dfdba69a,2025-08,City of London Police,City of London Police,-0.083349,51.514830,On or near Shopping Area,E01032739,City of London 001F,Burglary,Court result unavailable,
8d32151e65874023b9143d7c89f2b4d2d7105de8c9deb61cc3b982755087f597,2025-08,City of London Police,City of London Police,-0.102847,51.512717,On or near Playhouse Yard,E01032739,City of London 001F,Burglary,Investigation complete; no suspect identified,
d15c0d569d7b8b1aadbbcd1e79d69d2eb67437e7588ccc9c04314c6f07c33d7f,2025-08,City of London Police,City of London Police,-0.082993,51.516360,On or near Wormwood Street,E01032739,City of London 001F,Burglary,Unable to prosecute suspect,
ee79ce32e5cc109885b40e396b59226058e0de356a07506fdfe554867038af3d,2025-08,City of London Police,City of London Police,-0.084910,51.512588,On or near Bell Inn Yard,E01032739,City of London 001F,Burglary,Court result unavailable,
c3e8ca6f0dea449c6cf1d1a65dfd958cc079b46495b1cbd659796a1275a74e78,2025-08,City of London Police,City of London Police,-0.091823,51.514427,On or near Ironmonger Lane,E01032739,City of London 001F,Criminal damage and arson,Unable to prosecute suspect,
4e4350311ed46525e30c7fd711bd4a23784dc77a20c10b6f6d7c266dcc444758,2025-08,City of London Police,City of London Police,-0.091823,51.514427,On or near Ironmonger Lane,E01032739,City of London 001F,Criminal damage and arson,Investigation complete; no suspect identified,
42bb2bd8b715d398a10e783581bd6527e513e674a44846ed8d63304e7e9d4059,2025-08,City of London Police,City of London Police,-0.081512,51.518692,On or near London Liverpool Street,E01032739,City of London 001F,Criminal damage and arson,Investigation complete; no suspect identified,
73db25d6f1c41ef9c55aef4d70920b38254ee5b835a13b79a6b270232730cd70,2025-08,City of London Police,City of London Police,-0.089808,51.517461,On or near London Wall,E01032739,City of London 001F,Criminal damage and arson,Unable to prosecute suspect,
488b1de9f063adaecff130169b9003ff25bbcc55a793a487af212640d62e9a0b,2025-08,City of London Police,City of London Police,-0.086019,51.513631,On or near Finch Lane,E01032739,City of London 001F,Criminal damage and arson,Unable to prosecute suspect,
1f23eaaba43ab7a8cc1d024858493ee95679821ec0797c44ff479e7a3114f803,2025-08,City of London Police,City of London Police,-0.078755,51.518440,On or near Artillery Lane,E01032739,City of London 001F,Criminal damage and arson,Investigation complete; no suspect identified,
a3ea9d2afcc1529c9dcc4d13df7913a059d368778351866a549562c716fe3012,2025-08,City of London Police,City of London Police,-0.081512,51.518692,On or near London Liverpool Street,E01032739,City of London 001F,Criminal damage and arson,Unable to prosecute suspect,
422261329873a7b1cc447af50ebf885602197628a76933ff0afbe0ec4b759e60,2025-08,City of London Police,City of London Police,-0.100888,51.514448,On or near Amen Corner,E01032739,City of London 001F,Criminal damage and arson,Unable to prosecute suspect,
3a2b91b1fdf1d73a46a645d18590f9a8ae1815b9ef7ac750085d612a9da72ddc,2025-08,City of London Police,City of London Police,-0.078059,51.509967,On or near Trinity Square,E01032739,City of London 001F,Criminal damage and arson,Court result unavailable,
dc7697f4bb918b3eb38985bc286a13dc39915ec9088fa33dc8363f32fceae557,2025-08,City of London Police,City of London Police,-0.094070,51.513079,On or near Watling Street,E01032739,City of London 001F,Criminal damage and arson,Local resolution,
14a57010070c09969f56d1be81113a4c4e7914328ca8ca9dc9b9b8394f50e380,2025-08,City of London Police,City of London Police,-0.095924,51.513882,On or near Shopping Area,E01032739,City of London 001F,Criminal damage and arson,Unable to prosecute suspect,
4c031da2a79b602439a68009c688c5f37f866c8aa856d2af8eb100352b2d3884,2025-08,City of London Police,City of London Police,-0.092633,51.509872,On or near Bell Wharf Lane,E01032739,City of London 001F,Criminal damage and arson,Investigation complete; no suspect identified,
2e787581443319ccfae1b30c96e3574c4de842255c4a03c39c5887db0e1dfe92,2025-08,City of London Police,City of London Police,-0.095764,51.512549,On or near Friday Street,E01032739,City of London 001F,Criminal damage and arson,Unable to prosecute suspect,
97d0e3578341fba5163e278685a2c63b2e9dbd8843d51de81a0becabe85c9ba5,2025-08,City of London Police,City of London Police,-0.089208,51.509744,On or near Angel Lane,E01032739,City of London 001F,Criminal damage and arson,Investigation complete; no suspect identified,
962718be91cd547c0f7ffb3dd0455e389a4e0768a061b415ea6c47c2c3ae6972,2025-08,City of London Police,City of London Police,-0.095224,51.513736,On or near Shopping Area,E01032739,City of London 001F,Criminal damage and arson,Investigation complete; no suspect identified,
1eb1c025053dcd804723814d4d0fe3e22be5fa15b9d0f832d52970875bccae05,2025-08,City of London Police,City of London Police,-0.079907,51.517785,On or near Victoria Avenue,E01032739,City of London 001F,Criminal damage and arson,Status update unavailable,
80c58c24b040644558879bedc67e6cd1374b2f77c217834199e129d9210aa691,2025-08,City of London Police,City of London Police,-0.089208,51.509744,On or near Angel Lane,E01032739,City of London 001F,Criminal damage and arson,Investigation complete; no suspect identified,
03898eabbf875c0bd20fc92d5f2dcecbcf84bcdf20e48dfe15a3ee5b0f35e253,2025-08,City of London Police,City of London Police,-0.088456,51.514975,On or near Tokenhouse Yard,E01032739,City of London 001F,Criminal damage and arson,Unable to prosecute suspect,
994699e64c273343bbac49a1c45356d01bf400c289495187c68f0a29ec6b824a,2025-08,City of London Police,City of London Police,-0.089822,51.516103,On or near Coleman Street,E01032739,City of London 001F,Drugs,Unable to prosecute suspect,
85e1f14b94a8280e5fec0e2c0332fa918d24655662477af942e4feeed08f804b,2025-08,City of London Police,City of London Police,-0.097176,51.510836,On or near Trig Lane,E01032739,City of London 001F,Drugs,Status update unavailable,
b53a434f0fc5f01a3dcdba06b4e57fe768590428f6ed9218cd039fc6b4ececc0,2025-08,City of London Police,City of London Police,-0.081902,51.517296,On or near Liverpool Street,E01032739,City of London 001F,Drugs,Unable to prosecute suspect,
4ab371879b7d4362059dfaace4f4a575ab4157dc8ad135ef8d3f40cbdf4ccf41,2025-08,City of London Police,City of London Police,-0.079907,51.517785,On or near Victoria Avenue,E01032739,City of London 001F,Drugs,Local resolution,
54ddb27daa5716eb70f4dffd18e5aa090bae1cc51129f8fb5feba7ca9ee410c2,2025-08,City of London Police,City of London Police,-0.078894,51.520951,On or near Norton Folgate,E01032739,City of London 001F,Drugs,Local resolution,
83f6bd1867a56134f086ec099309cddd270d0025545cb0a61e26673395fedf51,2025-08,City of London Police,City of London Police,-0.079883,51.517326,On or near New Street,E01032739,City of London 001F,Drugs,Further investigation is not in the public interest,
f6f1558c61beef98e4f4fa97d4187b22226c2d498de0862c6d9e0b984f7002f1,2025-08,City of London Police,City of London Police,-0.095224,51.513736,On or near Shopping Area,E01032739,City of London 001F,Drugs,Investigation complete; no suspect identified,
dee674fe92076063bf44b2dff2423b5726a2da7ead1018e4601bb774f19d070a,2025-08,City of London Police,City of London Police,-0.091823,51.514427,On or near Ironmonger Lane,E01032739,City of London 001F,Drugs,Awaiting court outcome,
4e98a8ae59fbd9ed7baabcf3834e11041dac7e43be6b8f7611881fd6e4d6bba3,2025-08,City of London Police,City of London Police,-0.088785,51.517102,On or near Moorgate,E01032739,City of London 001F,Drugs,Court result unavailable,
224719957cd97d3fdd6a90f47b3fae3d0017800363402be1a6122d25482e74bd,2025-08,City of London Police,City of London Police,-0.095224,51.513736,On or near Shopping Area,E01032739,City of London 001F,Drugs,Investigation complete; no suspect identified,
f9b0593d3974b44afabb674f270c6a0c7931b6352695dcdb3c22cc8ba103efb0,2025-08,City of London Police,City of London Police,-0.077563,51.517656,On or near Sandy'S Row,E01032739,City of London 001F,Drugs,Unable to prosecute suspect,
6edc6faa933b3644f591e16f7e6933e71ef3828dca384858d5549812dbbb019d,2025-08,City of London Police,City of London Police,-0.101292,51.514770,On or near Amen Court,E01032739,City of London 001F,Drugs,Unable to prosecute suspect,
887c881d7179bef637c7831f2f6032dc7022321467e9f4c4470088fde2d2a220,2025-08,City of London Police,City of London Police,-0.088456,51.514975,On or near Tokenhouse Yard,E01032739,City of London 001F,Drugs,Local resolution,
6bfb3eb3e54c5d135af5c048868ddbbf7e77e8aeb54962af9dd63089623f8446,2025-08,City of London Police,City of London Police,-0.091540,51.511896,On or near Cannon Street,E01032739,City of London 001F,Drugs,Investigation complete; no suspect identified,
c8f716c5decae96cee5726de31991bebc886693985901e12a9aeddaf28419861,2025-08,City of London Police,City of London Police,-0.078755,51.518440,On or near Artillery Lane,E01032739,City of London 001F,Drugs,Court result unavailable,
ea96d26511e68b110b2a3b641b0f9501d3fd49aaaa047c058951cc2718528ff9,2025-08,City of London Police,City of London Police,-0.081643,51.510070,On or near Great Tower Street,E01032739,City of London 001F,Drugs,Further investigation is not in the public interest,
a615e9bf53fba4b1873cd459c702c54fd7280033f70f41b40fe3816bf9fb01d7,2025-08,City of London Police,City of London Police,-0.100888,51.514448,On or near Amen Corner,E01032739,City of London 001F,Drugs,Court result unavailable,
69163a91bcdf858dc45c0938034d067e5b752172290fa147d515361f647dbd19,2025-08,City of London Police,City of London Police,-0.089808,51.517461,On or near London Wall,E01032739,City of London 001F,Drugs,Court result unavailable,
88accf4f03d5320accfb7abf5b002a69a6358fbb6980f02e5495e1c1bf2aea15,2025-08,City of London Police,City of London Police,-0.089808,51.517461,On or near London Wall,E01032739,City of London 001F,Drugs,Unable to prosecute suspect,
dcba2356addf8846bdb9eccc8fbfee0c805b2b3c31375134c1b21bcc021f9360,2025-08,City of London Police,City of London Police,-0.083349,51.514830,On or near Shopping Area,E01032739,City of London 001F,Drugs,Investigation complete; no suspect identified,
08917ba8b0d0c7677b5ab0f1f0b69b246f6bfc455a5672866b9dd88fcded595b,2025-08,City of London Police,City of London Police,-0.096501,51.513874,On or near New Change,E01032739,City of London 001F,Drugs,Court result unavailable,
dd8773e3916dd6bce59f16a9a65fc8948e3f77c593e5b76c7a00500ce4fcf7c4,2025-08,City of London Police,City of London Police,-0.095054,51.510559,On or near Queenhithe,E01032739,City of London 001F,Drugs,Local resolution,
1a4dfd5c0fead33ab8846b39518aec4862d0b784e0850806962473ba55ee1ac9,2025-08,City of London Police,City of London Police,-0.083977,51.510441,On or near Lovat Lane,E01032739,City of London 001F,Other theft,Investigation complete; no suspect identified,
c8c8fb0571cee1dcd95537645e8f7c84c204c4cff2e47b5fea14b9fa9deb4d18,2025-08,City of London Police,City of London Police,-0.101589,51.513515,On or near Ludgate Square,E01032739,City of London 001F,Other theft,Investigation complete; no suspect identified,
409ddf21e52879883db95298d24f84aab07dcd5e16472541ddedf316e4cb0a49,2025-08,City of London Police,City of London Police,-0.085089,51.512105,On or near Gracechurch Street,E01032739,City of London 001F,Other theft,Investigation complete; no suspect identified,
166abdcbbb747689bbf58d84daa0ea67570f909610be285220aa42b430beb40c,2025-08,City of London Police,City of London Police,-0.087873,51.516503,On or near Langthorn Court,E01032739,City of London 001F,Other theft,Investigation complete; no suspect identified,
756986ee12bfa19701620aea7bc92005a9e73a0e437303a8a781917e87ed1e33,2025-08,City of London Police,City of London Police,-0.079907,51.517785,On or near Victoria Avenue,E01032739,City of London 001F,Other theft,Unable to prosecute suspect,
ed25300e825ac6a1315069a1383150897fd6ef64deae70546706c5d0f143a5f7,2025-08,City of London Police,City of London Police,-0.089208,51.509744,On or near Angel Lane,E01032739,City of London 001F,Other theft,Investigation complete; no suspect identified,
39ccd0e134c7472e4b1d8db0e896746e6861799193aa7c57d748250d75841043,2025-08,City of London Police,City of London Police,-0.094070,51.513079,On or near Watling Street,E01032739,City of London 001F,Other theft,Investigation complete; no suspect identified,
76c3015c51485687a87da5f85511ee2d849fa62f3fe3f66743440f47d7cb3a50,2025-08,City of London Police,City of London Police,-0.082993,51.516360,On or near Wormwood Street,E01032739,City of London 001F,Other theft,Court result unavailable,
f081b279f5c9afd02f01b08fa2d71f5f60e85b1b4c800b684120b7d4d2154b2d,2025-08,City of London Police,City of London Police,-0.081113,51.516869,On or near Bishopsgate,E01032739,City of London 001F,Other theft,Investigation complete; no suspect identified,
285a199efc97eeb4f9cba1ae42b3b8cf5fc70ef75f169dbb7ab079803e3a622f,2025-08,City of London Police,City of London Police,-0.079127,51.509607,On or near Byward Street,E01032739,City of London 001F,Other theft,Investigation complete; no suspect identified,
d273593976219b5d32686777bad502311c550d17c4e0012d35dfd73361bca9b6,2025-08,City of London Police,City of London Police,-0.091540,51.511896,On or near Cannon Street,E01032739,City of London 001F,Other theft,Court result unavailable,
1628c875914335aad5f037f1e2513f0ea7ed929d9b587ae62e047f5a14438291,2025-08,City of London Police,City of London Police,-0.081113,51.516869,On or near Bishopsgate,E01032739,City of London 001F,Other theft,Investigation complete; no suspect identified,
ce0d17a18d88e2ae87f8344f4b3739b6912618d963f86de4593a108af81436c1,2025-08,City of London Police,City of London Police,-0.089208,51.509744,On or near Angel Lane,E01032739,City of London 001F,Other theft,Court result unavailable,
845d2d539d2be7f609169e6bfe100039d6fe05cab68db255d8aaa3379f95e706,2025-08,City of London Police,City of London Police,-0.090578,51.509722,On or near Allhallows Lane,E01032739,City of London 001F,Other theft,Court result unavailable,
a7dc5c03939f775b59268abb7966a5c5624655d6670d42714366a897e6edf087,2025-08,City of London Police,City of London Police,-0.090578,51.509722,On or near Allhallows Lane,E01032739,City of London 001F,Other theft,Court result unavailable,
fb647d700879995d12c6350ef15bf851922bc466c5b897eb94f4fe1eb0292217,2025-08,City of London Police,City of London Police,-0.084754,51.512882,On or near Corbet Court,E01032739,City of London 001F,Other theft,Investigation complete; no suspect identified,
0c0262c3564989b6731ea1c8e1e4faa558487d7c638c2dcc2a314a92f8d3eb14,2025-08,City of London Police,City of London Police,-0.087772,51.510665,On or near Martin Lane,E01032739,City of London 001F,Other theft,Investigation complete; no suspect identified,
bf8444898e4966bc75756b8450464b38b4697b5b20385e1ed08af9935dc55e2a,2025-08,City of London Police,City of London Police,-0.100201,51.513286,On or near Dean'S Court,E01032739,City of London 001F,Other theft,Investigation complete; no suspect identified,
b1cee77ad666562c16fe759da96676224be72027b80e81bf3037da73659e356e,2025-08,City of London Police,City of London Police,-0.091540,51.511896,On or near Cannon Street,E01032739,City of London 001F,Other theft,Investigation complete; no suspect identified,
4da60960d9821db030a8ee88af811a00ce43c88c4e0c8c110d3ffa64822c926a,2025-08,City of London Police,City of London Police,-0.077959,51.511332,On or near Crutched Friars,E01032739,City of London 001F,Other theft,Investigation complete; no suspect identified,
fa60f8b71f9aec0949d760d7c40607561a776315b9c4bc9e68a74925410c9a0f,2025-08,City of London Police,City of London Police,-0.094900,51.513209,On or near Bread Street,E01032739,City of London 001F,Other theft,Investigation complete; no suspect identified,
ef17deb7fedb9ce607599151348b6a097463d7140a37e296d33fba15e59109e5,2025-08,City of London Police,City of London Police,-0.100201,51.513286,On or near Dean'S Court,E01032739,City of London 001F,Other theft,Investigation complete; no suspect identified,
ef6f20432c0f2ddfc691c38c07a3d5a077011543da5856cc1fc5f4b1a3a30f92,2025-08,City of London Police,City of London Police,-0.084844,51.510725,On or near Eastcheap,E01032739,City of London 001F,Other theft,Investigation complete; no suspect identified,
a570d28b7a47aa34dbe6fcfef489032c83518f38b751574551ebf0a49b826b2e,2025-08,City of London Police,City of London Police,-0.081902,51.517296,On or near Liverpool Street,E01032739,City of London 001F,Other theft,Investigation complete; no suspect identified,
817e5eb81f131a4da701c055404b734c20decefbc9c61066ab6587b6867c9356,2025-08,City of London Police,City of London Police,-0.081902,51.517296,On or near Liverpool Street,E01032739,City of London 001F,Other theft,Unable to prosecute suspect,
4c077121a548efd46c0ca1b27ffc4367e2210a632a14bd33293f0404e1055b5d,2025-08,City of London Police,City of London Police,-0.085228,51.511190,On or near Talbot Court,E01032739,City of London 001F,Other theft,Investigation complete; no suspect identified,
b9ffd9209d88df9314e4b8789c5695f8db2fab7e39c180e8f95c2eee674b434d,2025-08,City of London Police,City of London Police,-0.095054,51.510559,On or near Queenhithe,E01032739,City of London 001F,Other theft,Investigation complete; no suspect identified,
8fe7b059d05cabecfbaa94b91f0ff1ae275adec67ce978c8d105b35e4ec48386,2025-08,City of London Police,City of London Police,-0.084844,51.510725,On or near Eastcheap,E01032739,City of London 001F,Other theft,Investigation complete; no suspect identified,
a5407fe1182225cfccad32c63ca51fb024816111bf2b57f3102174ca73a3372b,2025-08,City of London Police,City of London Police,-0.095224,51.513736,On or near Shopping Area,E01032739,City of London 001F,Other theft,Unable to prosecute suspect,
489b9fc29f0d58742c71777b8fa82c12d5b0ef42969add7751a5c1ab64f79452,2025-08,City of London Police,City of London Police,-0.084754,51.512882,On or near Corbet Court,E01032739,City of London 001F,Other theft,Investigation complete; no suspect identified,
12ca99c189c15ddd5cdfd549f37f2bbd436ec7756132013686c4b30f1e1e9d7e,2025-08,City of London Police,City of London Police,-0.090578,51.509722,On or near Allhallows Lane,E01032739,City of London 001F,Other theft,Investigation complete; no suspect identified,
3e0f30731ab275cb347eefa8c38ac1a0508bd0ca93b64daab2fb86d86bfa7cd8,2025-08,City of London Police,City of London Police,-0.083977,51.510441,On or near Lovat Lane,E01032739,City of London 001F,Other theft,Investigation complete; no suspect identified,
636005a99775f43e98648f20a9c3e8009855dd71bd36b9e55c409a1d7977c8b9,2025-08,City of London Police,City of London Police,-0.081113,51.516869,On or near Bishopsgate,E01032739,City of London 001F,Other theft,Investigation complete; no suspect identified,
48a98db6a35372808039a6bc41158e9cb8a84150a7979aab917c6ca04675524a,2025-08,City of London Police,City of London Police,-0.085228,51.511190,On or near Talbot Court,E01032739,City of London 001F,Other theft,Court result unavailable,
3a60cdea0e8dbf39895400e70f13b1f71dfa78596a7d136eaed380278712a2ef,2025-08,City of London Police,City of London Police,-0.081113,51.516869,On or near Bishopsgate,E01032739,City of London 001F,Other theft,Investigation complete; no suspect identified,
b24810e518f4a8a3db778ff370096091062a1217cd9779ec3bd9ae2b3401773a,2025-08,City of London Police,City of London Police,-0.089208,51.509744,On or near Angel Lane,E01032739,City of London 001F,Other theft,Investigation complete; no suspect identified,
94bce979847a5948f19d4bad4f8e739c80a2b6da53feddd42b1a7a4ace4ea470,2025-08,City of London Police,City of London Police,-0.084836,51.511939,On or near Shopping Area,E01032739,City of London 001F,Other theft,Investigation complete; no suspect identified,
f09007d3ad56719c78991feeb4b00ef20380bb8712e312a630613c351dadbae7,2025-08,City of London Police,City of London Police,-0.081113,51.516869,On or near Bishopsgate,E01032739,City of London 001F,Other theft,Investigation complete; no suspect identified,
a7e6c7d883977d9161a52803b2ef75bf899044ee2da93b03de8cba4ed0ad320c,2025-08,City of London Police,City of London Police,-0.094070,51.513079,On or near Watling Street,E01032739,City of London 001F,Other theft,Unable to prosecute suspect,
973224d7193cc173d84083a3a94e78b65198b95ddb9ae8687f699772b584adae,2025-08,City of London Police,City of London Police,-0.088785,51.517102,On or near Moorgate,E01032739,City of London 001F,Other theft,Court result unavailable,
a9002b8baa2cfed7742424b40410cf3fe5445db7d133aac2a7a0dbf03e8f54f8,2025-08,City of London Police,City of London Police,-0.088785,51.517102,On or near Moorgate,E01032739,City of London 001F,Other theft,Court result unavailable,
178c15d554901f9bc30b1bc4736ad270cfb942d1c4f5f5445b9c5dffd3904704,2025-08,City of London Police,City of London Police,-0.080365,51.508943,On or near Parking Area,E01032739,City of London 001F,Other theft,Investigation complete; no suspect identified,
fab3993318cd6794bbd95498f76b7669b6d131a79bcc6b14673ba428c2a6965f,2025-08,City of London Police,City of London Police,-0.089208,51.509744,On or near Angel Lane,E01032739,City of London 001F,Other theft,Court result unavailable,
311c571daf0255d70e99b64ddbd4c48d484c973b310416765c2f62afcca07e2c,2025-08,City of London Police,City of London Police,-0.082133,51.515222,On or near St Helen'S Place,E01032739,City of London 001F,Other theft,Investigation complete; no suspect identified,
03bba6c3b34023d9ea9fdf721179a530a97bf51681176276aad587134bdc6d5b,2025-08,City of London Police,City of London Police,-0.079883,51.517326,On or near New Street,E01032739,City of London 001F,Other theft,Unable to prosecute suspect,
16a402e9a749bf4622b76a5cc1becfcbe35cad77071f424ffc15dc843e8f9dd9,2025-08,City of London Police,City of London Police,-0.084910,51.512588,On or near Bell Inn Yard,E01032739,City of London 001F,Other theft,Investigation complete; no suspect identified,
4d494111853535fa716438d091488d8a2de064600d23c7478e95eeb30893d884,2025-08,City of London Police,City of London Police,-0.097291,51.514626,On or near Supermarket,E01032739,City of London 001F,Other theft,Investigation complete; no suspect identified,
36be72de664fe626cd51086f99399d14c0df215beab9b5a481b0eedc7ac9130f,2025-08,City of London Police,City of London Police,-0.102134,51.513929,On or near Ludgate Hill,E01032739,City of London 001F,Other theft,Status update unavailable,
976cdd01e6287433d696f4e201705feac35fc8b13ac1f22c5fd2e67e37412661,2025-08,City of London Police,City of London Police,-0.081643,51.510070,On or near Great Tower Street,E01032739,City of London 001F,Other theft,Investigation complete; no suspect identified,
41086a3be7b1d3487d72dcec0a513fb937167af212bdc9b7a384c5bb8959f8dc,2025-08,City of London Police,City of London Police,-0.089208,51.509744,On or near Angel Lane,E01032739,City of London 001F,Other theft,Investigation complete; no suspect identified,
e011b49eeacc493bb8b2445550e8446d5696078d51f05343dea63ba7ce2e4dd8,2025-08,City of London Police,City of London Police,-0.083349,51.514830,On or near Shopping Area,E01032739,City of London 001F,Other theft,Investigation complete; no suspect identified,
7982f82bea173a5e8ac39a2efb2b38ae6dd0e82b62fcbbc8000ea7658915bc3f,2025-08,City of London Police,City of London Police,-0.084844,51.509700,On or near Monument Street,E01032739,City of London 001F,Other theft,Investigation complete; no suspect identified,
c8ec7549943c93c5c7817c19e8879dfd9e97089c8a0ac6a30f2760f570bc482b,2025-08,City of London Police,City of London Police,-0.094900,51.513209,On or near Bread Street,E01032739,City of London 001F,Other theft,Unable to prosecute suspect,
8b1c9b181c76c19703504f10ef975184160f88f814805da8524f4e08dc2fe811,2025-08,City of London Police,City of London Police,-0.090578,51.509722,On or near Allhallows Lane,E01032739,City of London 001F,Other theft,Investigation complete; no suspect identified,
5fd6aed725b9970264295b4a952c2bf4f9b30f465d1b108a5663e0b8e3d90a0d,2025-08,City of London Police,City of London Police,-0.088785,51.517102,On or near Moorgate,E01032739,City of London 001F,Other theft,Investigation complete; no suspect identified,
dd3d67ce3c147aad4fde6003f42aa425a5223cd67f4c1ee9762359d96a301416,2025-08,City of London Police,City of London Police,-0.087157,51.512624,On or near Lombard Street,E01032739,City of London 001F,Other theft,Investigation complete; no suspect identified,
a9b953cf6a4b908a257b6f5f657215bded4f7f5c7d99806881a2a34dc427f509,2025-08,City of London Police,City of London Police,-0.088456,51.514975,On or near Tokenhouse Yard,E01032739,City of London 001F,Other theft,Investigation complete; no suspect identified,
6986aa5f60a0c445066d7ffb8b1517ddd9560769439b2de057d2b0d2d5c7e5a9,2025-08,City of London Police,City of London Police,-0.102134,51.513929,On or near Ludgate Hill,E01032739,City of London 001F,Other theft,Unable to prosecute suspect,
4ce27b4607a393feb63988f2e9b0f2d504e97d887767c0ffcb73d97aa91205aa,2025-08,City of London Police,City of London Police,-0.085228,51.511190,On or near Talbot Court,E01032739,City of London 001F,Other theft,Investigation complete; no suspect identified,
104fbc8b261a258054b7e8e3f264dd65a9b26d0c01298261caf67163042ed982,2025-08,City of London Police,City of London Police,-0.078477,51.509965,On or near Muscovy Street,E01032739,City of London 001F,Other theft,Unable to prosecute suspect,
9b63740159ca2fe902463f6727070d76d668b0d92bf68c213534188809ef3cdb,2025-08,City of London Police,City of London Police,-0.084836,51.511939,On or near Shopping Area,E01032739,City of London 001F,Other theft,Investigation complete; no suspect identified,
dfcf0e603491a83da078dac802cf804c7e14361c0a43fc77a6254036c8668025,2025-08,City of London Police,City of London Police,-0.104276,51.513712,On or near A201,E01032739,City of London 001F,Other theft,Investigation complete; no suspect identified,
c918f0eb708853158224df12dd48383e11d49ea44d9f1bacd6ad4bc8ba470cb9,2025-08,City of London Police,City of London Police,-0.083977,51.510441,On or near Lovat Lane,E01032739,City of London 001F,Other theft,Investigation complete; no suspect identified,
73015a4ad67fec4eb6d94050af5b80402ec45875d38af0ce714c99bf312e8ba4,2025-08,City of London Police,City of London Police,-0.094070,51.513079,On or near Watling Street,E01032739,City of London 001F,Other theft,Unable to prosecute suspect,
bc352238ad2081d9c9f9416cf4d411eff42774d999a59b17784dcae82e54d2ed,2025-08,City of London Police,City of London Police,-0.078278,51.513666,On or near Mitre Street,E01032739,City of London 001F,Other theft,Unable to prosecute suspect,
bd5b27014bfedde08fa31fdbf8604676ccd49daa599a5a70a136f3b85d9c35d9,2025-08,City of London Police,City of London Police,-0.083977,51.510441,On or near Lovat Lane,E01032739,City of London 001F,Other theft,Investigation complete; no suspect identified,
ea3b338a11b4a075bead010ceab8505678f63c78e1c98bf642c4038019733040,2025-08,City of London Police,City of London Police,-0.091823,51.514427,On or near Ironmonger Lane,E01032739,City of London 001F,Other theft,Status update unavailable,
79fae8a640d302ed44a97d2025d4eb8dd7e4af2d0413acdb13bb3ee797e89ffa,2025-08,City of London Police,City of London Police,-0.095830,51.510967,On or near High Timber Street,E01032739,City of London 001F,Other theft,Unable to prosecute suspect,
0f985c5bae88c297a491d55a13341c5a022f21db39cd72ae0348da189dc53f99,2025-08,City of London Police,City of London Police,-0.091540,51.511896,On or near Cannon Street,E01032739,City of London 001F,Other theft,Court result unavailable,
dd4debe6b61ea3aaa0d8d1a04de75d0e20e04778cbf702eaec58d0e0c9b1bb22,2025-08,City of London Police,City of London Police,-0.079196,51.513789,On or near Creechurch Lane,E01032739,City of London 001F,Other theft,Investigation complete; no suspect identified,
f9a94794afebc0d3866ff4a111823e5ddf8a656899769a69bef49bfea774bb3f,2025-08,City of London Police,City of London Police,-0.086019,51.513631,On or near Finch Lane,E01032739,City of London 001F,Other theft,Court result unavailable,
90b088ae1dbee971f8a15f23a8e22c3cccc5f28071463b9cad093b980a8b5872,2025-08,City of London Police,City of London Police,-0.090578,51.509722,On or near Allhallows Lane,E01032739,City of London 001F,Other theft,Court result unavailable,
facb360a80168029e6bacba320ab9afec8a6076b74eefbc864dacaf192c095a9,2025-08,City of London Police,City of London Police,-0.091540,51.511896,On or near Cannon Street,E01032739,City of London 001F,Other theft,Investigation complete; no suspect identified,
b8348622ff4fe14c0f9a7e84aa787c722460e5bd446443bfe8917f712be4b70f,2025-08,City of London Police,City of London Police,-0.101393,51.512685,On or near St Andrew'S Hill,E01032739,City of London 001F,Other theft,Investigation complete; no suspect identified,
aadbb874b01c4450d546f709a809cd8793ba912201ec203410fbc4ac80f3583e,2025-08,City of London Police,City of London Police,-0.101393,51.512685,On or near St Andrew'S Hill,E01032739,City of London 001F,Other theft,Court result unavailable,
bf0eccaaa5c2b15569be0f18b49e358f7ae8399fbbb4bcafcbba179364aefbcd,2025-08,City of London Police,City of London Police,-0.081113,51.516869,On or near Bishopsgate,E01032739,City of London 001F,Other theft,Investigation complete; no suspect identified,
3a6eddec1d89cab2f56afc5e02e31a85cd8d415af12e4c84d9063bba22911dd1,2025-08,City of London Police,City of London Police,-0.084844,51.510725,On or near Eastcheap,E01032739,City of London 001F,Other theft,Investigation complete; no suspect identified,
e89a5e13a2ef2b753331891040e69945eebf9fe7c90e19c5c5535e25aa3cb9cd,2025-08,City of London Police,City of London Police,-0.090578,51.509722,On or near Allhallows Lane,E01032739,City of London 001F,Other theft,Investigation complete; no suspect identified,
e4e7342becfeefd3e092ee0e62ec1f26a64cd8be8ac569e2c814010e3144fac7,2025-08,City of London Police,City of London Police,-0.089208,51.509744,On or near Angel Lane,E01032739,City of London 001F,Other theft,Investigation complete; no suspect identified,
51b0509f8ae6a3d1cda8fed34b1a47390f22f64d4f245da81ff9ad7f10aef044,2025-08,City of London Police,City of London Police,-0.089208,51.509744,On or near Angel Lane,E01032739,City of London 001F,Other theft,Investigation complete; no suspect identified,
00831d8a356af78f95a92cdd5ea6976169d80433cce34ae2d1e0b2962be61d94,2025-08,City of London Police,City of London Police,-0.079907,51.517785,On or near Victoria Avenue,E01032739,City of London 001F,Other theft,Investigation complete; no suspect identified,
1746089d783821c25bf06015fc6f0c33f5a054a1385f0e09075b8545110d6b59,2025-08,City of London Police,City of London Police,-0.092531,51.512658,On or near Queen Street,E01032739,City of London 001F,Other theft,Investigation complete; no suspect identified,
d75ad366ac96dbcd67f1df709ccaddbc9eb24ebfc7f6306124cbbd2b047a0a10,2025-08,City of London Police,City of London Police,-0.100201,51.513286,On or near Dean'S Court,E01032739,City of London 001F,Other theft,Investigation complete; no suspect identified,
7f70716837fa5535228ed4f595a7f462217cc7497045d4eb050add6cfd9f3874,2025-08,City of London Police,City of London Police,-0.088903,51.510836,On or near Laurence Pountney Hill,E01032739,City of London 001F,Other theft,Investigation complete; no suspect identified,
eef8e8e8d241f08ffc1e5aced308def1ee37921350299d4b98bd89a07529ccb6,2025-08,City of London Police,City of London Police,-0.081973,51.515948,On or near A10,E01032739,City of London 001F,Other theft,Investigation complete; no suspect identified,
9c082db3145220523552ee3620d4062441dca0edba286013489ee066e03de17c,2025-08,City of London Police,City of London Police,-0.080448,51.520689,On or near Primrose Street,E01032739,City of London 001F,Other theft,Investigation complete; no suspect identified,
8829e3cf2f1c325529189852780b927d568dd0ac8db7373a59076b44c1f04d08,2025-08,City of London Police,City of London Police,-0.089208,51.509744,On or near Angel Lane,E01032739,City of London 001F,Other theft,Court result unavailable,
332e292026605cd97ce045cb7e911d20b491480f3e0635ebd19c875b96ad1b85,2025-08,City of London Police,City of London Police,-0.094070,51.513079,On or near Watling Street,E01032739,City of London 001F,Other theft,Investigation complete; no suspect identified,
41b4f19dc393d1eba2282b71a0f4243e4de951c06917daae57e111f6fdec2c49,2025-08,City of London Police,City of London Police,-0.087157,51.512624,On or near Lombard Street,E01032739,City of London 001F,Other theft,Investigation complete; no suspect identified,
0dd3151a9254a240a7e77554e1e91cfd191c5a632332fe1211adbda568d89f35,2025-08,City of London Police,City of London Police,-0.091540,51.511896,On or near Cannon Street,E01032739,City of London 001F,Other theft,Investigation complete; no suspect identified,
1aa766022e316f8bfdc2b3de0572cbc37e8d83a83038041ad74122251cc75af9,2025-08,City of London Police,City of London Police,-0.081902,51.517296,On or near Liverpool Street,E01032739,City of London 001F,Other theft,Investigation complete; no suspect identified,
c70001ba0d343ef0464de73319e37f36c92121172cdae27ba2dade867f9787ba,2025-08,City of London Police,City of London Police,-0.084836,51.511939,On or near Shopping Area,E01032739,City of London 001F,Other theft,Investigation complete; no suspect identified,
e756d097d01fcfdd74d461c37923995ffc64f07b7bee02f362f20e68be34961f,2025-08,City of London Police,City of London Police,-0.081113,51.516869,On or near Bishopsgate,E01032739,City of London 001F,Other theft,Investigation complete; no suspect identified,
cc34e63cae72b8fd198ddb05e4927a9cd7bf1bf419d15f6f131eb30665604b40,2025-08,City of London Police,City of London Police,-0.100201,51.513286,On or near Dean'S Court,E01032739,City of London 001F,Other theft,Unable to prosecute suspect,
9b5bb43b26e0ed60f967cf8938b8cd8ae244507ce7043e41ecdf303f9d56f4fd,2025-08,City of London Police,City of London Police,-0.079138,51.508312,On or near Lower Thames Street,E01032739,City of London 001F,Other theft,Investigation complete; no suspect identified,
0691132e935ddba28b88084b8b152d487800581f845b3aaf86888419455e6481,2025-08,City of London Police,City of London Police,-0.081113,51.516869,On or near Bishopsgate,E01032739,City of London 001F,Other theft,Investigation complete; no suspect identified,
2d37d762fb27c66d04cbe80664cf8608f489388293c8a6c46e5aa3a3636f110d,2025-08,City of London Police,City of London Police,-0.101589,51.513515,On or near Ludgate Square,E01032739,City of London 001F,Other theft,Investigation complete; no suspect identified,
c373c41a26b3a61e72074262e4f8ad28d25351692d6bac311fbc0021f044c683,2025-08,City of London Police,City of London Police,-0.078477,51.509965,On or near Muscovy Street,E01032739,City of London 001F,Other theft,Investigation complete; no suspect identified,
21380089a4366c3062eba3e9e4909e06fd84ea9fd980d50767990f062082979d,2025-08,City of London Police,City of London Police,-0.079521,51.511196,On or near New London Street,E01032739,City of London 001F,Other theft,Status update unavailable,
009bf1dffcfeb1850194e561909fef2f1945cc1f9fa7d1dcda66023bd1be1d81,2025-08,City of London Police,City of London Police,-0.094699,51.511830,On or near Little Trinity Lane,E01032739,City of London 001F,Other theft,Unable to prosecute suspect,
33a0b750130e2a32bbff89f71312ee24a764a469ce2421900e69491bf66c3739,2025-08,City of London Police,City of London Police,-0.078278,51.513666,On or near Mitre Street,E01032739,City of London 001F,Other theft,Court result unavailable,
47a56dc12f9a72893424feab1f279db53035f34a47dfc06218ace28c4ad084fe,2025-08,City of London Police,City of London Police,-0.083977,51.510441,On or near Lovat Lane,E01032739,City of London 001F,Other theft,Investigation complete; no suspect identified,
c3d7590b1e6db3e937b41ea1ad55b534724537407413d4423e0fc88b93c6f46b,2025-08,City of London Police,City of London Police,-0.079127,51.509607,On or near Byward Street,E01032739,City of London 001F,Other theft,Unable to prosecute suspect,
778aebaa8d5e90e912766396fa3b52cf7bc997fd48093c52c54b02b4a159ce79,2025-08,City of London Police,City of London Police,-0.077959,51.511332,On or near Crutched Friars,E01032739,City of London 001F,Other theft,Investigation complete; no suspect identified,
d40552e6818b02d35dc863260deadc0f6a69cb351a0b711afda8918b3cd7fa55,2025-08,City of London Police,City of London Police,-0.078755,51.518440,On or near Artillery Lane,E01032739,City of London 001F,Other theft,Further action is not in the public interest,
7a99cf4625b9e95edf933b478983248198dacde5b3440cf6300fd0a5e689f2ff,2025-08,City of London Police,City of London Police,-0.089208,51.509744,On or near Angel Lane,E01032739,City of London 001F,Other theft,Investigation complete; no suspect identified,
6d76146f60d805444124c00f2737dbb32043c289774b5e05b4c32a6f42190a0f,2025-08,City of London Police,City of London Police,-0.089479,51.510864,On or near Gophir Lane,E01032739,City of London 001F,Other theft,Investigation complete; no suspect identified,
7d4dd0d29fe8241ca24143fb25f9e2ab474c4c52935e4826a5814d7cae95c021,2025-08,City of London Police,City of London Police,-0.090578,51.509722,On or near Allhallows Lane,E01032739,City of London 001F,Other theft,Court result unavailable,
c929f934a161287d2373665aad6a1c761bef9b5ceac780d3bac624fe318bdd6b,2025-08,City of London Police,City of London Police,-0.083600,51.509797,On or near St Mary At Hill,E01032739,City of London 001F,Other theft,Investigation complete; no suspect identified,
be52da1a50ae467b5ae2979e61d4beee7f8f9bf4a2ec026b3db972f080b6668b,2025-08,City of London Police,City of London Police,-0.097291,51.514626,On or near Supermarket,E01032739,City of London 001F,Other theft,Investigation complete; no suspect identified,
e30151786fdbbf990e1de7de7d9fd7ee1f08b724832709b4e811e5cd2a791696,2025-08,City of London Police,City of London Police,-0.092531,51.512658,On or near Queen Street,E01032739,City of London 001F,Other theft,Investigation complete; no suspect identified,
bd1d4359c1f3082b33686755efc3512dee23099fcec76a4c1947536798415c1f,2025-08,City of London Police,City of London Police,-0.079127,51.509607,On or near Byward Street,E01032739,City of London 001F,Other theft,Unable to prosecute suspect,
92a2c2dafc169b2fa43d3b8d1a8ca4b11b92cda708d8d7281df5a3af79ef3dfb,2025-08,City of London Police,City of London Police,-0.081091,51.508820,On or near Water Lane,E01032739,City of London 001F,Other theft,Investigation complete; no suspect identified,
cb441071c70355e51222421d27b36ac391a51a21d1769ddcbae5a12e5231e5a3,2025-08,City of London Police,City of London Police,-0.081113,51.516869,On or near Bishopsgate,E01032739,City of London 001F,Other theft,Investigation complete; no suspect identified,
4526c28419974acebde906919645ea926a7366b8f9992c9dff968701b773192c,2025-08,City of London Police,City of London Police,-0.077070,51.510877,On or near Cooper'S Row,E01032739,City of London 001F,Other theft,Investigation complete; no suspect identified,
5df6270e90b6bb90215a5e3d501efc06a708e074df21f1a2c08c5438bcc53cd3,2025-08,City of London Police,City of London Police,-0.079138,51.508312,On or near Lower Thames Street,E01032739,City of London 001F,Other theft,Investigation complete; no suspect identified,
7f1e8335802e3b97579b5a701da2a7247c35dc5cb589bd8951d06d824f2b95c1,2025-08,City of London Police,City of London Police,-0.084910,51.512588,On or near Bell Inn Yard,E01032739,City of London 001F,Other theft,Unable to prosecute suspect,
1ab3624adcafaa251b548a31c5264a01fa7d793a3387ff2b0e9252f2a03038d3,2025-08,City of London Police,City of London Police,-0.086815,51.517007,On or near Circus Place,E01032739,City of London 001F,Other theft,Investigation complete; no suspect identified,
b6b3290aa92a13b9e17943310817ae5fa5980eff8571b6ed6ee7bbe430397f9c,2025-08,City of London Police,City of London Police,-0.087772,51.510665,On or near Martin Lane,E01032739,City of London 001F,Other theft,Investigation complete; no suspect identified,
d8fdf3e4514d59ea935afd3e736b9a444c2626c23f0bed6593822ae3db076571,2025-08,City of London Police,City of London Police,-0.084754,51.512882,On or near Corbet Court,E01032739,City of London 001F,Other theft,Investigation complete; no suspect identified,
7ee676949565a5ec5b35d6b3fdd06c7268cdd85fd08255bf65f9ea40525236ac,2025-08,City of London Police,City of London Police,-0.081113,51.516869,On or near Bishopsgate,E01032739,City of London 001F,Other theft,Investigation complete; no suspect identified,
9cbb6275bf76454d3b2845ba6e909e08ce66a7f5fb2c2f9d28e7ac0ce4a60035,2025-08,City of London Police,City of London Police,-0.084844,51.509700,On or near Monument Street,E01032739,City of London 001F,Other theft,Investigation complete; no suspect identified,
2b6a4c86458631001139871130c00edb2f09286a5fc2c7ca8e8ad5dd8a03777c,2025-08,City of London Police,City of London Police,-0.079838,51.514267,On or near Bury Street,E01032739,City of London 001F,Other theft,Investigation complete; no suspect identified,
d2f6f90304a60e21a63ed1a3b658572074ba70f4988732a3c2b466cc3d44adb8,2025-08,City of London Police,City of London Police,-0.084844,51.509700,On or near Monument Street,E01032739,City of London 001F,Other theft,Investigation complete; no suspect identified,
f8e9c36166969d9f53d0f7aa998486d3ce6093e571611721f0186dfafd81e98c,2025-08,City of London Police,City of London Police,-0.092531,51.512658,On or near Queen Street,E01032739,City of London 001F,Other theft,Investigation complete; no suspect identified,
354dadb9e1c09dcc5d05860aab516da41a545371e51947e3d66559b2d0cbc6ef,2025-08,City of London Police,City of London Police,-0.077070,51.510877,On or near Cooper'S Row,E01032739,City of London 001F,Other theft,Investigation complete; no suspect identified,
e8499d5c54a9156ba8a02eca594c66f931ce06222ed9cb8e115d78f6323c3e97,2025-08,City of London Police,City of London Police,-0.090578,51.509722,On or near Allhallows Lane,E01032739,City of London 001F,Other theft,Court result unavailable,
2a9c2a670db20b3c2bf9d2aa5409e94cf5be023ea1f35b4076375e2c8c9e4dcd,2025-08,City of London Police,City of London Police,-0.084844,51.510725,On or near Eastcheap,E01032739,City of London 001F,Public order,Investigation complete; no suspect identified,
1983ba7b4c710dd0162d34245d9ada4d6b0fe353e7748c41a489e0535ea8dc60,2025-08,City of London Police,City of London Police,-0.084844,51.510725,On or near Eastcheap,E01032739,City of London 001F,Public order,Court result unavailable,
875a38370c135f1f29c02ca303049d6b34319adb7bb0f544e0cd071c39a271d9,2025-08,City of London Police,City of London Police,-0.091947,51.513188,On or near Pancras Lane,E01032739,City of London 001F,Public order,Unable to prosecute suspect,
7c95090444052f8af9952b0b69e223475118cf9529e1e9a42f8c82ac93b5ebf6,2025-08,City of London Police,City of London Police,-0.095224,51.513736,On or near Shopping Area,E01032739,City of London 001F,Public order,Unable to prosecute suspect,
3851e06331247e57105be0f14059303301309c5de708ec88fd156a18e76b1a7b,2025-08,City of London Police,City of London Police,-0.077070,51.510877,On or near Cooper'S Row,E01032739,City of London 001F,Public order,Unable to prosecute suspect,
fa4a95fa9f09b59e6854a98b40cd96f65ad0d3707a58d6de7166bfe81a6fe2d1,2025-08,City of London Police,City of London Police,-0.104276,51.513712,On or near A201,E01032739,City of London 001F,Public order,Awaiting court outcome,
a54dc6c1ef1d147568d3f7e1a853c4af1a43801ecca5413745ae42946961ccef,2025-08,City of London Police,City of London Police,-0.088785,51.517102,On or near Moorgate,E01032739,City of London 001F,Public order,Court result unavailable,
c014a130b83196815dbb113c6b9e1bdbd47813d0ee9549ff3559ec8d54b4ff61,2025-08,City of London Police,City of London Police,-0.077563,51.517656,On or near Sandy'S Row,E01032739,City of London 001F,Public order,Formal action is not in the public interest,
3a3b3eb7813d923f69ef6ae24af1037cf036bb86dd6c7362fe6ef73e70733fd8,2025-08,City of London Police,City of London Police,-0.081643,51.510070,On or near Great Tower Street,E01032739,City of London 001F,Public order,Investigation complete; no suspect identified,
2de05a658ca8a4cce0f2e6c83fe2ec2ceb448e62e02fd88a2b7455c8bef707b7,2025-08,City of London Police,City of London Police,-0.081902,51.517296,On or near Liverpool Street,E01032739,City of London 001F,Public order,Unable to prosecute suspect,
fe6c3c8857f7f5b64affc907830adc5025ea0710c03736b18ee278ce06babff6,2025-08,City of London Police,City of London Police,-0.082993,51.516360,On or near Wormwood Street,E01032739,City of London 001F,Public order,Unable to prosecute suspect,
64c02be71daad800085e45bc3c29d4802493f13edd4245a8f8ac4ef585612adc,2025-08,City of London Police,City of London Police,-0.081113,51.516869,On or near Bishopsgate,E01032739,City of London 001F,Public order,Unable to prosecute suspect,
5dd6ce246ead94afe88ea4218723590c1cbe79b3eee2845de3645a4e93ca2b9d,2025-08,City of London Police,City of London Police,-0.084754,51.512882,On or near Corbet Court,E01032739,City of London 001F,Public order,Unable to prosecute suspect,
f6ee76dd5b48160f48fb40ed00dd12c3113dd215d614d6f0802bf0f8778f093d,2025-08,City of London Police,City of London Police,-0.095924,51.513882,On or near Shopping Area,E01032739,City of London 001F,Public order,Investigation complete; no suspect identified,
d3acbb23d712a95e234754871b411af60056d4c3a6984af5eb8da490d8d59aee,2025-08,City of London Police,City of London Police,-0.090578,51.509722,On or near Allhallows Lane,E01032739,City of London 001F,Public order,Unable to prosecute suspect,
98a4a81b805b8a235a04d85031a4c789da97e33d08342c1358551a97e0cc33d8,2025-08,City of London Police,City of London Police,-0.081902,51.517296,On or near Liverpool Street,E01032739,City of London 001F,Public order,Unable to prosecute suspect,
fe29d407089005cf3f953391bad74538988951bd55710cb083f590d53540927f,2025-08,City of London Police,City of London Police,-0.089808,51.517461,On or near London Wall,E01032739,City of London 001F,Public order,Investigation complete; no suspect identified,
efabb24bdeda87f37e6341c9e235ea7406e66a0349da241e8679335d876c4b99,2025-08,City of London Police,City of London Police,-0.079883,51.517326,On or near New Street,E01032739,City of London 001F,Public order,Investigation complete; no suspect identified,
222106b7712a78685feb1a2de1032a27d31fc6cb89bb4916f5c46ee3974caef2,2025-08,City of London Police,City of London Police,-0.081113,51.516869,On or near Bishopsgate,E01032739,City of London 001F,Public order,Awaiting court outcome,
29a53d373942ba7f3b52cea4de415fc6d9d88629e6b451204d6a42c56d332bf7,2025-08,City of London Police,City of London Police,-0.079907,51.517785,On or near Victoria Avenue,E01032739,City of London 001F,Public order,Court result unavailable,
3e5fd93cd56c740649b654a9fd195d91652ee23dc0f6fdb0c5c8278e0dbd2f02,2025-08,City of London Police,City of London Police,-0.095224,51.513736,On or near Shopping Area,E01032739,City of London 001F,Public order,Unable to prosecute suspect,
638c2f3a62abb3143bad7eb86af63c961baa324eca87596571a19ce1e489330a,2025-08,City of London Police,City of London Police,-0.081113,51.516869,On or near Bishopsgate,E01032739,City of London 001F,Public order,Unable to prosecute suspect,
c56f099279574785376607c57c2af2548ce146b3cf44c2f7c7dc0a48c6e3abfd,2025-08,City of London Police,City of London Police,-0.104276,51.513712,On or near A201,E01032739,City of London 001F,Public order,Unable to prosecute suspect,
d824ec38a514e8c21a27ebf962349556810d5425213faef488094f65d3b92869,2025-08,City of London Police,City of London Police,-0.101906,51.511794,On or near Theatre/Concert Hall,E01032739,City of London 001F,Public order,Unable to prosecute suspect,
38efb0df9c3fae2fa25db8f237986c5b46590f964e1d14511520a7dd9bee3f9b,2025-08,City of London Police,City of London Police,-0.087772,51.510665,On or near Martin Lane,E01032739,City of London 001F,Public order,Unable to prosecute suspect,
0f41eee27a175474f2757589eb4e0de3f7f43ff6481df8bd133d104e76a9887e,2025-08,City of London Police,City of London Police,-0.084844,51.510725,On or near Eastcheap,E01032739,City of London 001F,Public order,Awaiting court outcome,
f39b606807161561278bbf0d337f527c73baf9da444681091060ff2b67842334,2025-08,City of London Police,City of London Police,-0.084844,51.510725,On or near Eastcheap,E01032739,City of London 001F,Public order,Unable to prosecute suspect,
6e2f4e78a2e1ff6361898fb3a42f451da8de9d3f34bfab0165420de9d69d3930,2025-08,City of London Police,City of London Police,-0.082993,51.516360,On or near Wormwood Street,E01032739,City of London 001F,Public order,Court result unavailable,
a2fb313e5438e4e6b1470279a6b3b767a6fefa4b43536f3640bc29dcbb424843,2025-08,City of London Police,City of London Police,-0.088785,51.517102,On or near Moorgate,E01032739,City of London 001F,Public order,Unable to prosecute suspect,
e8d07405607a65b75eb42642a849adeb641422676d2f7cc4a77e0b68a84603c8,2025-08,City of London Police,City of London Police,-0.101292,51.514770,On or near Amen Court,E01032739,City of London 001F,Public order,Unable to prosecute suspect,
3d2654721fc4429c89fc899ca6f251c77740d38f7b8c684c9feaa04e5eb5382a,2025-08,City of London Police,City of London Police,-0.084836,51.511939,On or near Shopping Area,E01032739,City of London 001F,Public order,Unable to prosecute suspect,
6b02b0bfca0f0cf16b754df78921d77b12087be2afda349fb5d194d70fc5270f,2025-08,City of London Police,City of London Police,-0.077563,51.517656,On or near Sandy'S Row,E01032739,City of London 001F,Public order,Unable to prosecute suspect,
1752a62151e3243db43c1407961ac56e5731dcd2ca58bfb722e5c1157a7a4017,2025-08,City of London Police,City of London Police,-0.095924,51.513882,On or near Shopping Area,E01032739,City of London 001F,Public order,Unable to prosecute suspect,
a5de617c3f1161a4aaa559f78b7457e40c2abe6fb42fb2ae7d9ebd0a73a18c2a,2025-08,City of London Police,City of London Police,-0.081973,51.515948,On or near A10,E01032739,City of London 001F,Public order,Unable to prosecute suspect,
69092e3609d64dbfed306747f5da8cf64709fa49d6178e9e09904baf444b013d,2025-08,City of London Police,City of London Police,-0.081902,51.517296,On or near Liverpool Street,E01032739,City of London 001F,Public order,Unable to prosecute suspect,
8bcf72d43edec1eb802630111d53bf22531ad866dbd3cf3ace87da5e46f20410,2025-08,City of London Police,City of London Police,-0.083349,51.514830,On or near Shopping Area,E01032739,City of London 001F,Public order,Unable to prosecute suspect,
33dd916a55e3fbe931b9f40275d544e6a3c9f436f63da1566f7d83f69cf2bb6e,2025-08,City of London Police,City of London Police,-0.082993,51.516360,On or near Wormwood Street,E01032739,City of London 001F,Public order,Unable to prosecute suspect,
aafd30a72d4dfb9c873c109c829153276466c85e79339438b1592e25d70b1621,2025-08,City of London Police,City of London Police,-0.081902,51.517296,On or near Liverpool Street,E01032739,City of London 001F,Public order,Unable to prosecute suspect,
4f4682aaa582e69505bf0c2f2309a5bfe226fe6c761d0a24c79d98beb1171dfd,2025-08,City of London Police,City of London Police,-0.097291,51.514626,On or near Supermarket,E01032739,City of London 001F,Robbery,Unable to prosecute suspect,
eaf1404b2eb2f0d7022fc9d672ebe973991f7fec5ed7b7c2c773e65db86bc027,2025-08,City of London Police,City of London Police,-0.081902,51.517296,On or near Liverpool Street,E01032739,City of London 001F,Robbery,Awaiting court outcome,
9a80e5904204a8af47f583d02c796dca1498c276a3c7df002d985263d4910a7a,2025-08,City of London Police,City of London Police,-0.078755,51.518440,On or near Artillery Lane,E01032739,City of London 001F,Robbery,Investigation complete; no suspect identified,
fb45106fba441499c9e00b3449b0c7258a65a535c2a13301932a54638f5b95dc,2025-08,City of London Police,City of London Police,-0.084754,51.512882,On or near Corbet Court,E01032739,City of London 001F,Robbery,Investigation complete; no suspect identified,
2d65d939acb3a8e239390b17367c76429c4b2cd7643c3427f632a7da3adda309,2025-08,City of London Police,City of London Police,-0.078278,51.513666,On or near Mitre Street,E01032739,City of London 001F,Robbery,Investigation complete; no suspect identified,
ce5900dd719bd36aca6d79bd3c4a80c2f185c0f305492a07f759b68e22813802,2025-08,City of London Police,City of London Police,-0.078278,51.513666,On or near Mitre Street,E01032739,City of London 001F,Robbery,Investigation complete; no suspect identified,
395d6adb747b821919ea13ca35a0f08cd5d33c64196f8aafd0ca995dbcc9cc38,2025-08,City of London Police,City of London Police,-0.081113,51.516869,On or near Bishopsgate,E01032739,City of London 001F,Robbery,Unable to prosecute suspect,
4e5135da34406e7c1453ccb1704ab402fb112844ede4a90abb431de5634e6f7e,2025-08,City of London Police,City of London Police,-0.084844,51.510725,On or near Eastcheap,E01032739,City of London 001F,Robbery,Investigation complete; no suspect identified,
0e8f73e2d60d22aa03c311f04dcb19e835f40e0306e51652456721289a34b3a6,2025-08,City of London Police,City of London Police,-0.096501,51.513874,On or near New Change,E01032739,City of London 001F,Robbery,Investigation complete; no suspect identified,
f5f1d7b19e87f99f911f537e8e561fa99c94fb6370ff84b1b13d5201eadbefc5,2025-08,City of London Police,City of London Police,-0.086815,51.517007,On or near Circus Place,E01032739,City of London 001F,Robbery,Unable to prosecute suspect,
18b71097b2ef4dd46a20becb6b92b3c3030637f7f8972221c82fc5902da66b80,2025-08,City of London Police,City of London Police,-0.081902,51.517296,On or near Liverpool Street,E01032739,City of London 001F,Robbery,Investigation complete; no suspect identified,
f8bc22110b3d097fdd28121a987c5f2f3d3b7da9712e3c24595123b6956c8cc3,2025-08,City of London Police,City of London Police,-0.097291,51.514626,On or near Supermarket,E01032739,City of London 001F,Robbery,Unable to prosecute suspect,
54277056a5144e884f9fae72234f783ee478b37a26639ef345d5be64cb6fe322,2025-08,City of London Police,City of London Police,-0.101963,51.510761,On or near Ferry Terminal,E01032739,City of London 001F,Robbery,Unable to prosecute suspect,
70c0ec2cff08fda24490e799751a76f98c1acf41f974fa6d2a57c2c7030a0ed7,2025-08,City of London Police,City of London Police,-0.079883,51.517326,On or near New Street,E01032739,City of London 001F,Robbery,Unable to prosecute suspect,
57d0a426e9b728aa547798cb7ef843a74b04b8e100c3cb3d9e190a5c99260481,2025-08,City of London Police,City of London Police,-0.081902,51.517296,On or near Liverpool Street,E01032739,City of London 001F,Robbery,Investigation complete; no suspect identified,
15480c058c81042ed1f1b3d60517835be8bed607f414d60cd8ca1187b11b6a10,2025-08,City of London Police,City of London Police,-0.088785,51.517102,On or near Moorgate,E01032739,City of London 001F,Robbery,Unable to prosecute suspect,
e8094a18579f6f88056131466c1a0bd1ebb609538572aab8304089647211d60a,2025-08,City of London Police,City of London Police,-0.100888,51.514448,On or near Amen Corner,E01032739,City of London 001F,Robbery,Investigation complete; no suspect identified,
539d436806f797ec7ede79a3d0911e5b563da1bd30e5714f85f841c9af4fdf07,2025-08,City of London Police,City of London Police,-0.094070,51.513079,On or near Watling Street,E01032739,City of London 001F,Shoplifting,Court result unavailable,
3b4464725a56b448ff531f5a9d110cc9fa2e9dc72da425544360b514135cf676,2025-08,City of London Police,City of London Police,-0.087772,51.510665,On or near Martin Lane,E01032739,City of London 001F,Shoplifting,Unable to prosecute suspect,
eb6b7bfd432531a422c360da8c49c7406d07d4a3fb366161bab4f82c419edfd9,2025-08,City of London Police,City of London Police,-0.095224,51.513736,On or near Shopping Area,E01032739,City of London 001F,Shoplifting,Investigation complete; no suspect identified,
e22914100211387e89416bc2ca5889caa26dd78c0860ae3847be557ff473da16,2025-08,City of London Police,City of London Police,-0.085089,51.512105,On or near Gracechurch Street,E01032739,City of London 001F,Shoplifting,Unable to prosecute suspect,
7cd65b63f048f702b47802378c95c0886585710494ac0dd10a55b0c814db04e4,2025-08,City of London Police,City of London Police,-0.079883,51.517326,On or near New Street,E01032739,City of London 001F,Shoplifting,Local resolution,
3d509795156156acbc9d3689b562ddcf2a94ce938bce176af05dc8261653b0cb,2025-08,City of London Police,City of London Police,-0.091540,51.511896,On or near Cannon Street,E01032739,City of London 001F,Shoplifting,Unable to prosecute suspect,
c7c34417144d8a926457aab247465b6fe0c57e5715d5967f915282e63319a382,2025-08,City of London Police,City of London Police,-0.081902,51.517296,On or near Liverpool Street,E01032739,City of London 001F,Shoplifting,Unable to prosecute suspect,
ce5d25748a5d3951f607060950a60db7acdc3ea42cddf28411fd7cc9abed64b8,2025-08,City of London Police,City of London Police,-0.095924,51.513882,On or near Shopping Area,E01032739,City of London 001F,Shoplifting,Investigation complete; no suspect identified,
8bc711376e64b348725695c041c500ff1b07bfbf7312de1a3a302ffddacb8756,2025-08,City of London Police,City of London Police,-0.082993,51.516360,On or near Wormwood Street,E01032739,City of London 001F,Shoplifting,Investigation complete; no suspect identified,
ce3544b0b4a0443468ed5609b35faa2fc08dbccf71b09d4493e5def569e46461,2025-08,City of London Police,City of London Police,-0.096501,51.513874,On or near New Change,E01032739,City of London 001F,Shoplifting,Local resolution,
00b29a2af9fcfc7e2b10be554c58cf1d954470167e0b1c169383b7efe2fa3dba,2025-08,City of London Police,City of London Police,-0.079883,51.517326,On or near New Street,E01032739,City of London 001F,Shoplifting,Unable to prosecute suspect,
a379330e232aa961529d9133a296323bbbcd55383255a1ee7bc8fa3eba28e1ee,2025-08,City of London Police,City of London Police,-0.079883,51.517326,On or near New Street,E01032739,City of London 001F,Shoplifting,Court result unavailable,
31eaa0ab884022dbaf04dbbe2d43cce77356d4ad38643af4a4f4866c07aa8a55,2025-08,City of London Police,City of London Police,-0.081902,51.517296,On or near Liverpool Street,E01032739,City of London 001F,Shoplifting,Court result unavailable,
ffca8b1dd91e402aa07fa82dfaaffc4de5f0ce98696ed723651cb3406f563545,2025-08,City of London Police,City of London Police,-0.095224,51.513736,On or near Shopping Area,E01032739,City of London 001F,Shoplifting,Investigation complete; no suspect identified,
9c71f9e3556d762ea43c07877d80c26378b356c723ce3307e246931ca40f2dfe,2025-08,City of London Police,City of London Police,-0.081902,51.517296,On or near Liverpool Street,E01032739,City of London 001F,Shoplifting,Investigation complete; no suspect identified,
17c4efbbf1d239857175411c5fa1efd741a08d343ef0aa9d6d3b63c08556e727,2025-08,City of London Police,City of London Police,-0.104276,51.513712,On or near A201,E01032739,City of London 001F,Shoplifting,Unable to prosecute suspect,
2f4465f6a6338de642799093bd889c055dfad3fdd8600a2808b51f6199325d49,2025-08,City of London Police,City of London Police,-0.079883,51.517326,On or near New Street,E01032739,City of London 001F,Shoplifting,Unable to prosecute suspect,
e5f9ce6a27b977164059051d4501b5d9c2f01f94503f37ddadc7434c31284db0,2025-08,City of London Police,City of London Police,-0.081902,51.517296,On or near Liverpool Street,E01032739,City of London 001F,Shoplifting,Investigation complete; no suspect identified,
5a93a778c12536c6392db8081f0cd59b63f2573e4c70e772bae740cb98d65178,2025-08,City of London Police,City of London Police,-0.084836,51.511939,On or near Shopping Area,E01032739,City of London 001F,Shoplifting,Unable to prosecute suspect,
ce165a4bb753f69943cfd91e6f3c7b75f8d74e4aed2eb636f7dfd19b5377283a,2025-08,City of London Police,City of London Police,-0.082993,51.516360,On or near Wormwood Street,E01032739,City of London 001F,Shoplifting,Investigation complete; no suspect identified,
65b4319335e5afb16a638c0152da82dc8271955cf03720133c41a0b38a3180a8,2025-08,City of London Police,City of London Police,-0.078278,51.513666,On or near Mitre Street,E01032739,City of London 001F,Shoplifting,Investigation complete; no suspect identified,
819f5b9a15eb252858d0ed375e44b923f50b195db672d7ea2e7b903fbce3e648,2025-08,City of London Police,City of London Police,-0.081113,51.516869,On or near Bishopsgate,E01032739,City of London 001F,Shoplifting,Unable to prosecute suspect,
29e1b5ee412855091893a9a19fa41e4e65c78f1a3edf71048de2eec49aa08ed0,2025-08,City of London Police,City of London Police,-0.095224,51.513736,On or near Shopping Area,E01032739,City of London 001F,Shoplifting,Investigation complete; no suspect identified,
40290d98d2c212c720973652abfbfa4ba759ca42fff0d87f03fcb134107441f3,2025-08,City of London Police,City of London Police,-0.079883,51.517326,On or near New Street,E01032739,City of London 001F,Shoplifting,Unable to prosecute suspect,
6bcfb601672548dd5ccb7082ecfed93ccea71826c76a5ededc16a946039c46cb,2025-08,City of London Police,City of London Police,-0.085089,51.512105,On or near Gracechurch Street,E01032739,City of London 001F,Shoplifting,Investigation complete; no suspect identified,
495d3344af3828ef2011fa67fc614c56f50366d6d9aa62f23f01c8db4bb48ced,2025-08,City of London Police,City of London Police,-0.094070,51.513079,On or near Watling Street,E01032739,City of London 001F,Shoplifting,Investigation complete; no suspect identified,
45971c7ee8bec3a2ef726bfd7bd5bc61b97edb144af974a46474fbf532f73178,2025-08,City of London Police,City of London Police,-0.078278,51.513666,On or near Mitre Street,E01032739,City of London 001F,Shoplifting,Court result unavailable,
b153d42014a02d74f09b43b4d4a447716fe97e52cdb501bf29b08c0513746fd0,2025-08,City of London Police,City of London Police,-0.095924,51.513882,On or near Shopping Area,E01032739,City of London 001F,Shoplifting,Investigation complete; no suspect identified,
52c6217e82b461a545d0361aa0f829abc9f0557a216bdd85814340e79099e73a,2025-08,City of London Police,City of London Police,-0.079883,51.517326,On or near New Street,E01032739,City of London 001F,Shoplifting,Unable to prosecute suspect,
8ca91c1d9be200a9d273b36f93cb67cf3a8f099001e8e9044a4565d56fd2d37a,2025-08,City of London Police,City of London Police,-0.082993,51.516360,On or near Wormwood Street,E01032739,City of London 001F,Shoplifting,Investigation complete; no suspect identified,
05f9a95061c4e96ef8a84dbbd59e9deec5180b1272b0bca32831670927123e69,2025-08,City of London Police,City of London Police,-0.079907,51.517785,On or near Victoria Avenue,E01032739,City of London 001F,Shoplifting,Investigation complete; no suspect identified,
428ca23f89cb501dd38f2e2e6f97cbeb52b478729a0449e55710416ef7ebf7f2,2025-08,City of London Police,City of London Police,-0.085089,51.512105,On or near Gracechurch Street,E01032739,City of London 001F,Shoplifting,Investigation complete; no suspect identified,
5ca47eb142b9a88b97bb21a9df02a9201885c6c3e765f9124376295d65039cca,2025-08,City of London Police,City of London Police,-0.094070,51.513079,On or near Watling Street,E01032739,City of London 001F,Shoplifting,Unable to prosecute suspect,
4db5d5211f9b1be3eae849e8351678b837d5d2fa5213efb5585c2824fc6abda5,2025-08,City of London Police,City of London Police,-0.094070,51.513079,On or near Watling Street,E01032739,City of London 001F,Shoplifting,Investigation complete; no suspect identified,
98c298d49b9bc68952c19db10dc07833fbb4b1b6a74c570079b1196e0290c39c,2025-08,City of London Police,City of London Police,-0.084836,51.511939,On or near Shopping Area,E01032739,City of London 001F,Shoplifting,Court result unavailable,
fdfe5ebb991090c2f0d03976f60766b6b4ffc1a761cfe90255a7b8589d2fafb9,2025-08,City of London Police,City of London Police,-0.079883,51.517326,On or near New Street,E01032739,City of London 001F,Shoplifting,Court result unavailable,
6c54308cbe2a83f4c4cc1c9362fb0853091a2748dc796a35b13dfd7adb5cf88d,2025-08,City of London Police,City of London Police,-0.079907,51.517785,On or near Victoria Avenue,E01032739,City of London 001F,Shoplifting,Investigation complete; no suspect identified,
d8c8b6f82fe34c424c0296576e63f53e02fe1e0e4725cdfca911a8034fd0634d,2025-08,City of London Police,City of London Police,-0.094070,51.513079,On or near Watling Street,E01032739,City of London 001F,Shoplifting,Investigation complete; no suspect identified,
7d36c44927dfd414fb3991f5a932e722a29831c1f6d5394a4aa60c3cf2910316,2025-08,City of London Police,City of London Police,-0.085089,51.512105,On or near Gracechurch Street,E01032739,City of London 001F,Shoplifting,Local resolution,
e7292b951a5ed408dee35845b3fd64b494f99aac42083b562e9730b871c816a7,2025-08,City of London Police,City of London Police,-0.084910,51.512588,On or near Bell Inn Yard,E01032739,City of London 001F,Shoplifting,Court result unavailable,
6b14f7299a149bc8df56b496c6b8f3cbc1a564abc840f4d9e89da9eb29de59fc,2025-08,City of London Police,City of London Police,-0.079883,51.517326,On or near New Street,E01032739,City of London 001F,Shoplifting,Unable to prosecute suspect,
09391541aff3bbd067e1ee3bac525ff501da018e3fe075d42fd1cf8ebfef35b9,2025-08,City of London Police,City of London Police,-0.079883,51.517326,On or near New Street,E01032739,City of London 001F,Shoplifting,Unable to prosecute suspect,
a6786e6c315a7e0be7184615737f97ccece562ad03f082451dbb14fd32902c1d,2025-08,City of London Police,City of London Police,-0.097291,51.514626,On or near Supermarket,E01032739,City of London 001F,Shoplifting,Investigation complete; no suspect identified,
c0f2e260cb2452ae1ede5e656ce4cebc473b1261883cf4eca3437dae1a77195b,2025-08,City of London Police,City of London Police,-0.079883,51.517326,On or near New Street,E01032739,City of London 001F,Shoplifting,Investigation complete; no suspect identified,
a08cd9b410b91a62bc6aad4261e5ce1b77ef4587f9f0663451e974792ed7d16d,2025-08,City of London Police,City of London Police,-0.081902,51.517296,On or near Liverpool Street,E01032739,City of London 001F,Shoplifting,Investigation complete; no suspect identified,
61f775e8b1832cd5d5d7436c7650fcf3b9e4a939a4e762404cbaa52b99e7038c,2025-08,City of London Police,City of London Police,-0.097291,51.514626,On or near Supermarket,E01032739,City of London 001F,Shoplifting,Investigation complete; no suspect identified,
465ff6674f63716066e67a67d48e0b034fca93562c3985bb8016be3c450675ef,2025-08,City of London Police,City of London Police,-0.078278,51.513666,On or near Mitre Street,E01032739,City of London 001F,Shoplifting,Unable to prosecute suspect,
a9376fbf6f69aeecf8be09a64df7d374126c41ec5bdce4779ca83de5033e736e,2025-08,City of London Police,City of London Police,-0.087772,51.510665,On or near Martin Lane,E01032739,City of London 001F,Shoplifting,Unable to prosecute suspect,
baac90a896d736d82c7881db34a13095715fd432051aa65d9ff8ac8f722e2a54,2025-08,City of London Police,City of London Police,-0.086815,51.517007,On or near Circus Place,E01032739,City of London 001F,Shoplifting,Court result unavailable,
e811f7ac35dbe9b946d40f95d54724ecb426d8aef71e50e9baa4511604ff904c,2025-08,City of London Police,City of London Police,-0.079883,51.517326,On or near New Street,E01032739,City of London 001F,Shoplifting,Local resolution,
d7ff798fad635e4d3c2558d92cc52175f8bed5878b418f40ebf2996cf8f974d6,2025-08,City of London Police,City of London Police,-0.094070,51.513079,On or near Watling Street,E01032739,City of London 001F,Shoplifting,Investigation complete; no suspect identified,
9b3ae557698083ee9ee03bb37e4ef9c29f3431f7dc1bf829768f3e4ca8458060,2025-08,City of London Police,City of London Police,-0.088903,51.510836,On or near Laurence Pountney Hill,E01032739,City of London 001F,Shoplifting,Investigation complete; no suspect identified,
0d3aaf9680eca400e58ca195ab36110ed631892ea3dcd9741ac69d823260c22b,2025-08,City of London Police,City of London Police,-0.086815,51.517007,On or near Circus Place,E01032739,City of London 001F,Shoplifting,Court result unavailable,
6483cf5b1857717b4a1439f576b8059d403434482af9ed7a292cf31a6a192fd6,2025-08,City of London Police,City of London Police,-0.081902,51.517296,On or near Liverpool Street,E01032739,City of London 001F,Shoplifting,Court result unavailable,
609773c4274973bff0fe9a7b04b650c43126d685eef9dfc1da7d9ff74cb6c040,2025-08,City of London Police,City of London Police,-0.081902,51.517296,On or near Liverpool Street,E01032739,City of London 001F,Shoplifting,Unable to prosecute suspect,
cb613ad76e3bad033b6cf70d882d3929527905e94262d8ca4031e8e13b15445e,2025-08,City of London Police,City of London Police,-0.084836,51.511939,On or near Shopping Area,E01032739,City of London 001F,Shoplifting,Court result unavailable,
d8d0ae75231d81ec2d20e958b31815fc4aab0158a8da70b43c3e3ead7f3a4794,2025-08,City of London Police,City of London Police,-0.082993,51.516360,On or near Wormwood Street,E01032739,City of London 001F,Shoplifting,Investigation complete; no suspect identified,
1cd3efb038e3fc706cb7c761740163fbd0f413ae480cab81d51c8c4fabf5ebd2,2025-08,City of London Police,City of London Police,-0.079883,51.517326,On or near New Street,E01032739,City of London 001F,Shoplifting,Unable to prosecute suspect,
3a234af4f7ff4e17beebfe7e69b06d56d825c591f3f79b43d053ad9cf630c694,2025-08,City of London Police,City of London Police,-0.094070,51.513079,On or near Watling Street,E01032739,City of London 001F,Shoplifting,Investigation complete; no suspect identified,
0b53f2911ce59a3f7a713568832657222fd733a2c9c93c0a7fee98404d84e500,2025-08,City of London Police,City of London Police,-0.079138,51.508312,On or near Lower Thames Street,E01032739,City of London 001F,Shoplifting,Investigation complete; no suspect identified,
e938b0a35538890292f8532a2db05fa48b763acdd37798da1b6a0c2960ad109d,2025-08,City of London Police,City of London Police,-0.079138,51.508312,On or near Lower Thames Street,E01032739,City of London 001F,Shoplifting,Investigation complete; no suspect identified,
9d7a7b19d84d7db8793471ae438679c26b29ea87de29000b359be6ad08317cd7,2025-08,City of London Police,City of London Police,-0.079138,51.508312,On or near Lower Thames Street,E01032739,City of London 001F,Shoplifting,Investigation complete; no suspect identified,
efcf3c3f381a0ffb0cd468beca78c7262c1f6789afc521978c61e3ecd8d3c95f,2025-08,City of London Police,City of London Police,-0.084836,51.511939,On or near Shopping Area,E01032739,City of London 001F,Shoplifting,Court result unavailable,
7411b0703d11fe70b5827644268c94d524713bcec9983b424a2c9e4f49417434,2025-08,City of London Police,City of London Police,-0.079907,51.517785,On or near Victoria Avenue,E01032739,City of London 001F,Shoplifting,Local resolution,
5e39869677294dc4b2a20144c6c9ba02d623b6bc6a8433e6e112ab0965921e83,2025-08,City of London Police,City of London Police,-0.093339,51.511557,On or near Conference/Exhibition Centre,E01032739,City of London 001F,Shoplifting,Unable to prosecute suspect,
396311c314fd7d309a476ec19bea4ede5b38d1d845e493eee96383d6ecc75acd,2025-08,City of London Police,City of London Police,-0.079907,51.517785,On or near Victoria Avenue,E01032739,City of London 001F,Shoplifting,Unable to prosecute suspect,
d4eeb768483c195e26109b777d7c456b58e382c1d1d461d9b6a56b6faa1b0373,2025-08,City of London Police,City of London Police,-0.085089,51.512105,On or near Gracechurch Street,E01032739,City of London 001F,Shoplifting,Unable to prosecute suspect,
da8e1df01685f5b6643a4005e86af3d135d388650fb8cbad3a86347d849468d5,2025-08,City of London Police,City of London Police,-0.079883,51.517326,On or near New Street,E01032739,City of London 001F,Shoplifting,Unable to prosecute suspect,
c5b421bc9dd30665a02cd575cec33ea21818387e79a7dcc2dff7a767f6e1ca9b,2025-08,City of London Police,City of London Police,-0.078278,51.513666,On or near Mitre Street,E01032739,City of London 001F,Shoplifting,Unable to prosecute suspect,
bc3e5bb25938c8ea36c98d9ac923cbe0dffdaacf6cced719037f16e02cdd8cf7,2025-08,City of London Police,City of London Police,-0.095924,51.513882,On or near Shopping Area,E01032739,City of London 001F,Shoplifting,Court result unavailable,
6c31246cb9580f022eedf9d93cd728b9ac7c0c9db6a3f1afca0a890f9ad8a7b8,2025-08,City of London Police,City of London Police,-0.085089,51.512105,On or near Gracechurch Street,E01032739,City of London 001F,Shoplifting,Status update unavailable,
c21f151a3f2ff4dfb2e493a0d05b04b2aac8c784693891e089771eaea2556cd9,2025-08,City of London Police,City of London Police,-0.085089,51.512105,On or near Gracechurch Street,E01032739,City of London 001F,Shoplifting,Unable to prosecute suspect,
6851420cb4b3739d909cc0026d9f5df3724f604fba34295458a78a2dbbf7b61e,2025-08,City of London Police,City of London Police,-0.086815,51.517007,On or near Circus Place,E01032739,City of London 001F,Shoplifting,Unable to prosecute suspect,
b85e928978dabea0f177697e91944f1817316cfc3664426d0d3f126b6ce11c59,2025-08,City of London Police,City of London Police,-0.086815,51.517007,On or near Circus Place,E01032739,City of London 001F,Shoplifting,Investigation complete; no suspect identified,
80a5b0cbbeced0b2378bfa38328a6c958dae0b22d6ec92ba3ce2a19aebb3be78,2025-08,City of London Police,City of London Police,-0.079883,51.517326,On or near New Street,E01032739,City of London 001F,Shoplifting,Local resolution,
0923d1b5f58c66c3ae521e21d5ca6b3231723cb56afd2b153e2401f46554a6ab,2025-08,City of London Police,City of London Police,-0.095224,51.513736,On or near Shopping Area,E01032739,City of London 001F,Shoplifting,Investigation complete; no suspect identified,
423ccfa2f20b3d4e8ece68043d924b86861d4db40a7a16bb87f055ff8a9a980b,2025-08,City of London Police,City of London Police,-0.097291,51.514626,On or near Supermarket,E01032739,City of London 001F,Shoplifting,Unable to prosecute suspect,
160efdf260aefad33b99ee601d6009b7295a6f9122157e2b50f1657679e75938,2025-08,City of London Police,City of London Police,-0.081643,51.510070,On or near Great Tower Street,E01032739,City of London 001F,Shoplifting,Local resolution,
772002de3d3b6021dd0a367ab554ad0ea54780cfe0b548aeeb5bab959bc0d298,2025-08,City of London Police,City of London Police,-0.091947,51.513188,On or near Pancras Lane,E01032739,City of London 001F,Shoplifting,Investigation complete; no suspect identified,
3d1e602903024eae8605c8a950d43f1942d071b56140d913084a190a9764a696,2025-08,City of London Police,City of London Police,-0.095224,51.513736,On or near Shopping Area,E01032739,City of London 001F,Shoplifting,Investigation complete; no suspect identified,
5b89c46649a8e85332e2bba49950c6ea1e0d18b4e233fceda4e0ae857bad48f2,2025-08,City of London Police,City of London Police,-0.095224,51.513736,On or near Shopping Area,E01032739,City of London 001F,Shoplifting,Investigation complete; no suspect identified,
37080ebdbd11aefbe777193ac49e47035d6c4e7851415a1de7e732f729c14f07,2025-08,City of London Police,City of London Police,-0.079883,51.517326,On or near New Street,E01032739,City of London 001F,Shoplifting,Court result unavailable,
f5008d64914a13420557d3d06e2a2afadd7e6623ea15492e4e7ae1cc6e50d905,2025-08,City of London Police,City of London Police,-0.095924,51.513882,On or near Shopping Area,E01032739,City of London 001F,Shoplifting,Investigation complete; no suspect identified,
9e5a3da8958e84c9e7c48c2da493e4ae96289f00d10f52aa37ab3685da5d1f06,2025-08,City of London Police,City of London Police,-0.078278,51.513666,On or near Mitre Street,E01032739,City of London 001F,Shoplifting,Unable to prosecute suspect,
c90ea4911e3d1d5f1a56ac00bc3e4ee76fb40dda3725aa32f85cd258dd85bf18,2025-08,City of London Police,City of London Police,-0.086815,51.517007,On or near Circus Place,E01032739,City of London 001F,Shoplifting,Investigation complete; no suspect identified,
eddaf3f0e54563c577a41c247c50545c6c398212fbb6377804a5afe70e7dd671,2025-08,City of London Police,City of London Police,-0.095224,51.513736,On or near Shopping Area,E01032739,City of London 001F,Shoplifting,Investigation complete; no suspect identified,
e814c5a2747c4c5207b3524237e8e79112c06afa96cc7426a35b94936a66c7c9,2025-08,City of London Police,City of London Police,-0.095924,51.513882,On or near Shopping Area,E01032739,City of London 001F,Shoplifting,Investigation complete; no suspect identified,
beea7655073bec6fec20476c2e4df4501b7019a8d5c51f5ac0d9f5a797529aa1,2025-08,City of London Police,City of London Police,-0.095224,51.513736,On or near Shopping Area,E01032739,City of London 001F,Shoplifting,Investigation complete; no suspect identified,
f694d86177e6fe3af85b9b5483c571da33a2c11df2d5504fa78add2174bc732f,2025-08,City of London Police,City of London Police,-0.079883,51.517326,On or near New Street,E01032739,City of London 001F,Shoplifting,Court result unavailable,
1fac51784d7a4df003398b102db21156ab325b43b7adcd995905e18943a5394f,2025-08,City of London Police,City of London Police,-0.085089,51.512105,On or near Gracechurch Street,E01032739,City of London 001F,Shoplifting,Investigation complete; no suspect identified,
b935a9732ddf513b778475bd4139568024530cde2060de70325abd03545f03cf,2025-08,City of London Police,City of London Police,-0.100201,51.513286,On or near Dean'S Court,E01032739,City of London 001F,Theft from the person,Investigation complete; no suspect identified,
922a1308282946f6c9a5a32ebf5de05c497571a60d37dd20325e6f334455a398,2025-08,City of London Police,City of London Police,-0.089808,51.517461,On or near London Wall,E01032739,City of London 001F,Theft from the person,Investigation complete; no suspect identified,
13150d4a0623f7315b83f6352b1538f319d1676c8139d141d9d58e1edfd1f426,2025-08,City of London Police,City of London Police,-0.091540,51.511896,On or near Cannon Street,E01032739,City of London 001F,Theft from the person,Investigation complete; no suspect identified,
f7a5a37e554fcbc1f1e5ab14ea7ccb8a7a6132014630db8b8067d9bbef07bec7,2025-08,City of London Police,City of London Police,-0.079127,51.509607,On or near Byward Street,E01032739,City of London 001F,Theft from the person,Investigation complete; no suspect identified,
fa6df38aa84c1f367134e5a4948244677dcefdef6b8fafca1fefbcf27821ea11,2025-08,City of London Police,City of London Police,-0.090578,51.509722,On or near Allhallows Lane,E01032739,City of London 001F,Theft from the person,Investigation complete; no suspect identified,
756346f5cd8405d8ec60220fc1270b62da9159010be84f4e3c93760bb2f58826,2025-08,City of London Police,City of London Police,-0.089208,51.509744,On or near Angel Lane,E01032739,City of London 001F,Theft from the person,Unable to prosecute suspect,
1afafcb96bdb63ff947f717f410f7bf3ad143140b9bbc9efa45a2fdfed312343,2025-08,City of London Police,City of London Police,-0.082993,51.516360,On or near Wormwood Street,E01032739,City of London 001F,Theft from the person,Investigation complete; no suspect identified,
c81087ef5e7ad475a55a6c1e95ad6123b4e28e32c1d4fee2a37c47e0077ad1a0,2025-08,City of London Police,City of London Police,-0.081113,51.516869,On or near Bishopsgate,E01032739,City of London 001F,Theft from the person,Investigation complete; no suspect identified,
e2562cbc94eb531cb27fc8028b692f7a5df8bb2265ff1408c3f1a720eee7c0a3,2025-08,City of London Police,City of London Police,-0.100201,51.513286,On or near Dean'S Court,E01032739,City of London 001F,Theft from the person,Investigation complete; no suspect identified,
1873b156a59ea1211c00b6e5c715d381485837b0937f70940c016452439874a0,2025-08,City of London Police,City of London Police,-0.095054,51.510559,On or near Queenhithe,E01032739,City of London 001F,Theft from the person,Investigation complete; no suspect identified,
a0b1a1b7a79fbf31036b372a9537b57da8dd93f42942e2e3c5906c3d2167fcee,2025-08,City of London Police,City of London Police,-0.079883,51.517326,On or near New Street,E01032739,City of London 001F,Theft from the person,Investigation complete; no suspect identified,
d9cd59b7e7df0ac0e530dbf6fa1d82235165e23488a8d79c7d7efd2aaaf00a4a,2025-08,City of London Police,City of London Police,-0.080448,51.520689,On or near Primrose Street,E01032739,City of London 001F,Theft from the person,Investigation complete; no suspect identified,
6d9da47fca5c62cbd35f4cd9e432bdd328f9235b1df5a6c119fa242ea3c145c1,2025-08,City of London Police,City of London Police,-0.083977,51.510441,On or near Lovat Lane,E01032739,City of London 001F,Theft from the person,Investigation complete; no suspect identified,
620c030620a4b130f61b57909fdb20368ba9d0e29ca1b0445c5d71898d97d124,2025-08,City of London Police,City of London Police,-0.084754,51.512882,On or near Corbet Court,E01032739,City of London 001F,Theft from the person,Status update unavailable,
8932f3a8776b7db653883d54ed5b3f99e08d3c37c138f59b655fa1463f4dc681,2025-08,City of London Police,City of London Police,-0.092531,51.512658,On or near Queen Street,E01032739,City of London 001F,Theft from the person,Investigation complete; no suspect identified,
e542fb7c37ceac275fe6c5c5f0ff6fc8ed6d4bc168b187c6f0f2d78e0b2cda06,2025-08,City of London Police,City of London Police,-0.104276,51.513712,On or near A201,E01032739,City of London 001F,Theft from the person,Investigation complete; no suspect identified,
71eb09c9eb50bcb409585c7bb777c55e25a1e7c44da533298f952e1e8a25ae10,2025-08,City of London Police,City of London Police,-0.094900,51.513209,On or near Bread Street,E01032739,City of London 001F,Theft from the person,Investigation complete; no suspect identified,
97da8a3029fc156f68fb5397c72df676c3821ff159a839e09808fdd62b823ff0,2025-08,City of London Police,City of London Police,-0.101292,51.514770,On or near Amen Court,E01032739,City of London 001F,Theft from the person,Investigation complete; no suspect identified,
8092d5963ebd4020e16a184fc65f916062ad51d020fa5e681ca1adb82f9c9029,2025-08,City of London Police,City of London Police,-0.081902,51.517296,On or near Liverpool Street,E01032739,City of London 001F,Theft from the person,Investigation complete; no suspect identified,
daf3041bcfb72c4bb113edde8e3524e02cdd26a5bcb136edefdd36416285c0f5,2025-08,City of London Police,City of London Police,-0.101906,51.511794,On or near Theatre/Concert Hall,E01032739,City of London 001F,Theft from the person,Investigation complete; no suspect identified,
58d0cb00c11da6c93dfd0717e9e567ee1e4d12b2ed788c9c8f9d2957f550bac2,2025-08,City of London Police,City of London Police,-0.081113,51.516869,On or near Bishopsgate,E01032739,City of London 001F,Theft from the person,Investigation complete; no suspect identified,
28cecdaa72cf2f8c4bb6fcceed1aeae952a6f2addaeb27c87f67ead9b7af16e4,2025-08,City of London Police,City of London Police,-0.089208,51.509744,On or near Angel Lane,E01032739,City of London 001F,Theft from the person,Investigation complete; no suspect identified,
2922d4791e9f4821452f931d162e061abdbb9bd6ad21048d85447aaf6fa601fb,2025-08,City of London Police,City of London Police,-0.078059,51.509967,On or near Trinity Square,E01032739,City of London 001F,Theft from the person,Investigation complete; no suspect identified,
12e98b7c84a39f4da9dfc3d67383989e7219e37cd3d94bc215d107d6ee33b708,2025-08,City of London Police,City of London Police,-0.092531,51.512658,On or near Queen Street,E01032739,City of London 001F,Theft from the person,Investigation complete; no suspect identified,
e8eff38ef93e54f57b6f3ef1f8de9eaa56c9c26eb2a5e276b9715d6a1f953e8c,2025-08,City of London Police,City of London Police,-0.081512,51.518692,On or near London Liverpool Street,E01032739,City of London 001F,Theft from the person,Investigation complete; no suspect identified,
c869e4906a810a675e7a7849b8f456f60b9ab79fb38cb543e17e5b7840abfb30,2025-08,City of London Police,City of London Police,-0.089208,51.509744,On or near Angel Lane,E01032739,City of London 001F,Theft from the person,Investigation complete; no suspect identified,
06325b77d2df49612d3bac8d620695e36571a5b40f847e880addb9ce4f5ce0f2,2025-08,City of London Police,City of London Police,-0.100201,51.513286,On or near Dean'S Court,E01032739,City of London 001F,Theft from the person,Investigation complete; no suspect identified,
30b7b9986ab10347c17a06e05c6bcc7d6a6f778615a84db7fe4818ee3fd98363,2025-08,City of London Police,City of London Police,-0.101906,51.511794,On or near Theatre/Concert Hall,E01032739,City of London 001F,Theft from the person,Investigation complete; no suspect identified,
2ee5cc09243d2b047b98b7dccb3ba713cf456f9ef2c8e9a9386b550dc7400123,2025-08,City of London Police,City of London Police,-0.081113,51.516869,On or near Bishopsgate,E01032739,City of London 001F,Theft from the person,Investigation complete; no suspect identified,
71d6a23d54d984f86c9ef8cdc3bd144c21ea0e9ffcd62260317c35a0b4a69cd1,2025-08,City of London Police,City of London Police,-0.080448,51.520689,On or near Primrose Street,E01032739,City of London 001F,Theft from the person,Investigation complete; no suspect identified,
100fe4b2f118b99b65a17513320848a42c4287e22ea00b097d4b766658d46227,2025-08,City of London Police,City of London Police,-0.089208,51.509744,On or near Angel Lane,E01032739,City of London 001F,Theft from the person,Investigation complete; no suspect identified,
57a93ccb1812d6c020410594819a094f02e66d115328982971203ef8b11c2973,2025-08,City of London Police,City of London Police,-0.081113,51.516869,On or near Bishopsgate,E01032739,City of London 001F,Theft from the person,Investigation complete; no suspect identified,
7a28f0bb3fcac299307e8859b765ca63242f785f608993b1990bbc20b353a3fb,2025-08,City of London Police,City of London Police,-0.081643,51.510070,On or near Great Tower Street,E01032739,City of London 001F,Theft from the person,Investigation complete; no suspect identified,
2c247e63b625ebf33442c4556507b1c1f901af7582096dc044ea61e1dba67f7a,2025-08,City of London Police,City of London Police,-0.100201,51.513286,On or near Dean'S Court,E01032739,City of London 001F,Theft from the person,Investigation complete; no suspect identified,
ca6bc13303369d4783742629bc764715446225d8964ea33bdc79a4ce5b66e8a4,2025-08,City of London Police,City of London Police,-0.088785,51.517102,On or near Moorgate,E01032739,City of London 001F,Theft from the person,Investigation complete; no suspect identified,
250a224878d2fce4aff430325eb66b182392c8ae8a10365151b71e7855b95332,2025-08,City of London Police,City of London Police,-0.079127,51.509607,On or near Byward Street,E01032739,City of London 001F,Theft from the person,Investigation complete; no suspect identified,
cebee40e95caf32d715eb3598a09d4522bbcfd08a03fe9b385ca8d99069f613a,2025-08,City of London Police,City of London Police,-0.101906,51.511794,On or near Theatre/Concert Hall,E01032739,City of London 001F,Theft from the person,Investigation complete; no suspect identified,
fef9022be4c4b86ea7cfca106947f943b0d0ca4d873a5a1abda9aa83a64816a1,2025-08,City of London Police,City of London Police,-0.092036,51.511049,On or near College Street,E01032739,City of London 001F,Theft from the person,Investigation complete; no suspect identified,
804a1eb2ba81cc98a167b6c241e4da3fc84599d8ca64293200bd58b45e43a112,2025-08,City of London Police,City of London Police,-0.088785,51.517102,On or near Moorgate,E01032739,City of London 001F,Theft from the person,Investigation complete; no suspect identified,
bcd8a0e17adc5e0c5628adfb170fa691e3aae358981526f884a384a7ace1a250,2025-08,City of London Police,City of London Police,-0.079120,51.514912,On or near Bevis Marks,E01032739,City of London 001F,Theft from the person,Investigation complete; no suspect identified,
1b3a8975c91ac73cc44fe9064d55b70fc135f0dd2a3e791dce10c4e67972eb0b,2025-08,City of London Police,City of London Police,-0.100201,51.513286,On or near Dean'S Court,E01032739,City of London 001F,Theft from the person,Investigation complete; no suspect identified,
c887732021117f616145330c05ba1b4c7d8be798f985e95e6e0a4f7329fc63cd,2025-08,City of London Police,City of London Police,-0.088903,51.510836,On or near Laurence Pountney Hill,E01032739,City of London 001F,Theft from the person,Investigation complete; no suspect identified,
c62529a7fcfa8d94335b67af941939ef615932f063b0684f894503ac79e7a91d,2025-08,City of London Police,City of London Police,-0.094070,51.513079,On or near Watling Street,E01032739,City of London 001F,Theft from the person,Investigation complete; no suspect identified,
d8e51426929b99c04b62fbb85f2c3641274f58060250033d43f98a3143f3984d,2025-08,City of London Police,City of London Police,-0.093339,51.511557,On or near Conference/Exhibition Centre,E01032739,City of London 001F,Theft from the person,Investigation complete; no suspect identified,
9d78a0dacecc08b14bf2e6752237f17d070f9533096eab253ebaffc7d072e739,2025-08,City of London Police,City of London Police,-0.097176,51.510836,On or near Trig Lane,E01032739,City of London 001F,Theft from the person,Investigation complete; no suspect identified,
d5ad1f4b3a7b89090b82fbce14c6d71d043f5320813e142f5ffcb160e495bdc6,2025-08,City of London Police,City of London Police,-0.081113,51.516869,On or near Bishopsgate,E01032739,City of London 001F,Theft from the person,Investigation complete; no suspect identified,
6adc0b8ae961834ab316cf81913551d39eaadaff95dda4b4fdac0ee331bb464e,2025-08,City of London Police,City of London Police,-0.081902,51.517296,On or near Liverpool Street,E01032739,City of London 001F,Theft from the person,Investigation complete; no suspect identified,
de7fba6ad8dd415b77f1bdddf5fdf38c1f175845de3b9b6f6b0034ef726e342a,2025-08,City of London Police,City of London Police,-0.089208,51.509744,On or near Angel Lane,E01032739,City of London 001F,Theft from the person,Investigation complete; no suspect identified,
3f300a922fc6b9fda485a48f60e167363e3f393d62a19ff9f8fb2b9a889cb6d6,2025-08,City of London Police,City of London Police,-0.081113,51.516869,On or near Bishopsgate,E01032739,City of London 001F,Theft from the person,Status update unavailable,
ba41fae215c72e34998921d1e933465242e5b64a18ff55aa7708dab700e9b302,2025-08,City of London Police,City of London Police,-0.100201,51.513286,On or near Dean'S Court,E01032739,City of London 001F,Theft from the person,Investigation complete; no suspect identified,
c3f65e546bc702880270ed8bf8dfb51d3913c5df3cab1b1a1926f6f83e342669,2025-08,City of London Police,City of London Police,-0.081113,51.516869,On or near Bishopsgate,E01032739,City of London 001F,Theft from the person,Unable to prosecute suspect,
0d30924a7fc2296e3131d2ddc4cd54c34f007f2136c39166c7c0d65842eff2c6,2025-08,City of London Police,City of London Police,-0.095054,51.510559,On or near Queenhithe,E01032739,City of London 001F,Theft from the person,Investigation complete; no suspect identified,
7bdef0f16e2834086f738d6057e6d240dded512dd5e0e9405077c506ed1b2b9c,2025-08,City of London Police,City of London Police,-0.084910,51.512588,On or near Bell Inn Yard,E01032739,City of London 001F,Theft from the person,Investigation complete; no suspect identified,
e8872d19ba2cc0358fa43629ced23cd1cb46f254a97d62a3b79ce0ba9ada1d72,2025-08,City of London Police,City of London Police,-0.095224,51.513736,On or near Shopping Area,E01032739,City of London 001F,Theft from the person,Investigation complete; no suspect identified,
dfb030e4d6adffb54a2c0102ee6dbb3819a4e71adcce4c5791e148a442e66072,2025-08,City of London Police,City of London Police,-0.081113,51.516869,On or near Bishopsgate,E01032739,City of London 001F,Theft from the person,Investigation complete; no suspect identified,
43bd1c85d73d28a7517c5b2de1148f32497a0b13a2d4b7ea3796f1e2d82bd802,2025-08,City of London Police,City of London Police,-0.083600,51.509797,On or near St Mary At Hill,E01032739,City of London 001F,Theft from the person,Investigation complete; no suspect identified,
dbfc9fcf4685c797b2637fd9fc644bcc733310eadc04fd972c5021f11851c12e,2025-08,City of London Police,City of London Police,-0.087772,51.510665,On or near Martin Lane,E01032739,City of London 001F,Theft from the person,Unable to prosecute suspect,
a05fbdf732df6be5ae2d26182d08888c81485e2588f47f196676f5738fba0953,2025-08,City of London Police,City of London Police,-0.088785,51.517102,On or near Moorgate,E01032739,City of London 001F,Vehicle crime,Court result unavailable,
e98845e123a52f9f1ae3ec9b751674eab635505e3b7a128cbb8b87bf0934c691,2025-08,City of London Police,City of London Police,-0.077563,51.517656,On or near Sandy'S Row,E01032739,City of London 001F,Vehicle crime,Investigation complete; no suspect identified,
3524d0756a545be34c7ca27c88ae5d1d1bc64e0ee3a1f43bc0f2573168c7fcaf,2025-08,City of London Police,City of London Police,-0.092633,51.509872,On or near Bell Wharf Lane,E01032739,City of London 001F,Vehicle crime,Investigation complete; no suspect identified,
17e15387724efebad6998d3144e68544375cf98a0659c473909b834cc43c1896,2025-08,City of London Police,City of London Police,-0.092633,51.509872,On or near Bell Wharf Lane,E01032739,City of London 001F,Vehicle crime,Investigation complete; no suspect identified,
5ba7cdcb25755bcfd513f55067e8c01764cabef60af1aaad0f4bca22277497cb,2025-08,City of London Police,City of London Police,-0.092633,51.509872,On or near Bell Wharf Lane,E01032739,City of London 001F,Vehicle crime,Investigation complete; no suspect identified,
9c31372deae39c97e7fffdbce6e3b0709ff78a5e38c9b34dce6d330bbce4127f,2025-08,City of London Police,City of London Police,-0.078477,51.509965,On or near Muscovy Street,E01032739,City of London 001F,Vehicle crime,Investigation complete; no suspect identified,
29f9151f9b8899de222044f79bac6e37d2537c5b408debc0fbfcdca552145efb,2025-08,City of London Police,City of London Police,-0.092633,51.509872,On or near Bell Wharf Lane,E01032739,City of London 001F,Vehicle crime,Investigation complete; no suspect identified,
bbcf58c00ea99c06dcd4a47670602f21aaffe5b31cd70bce87befd22fcb523e2,2025-08,City of London Police,City of London Police,-0.092633,51.509872,On or near Bell Wharf Lane,E01032739,City of London 001F,Vehicle crime,Investigation complete; no suspect identified,
71282f13c66d14cc560358c0443e1b4e5d5c0f5955a135302aac7689846fbe5c,2025-08,City of London Police,City of London Police,-0.079907,51.517785,On or near Victoria Avenue,E01032739,City of London 001F,Violence and sexual offences,Investigation complete; no suspect identified,
753d9ff2d032d8ed10a2426b56716c382dd245ad11d8eca259693e0fe6b38a08,2025-08,City of London Police,City of London Police,-0.091947,51.513188,On or near Pancras Lane,E01032739,City of London 001F,Violence and sexual offences,Awaiting court outcome,
523e56d1f4eb885f578c71fda23a976f794edced9772bae382faf422bd865ca7,2025-08,City of London Police,City of London Police,-0.078059,51.509967,On or near Trinity Square,E01032739,City of London 001F,Violence and sexual offences,Unable to prosecute suspect,
fd10c9500029ed86d5a0327dbd8c25a3556767e8902a86fe431b12d733bd201b,2025-08,City of London Police,City of London Police,-0.085228,51.511190,On or near Talbot Court,E01032739,City of London 001F,Violence and sexual offences,Investigation complete; no suspect identified,
f0c7073f84b4eb352775a53a976709eb97a0c8de7855087d8420ea099e7d8438,2025-08,City of London Police,City of London Police,-0.094900,51.513209,On or near Bread Street,E01032739,City of London 001F,Violence and sexual offences,Investigation complete; no suspect identified,
7364e23dd961bcb5df5ed1f5a8f3f944ed9da91e5138eb87b943bb4e40a727df,2025-08,City of London Police,City of London Police,-0.081512,51.518692,On or near London Liverpool Street,E01032739,City of London 001F,Violence and sexual offences,Investigation complete; no suspect identified,
3fead935822059ad29b2b7f6e747d3667bca4cd5341569891e4390710e26c63e,2025-08,City of London Police,City of London Police,-0.100888,51.514448,On or near Amen Corner,E01032739,City of London 001F,Violence and sexual offences,Court result unavailable,
1f5e33c0426a202621fa5e60d93ffb03b26cbaccc9f68fb2ec086385ffc5fda5,2025-08,City of London Police,City of London Police,-0.079907,51.517785,On or near Victoria Avenue,E01032739,City of London 001F,Violence and sexual offences,Unable to prosecute suspect,
85dad0493f6830a7d0b25fe0575853d65e9f1091b9d81bb15c6583515fedf4b8,2025-08,City of London Police,City of London Police,-0.081113,51.516869,On or near Bishopsgate,E01032739,City of London 001F,Violence and sexual offences,Unable to prosecute suspect,
2b43afcd7b4617ae831412a86b49d664ca29257a9270ed2e16a606f30bb7cad7,2025-08,City of London Police,City of London Police,-0.080291,51.514814,On or near Bury Court,E01032739,City of London 001F,Violence and sexual offences,Unable to prosecute suspect,
5b8ce2609833af035d3f75e1cfa658413c6aa318541d6a90b6cca9d16a241115,2025-08,City of London Police,City of London Police,-0.101393,51.512685,On or near St Andrew'S Hill,E01032739,City of London 001F,Violence and sexual offences,Investigation complete; no suspect identified,
a7653b43bfe891edd1de8b0f0967044ef734e54418d50e0f7db7a12268686c87,2025-08,City of London Police,City of London Police,-0.086815,51.517007,On or near Circus Place,E01032739,City of London 001F,Violence and sexual offences,Investigation complete; no suspect identified,
105a2453bf3f2e361263c88f94213bcf34a1b9f8d93ca51aeaf9c137c79ef968,2025-08,City of London Police,City of London Police,-0.094900,51.513209,On or near Bread Street,E01032739,City of London 001F,Violence and sexual offences,Investigation complete; no suspect identified,
41e3b66b5357e9385badbb9a50b88c20eab6c559a030ae1f6a7a341cf1917551,2025-08,City of London Police,City of London Police,-0.077959,51.511332,On or near Crutched Friars,E01032739,City of London 001F,Violence and sexual offences,Status update unavailable,
68c5990452a885e0d6b420eb7717daa8d9c901d68aa27972827a03ce1d51fbe4,2025-08,City of London Police,City of London Police,-0.086815,51.517007,On or near Circus Place,E01032739,City of London 001F,Violence and sexual offences,Investigation complete; no suspect identified,
6b1e340a0fb31d3fdefdb417e6cae39e0794a92882f5192f5c558a75dd1ecd2f,2025-08,City of London Police,City of London Police,-0.083977,51.510441,On or near Lovat Lane,E01032739,City of London 001F,Violence and sexual offences,Unable to prosecute suspect,
609c0d86ebbace52b25757b0794ecaa9f3d1efa383440850d5d51b2658bfc39d,2025-08,City of London Police,City of London Police,-0.082993,51.516360,On or near Wormwood Street,E01032739,City of London 001F,Violence and sexual offences,Unable to prosecute suspect,
46e61f2d9a68f0dfb89b9c1644c76276f18e61d1ffc1df35d3679a4e70001f73,2025-08,City of London Police,City of London Police,-0.081512,51.518692,On or near London Liverpool Street,E01032739,City of London 001F,Violence and sexual offences,Investigation complete; no suspect identified,
190cb9725c34eb5ea8b35885b1e5284a2293e3a35ebd9f98221a34f59a846387,2025-08,City of London Police,City of London Police,-0.101292,51.514770,On or near Amen Court,E01032739,City of London 001F,Violence and sexual offences,Unable to prosecute suspect,
0a69be139cfeded2bf27ac676e8da3c97aa3d17c71766c5817446c1e57a582df,2025-08,City of London Police,City of London Police,-0.085228,51.511190,On or near Talbot Court,E01032739,City of London 001F,Violence and sexual offences,Unable to prosecute suspect,
d32b2576f0c57b9f7e195f20f9acd8ce93b899d67d527103ca020a00c328d917,2025-08,City of London Police,City of London Police,-0.101292,51.514770,On or near Amen Court,E01032739,City of London 001F,Violence and sexual offences,Unable to prosecute suspect,
85dd9489f51d29ed3322c37f08dc7f0a895b2fd52ce4ff6b9c4fa3f04e56b4b6,2025-08,City of London Police,City of London Police,-0.080365,51.508943,On or near Parking Area,E01032739,City of London 001F,Violence and sexual offences,Awaiting court outcome,
6be74124f28e46a33b3add91460911847b8b5683d5aab9e3508bcf708ef45d05,2025-08,City of London Police,City of London Police,-0.101475,51.511077,On or near A3211,E01032739,City of London 001F,Violence and sexual offences,Court result unavailable,
1f91ac668f7b52deac7e74b40e3580cafda5bb450d851c7264c7d2249bc4a774,2025-08,City of London Police,City of London Police,-0.082133,51.515222,On or near St Helen'S Place,E01032739,City of London 001F,Violence and sexual offences,Unable to prosecute suspect,
59b0fceae125f82964fa30a2490ae1bd970b7862e9571cc5d1a4f6c4a432fc09,2025-08,City of London Police,City of London Police,-0.104276,51.513712,On or near A201,E01032739,City of London 001F,Violence and sexual offences,Awaiting court outcome,
b39af9f2de02d0c3fc43b7cb10b89742e227c24272003d63e9fdff3c8540b0f0,2025-08,City of London Police,City of London Police,-0.081512,51.518692,On or near London Liverpool Street,E01032739,City of London 001F,Violence and sexual offences,Unable to prosecute suspect,
ab73a9cd69657782cb899e0b0e168b40a29d75b88f8ac4c7b05292a0996105ce,2025-08,City of London Police,City of London Police,-0.091410,51.510167,On or near Cousin Lane,E01032739,City of London 001F,Violence and sexual offences,Unable to prosecute suspect,
c49f9b05942461de996959cf609f9c6711282c8bff4d9da679056632710e2439,2025-08,City of London Police,City of London Police,-0.097176,51.510836,On or near Trig Lane,E01032739,City of London 001F,Violence and sexual offences,Unable to prosecute suspect,
c11cfba6de48bcfebfc7c52d62447240f9cc8b861d1c94612763775863e834c0,2025-08,City of London Police,City of London Police,-0.079521,51.511196,On or near New London Street,E01032739,City of London 001F,Violence and sexual offences,Court result unavailable,
45973f82fbfae33fb153d7cbd7ddf71b0194757740f3825337121367ff69f875,2025-08,City of London Police,City of London Police,-0.079521,51.511196,On or near New London Street,E01032739,City of London 001F,Violence and sexual offences,Investigation complete; no suspect identified,
701f0e08737de585ca36e1eb102cd3ca4e7727911e57e3d46268e2bdd0208350,2025-08,City of London Police,City of London Police,-0.095054,51.510559,On or near Queenhithe,E01032739,City of London 001F,Violence and sexual offences,Unable to prosecute suspect,
c968b069764072d4d78870ad60b84ad9a698515ad5579d7ef022b20bae2496fb,2025-08,City of London Police,City of London Police,-0.086019,51.513631,On or near Finch Lane,E01032739,City of London 001F,Violence and sexual offences,Unable to prosecute suspect,
e8c14e5dc7f56ed9a16a3fed8ccabaaf0365ceefce79155f90a2c9c183b2ea0d,2025-08,City of London Police,City of London Police,-0.094900,51.513209,On or near Bread Street,E01032739,City of London 001F,Violence and sexual offences,Unable to prosecute suspect,
e1dc557a7f6be7f6923e1cedc95765d6d16cb49c0eef00cd0ef875ee1d683d2f,2025-08,City of London Police,City of London Police,-0.089208,51.509744,On or near Angel Lane,E01032739,City of London 001F,Violence and sexual offences,Investigation complete; no suspect identified,
e901e1375d63330b1ad4fa74ac9a45867ac8d3aa20373efb07f7d3c20acf48a2,2025-08,City of London Police,City of London Police,-0.083349,51.514830,On or near Shopping Area,E01032739,City of London 001F,Violence and sexual offences,Unable to prosecute suspect,
523ba3c486c79070f95da90252f44bbc74f992a11f1213a58c0895f9ebc435ab,2025-08,City of London Police,City of London Police,-0.083977,51.510441,On or near Lovat Lane,E01032739,City of London 001F,Violence and sexual offences,Unable to prosecute suspect,
d995a7079f676b19e636dbe2f7b8d8f4b4affd8e62965237ba9fc1384e65eb1e,2025-08,City of London Police,City of London Police,-0.085089,51.512105,On or near Gracechurch Street,E01032739,City of London 001F,Violence and sexual offences,Awaiting court outcome,
ccb7b189dbefcd485c192cbc8748474b8f486b10ac6849165b95cc773d8dd905,2025-08,City of London Police,City of London Police,-0.095924,51.513882,On or near Shopping Area,E01032739,City of London 001F,Violence and sexual offences,Unable to prosecute suspect,
5378fe3ce268b6083ca4f01dd3009aa119ad5888af852485d3faa7e73b6e2bf9,2025-08,City of London Police,City of London Police,-0.081643,51.510070,On or near Great Tower Street,E01032739,City of London 001F,Violence and sexual offences,Unable to prosecute suspect,
ed6f25b8c5e7838f5b6b12e3a4b45a46f6dc015440a29646d5510b572935b352,2025-08,City of London Police,City of London Police,-0.081113,51.516869,On or near Bishopsgate,E01032739,City of London 001F,Violence and sexual offences,Unable to prosecute suspect,
4f9c81db812cd1a45551fcb4b11014955dc4f1a87c8c19ea7d3536142c7cc846,2025-08,City of London Police,City of London Police,-0.079907,51.517785,On or near Victoria Avenue,E01032739,City of London 001F,Violence and sexual offences,Investigation complete; no suspect identified,
b5b915cca93817b8d804e2bc640d41d4f432aeaae05f5dd9841c08618e45d1a2,2025-08,City of London Police,City of London Police,-0.083977,51.510441,On or near Lovat Lane,E01032739,City of London 001F,Violence and sexual offences,Unable to prosecute suspect,
e66d182094cdfde691a3f33ff273f1d8cbc4884d6c8819f27f5675470b6ba35b,2025-08,City of London Police,City of London Police,-0.084844,51.510725,On or near Eastcheap,E01032739,City of London 001F,Violence and sexual offences,Investigation complete; no suspect identified,
3824f8158a22a2eea1c0ca0802cf3fe7aa5ed539cc7752d8a4124da7075b7f24,2025-08,City of London Police,City of London Police,-0.086019,51.513631,On or near Finch Lane,E01032739,City of London 001F,Violence and sexual offences,Unable to prosecute suspect,
b2481e5b85f90f757f194a652c77f4b50d80e55846135b6b536052161c53dc5f,2025-08,City of London Police,City of London Police,-0.081113,51.516869,On or near Bishopsgate,E01032739,City of London 001F,Violence and sexual offences,Investigation complete; no suspect identified,
222d152dd9584f19b16067ff45154c115e2d1cfd6465ca7159f868b76177991c,2025-08,City of London Police,City of London Police,-0.084844,51.510725,On or near Eastcheap,E01032739,City of London 001F,Violence and sexual offences,Unable to prosecute suspect,
c8e10ea0241f6dd40d7d995660b40c1834b3ff3d7b30748b8a4d284b9026a536,2025-08,City of London Police,City of London Police,-0.100201,51.513286,On or near Dean'S Court,E01032739,City of London 001F,Violence and sexual offences,Status update unavailable,
6d83cd5bc87002af8a8e5fa4069686dbd2d6938dec8af73431a5c61596dd2e1f,2025-08,City of London Police,City of London Police,-0.095054,51.510559,On or near Queenhithe,E01032739,City of London 001F,Violence and sexual offences,Court result unavailable,
08a839f6165dee807c56823ec1c599db980318a0a7248d3083ae1272e2c272c0,2025-08,City of London Police,City of London Police,-0.081091,51.508820,On or near Water Lane,E01032739,City of London 001F,Violence and sexual offences,Unable to prosecute suspect,
bd6ae5c17f6c7e64eea95bd852476aa5045d79daf44cbe162504703883f31e1a,2025-08,City of London Police,City of London Police,-0.090578,51.509722,On or near Allhallows Lane,E01032739,City of London 001F,Violence and sexual offences,Investigation complete; no suspect identified,
91e7cf43def762585e4f260fb639dafcf5845992021854083505a11672d69378,2025-08,City of London Police,City of London Police,-0.081113,51.516869,On or near Bishopsgate,E01032739,City of London 001F,Violence and sexual offences,Unable to prosecute suspect,
dd93b788fa784bdcb5d0f533563c51e01c6e18581f91827e1ca012993f4a0ea4,2025-08,City of London Police,City of London Police,-0.090578,51.509722,On or near Allhallows Lane,E01032739,City of London 001F,Violence and sexual offences,Unable to prosecute suspect,
f2d5cb2a2664f6edf205ca2c4b79cb02d4dfcb1b2819028a14458eae92f573b8,2025-08,City of London Police,City of London Police,-0.095924,51.513882,On or near Shopping Area,E01032739,City of London 001F,Violence and sexual offences,Unable to prosecute suspect,
dadec4285140957a09a259f2df494f13ddb11288d30fbc9ace8ce42843890c6a,2025-08,City of London Police,City of London Police,-0.096501,51.513874,On or near New Change,E01032739,City of London 001F,Violence and sexual offences,Unable to prosecute suspect,
616b7e1395c82dcb2d91f318b8003599a0637cdd6cf3e0ff5a36b77d3ec2569b,2025-08,City of London Police,City of London Police,-0.085089,51.512105,On or near Gracechurch Street,E01032739,City of London 001F,Violence and sexual offences,Investigation complete; no suspect identified,
26125e04799aa94e8b3388c31f6fd018b686db1285dbe9f00ee87de67bacebad,2025-08,City of London Police,City of London Police,-0.083977,51.510441,On or near Lovat Lane,E01032739,City of London 001F,Violence and sexual offences,Unable to prosecute suspect,
6c044a8360c88e684af56324193881b3e6f4dc4f060e5e80c299c379424cc7b8,2025-08,City of London Police,City of London Police,-0.077563,51.517656,On or near Sandy'S Row,E01032739,City of London 001F,Violence and sexual offences,Court result unavailable,
22563e5f2a667f91ea12aa0d88d7723de03bf29cfb0f1fa959c0cb29e86c0028,2025-08,City of London Police,City of London Police,-0.079907,51.517785,On or near Victoria Avenue,E01032739,City of London 001F,Violence and sexual offences,Court result unavailable,
8f64a7f3c5654ced928ac8c0ff30d392755fae6ed6d71a2631c2e1f07f528028,2025-08,City of London Police,City of London Police,-0.083977,51.510441,On or near Lovat Lane,E01032739,City of London 001F,Violence and sexual offences,Unable to prosecute suspect,
b7361c4b92a8254be482a619fb6c2acc8cefbb8175b96c952553ef3920398529,2025-08,City of London Police,City of London Police,-0.081902,51.517296,On or near Liverpool Street,E01032739,City of London 001F,Violence and sexual offences,Unable to prosecute suspect,
4052177e7765ee844c8e4cad3c446c74eeb1a65c9c1898bf82ca944708007af1,2025-08,City of London Police,City of London Police,-0.082993,51.516360,On or near Wormwood Street,E01032739,City of London 001F,Violence and sexual offences,Unable to prosecute suspect,
d3a704fdb080759dbffaba4cbda89703190647489c847314f6befe03457c27c1,2025-08,City of London Police,City of London Police,-0.088785,51.517102,On or near Moorgate,E01032739,City of London 001F,Violence and sexual offences,Unable to prosecute suspect,
a3ea4fda43a51110044774603a3cd1a9f1f566d730b98244c3fa82340cd1c486,2025-08,City of London Police,City of London Police,-0.079521,51.511196,On or near New London Street,E01032739,City of London 001F,Violence and sexual offences,Unable to prosecute suspect,
f851ea33292aa45d80cbda5c880ad77f6c565f776be47eff4b8cf9c184639fec,2025-08,City of London Police,City of London Police,-0.095924,51.513882,On or near Shopping Area,E01032739,City of London 001F,Violence and sexual offences,Unable to prosecute suspect,
3d7f60ef2bd77ad5b5c54160ad2e96f9fb0fea3dadfa9266fe524a6890a56e84,2025-08,City of London Police,City of London Police,-0.079907,51.517785,On or near Victoria Avenue,E01032739,City of London 001F,Violence and sexual offences,Court result unavailable,
9e870027014062ced6c76c16bdfe04ac676a042213db802ce712ecdd025b0f72,2025-08,City of London Police,City of London Police,-0.091823,51.514427,On or near Ironmonger Lane,E01032739,City of London 001F,Violence and sexual offences,Investigation complete; no suspect identified,
87d17a1b6509069d35057be868422398df9fb221b35978ee536160395c5f77a6,2025-08,City of London Police,City of London Police,-0.079907,51.517785,On or near Victoria Avenue,E01032739,City of London 001F,Violence and sexual offences,Court result unavailable,
f4b8cf81aa8d5aa4bdddb6761b98c1fd6ba5577a357a594af3f98d8a5cff08ac,2025-08,City of London Police,City of London Police,-0.082993,51.516360,On or near Wormwood Street,E01032739,City of London 001F,Violence and sexual offences,Unable to prosecute suspect,
28ffb160a2cb495379bb440e79e1d85dcdd922757bb6a17a75c23a4b2aaf609c,2025-08,City of London Police,City of London Police,-0.078495,51.517770,On or near Further/Higher Educational Building,E01032739,City of London 001F,Violence and sexual offences,Investigation complete; no suspect identified,
84bf453c9b1853dd2a619daf6d912453d100af06156af54afc37542eb074742a,2025-08,City of London Police,City of London Police,-0.081113,51.516869,On or near Bishopsgate,E01032739,City of London 001F,Violence and sexual offences,Unable to prosecute suspect,
f35807f86d8d5433e265c4ef1d74056ce9bf6b1024b1d72672ab1623185a9b8c,2025-08,City of London Police,City of London Police,-0.078755,51.518440,On or near Artillery Lane,E01032739,City of London 001F,Violence and sexual offences,Unable to prosecute suspect,
aff50731b1a1a6799d3bdf88c9355b88bc25a1af30d29f699e21521a2e7fa3cf,2025-08,City of London Police,City of London Police,-0.096501,51.513874,On or near New Change,E01032739,City of London 001F,Violence and sexual offences,Unable to prosecute suspect,
ddec00793dde1d41d774c4a537c210c02b02f8f9215c0af66fa93816e74dc282,2025-08,City of London Police,City of London Police,-0.087772,51.510665,On or near Martin Lane,E01032739,City of London 001F,Violence and sexual offences,Unable to prosecute suspect,
be93573ed21a1c52faeb5f59a62c8e3f3dc67b96d063200bd93e611939f0b7e2,2025-08,City of London Police,City of London Police,-0.095924,51.513882,On or near Shopping Area,E01032739,City of London 001F,Violence and sexual offences,Unable to prosecute suspect,
3cc02cf23f47056015d8feea33c83a2e6855d3bc164bbf00055eb15a94b78695,2025-08,City of London Police,City of London Police,-0.095054,51.510559,On or near Queenhithe,E01032739,City of London 001F,Violence and sexual offences,Investigation complete; no suspect identified,
6fcf31166b818aca4b308bbf3ce6f4986705f914fcd6c080de03807b4230a602,2025-08,City of London Police,City of London Police,-0.086019,51.513631,On or near Finch Lane,E01032739,City of London 001F,Violence and sexual offences,Investigation complete; no suspect identified,
b1f255d69f531979feeb76d21229b5c88d6f08e50d3354d1348ac1d7227dd853,2025-08,City of London Police,City of London Police,-0.089808,51.517461,On or near London Wall,E01032739,City of London 001F,Violence and sexual offences,Investigation complete; no suspect identified,
f0a904ea0e1d57d31641733df0d027c45634b3a6e9d448eef45ce3cf2f7a4669,2025-08,City of London Police,City of London Police,-0.086815,51.517007,On or near Circus Place,E01032739,City of London 001F,Violence and sexual offences,Investigation complete; no suspect identified,
61ea96446df6415e351092c4169fac32ef185143325f71c47d353abb9ba49c62,2025-08,City of London Police,City of London Police,-0.081512,51.518692,On or near London Liverpool Street,E01032739,City of London 001F,Violence and sexual offences,Investigation complete; no suspect identified,
74c6a0bbed1a29239af893d0c7cc94f5c47efbc3fa953ec379e88b81293ad1be,2025-08,City of London Police,City of London Police,-0.101906,51.511794,On or near Theatre/Concert Hall,E01032739,City of London 001F,Violence and sexual offences,Court result unavailable,
b5f91b74ee1d141bd3f4bb5289f319680023a60609e7ef34558211a240a1ba65,2025-08,City of London Police,City of London Police,-0.090578,51.509722,On or near Allhallows Lane,E01032739,City of London 001F,Violence and sexual offences,Unable to prosecute suspect,
ebfd6878df8ac2dbe8f13dfc74a9e2d95c42b2c050c9fb81fdd3b4a987f5ca48,2025-08,City of London Police,City of London Police,-0.079907,51.517785,On or near Victoria Avenue,E01032739,City of London 001F,Violence and sexual offences,Unable to prosecute suspect,
f25de931522bd2ca73e4fe84b93950a8869f424750152606332c8f85aa8ac8b7,2025-08,City of London Police,City of London Police,-0.081973,51.515948,On or near A10,E01032739,City of London 001F,Violence and sexual offences,Unable to prosecute suspect,
47afaae117ca8198cd22d7ae4a06b283b1c296c6eb35b020172642c8153d57d7,2025-08,City of London Police,City of London Police,-0.081902,51.517296,On or near Liverpool Street,E01032739,City of London 001F,Violence and sexual offences,Unable to prosecute suspect,
c1ebdcf08dc5e0fcb5c71892efad04f9a33dc236ae434f98c441de493fa33d99,2025-08,City of London Police,City of London Police,-0.085089,51.512105,On or near Gracechurch Street,E01032739,City of London 001F,Violence and sexual offences,Investigation complete; no suspect identified,
def8f9b923c326fe9a7b81a22b1c99abb05428497e06db21b4631ebf34b5cd0f,2025-08,City of London Police,City of London Police,-0.092633,51.509872,On or near Bell Wharf Lane,E01032739,City of London 001F,Violence and sexual offences,Court result unavailable,
3d7d260829efc9840aa1287a0d1a1cc737515398ce586d8598c0f4a3fef6a40b,2025-08,City of London Police,City of London Police,-0.087772,51.510665,On or near Martin Lane,E01032739,City of London 001F,Other crime,Investigation complete; no suspect identified,
e424db08c167dd39cd2b0add5b18b7c0fe67b5eab300e28d740f49b3f2ff7099,2025-08,City of London Police,City of London Police,-0.077372,51.512590,On or near Carlisle Avenue,E01032739,City of London 001F,Other crime,Status update unavailable,
b9598bf88ae6cea2fd23867f2e05404f9730082d23710a5a46f7d732fae4a7eb,2025-08,City of London Police,City of London Police,-0.084844,51.509700,On or near Monument Street,E01032739,City of London 001F,Other crime,Court result unavailable,
8d0697c54e597ad2d6a6ccc16a33e4972b88c3b513326a06cac2c621c1df7df8,2025-08,City of London Police,City of London Police,-0.081113,51.516869,On or near Bishopsgate,E01032739,City of London 001F,Other crime,Court result unavailable,
fda60d4e6f660aedbde632e806237fef78e6c2a37483aa2c8d0fe7ded5fbaacc,2025-08,City of London Police,City of London Police,-0.101359,51.518700,On or near Parking Area,E01032740,City of London 001G,Bicycle theft,Investigation complete; no suspect identified,
819cceb8753e559f84cda1decbb017cdd1a6adb352abc75e185a4e328f0efd80,2025-08,City of London Police,City of London Police,-0.108027,51.511884,On or near Temple Avenue,E01032740,City of London 001G,Bicycle theft,Investigation complete; no suspect identified,
020603b9d0e0d4b304d890a2fb90cdea4b4b612581c2f49675e1ea42b7f006a7,2025-08,City of London Police,City of London Police,-0.101359,51.518700,On or near Parking Area,E01032740,City of London 001G,Bicycle theft,Investigation complete; no suspect identified,
b61fb072e6241308a123b5d7e57563e91f915f18cc76c35668df915693f8a89b,2025-08,City of London Police,City of London Police,-0.108162,51.512834,On or near Parking Area,E01032740,City of London 001G,Bicycle theft,Awaiting court outcome,
d68246d4fbb66b656265aeae71eca26e0c08d74f538c1d2fcc1eef290b2a23a6,2025-08,City of London Police,City of London Police,-0.101621,51.516906,On or near Giltspur Street,E01032740,City of London 001G,Bicycle theft,Investigation complete; no suspect identified,
95c6ec304bb872cd9e7591b1c6b3cc166558c9aaf51c729d30d2bdf28dd90623,2025-08,City of London Police,City of London Police,-0.098017,51.519689,On or near Cloth Street,E01032740,City of London 001G,Bicycle theft,Awaiting court outcome,
cb5f7dd69646cd1c9ac6247a51ab7e4c79fd8cafd238131952663698c4057160,2025-08,City of London Police,City of London Police,-0.108027,51.511884,On or near Temple Avenue,E01032740,City of London 001G,Bicycle theft,Investigation complete; no suspect identified,
473eae38d5d2cb1503969a9a6c518be5df989c802986276076fb22e078396476,2025-08,City of London Police,City of London Police,-0.102538,51.517739,On or near Hosier Lane,E01032740,City of London 001G,Bicycle theft,Investigation complete; no suspect identified,
69077f2adfe4d29490494cb39da397a5331fe25f9f158da379f43c0573f79f65,2025-08,City of London Police,City of London Police,-0.099301,51.519674,On or near Hayne Street,E01032740,City of London 001G,Burglary,Investigation complete; no suspect identified,
003484cb2a9b97d5d013c00188c69b5e1969093ba26b1de84d28623e0ff9e7b0,2025-08,City of London Police,City of London Police,-0.101359,51.518700,On or near Parking Area,E01032740,City of London 001G,Criminal damage and arson,Investigation complete; no suspect identified,
e0c8dc19af4197cc2503d4feacf7781907ad611d304901f59d9409668d3fb229,2025-08,City of London Police,City of London Police,-0.101359,51.518700,On or near Parking Area,E01032740,City of London 001G,Criminal damage and arson,Investigation complete; no suspect identified,
cf77121f2aa05b7156a84b4204169a3d125a9b7fcd676b791034fbf2cb79518e,2025-08,City of London Police,City of London Police,-0.104980,51.512033,On or near Kingscote Street,E01032740,City of London 001G,Criminal damage and arson,Status update unavailable,
37ebaaba2c3acfcd988bbcfbd0bbb20179505cb2cda313d92b220d9ccda7bc75,2025-08,City of London Police,City of London Police,-0.104980,51.512033,On or near Kingscote Street,E01032740,City of London 001G,Drugs,Awaiting court outcome,
ad0ffe3b56474ecd65749030457a029891830520c2de9d515712777fd2910321,2025-08,City of London Police,City of London Police,-0.103393,51.517978,On or near Smithfield Street,E01032740,City of London 001G,Drugs,Local resolution,
6c7e479b978ed7edc9a52cff602676eba7ecbab83761916b20ce618947307bb8,2025-08,City of London Police,City of London Police,-0.106076,51.517239,On or near Conference/Exhibition Centre,E01032740,City of London 001G,Drugs,Court result unavailable,
0177f0cf025efcd01635f92d060967ffdd12a275c379a5c1fc09b7232aaf8604,2025-08,City of London Police,City of London Police,-0.108450,51.514202,On or near Fleet Street,E01032740,City of London 001G,Drugs,Status update unavailable,
a51cb8a26a338a016621ee1224978c249414df8701411e267e048b155e90f669,2025-08,City of London Police,City of London Police,-0.106076,51.517239,On or near Conference/Exhibition Centre,E01032740,City of London 001G,Other theft,Investigation complete; no suspect identified,
c5c469c99556a1f8f8869824ce3bdcc7fa412275cf02aae18a2d2611c17b8d8d,2025-08,City of London Police,City of London Police,-0.106076,51.517239,On or near Conference/Exhibition Centre,E01032740,City of London 001G,Other theft,Investigation complete; no suspect identified,
3e40e2c8c3514b439680134d304c25a357a0431398ffa8654316c90ce6696104,2025-08,City of London Police,City of London Police,-0.101621,51.516906,On or near Giltspur Street,E01032740,City of London 001G,Other theft,Investigation complete; no suspect identified,
26c4c5443ebfe2c6b07666e4cb2c8fcb834541526691a2e2ae0e920be62eff23,2025-08,City of London Police,City of London Police,-0.098017,51.519689,On or near Cloth Street,E01032740,City of London 001G,Other theft,Investigation complete; no suspect identified,
abc0deefda1b05d6a78c1755f2f97fe5017e57b690f9621ea430c0b039a7cee1,2025-08,City of London Police,City of London Police,-0.107443,51.515534,On or near Printer Street,E01032740,City of London 001G,Other theft,Status update unavailable,
d11860002e831cf5cf964c6e3c1987867b9ee451f23fd11d2f54039616ffde6a,2025-08,City of London Police,City of London Police,-0.101359,51.518700,On or near Parking Area,E01032740,City of London 001G,Other theft,Investigation complete; no suspect identified,
772752ea48a50cd416c05ceb7ccf19fc7e26c6fc061263dc8d602d0465863e95,2025-08,City of London Police,City of London Police,-0.104980,51.512033,On or near Kingscote Street,E01032740,City of London 001G,Other theft,Investigation complete; no suspect identified,
bbfe7f3f0f33e127dc3d796cc12ecfb23fbbfc388b57dab6dc1456afcae0bcc0,2025-08,City of London Police,City of London Police,-0.104980,51.512033,On or near Kingscote Street,E01032740,City of London 001G,Other theft,Investigation complete; no suspect identified,
ff428403fec2efe6e5f02a117bcb2cd3d8587432a867596583a855ea58263a67,2025-08,City of London Police,City of London Police,-0.104980,51.512033,On or near Kingscote Street,E01032740,City of London 001G,Other theft,Investigation complete; no suspect identified,
cd9e9a5e8ed712cec0ee99e2ab9b59259b968de32f49a85a3ea6b87593bb13f4,2025-08,City of London Police,City of London Police,-0.110474,51.517193,On or near Furnival Street,E01032740,City of London 001G,Other theft,Investigation complete; no suspect identified,
41b688580c711af737d8c001f93e6f10346a68a8bfc03ff11dabf1efc496eff3,2025-08,City of London Police,City of London Police,-0.109164,51.517846,On or near Holborn,E01032740,City of London 001G,Other theft,Unable to prosecute suspect,
27c6e4397ec5c21dc56716fbf09f7bd7fb7f9bdc5bb888741664c0c7cdc24872,2025-08,City of London Police,City of London Police,-0.106076,51.517239,On or near Conference/Exhibition Centre,E01032740,City of London 001G,Other theft,Investigation complete; no suspect identified,
4ff3e932c5de2878be916758b3071c4f3791fbecc518ecc9eb4dae39062b5d98,2025-08,City of London Police,City of London Police,-0.104980,51.512033,On or near Kingscote Street,E01032740,City of London 001G,Other theft,Investigation complete; no suspect identified,
e4bbbc2a08f00670d141f8db0db489cfcdd4d14fccb232648a54a4afe615f5d8,2025-08,City of London Police,City of London Police,-0.106076,51.517239,On or near Conference/Exhibition Centre,E01032740,City of London 001G,Other theft,Investigation complete; no suspect identified,
ef07d2d4efb1207ef165223f5a862e52fc30cc59b908d631b9c9e14c61d21d19,2025-08,City of London Police,City of London Police,-0.101359,51.518700,On or near Parking Area,E01032740,City of London 001G,Other theft,Investigation complete; no suspect identified,
2645a79060db6af8ca7336657fd037594ff0f5584b2e9fa899bd3ce3a0345144,2025-08,City of London Police,City of London Police,-0.098886,51.519254,On or near Kinghorn Street,E01032740,City of London 001G,Other theft,Investigation complete; no suspect identified,
0207c8921f5772b34bf464a5fa035dda9885bb28e9701fba2a1b41d3fc394dde,2025-08,City of London Police,City of London Police,-0.106076,51.517239,On or near Conference/Exhibition Centre,E01032740,City of London 001G,Other theft,Investigation complete; no suspect identified,
15cce0b47417160548fedbab9ceef70455e6c02a3ab5b2a48aa622eb8b38dc84,2025-08,City of London Police,City of London Police,-0.106076,51.517239,On or near Conference/Exhibition Centre,E01032740,City of London 001G,Other theft,Investigation complete; no suspect identified,
0a2b1872b5875cc9197b7c1abf24d6a4538c4a2e8d126ef52989acaec6750aac,2025-08,City of London Police,City of London Police,-0.102812,51.517051,On or near Police Station,E01032740,City of London 001G,Other theft,Investigation complete; no suspect identified,
2cdecca76661044abba6e100f71ab3f4f6d7698505c53e52c468b0d8d5d47b24,2025-08,City of London Police,City of London Police,-0.101621,51.516906,On or near Giltspur Street,E01032740,City of London 001G,Public order,Status update unavailable,
c6a1a35ec1918eb2f2f4f107092bfa61d91f4a61a36650df7a6b87b9aa366259,2025-08,City of London Police,City of London Police,-0.106076,51.517239,On or near Conference/Exhibition Centre,E01032740,City of London 001G,Public order,Investigation complete; no suspect identified,
cddc729d2ad9241e2a489ec691c8e49570b5dc9f6004d70a709f19c9ec4072e5,2025-08,City of London Police,City of London Police,-0.101621,51.516906,On or near Giltspur Street,E01032740,City of London 001G,Public order,Unable to prosecute suspect,
6ddde973d65d5c1fd2c9b9fc8f6c0156fa1bfac122c5de2522359ea1959bfd70,2025-08,City of London Police,City of London Police,-0.110690,51.517916,On or near Further/Higher Educational Building,E01032740,City of London 001G,Public order,Investigation complete; no suspect identified,
8a4307c47f62b20dfa81d5f0b7cea2b9fb2c2f014658a321bf19724ec8815f22,2025-08,City of London Police,City of London Police,-0.101361,51.519357,On or near Grand Avenue,E01032740,City of London 001G,Public order,Unable to prosecute suspect,
d3e988eea0d7548d63e13a0c7820e36b2ee7fb95f0f02e1e83545b46ba56a4d3,2025-08,City of London Police,City of London Police,-0.108450,51.514202,On or near Fleet Street,E01032740,City of London 001G,Public order,Unable to prosecute suspect,
697cee06c3411b84dadf3059c49d12696e8e29321d7c70c3cd849d495136a938,2025-08,City of London Police,City of London Police,-0.106076,51.517239,On or near Conference/Exhibition Centre,E01032740,City of London 001G,Public order,Unable to prosecute suspect,
e6433fede9a8b8c8c3d1f921e9ddef0fcbe375dd9dde25c3a3b1b6e3f2744b29,2025-08,City of London Police,City of London Police,-0.102726,51.513911,On or near Pageantmaster Court,E01032740,City of London 001G,Robbery,Investigation complete; no suspect identified,
990a07fcf1eb4190c42e3d430b97a03dd79f3e1205ea0215246f3a8760bcb101,2025-08,City of London Police,City of London Police,-0.108027,51.511884,On or near Temple Avenue,E01032740,City of London 001G,Robbery,Investigation complete; no suspect identified,
38d6836143649f5eace42d740609a73740b6435222f5a19c2855b8f426ba7f06,2025-08,City of London Police,City of London Police,-0.101361,51.519357,On or near Grand Avenue,E01032740,City of London 001G,Shoplifting,Investigation complete; no suspect identified,
a3ed1540108fa0549bf909759943f374a4958fdaf06ebc26d3fcddb9ef499d24,2025-08,City of London Police,City of London Police,-0.104980,51.512033,On or near Kingscote Street,E01032740,City of London 001G,Shoplifting,Investigation complete; no suspect identified,
9c2e45c0338539ed82cedee9c87a5aae3df4fdb11b55e1f4eff090ad8c57354b,2025-08,City of London Police,City of London Police,-0.112953,51.518231,On or near Southampton Buildings,E01032740,City of London 001G,Shoplifting,Investigation complete; no suspect identified,
2a761d65679405553cd87c086e812245d08edaf2a811223cbc0e8b155950b223,2025-08,City of London Police,City of London Police,-0.103393,51.517978,On or near Smithfield Street,E01032740,City of London 001G,Shoplifting,Local resolution,
69a8a66529b3ca971756f4a9269e488ed4e85243f37c4e6edad6c90eea642b61,2025-08,City of London Police,City of London Police,-0.112953,51.518231,On or near Southampton Buildings,E01032740,City of London 001G,Shoplifting,Unable to prosecute suspect,
8ea86c55f65193aaf5b4f70d4dbdf0755497489feb18b63f5e5df9f61401386d,2025-08,City of London Police,City of London Police,-0.109164,51.517846,On or near Holborn,E01032740,City of London 001G,Shoplifting,Awaiting court outcome,
c3f6e98a6bdbdd2082a638d22ffbab14b9e4846d66fe7a26b81334e0fa65b60c,2025-08,City of London Police,City of London Police,-0.102726,51.513911,On or near Pageantmaster Court,E01032740,City of London 001G,Theft from the person,Investigation complete; no suspect identified,
8f519eeedf6938f9764501599f04fb8cb5332da3af4d2914c86bc1e5db095943,2025-08,City of London Police,City of London Police,-0.108450,51.514202,On or near Fleet Street,E01032740,City of London 001G,Theft from the person,Investigation complete; no suspect identified,
afe8996a034f2f1f0c40d6e416bb37e72b731ccecc0d300052d2d7afdc0dfe24,2025-08,City of London Police,City of London Police,-0.102726,51.513911,On or near Pageantmaster Court,E01032740,City of London 001G,Theft from the person,Investigation complete; no suspect identified,
2e3a65c82ffc8721d9dca0e8b4b3564d0f36b662a6e7cbb9badd8896a062ee50,2025-08,City of London Police,City of London Police,-0.108450,51.514202,On or near Fleet Street,E01032740,City of London 001G,Theft from the person,Investigation complete; no suspect identified,
81e40812f07dba4f738acdb29511e036bbd5335b25d7a718cd48721ffe3cd689,2025-08,City of London Police,City of London Police,-0.108450,51.514202,On or near Fleet Street,E01032740,City of London 001G,Theft from the person,Investigation complete; no suspect identified,
ad9a59fe0874ad3db4eae632b03381cfa7ac3e22eef0d553ace9d137d682beff,2025-08,City of London Police,City of London Police,-0.108017,51.514213,On or near Fleet Street,E01032740,City of London 001G,Theft from the person,Investigation complete; no suspect identified,
876bc792392f1770426415f166040228509a97623e18bae0986d2e3590c7ba9b,2025-08,City of London Police,City of London Police,-0.105131,51.513941,On or near Bride Lane,E01032740,City of London 001G,Theft from the person,Unable to prosecute suspect,
489140bd1bc9555cc39fa30c3eceddec3af7a8d45e9915f233b7d8be04086776,2025-08,City of London Police,City of London Police,-0.108450,51.514202,On or near Fleet Street,E01032740,City of London 001G,Theft from the person,Investigation complete; no suspect identified,
17bee4b7d5a8c243a2f7325c6e1a61d8c96da9b70f4ad42c36d962991c9f7997,2025-08,City of London Police,City of London Police,-0.107997,51.513313,On or near Bouverie Street,E01032740,City of London 001G,Theft from the person,Investigation complete; no suspect identified,
a8136955d3227e970b06b276f6789e8fa18a4bdf60cf8361a3efd9181f862c8a,2025-08,City of London Police,City of London Police,-0.106076,51.517239,On or near Conference/Exhibition Centre,E01032740,City of London 001G,Theft from the person,Investigation complete; no suspect identified,
5df5e3862a4df7b74a4beceb4ed1ec03855ce789817605d0cea0be7c7f436717,2025-08,City of London Police,City of London Police,-0.106076,51.517239,On or near Conference/Exhibition Centre,E01032740,City of London 001G,Theft from the person,Investigation complete; no suspect identified,
12182078d5dc197ea9b33b98a5d8d23f368d65551d4e0ae8c8f58e7be40520d6,2025-08,City of London Police,City of London Police,-0.108450,51.514202,On or near Fleet Street,E01032740,City of London 001G,Theft from the person,Investigation complete; no suspect identified,
7258a5709e02ee73d557f45abb39e7457914749ba55a48576fb623cd2f4fd8e4,2025-08,City of London Police,City of London Police,-0.102726,51.513911,On or near Pageantmaster Court,E01032740,City of London 001G,Theft from the person,Unable to prosecute suspect,
a559a3c2aa008db85ebca03b5020452b2ef73d451c023d32dd6ef93b80ed99b0,2025-08,City of London Police,City of London Police,-0.108450,51.514202,On or near Fleet Street,E01032740,City of London 001G,Theft from the person,Investigation complete; no suspect identified,
5968ca9c6d648a7d677186495e445828287d61902e0bd0db360b7cf8fcd86f96,2025-08,City of London Police,City of London Police,-0.108027,51.511884,On or near Temple Avenue,E01032740,City of London 001G,Theft from the person,Investigation complete; no suspect identified,
9e9b5f11f9c8a7b2b02917b54be04f4312fc6ecf91fd238a0307329f167f7000,2025-08,City of London Police,City of London Police,-0.106076,51.517239,On or near Conference/Exhibition Centre,E01032740,City of London 001G,Theft from the person,Investigation complete; no suspect identified,
d87662730be43cbf0399887ff0f98a4aa039aff9d7a07d603dd5ef19c5200209,2025-08,City of London Police,City of London Police,-0.108450,51.514202,On or near Fleet Street,E01032740,City of London 001G,Theft from the person,Investigation complete; no suspect identified,
3347ec57634a4ece47ed92ffb475823d91e5413e3d6fd6a0b4de81972412b3f3,2025-08,City of London Police,City of London Police,-0.099803,51.519026,On or near Cloth Fair,E01032740,City of London 001G,Theft from the person,Investigation complete; no suspect identified,
8730ddd407dc616482e314aa6fc7773bbcf41f0bf54b0243b687b6eab3f14cc5,2025-08,City of London Police,City of London Police,-0.109297,51.515681,On or near Fetter Lane,E01032740,City of London 001G,Theft from the person,Investigation complete; no suspect identified,
4dd1dd3fb453c8f843a3d25271741088d6fc4a91e2cc00f5f9a38363c57948fb,2025-08,City of London Police,City of London Police,-0.106076,51.517239,On or near Conference/Exhibition Centre,E01032740,City of London 001G,Theft from the person,Investigation complete; no suspect identified,
2d3cce0b978fb334ae75f21c6416c97a754bda2a161f8d033335f2149021748d,2025-08,City of London Police,City of London Police,-0.099803,51.519026,On or near Cloth Fair,E01032740,City of London 001G,Theft from the person,Investigation complete; no suspect identified,
c3ab279f8bc6588164ad80de80e94fb26f65547bc997665e145189382289d532,2025-08,City of London Police,City of London Police,-0.105131,51.513941,On or near Bride Lane,E01032740,City of London 001G,Theft from the person,Investigation complete; no suspect identified,
ba0baa0da148b9fb47eeef775c67f402dcdec680d85efee59ac96b4b227e2516,2025-08,City of London Police,City of London Police,-0.099803,51.519026,On or near Cloth Fair,E01032740,City of London 001G,Theft from the person,Investigation complete; no suspect identified,
34c9c0f96378873c7d391bfabd7313c1a2bbcdd54982c59520ed131b8a31baca,2025-08,City of London Police,City of London Police,-0.101359,51.518700,On or near Parking Area,E01032740,City of London 001G,Theft from the person,Investigation complete; no suspect identified,
84f3478b1c981a5b01159057c393248880ec9d81fdbe0ba036e8386a88f6e99d,2025-08,City of London Police,City of London Police,-0.109164,51.517846,On or near Holborn,E01032740,City of London 001G,Theft from the person,Investigation complete; no suspect identified,
57d2b9884641e9dc567b67663e97a9f9a102a1aa60ca5e064330acc4379c7037,2025-08,City of London Police,City of London Police,-0.112953,51.518231,On or near Southampton Buildings,E01032740,City of London 001G,Theft from the person,Investigation complete; no suspect identified,
5a771a7385f6f2a4e0466b35bec048c158b116ff46d72d57e773cbd975fd72c4,2025-08,City of London Police,City of London Police,-0.109297,51.515681,On or near Fetter Lane,E01032740,City of London 001G,Theft from the person,Investigation complete; no suspect identified,
6e823f2a67f17e7cdaad15f8840e1845c6f45ebcc1862c9618c4f000e1bd94ed,2025-08,City of London Police,City of London Police,-0.101359,51.518700,On or near Parking Area,E01032740,City of London 001G,Theft from the person,Investigation complete; no suspect identified,
ad5730a6175940f1f7d66acb1eef20c49632fad21c3303005eefa44458b2f874,2025-08,City of London Police,City of London Police,-0.101359,51.518700,On or near Parking Area,E01032740,City of London 001G,Vehicle crime,Investigation complete; no suspect identified,
7c3740ae9816331c6bb601c630d7a10e4908eaad5c6014f56fe07b1850e9e7e2,2025-08,City of London Police,City of London Police,-0.112111,51.517687,On or near Parking Area,E01032740,City of London 001G,Vehicle crime,Investigation complete; no suspect identified,
a200feb9425a962f4962094bff1189c783f827255420384a020b1b4324bd9166,2025-08,City of London Police,City of London Police,-0.108027,51.511884,On or near Temple Avenue,E01032740,City of London 001G,Violence and sexual offences,Unable to prosecute suspect,
37ee2d67317e13a0544795c3e0106c4f9801e6bfe91924462b45761c37f13a1b,2025-08,City of London Police,City of London Police,-0.109297,51.515681,On or near Fetter Lane,E01032740,City of London 001G,Violence and sexual offences,Investigation complete; no suspect identified,
c75eea738a74656fedca48eb94a7e360ed54e2eaa875503d6a2f5a1f0243ccb9,2025-08,City of London Police,City of London Police,-0.104980,51.512033,On or near Kingscote Street,E01032740,City of London 001G,Violence and sexual offences,Awaiting court outcome,
28d1136519388d19be226059c18d69f61ea001868d2b75daca083a1560e009fe,2025-08,City of London Police,City of London Police,-0.112953,51.518231,On or near Southampton Buildings,E01032740,City of London 001G,Violence and sexual offences,Investigation complete; no suspect identified,
0187d8e3821bd87042142fe937dffd835e6ec70b7d93ae2de6468ec7707fe44f,2025-08,City of London Police,City of London Police,-0.101361,51.519357,On or near Grand Avenue,E01032740,City of London 001G,Violence and sexual offences,Unable to prosecute suspect,
2de18cd4a1a2a438a389a92cd763400d5cc1c96034413033ea496257849deaa7,2025-08,City of London Police,City of London Police,-0.099803,51.519026,On or near Cloth Fair,E01032740,City of London 001G,Violence and sexual offences,Action to be taken by another organisation,
8dbf60ce6b58ebcc65e1d294d28d0938a67e4be10033ccb5629bfec80be294da,2025-08,City of London Police,City of London Police,-0.104980,51.512033,On or near Kingscote Street,E01032740,City of London 001G,Violence and sexual offences,Awaiting court outcome,
84c11fc58f059d842a99b8b9a3c5fc6d393fe7622104cb2c332f7e18167c67f8,2025-08,City of London Police,City of London Police,-0.107979,51.515480,On or near East Harding Street,E01032740,City of London 001G,Violence and sexual offences,Unable to prosecute suspect,
276d64f3839883fde957bdb4434ec633ddd3e8e6afdb1de8b3ce505e323d421b,2025-08,City of London Police,City of London Police,-0.101621,51.516906,On or near Giltspur Street,E01032740,City of London 001G,Violence and sexual offences,Unable to prosecute suspect,
5dac8d99f7bc4f452ce438cb3c71cde966e46ec7c477dc244d03e5aed4938ceb,2025-08,City of London Police,City of London Police,-0.108027,51.511884,On or near Temple Avenue,E01032740,City of London 001G,Violence and sexual offences,Investigation complete; no suspect identified,
c44ecdae352a22464c83cc493626a062712dfa5ce3dc267dd23fb9af2456ea5c,2025-08,City of London Police,City of London Police,-0.099709,51.519906,On or near Farringdon,E01032740,City of London 001G,Violence and sexual offences,Investigation complete; no suspect identified,
47dbea30f20241580ebcffd811d055d021247f37d668cb84ca8ef69200a88868,2025-08,City of London Police,City of London Police,-0.108027,51.511884,On or near Temple Avenue,E01032740,City of London 001G,Violence and sexual offences,Unable to prosecute suspect,
8d17bdb692b7e212f2932ee94055e8ee7e78c30ed7f1616eba35d531d9a7b58b,2025-08,City of London Police,City of London Police,-0.108162,51.512834,On or near Parking Area,E01032740,City of London 001G,Violence and sexual offences,Investigation complete; no suspect identified,
531de69fb00e55fbb0e500311d3bb15360787697addee78bd71c5b9f87ff0623,2025-08,City of London Police,City of London Police,-0.101359,51.518700,On or near Parking Area,E01032740,City of London 001G,Other crime,Unable to prosecute suspect,
d042a456802ddda3405b21bcd8b2e69b2fa9645eb854e87db5ac203bb48ea5d6,2025-08,City of London Police,City of London Police,-0.045933,51.550118,On or near Hospital,E01001729,Hackney 019A,Public order,Status update unavailable,
7e4b2f172f7e34fdc93c22406e659fc3f817064ff40400162ffae820f6540f46,2025-08,City of London Police,City of London Police,-0.082648,51.520455,On or near Earl Street,E01033708,Hackney 033C,Burglary,Investigation complete; no suspect identified,
cff52458465b7b346af22796436f0f316fa79cdd97c78bb115d2b2d2b9a71641,2025-08,City of London Police,City of London Police,-0.082648,51.520455,On or near Earl Street,E01033708,Hackney 033C,Other theft,Unable to prosecute suspect,
abbd1cfc3d8821aaba9c81b8c47ddc177f00e3d2cfdfbb8a563df5c34db1bba7,2025-08,City of London Police,City of London Police,-0.102729,51.519379,On or near Charterhouse Street,E01002724,Islington 022D,Violence and sexual offences,Investigation complete; no suspect identified,
cb0b45e7a2887a70c8207ce5a0bbd88fcce74c8455802aac9d38340c13d34624,2025-08,City of London Police,City of London Police,-0.098715,51.523001,On or near Charterhouse Bldgs,E01033489,Islington 022G,Drugs,Court result unavailable,
88574c5fe04b83956f0669aaa49f6b8a25f358a87197951432da3bad6f8cf2c0,2025-08,City of London Police,City of London Police,-0.097151,51.523182,On or near Baltic Street West,E01033490,Islington 022H,Drugs,Investigation complete; no suspect identified,
16c9049e230228ab3befa27d5b0a353a2b82f7bbe5553d8dbf8011c0487003cb,2025-08,City of London Police,City of London Police,-0.098500,51.520551,On or near Carthusian Street,E01033490,Islington 022H,Other theft,Investigation complete; no suspect identified,
a88e6d4004932b2bd9f1a70cc0bb6d7595d96c462bd3c95a292e1f4c095c2e3c,2025-08,City of London Police,City of London Police,-0.098500,51.520551,On or near Carthusian Street,E01033490,Islington 022H,Theft from the person,Investigation complete; no suspect identified,
ce358aea73eabe192bcad140c331572b011f53a02b9d240f5ca767981dd6a747,2025-08,City of London Police,City of London Police,-0.098500,51.520551,On or near Carthusian Street,E01033490,Islington 022H,Violence and sexual offences,Investigation complete; no suspect identified,
5f9e9a9190b707a254065fff2ff635406c490eb0fe84ae550089e8ccd7de7dc4,2025-08,City of London Police,City of London Police,-0.086858,51.521127,On or near Parking Area,E01002704,Islington 023D,Theft from the person,Investigation complete; no suspect identified,
764db72149594f269d75af5012a20616b8b23f4989dfd006da421db2cd4811bb,2025-08,City of London Police,City of London Police,-0.108127,51.494512,On or near Brook Drive,E01003110,Lambeth 002C,Violence and sexual offences,Status update unavailable,
d19f22e284f93ee78772e58308f9764207e1fa5eed20fa63fc83709c49fd4f57,2025-08,City of London Police,City of London Police,-0.118410,51.499488,On or near Hospital,E01003013,Lambeth 036A,Violence and sexual offences,Awaiting court outcome,
42049990d3c00c637b21cd56985f0d2258788b92a59382bf9a6f7abc51799540,2025-08,City of London Police,City of London Police,0.065923,51.531305,On or near Langdon Crescent,E01003623,Newham 023E,Violence and sexual offences,Court result unavailable,
c83d5a64b35182c75fd0e64298adcc1dbcd0b2a5a8645a868ac9cbf9d43d4f0b,2025-08,City of London Police,City of London Police,-0.163259,52.807523,On or near Penway Drive,E01026258,South Holland 005B,Other theft,Status update unavailable,
627ee8aaa4500c8ac4597fc196b10159cf32ad2c7fc2e98c330a976111f7ae69,2025-08,City of London Police,City of London Police,-1.436893,54.863690,On or near Admiral Way,E01008775,Sunderland 029C,Other crime,Unable to prosecute suspect,
5bcbe415839ab9ac410297385ac23b3ad4fc85856bc7b39578725d8d2c66983e,2025-08,City of London Police,City of London Police,-0.061215,51.519078,On or near Shopping Area,E01004208,Tower Hamlets 013C,Violence and sexual offences,Unable to prosecute suspect,
ba0432ac15e82e601660bd7d0724e5aa0be45033d6912e523981c5c9fc9031a6,2025-08,City of London Police,City of London Police,-0.061215,51.519078,On or near Shopping Area,E01004208,Tower Hamlets 013C,Violence and sexual offences,Unable to prosecute suspect,
2c49fe445f4d5b31ba65219360ec22a41ee8eb11ff66f0a9cf1f908aee294fed,2025-08,City of London Police,City of London Police,-0.069560,51.520124,On or near Hanbury Street,E01004306,Tower Hamlets 015A,Other theft,Further investigation is not in the public interest,
b3de3cdd5471b23de2b2abae6ac56b76f53471afa165e9840f314c6ee89b8333,2025-08,City of London Police,City of London Police,-0.078757,51.520455,On or near Spital Square,E01004307,Tower Hamlets 015B,Criminal damage and arson,Status update unavailable,
637b4e8345502cf0935b4a9553a7d7eeae8dd7a3755a9c149dd6d86a2c4c7a89,2025-08,City of London Police,City of London Police,-0.055723,51.514347,On or near Sidney Street,E01004326,Tower Hamlets 017D,Drugs,Court result unavailable,
1ebc1e3bd8b62e19d9c34070b548fa91bd09ec229747f70a93e6517c961ca664,2025-08,City of London Police,City of London Police,-0.072542,51.513100,On or near Further/Higher Educational Building,E01032767,Tower Hamlets 021F,Public order,Unable to prosecute suspect,
4646ae0c745a95b61a1acb228cd3e424b7261a34c57194c6765b21dca68fc1ef,2025-08,City of London Police,City of London Police,-0.074039,51.508588,On or near Tower Bridge Approach,E01004293,Tower Hamlets 027B,Theft from the person,Investigation complete; no suspect identified,
deaf4f64d32a808dc25cfbabb853bd41e5e4f5e905c127203a53d85418c5abb2,2025-08,City of London Police,City of London Police,-0.074039,51.508588,On or near Tower Bridge Approach,E01004293,Tower Hamlets 027B,Violence and sexual offences,Unable to prosecute suspect,
013e36ad64d62c5489c6ff6fb4bbb6826ebf4c45f6332ddb53f08f0f0083bad7,2025-08,City of London Police,City of London Police,-0.188842,51.518186,On or near Celbridge Mews,E01004656,Westminster 014D,Drugs,Unable to prosecute suspect,
346a74b51e197d301ef7d103860aee12f70333f54f04ea6b0660a7be80f9a8fc,2025-08,City of London Police,City of London Police,-0.113701,51.511292,On or near Temple Place,E01004735,Westminster 018B,Violence and sexual offences,Further action is not in the public interest,
476f532d019ccb8eb245b1893c34c948f5ec7f8561fe5d14a3b99e7dffcf70cb,2025-08,City of London Police,City of London Police,-0.112811,51.512590,On or near Essex Street,E01004735,Westminster 018B,Violence and sexual offences,Court result unavailable,
021db90fe52559c2c606d1698bf9657b1fd4e2ae51f21e1b14cfb710efd118fc,2025-08,City of London Police,City of London Police,-0.871618,52.208830,On or near Landimore Road,E01027202,West Northamptonshire 037C,Public order,Unable to prosecute suspect,
,2025-08,City of London Police,City of London Police,,,No Location,,,Anti-social behaviour,,
,2025-08,City of London Police,City of London Police,,,No Location,,,Anti-social behaviour,,
,2025-08,City of London Police,City of London Police,,,No Location,,,Anti-social behaviour,,
e87faea80646ddc2bc3827b94d3924c8e39c3a8f208dffa743daf9ced0f794cd,2025-08,City of London Police,City of London Police,,,No Location,,,Bicycle theft,Investigation complete; no suspect identified,
83a9b3c4c88e801d76986c7ed9a1479286c255b12b9b07ff7b87b50aaeee203e,2025-08,City of London Police,City of London Police,,,No Location,,,Bicycle theft,Investigation complete; no suspect identified,
641203d6066cc99b45690d69d7b57d3f5ee4c1ff753bcdbc52f7188ab42e937e,2025-08,City of London Police,City of London Police,,,No Location,,,Drugs,Court result unavailable,
bbf077643903fa8073e68f20a7f9f2d97d966e3f59f1f6b60b42df46122c9a6f,2025-08,City of London Police,City of London Police,,,No Location,,,Drugs,Unable to prosecute suspect,
ec859bf8f5ec3d82c42f71ac2e529f3340af8e7a8c334588572faf5be236d009,2025-08,City of London Police,City of London Police,,,No Location,,,Other theft,Investigation complete; no suspect identified,
3ed71613596250cf36bde88103b7687dde6669545a148ae3b850a49f8b14a207,2025-08,City of London Police,City of London Police,,,No Location,,,Other theft,Investigation complete; no suspect identified,
0cb4d6215c2048344eaf1396aa37c8bb706fbc6b06302c938222470c6144ee7f,2025-08,City of London Police,City of London Police,,,No Location,,,Other theft,Investigation complete; no suspect identified,
25891bdc4f1d9d554eca6ab21ce8a79f6cda84281be414e4a2029cb33e434198,2025-08,City of London Police,City of London Police,,,No Location,,,Other theft,Investigation complete; no suspect identified,
fa2948293231b77bffb78443e5aeab198a6ce68f827398d777f7ceaee36deec7,2025-08,City of London Police,City of London Police,,,No Location,,,Other theft,Investigation complete; no suspect identified,
cec9584d4deaf4437fe5f711f6f1a1a792aea985624db953da168ef435e54af1,2025-08,City of London Police,City of London Police,,,No Location,,,Other theft,Investigation complete; no suspect identified,
d703ae28b81e9ed9d287f56fc6e49ea98a1a293db8fe209ce6aacb74def7e389,2025-08,City of London Police,City of London Police,,,No Location,,,Other theft,Investigation complete; no suspect identified,
17395842533bdeade947395b01bd8876d11d94f358897e54a054c1b9a32e86c5,2025-08,City of London Police,City of London Police,,,No Location,,,Other theft,Investigation complete; no suspect identified,
316220d4c6b9b365c321df17d1235d0f9fa8b2255ca1ca861e40723d5a75c94c,2025-08,City of London Police,City of London Police,,,No Location,,,Public order,Unable to prosecute suspect,
22998bdf56346213010164a9d6e8792a7d101aa2da4cead506543858d0be35c9,2025-08,City of London Police,City of London Police,,,No Location,,,Public order,Unable to prosecute suspect,
12c82f243dc5432745277be831ef6cb67a66b3dd6e85631aafd6250cbbca50e6,2025-08,City of London Police,City of London Police,,,No Location,,,Public order,Status update unavailable,
19b81d70c19553dd8f83f45a7a56f6311ebbb4547519ab75f5b2bf954ae8e913,2025-08,City of London Police,City of London Police,,,No Location,,,Robbery,Status update unavailable,
7bb27aaed8587f46524427d7341cc4ee77f050f6abbbfb4e72f74047b47c54cc,2025-08,City of London Police,City of London Police,,,No Location,,,Robbery,Unable to prosecute suspect,
28cff4ca166a707007316926113f55c82dc016e230ed0247c4fa22f4651b2e2a,2025-08,City of London Police,City of London Police,,,No Location,,,Robbery,Investigation complete; no suspect identified,
c8b0fea57ebefe19c73e4b7f4a5790121236e21a9a6630b328cca6d8e05c5c57,2025-08,City of London Police,City of London Police,,,No Location,,,Shoplifting,Investigation complete; no suspect identified,
3e084e50a066f6acaf77870e61aff24354dd4afee472b6199e4e6d1f71a110ce,2025-08,City of London Police,City of London Police,,,No Location,,,Shoplifting,Court result unavailable,
196d4af59c594157b529239245e1f17f861f1a2ebf4dc7c4135c84cb4b630f10,2025-08,City of London Police,City of London Police,,,No Location,,,Shoplifting,Unable to prosecute suspect,
0a1b23bedb65b4c067ee8b6608f64668e1bcf2f72adf1313fb17dd54434a3e17,2025-08,City of London Police,City of London Police,,,No Location,,,Theft from the person,Investigation complete; no suspect identified,
72edb03a60301de4f62723630f188dcc4f18eaf96a640a618d636987ae6af71e,2025-08,City of London Police,City of London Police,,,No Location,,,Theft from the person,Investigation complete; no suspect identified,
d40fc03013d08217c9e70a64617f276c2d4f2f21c5807ec5826ca859e41e34ad,2025-08,City of London Police,City of London Police,,,No Location,,,Theft from the person,Investigation complete; no suspect identified,
592c717096c9664010b9bb23c431335a3f37280bfb5439b58929a1911e9ae20a,2025-08,City of London Police,City of London Police,,,No Location,,,Theft from the person,Investigation complete; no suspect identified,
ba51cad638e94cd37a69459eacb9cacd98db1e10f703383954be4254ea0263ae,2025-08,City of London Police,City of London Police,,,No Location,,,Theft from the person,Investigation complete; no suspect identified,
80c747d14ef6bdbca01662cdec6e65040531e839598eae154e9e7615d77c4914,2025-08,City of London Police,City of London Police,,,No Location,,,Violence and sexual offences,Investigation complete; no suspect identified,
85777544344a18df5abd4f0929850ec599ace62b6fc7bc766c73fc18279efdd8,2025-08,City of London Police,City of London Police,,,No Location,,,Violence and sexual offences,Status update unavailable,
88df4e023ec1b54178abe3f50fb94fc2af1cf466a70dc4c740dff0c139c0a899,2025-08,City of London Police,City of London Police,,,No Location,,,Violence and sexual offences,Unable to prosecute suspect,
6fedbc80f8f30ee5e93782cdb976704496f27ec829c1aef2e34861c93e74fb28,2025-08,City of London Police,City of London Police,,,No Location,,,Violence and sexual offences,Investigation complete; no suspect identified,
9ade675641d306514da39d385e723d0256fefb04f3126254edda3d14537875d6,2025-08,City of London Police,City of London Police,,,No Location,,,Other crime,Court result unavailable,
19ecba06c878206319da9922fade9acae6585435a7ea89c7e284d3d0507c8757,2025-08,City of London Police,City of London Police,,,No Location,,,Other crime,Court result unavailable,
