Crime ID,Month,Reported by,Falls within,Longitude,Latitude,Location,LSOA code,LSOA name,Crime type,Last outcome category,Context
5dcf36aec35688cb126aabd863e5eb6bddbfef1dee38bc4827a7923e315a56dc,2025-05,City of London Police,City of London Police,0.146760,51.575276,On or near Sylvan Avenue,E01000110,Barking and Dagenham 002C,Vehicle crime,Unable to prosecute suspect,
f9e4f9726398ef0f502a8911c1bdb430ba1c43e412ffaa6cfdf01dbce195f7d8,2025-05,City of London Police,City of London Police,0.147922,51.544220,On or near A1240,E01000013,Barking and Dagenham 013A,Violence and sexual offences,Court result unavailable,
16a2675a311106362fd1043c3ee3e63b036a8fe426a96e99fa8a427e3ddec23e,2025-05,City of London Police,City of London Police,0.083079,51.536640,On or near Sunningdale Avenue,E01034473,Barking and Dagenham 015E,Other crime,Status update unavailable,
ba09efb4456db3968fa23673d8d4995da8927070f5842785e4680e1c742a6713,2025-05,City of London Police,City of London Police,-2.456113,53.584816,On or near Back Mornington Road,E01004922,Bolton 015E,Other crime,Offender given a caution,
9abc33a127821dcba1596179c5fa47534489aed65bfdfc8978cfdc509fb1290c,2025-05,City of London Police,City of London Police,-0.163522,51.536344,On or near Cecil Grove,E01000967,Camden 017D,Violence and sexual offences,Unable to prosecute suspect,
f245636ad74edeca212ceccf689260cc40677b46e84486519c6325960a12ddb0,2025-05,City of London Police,City of London Police,-0.127189,51.523252,On or near Parking Area,E01035711,Camden 026E,Other theft,Status update unavailable,
f5bf22420dd437c544a018b303f04250d45c48e70e80009b1d109b560cd611f7,2025-05,City of London Police,City of London Police,-0.107682,51.517786,On or near B521,E01000917,Camden 027C,Theft from the person,Investigation complete; no suspect identified,
0afcae74cbdb86e5ed9862c7e23e014d48941fa6a83d8363ca184ad9cac5991c,2025-05,City of London Police,City of London Police,-0.107682,51.517786,On or near B521,E01000917,Camden 027C,Theft from the person,Investigation complete; no suspect identified,
ddf7ca6432b457b7f38b5451c33feaf553e9fdd1436c52ee00f8c86e4b313dfd,2025-05,City of London Police,City of London Police,-0.113830,51.521779,On or near Supermarket,E01000920,Camden 027D,Theft from the person,Status update unavailable,
41277787c72a7c29821d4acc73242f0813ae1258325e0557be087bce29fba309,2025-05,City of London Police,City of London Police,-0.111596,51.518281,On or near Chancery Lane,E01000914,Camden 028B,Criminal damage and arson,Unable to prosecute suspect,
da847c431059aa4882776e175514f3de16f241a363f5b833571511de957a92f6,2025-05,City of London Police,City of London Police,-0.111596,51.518281,On or near Chancery Lane,E01000914,Camden 028B,Criminal damage and arson,Investigation complete; no suspect identified,
,2025-05,City of London Police,City of London Police,-0.097078,51.519045,On or near A1,E01000001,City of London 001A,Anti-social behaviour,,
37af3ffd1890b918df773a253a3cf8a23422fc0c9b3a9a68c07d7fcc8e0564fc,2025-05,City of London Police,City of London Police,-0.097078,51.519045,On or near A1,E01000001,City of London 001A,Bicycle theft,Investigation complete; no suspect identified,
9d07e096bb7692313fd0754a5ea29c7c37410126a9480ad5df789baec10814c4,2025-05,City of London Police,City of London Police,-0.098519,51.517332,On or near Little Britain,E01000001,City of London 001A,Burglary,Status update unavailable,
c27f28ef11e2e27f7b7889e0a7654d7d27120946409f6abbf04e24bdcdd1f614,2025-05,City of London Police,City of London Police,-0.098519,51.517332,On or near Little Britain,E01000001,City of London 001A,Drugs,Local resolution,
eb52dc6eea5fdfc56bac6070bd0ba67fe760d9bb8c503b567e9e95218b158621,2025-05,City of London Police,City of London Police,-0.097245,51.515387,On or near St Martin'S Le Grand,E01000001,City of London 001A,Other theft,Investigation complete; no suspect identified,
9af57784036b5a5568fd4e8e9e3e8304bb4da0c98aad49c2814a9c438ccfe6d2,2025-05,City of London Police,City of London Police,-0.097245,51.515387,On or near St Martin'S Le Grand,E01000001,City of London 001A,Other theft,Investigation complete; no suspect identified,
aca666c3d0324e5cb688a2e86171bd1376ccef9c82a1004339e4dbb36b10129b,2025-05,City of London Police,City of London Police,-0.098519,51.517332,On or near Little Britain,E01000001,City of London 001A,Public order,Investigation complete; no suspect identified,
2c3e4abed7671e29538a1b96a274da6d74e95e7adb6a34bc03ec2d633cfbb3ed,2025-05,City of London Police,City of London Police,-0.098519,51.517332,On or near Little Britain,E01000001,City of London 001A,Public order,Local resolution,
146582d77cdfba8470c274bc403b47d339166cbfa3ad0f60c7921b7c1cd122e2,2025-05,City of London Police,City of London Police,-0.098519,51.517332,On or near Little Britain,E01000001,City of London 001A,Theft from the person,Investigation complete; no suspect identified,
754963f10273fa17a31651337d45d7cf32774fc2c9c86bfe94f598786848f6cc,2025-05,City of London Police,City of London Police,-0.097078,51.519045,On or near A1,E01000001,City of London 001A,Theft from the person,Investigation complete; no suspect identified,
9e9411070c6898a4291d1dc620fc531ae3662e5fc283618929c81351bf2e82fa,2025-05,City of London Police,City of London Police,-0.097078,51.519045,On or near A1,E01000001,City of London 001A,Theft from the person,Investigation complete; no suspect identified,
d838c3810b770fd6d36b629ef7f138ad1669c0ab15ce902e94af5321432e79fe,2025-05,City of London Police,City of London Police,-0.097078,51.519045,On or near A1,E01000001,City of London 001A,Theft from the person,Investigation complete; no suspect identified,
07b7401f44e9b3f4d536b9d522e313fd5453d92cec39a61de0a2e7330b1676eb,2025-05,City of London Police,City of London Police,-0.098519,51.517332,On or near Little Britain,E01000001,City of London 001A,Theft from the person,Investigation complete; no suspect identified,
c3bc10f348389eabb6b0e13ac3ad286787f1e90fc005801b148e77d412b95943,2025-05,City of London Police,City of London Police,-0.096367,51.515355,On or near Foster Lane,E01000001,City of London 001A,Vehicle crime,Status update unavailable,
771bded62abcd430eb4ee0b0e8cd09c3d539559944cfcd11fce557f255167d4f,2025-05,City of London Police,City of London Police,-0.098519,51.517332,On or near Little Britain,E01000001,City of London 001A,Violence and sexual offences,Unable to prosecute suspect,
ebc0e6d40e6041bcce1c0aa3973a9af4ccb1604c99c2082c2c8bc7ffb10a471a,2025-05,City of London Police,City of London Police,-0.098519,51.517332,On or near Little Britain,E01000001,City of London 001A,Violence and sexual offences,Unable to prosecute suspect,
,2025-05,City of London Police,City of London Police,-0.092971,51.516271,On or near Aldermanbury,E01000002,City of London 001B,Anti-social behaviour,,
,2025-05,City of London Police,City of London Police,-0.094130,51.519961,On or near Theatre/Concert Hall,E01000002,City of London 001B,Anti-social behaviour,,
83ca1830491ab35b8a4d8eb5376b0831b19a4521e75dbc8331d56595891c8c39,2025-05,City of London Police,City of London Police,-0.092971,51.516271,On or near Aldermanbury,E01000002,City of London 001B,Bicycle theft,Investigation complete; no suspect identified,
6d29f2ab54fe20666a599bc0ea4c172535fff351f8c2a344d2e30c0a92b5ff5b,2025-05,City of London Police,City of London Police,-0.092488,51.520598,On or near Silk Street,E01000002,City of London 001B,Bicycle theft,Investigation complete; no suspect identified,
017f61d649c3e07bcfb41212a467f83b5325c0e09574ff691363dad56ca2c754,2025-05,City of London Police,City of London Police,-0.092488,51.520598,On or near Silk Street,E01000002,City of London 001B,Bicycle theft,Investigation complete; no suspect identified,
71570f6b0eaae5549978ed2bb798ac0f0b7ddc49c5f17c8f76f5cfaffe8cc6c1,2025-05,City of London Police,City of London Police,-0.091668,51.519865,On or near Silk Street,E01000002,City of London 001B,Bicycle theft,Investigation complete; no suspect identified,
4c510b43d4ebe7c0738778df4a2645a2e883f606e6020513fa3b79cf26cf901c,2025-05,City of London Police,City of London Police,-0.092488,51.520598,On or near Silk Street,E01000002,City of London 001B,Bicycle theft,Investigation complete; no suspect identified,
fbbdc06102e4116d0f04b7e9f5265067ec4ff31cb9ea5e8d5284c63befc15622,2025-05,City of London Police,City of London Police,-0.092488,51.520598,On or near Silk Street,E01000002,City of London 001B,Bicycle theft,Investigation complete; no suspect identified,
28c0052baffa9afadf1c178870e704cc57fa50d7285c249080a51a951985f2fa,2025-05,City of London Police,City of London Police,-0.092971,51.516271,On or near Aldermanbury,E01000002,City of London 001B,Bicycle theft,Investigation complete; no suspect identified,
2177b1fdb4d51edc75d0de3c812ffcb6a38c2ab99c121141a04bc6412b803728,2025-05,City of London Police,City of London Police,-0.094130,51.519961,On or near Theatre/Concert Hall,E01000002,City of London 001B,Burglary,Court result unavailable,
f39f3416fe7c35d37c80841f9fcea5b0388a2d8e053d813da26ca9792ec22819,2025-05,City of London Police,City of London Police,-0.094130,51.519961,On or near Theatre/Concert Hall,E01000002,City of London 001B,Burglary,Status update unavailable,
6f942888c45e941a82243bf670420d261488132ce862c99489dee1a66123a3d2,2025-05,City of London Police,City of London Police,-0.090553,51.518948,On or near Moor Lane,E01000002,City of London 001B,Criminal damage and arson,Investigation complete; no suspect identified,
abcf49c68b29c0994e9d1b788f092097579030db5e7947160413bf024c78b9ef,2025-05,City of London Police,City of London Police,-0.094130,51.519961,On or near Theatre/Concert Hall,E01000002,City of London 001B,Criminal damage and arson,Investigation complete; no suspect identified,
104fb2c894c3ece6944e0480e716b45a36557e73c4c7d60bb14a826a4053e330,2025-05,City of London Police,City of London Police,-0.095704,51.516747,On or near Noble Street,E01000002,City of London 001B,Criminal damage and arson,Investigation complete; no suspect identified,
29e8fdc824d7c1ef9b689889ce94270fe2eee075d69a9b329ddfadf70d3c8591,2025-05,City of London Police,City of London Police,-0.094655,51.517369,On or near Parking Area,E01000002,City of London 001B,Criminal damage and arson,Further investigation is not in the public interest,
21823258429d09a5e129e6a18d9556a8767703a577e32ac80e07099503266710,2025-05,City of London Police,City of London Police,-0.094130,51.519961,On or near Theatre/Concert Hall,E01000002,City of London 001B,Other theft,Court result unavailable,
33261ec3827fcdcf3dcd053ade001aee78769b65f946e8c4a2e18b0c3d384957,2025-05,City of London Police,City of London Police,-0.094655,51.517369,On or near Parking Area,E01000002,City of London 001B,Other theft,Investigation complete; no suspect identified,
b7b94deeeac7e2e50a624a959c2603d0f1fb175e73462e8167c155f8a4f4ffcd,2025-05,City of London Police,City of London Police,-0.094130,51.519961,On or near Theatre/Concert Hall,E01000002,City of London 001B,Other theft,Investigation complete; no suspect identified,
b69d4b6865a75a7816bba8b4c741155f100d06ec47c76e748f07654a7192e601,2025-05,City of London Police,City of London Police,-0.091498,51.520483,On or near Conference/Exhibition Centre,E01000002,City of London 001B,Other theft,Investigation complete; no suspect identified,
62bb9227c4d9a0f4dac7b81e7e7fdcd5643b0b643d80d5a673490c6e0fd4754d,2025-05,City of London Police,City of London Police,-0.093886,51.518166,On or near Monkwell Square,E01000002,City of London 001B,Other theft,Investigation complete; no suspect identified,
57dd3ba046be9dedee69508081db71e61b76aa3b1287972dba15699a52667ace,2025-05,City of London Police,City of London Police,-0.094130,51.519961,On or near Theatre/Concert Hall,E01000002,City of London 001B,Other theft,Investigation complete; no suspect identified,
98db1dad52df4acdf90bb72bd794a50411d38daa78f7e40aec396dc1638482ac,2025-05,City of London Police,City of London Police,-0.092488,51.520598,On or near Silk Street,E01000002,City of London 001B,Other theft,Investigation complete; no suspect identified,
f733ed1fa569d7e8f6dd8950557413af0ee02c4eb1c52f8e9867114ff7a3b6a7,2025-05,City of London Police,City of London Police,-0.092488,51.520598,On or near Silk Street,E01000002,City of London 001B,Other theft,Investigation complete; no suspect identified,
0a93102add5db989e3d056f380191f4f21ba1da16a6c136d6563e87ab04123ad,2025-05,City of London Police,City of London Police,-0.090553,51.518948,On or near Moor Lane,E01000002,City of London 001B,Public order,Court result unavailable,
5d7d4ca14700d9baed78b678e66fac5b2b67e58a4e6fcdb47ee9f7ee6a87ceb4,2025-05,City of London Police,City of London Police,-0.090105,51.520001,On or near Milton Court,E01000002,City of London 001B,Public order,Local resolution,
9141de080c32db9adf3ab69599d195362de89a6f8ac08dc190883f25b4db222b,2025-05,City of London Police,City of London Police,-0.092971,51.516271,On or near Aldermanbury,E01000002,City of London 001B,Public order,Investigation complete; no suspect identified,
42bb277d1acc4a9e84c971ff62514bb750425e27c65a29c5e300da9dec72e05d,2025-05,City of London Police,City of London Police,-0.094130,51.519961,On or near Theatre/Concert Hall,E01000002,City of London 001B,Public order,Investigation complete; no suspect identified,
54a75e1a54cb7e79ea6fea026c61ba78e5eca61ac5ebb1d664e859e0325e50f3,2025-05,City of London Police,City of London Police,-0.090553,51.518948,On or near Moor Lane,E01000002,City of London 001B,Shoplifting,Further investigation is not in the public interest,
fddcfb2f58f3ae4c188f012b150250f78192f63d68e5c1396927262cfe4b94b9,2025-05,City of London Police,City of London Police,-0.094130,51.519961,On or near Theatre/Concert Hall,E01000002,City of London 001B,Shoplifting,Court result unavailable,
a961570543f3a8f311f9f8e1a997b22eb3aa8ad3e53b7f7ebded172c472f7485,2025-05,City of London Police,City of London Police,-0.090553,51.518948,On or near Moor Lane,E01000002,City of London 001B,Shoplifting,Investigation complete; no suspect identified,
02c86696ff76f9b2f2a11f672533a6fd0152883ab1e2b8fff17f0e3185f472af,2025-05,City of London Police,City of London Police,-0.090553,51.518948,On or near Moor Lane,E01000002,City of London 001B,Shoplifting,Court result unavailable,
297eccae9be10c9de4720f18f9f401f210592a7df108c160624a0a588dd90bf2,2025-05,City of London Police,City of London Police,-0.090553,51.518948,On or near Moor Lane,E01000002,City of London 001B,Shoplifting,Court result unavailable,
6982be6d0d25355bb5af8c47be6afaa5f12c4d904ccdec83846155f9047fa49d,2025-05,City of London Police,City of London Police,-0.094130,51.519961,On or near Theatre/Concert Hall,E01000002,City of London 001B,Shoplifting,Investigation complete; no suspect identified,
12023af8738ff50bc45d3851f1db84a06b8bc674e165ba9806885d85a8ec851f,2025-05,City of London Police,City of London Police,-0.090553,51.518948,On or near Moor Lane,E01000002,City of London 001B,Shoplifting,Investigation complete; no suspect identified,
b6226af1888fbef40ba2ea4f4da81fb866ae38afdde596f46e197e3bc7a17469,2025-05,City of London Police,City of London Police,-0.090553,51.518948,On or near Moor Lane,E01000002,City of London 001B,Theft from the person,Investigation complete; no suspect identified,
c1507262f400a9ad7309cdf6169ed349bcabd076d6c76f222b1697136782cf8d,2025-05,City of London Police,City of London Police,-0.091495,51.518145,On or near Fore Street,E01000002,City of London 001B,Theft from the person,Investigation complete; no suspect identified,
6c83137be15f5b4c5bc5ec682420d7208d1903f6765bdb0a23a0ed5ca3775898,2025-05,City of London Police,City of London Police,-0.092374,51.519517,On or near Further/Higher Educational Building,E01000002,City of London 001B,Theft from the person,Investigation complete; no suspect identified,
b489e1d2b052eb0a2a6da9667816b55368d22d65f8b4e8c53e7283adcc1d861a,2025-05,City of London Police,City of London Police,-0.092971,51.516271,On or near Aldermanbury,E01000002,City of London 001B,Theft from the person,Investigation complete; no suspect identified,
8d950b5d2f03e509e4a0e567fe387613ebe666efe937f83ca349ce0e12966492,2025-05,City of London Police,City of London Police,-0.092374,51.519517,On or near Further/Higher Educational Building,E01000002,City of London 001B,Vehicle crime,Investigation complete; no suspect identified,
be5ad15e5186a43363fe6f29cce5d06416d2e2da3cb933811650a4c92f607601,2025-05,City of London Police,City of London Police,-0.093845,51.518462,On or near Park/Open Space,E01000002,City of London 001B,Violence and sexual offences,Investigation complete; no suspect identified,
4d477d07e05b04647ad5365df0f12e93f8822bdf7147356b939a8fbbe82049a3,2025-05,City of London Police,City of London Police,-0.092488,51.520598,On or near Silk Street,E01000002,City of London 001B,Violence and sexual offences,Unable to prosecute suspect,
5b798bc1385c28bf7c4da8571d32773a54e6ec71837fb2fa9149efd9767e0623,2025-05,City of London Police,City of London Police,-0.094130,51.519961,On or near Theatre/Concert Hall,E01000002,City of London 001B,Violence and sexual offences,Awaiting court outcome,
e9ef7701d38c4289b371963cb2ba27a868c4d819994d15940af42e239f95f0cb,2025-05,City of London Police,City of London Police,-0.090553,51.518948,On or near Moor Lane,E01000002,City of London 001B,Other crime,Investigation complete; no suspect identified,
f39f3416fe7c35d37c80841f9fcea5b0388a2d8e053d813da26ca9792ec22819,2025-05,City of London Police,City of London Police,-0.094017,51.520901,On or near Theatre/Concert Hall,E01000003,City of London 001C,Burglary,Unable to prosecute suspect,
94fb3620136b0e181ac953c2c261586ac10367f2463e22147c1126255dad1d2f,2025-05,City of London Police,City of London Police,-0.096984,51.522426,On or near Sports/Recreation Area,E01000003,City of London 001C,Burglary,Investigation complete; no suspect identified,
26e8d327e31d877c2810fac231ca73ea026c99d3e33879cf17c6cc980f4b182d,2025-05,City of London Police,City of London Police,-0.095758,51.521667,On or near Fann Street,E01000003,City of London 001C,Burglary,Action to be taken by another organisation,
f39f3416fe7c35d37c80841f9fcea5b0388a2d8e053d813da26ca9792ec22819,2025-05,City of London Police,City of London Police,-0.094759,51.521435,On or near Brackley Street,E01000003,City of London 001C,Burglary,Status update unavailable,
42b1a1fc01425bc20e7c8ea283389d2d6990acf6dabb2dec3849ab47f9c9d806,2025-05,City of London Police,City of London Police,-0.094759,51.521435,On or near Brackley Street,E01000003,City of London 001C,Criminal damage and arson,Investigation complete; no suspect identified,
60a028247bc349613fc445f3eb13ea97913bb1c92e168525b6dabc4b0575740f,2025-05,City of London Police,City of London Police,-0.095258,51.520526,On or near Beech Street,E01000003,City of London 001C,Criminal damage and arson,Investigation complete; no suspect identified,
6c33978634935a6589a41cf11ec51b172d8015cd5449b7496f83db3aeb2d8a1a,2025-05,City of London Police,City of London Police,-0.094759,51.521435,On or near Brackley Street,E01000003,City of London 001C,Criminal damage and arson,Awaiting court outcome,
e9b86b4a7f590cd3ae0352a3fe2fffb0785491c6c7b551e54f7997b47f688832,2025-05,City of London Police,City of London Police,-0.094932,51.522823,On or near Golden Lane,E01000003,City of London 001C,Drugs,Investigation complete; no suspect identified,
272645e094594a64841b737e6bb0627576d67c0c354f7dd2afa5ebd562a45913,2025-05,City of London Police,City of London Police,-0.095258,51.520526,On or near Beech Street,E01000003,City of London 001C,Public order,Investigation complete; no suspect identified,
d7b026612ed8ccc352b49f8ce107031975c77d72e9ee3aa47de96b18c657c534,2025-05,City of London Police,City of London Police,-0.094759,51.521435,On or near Brackley Street,E01000003,City of London 001C,Public order,Investigation complete; no suspect identified,
204c75ccae1a6479fe88ae70555583046ff5c7cc5fc69022d979e0e06d41e500,2025-05,City of London Police,City of London Police,-0.094017,51.520901,On or near Theatre/Concert Hall,E01000003,City of London 001C,Robbery,Status update unavailable,
204c75ccae1a6479fe88ae70555583046ff5c7cc5fc69022d979e0e06d41e500,2025-05,City of London Police,City of London Police,-0.094017,51.520901,On or near Theatre/Concert Hall,E01000003,City of London 001C,Robbery,Investigation complete; no suspect identified,
28d228441903c6f717e0ddfb660fba02a4a49822e16e6e77bb18a206d0d5847d,2025-05,City of London Police,City of London Police,-0.095758,51.521667,On or near Fann Street,E01000003,City of London 001C,Theft from the person,Investigation complete; no suspect identified,
2f50de0a8a614595d53661f2dc36693d6ef6a958862d7167d66802a698d45939,2025-05,City of London Police,City of London Police,-0.094017,51.520901,On or near Theatre/Concert Hall,E01000003,City of London 001C,Violence and sexual offences,Unable to prosecute suspect,
51232219cfa458e0616a62bf1063e1c6eb07a79dfe46116bae96e0be3d7345e9,2025-05,City of London Police,City of London Police,-0.094932,51.522823,On or near Golden Lane,E01000003,City of London 001C,Violence and sexual offences,Action to be taken by another organisation,
faded5e81ec8765403c72ae21431a61604a0edc8309961ba9283966c705543d3,2025-05,City of London Police,City of London Police,-0.095258,51.520526,On or near Beech Street,E01000003,City of London 001C,Violence and sexual offences,Investigation complete; no suspect identified,
1a5c4512114ec02923b56800735b7d77ffe2a619d898db1127f429394b8c48e0,2025-05,City of London Police,City of London Police,-0.096984,51.522426,On or near Sports/Recreation Area,E01000003,City of London 001C,Violence and sexual offences,Status update unavailable,
0c532c115b5b240dbf60c887ed3e3b70d5f75d1432eabc1cc6c1752ce09cb09c,2025-05,City of London Police,City of London Police,-0.095258,51.520526,On or near Beech Street,E01000003,City of London 001C,Violence and sexual offences,Unable to prosecute suspect,
e230d2bd7c335ec42b382f444b6616101697c3fc8719b68b7367600a3defc71e,2025-05,City of London Police,City of London Police,-0.096114,51.520747,On or near Park/Open Space,E01000003,City of London 001C,Violence and sexual offences,Unable to prosecute suspect,
7a804209da086813857d8369adcd26a29eb19fd57623871d7e99c7f44c1fa56d,2025-05,City of London Police,City of London Police,-0.096114,51.520747,On or near Park/Open Space,E01000003,City of London 001C,Violence and sexual offences,Investigation complete; no suspect identified,
c2a73dea3ee9e44c8784b66285288561d67544d39c5953cc394465ab8d954d47,2025-05,City of London Police,City of London Police,-0.095758,51.521667,On or near Fann Street,E01000003,City of London 001C,Other crime,Investigation complete; no suspect identified,
,2025-05,City of London Police,City of London Police,-0.075866,51.511406,On or near America Square,E01000005,City of London 001E,Anti-social behaviour,,
e0cbb8e5983588c6755eae175f07029f13be3570d399e1d16abdc00c19f2a449,2025-05,City of London Police,City of London Police,-0.075866,51.511406,On or near America Square,E01000005,City of London 001E,Bicycle theft,Investigation complete; no suspect identified,
5cf291a2e65ebe29b78c4c51e4f81c9d6b3ed31e1691288a90b15f065024410b,2025-05,City of London Police,City of London Police,-0.075922,51.515894,On or near New Goulston Street,E01000005,City of London 001E,Bicycle theft,Investigation complete; no suspect identified,
4ed6e3e4510e43d92aed008777a0bd8ca830ef1d4f0ee238bc19433e2e5c937c,2025-05,City of London Police,City of London Police,-0.078783,51.515383,On or near Houndsditch,E01000005,City of London 001E,Burglary,Status update unavailable,
46a0bd626c1d55c1b22a02f91f531eef3a9595b1b577baa60a3beb2f15335b38,2025-05,City of London Police,City of London Police,-0.078839,51.515753,On or near Cutler Street,E01000005,City of London 001E,Burglary,Investigation complete; no suspect identified,
eb1a55a034417016e74ecc69674905c74c9970a643b3e8ace4d4ca09ecabc0b5,2025-05,City of London Police,City of London Police,-0.076145,51.512642,On or near India Street,E01000005,City of London 001E,Burglary,Investigation complete; no suspect identified,
50dcec261ca9479615f0c918ba9b68baf0725f8747fa63e6b6e08c257bfae571,2025-05,City of London Police,City of London Police,-0.077511,51.515812,On or near Artizan Street,E01000005,City of London 001E,Criminal damage and arson,Unable to prosecute suspect,
217df1c1d1b038e0c41b5db1206dd1bdc33684a5a09f3383fa591629d2939e26,2025-05,City of London Police,City of London Police,-0.076425,51.516271,On or near Wentworth Street,E01000005,City of London 001E,Criminal damage and arson,Unable to prosecute suspect,
f89f30af9bddde3abf5bbfaa8062dc7920f0f221a221cbebaf098254aaaaf442,2025-05,City of London Police,City of London Police,-0.075453,51.511965,On or near Minories,E01000005,City of London 001E,Criminal damage and arson,Local resolution,
04e250bb0edfad76244c89ba2c8a483ed0d343985aee66d00e3a76e3d9e07040,2025-05,City of London Police,City of London Police,-0.076425,51.516271,On or near Wentworth Street,E01000005,City of London 001E,Criminal damage and arson,Investigation complete; no suspect identified,
d9453c7111a2051b390688071df376fa1de6cda49fc492a892befb6eaaa2d891,2025-05,City of London Police,City of London Police,-0.075401,51.511164,On or near Supermarket,E01000005,City of London 001E,Criminal damage and arson,Unable to prosecute suspect,
c0f551cb872734bf6ed5caf58ae13ba90b2396b030877453fc5095ec87fa766f,2025-05,City of London Police,City of London Police,-0.074330,51.513647,On or near Little Somerset Street,E01000005,City of London 001E,Drugs,Court result unavailable,
90728b752e4c454f6df07bfc21e8fae7381d1ea123bdbcf9aecff3c835fa4688,2025-05,City of London Police,City of London Police,-0.076425,51.516271,On or near Wentworth Street,E01000005,City of London 001E,Drugs,Further investigation is not in the public interest,
a66ad5a5fe91dcae2a98efa0ff2549c86156e28f29daafa41a7fcf8c6cc1d7bb,2025-05,City of London Police,City of London Police,-0.075401,51.511164,On or near Supermarket,E01000005,City of London 001E,Drugs,Formal action is not in the public interest,
93b6fd6c36c627c36687e4961b87c10be52344017b8a7bcc0bca08193702f434,2025-05,City of London Police,City of London Police,-0.074330,51.513647,On or near Little Somerset Street,E01000005,City of London 001E,Other theft,Court result unavailable,
566bf6822df769057ace334fa0ac4735665e2922d0c2f6dba72164c28fb40b4c,2025-05,City of London Police,City of London Police,-0.075401,51.511164,On or near Supermarket,E01000005,City of London 001E,Other theft,Court result unavailable,
4487142555d8814d50f61f352a679880f1fb8f93f7f4520acf2cbe6a82570835,2025-05,City of London Police,City of London Police,-0.075401,51.511164,On or near Supermarket,E01000005,City of London 001E,Other theft,Unable to prosecute suspect,
883dd353c81a60701809df40e0ec8e2b31470b42454f478754588599f1604b5e,2025-05,City of London Police,City of London Police,-0.075401,51.511164,On or near Supermarket,E01000005,City of London 001E,Other theft,Investigation complete; no suspect identified,
da61b131fc876b562feeb12658ea45a53a630fd148a9c78c0b7b5bcefa3d24a0,2025-05,City of London Police,City of London Police,-0.078839,51.515753,On or near Cutler Street,E01000005,City of London 001E,Other theft,Investigation complete; no suspect identified,
b7e3abbc6b3698d5bbd88dc9d02362e45ad60ae74676a7aadf95057d9b073fc0,2025-05,City of London Police,City of London Police,-0.074330,51.513647,On or near Little Somerset Street,E01000005,City of London 001E,Other theft,Unable to prosecute suspect,
0266f72f47233f4bc61cfa95e0083d7d5a0594b1a299035c9f81a5767facd613,2025-05,City of London Police,City of London Police,-0.077407,51.516215,On or near Harrow Place,E01000005,City of London 001E,Other theft,Unable to prosecute suspect,
7ce1881c1daf0e943b13d5e373cbb1242c2885f40e8eeea75ca540949e91f343,2025-05,City of London Police,City of London Police,-0.075080,51.512625,On or near St Clare Street,E01000005,City of London 001E,Other theft,Investigation complete; no suspect identified,
c6a22e862e84aa78f6218bef1ac32a76fd6436c32d291088e37b57a10133b386,2025-05,City of London Police,City of London Police,-0.075080,51.512625,On or near St Clare Street,E01000005,City of London 001E,Other theft,Investigation complete; no suspect identified,
bd56c9e47a957db14b78fcaed62b06d11a19245d2ca0b303a55aeb92f36226aa,2025-05,City of London Police,City of London Police,-0.076145,51.512642,On or near India Street,E01000005,City of London 001E,Other theft,Investigation complete; no suspect identified,
f2be74e83bbd5c413f0e9882b7371c76dce8e0bbb0e074d0f0c338e12a08a286,2025-05,City of London Police,City of London Police,-0.078783,51.515383,On or near Houndsditch,E01000005,City of London 001E,Other theft,Unable to prosecute suspect,
fd9794fc9383be2d821170ce3b4480b3848a0c60afee27b0d725a8a1480b6d7d,2025-05,City of London Police,City of London Police,-0.075401,51.511164,On or near Supermarket,E01000005,City of London 001E,Other theft,Status update unavailable,
5c356df8200de4c771a4125224c86055947c81c7e5c4b4575289d6d45c35c57a,2025-05,City of London Police,City of London Police,-0.078783,51.515383,On or near Houndsditch,E01000005,City of London 001E,Other theft,Court result unavailable,
faaf1f875d6e8924ca274023838fedb4d1477c57c254e8867fd746496cbafd90,2025-05,City of London Police,City of London Police,-0.074330,51.513647,On or near Little Somerset Street,E01000005,City of London 001E,Other theft,Status update unavailable,
e9431eb1dcb9e7f12d376f1428337e02a879b556f6718484aa5e3f127c4481e8,2025-05,City of London Police,City of London Police,-0.076145,51.512642,On or near India Street,E01000005,City of London 001E,Public order,Awaiting court outcome,
5657346504b389c55333de2c1b7dfb62a48d592b80b0a78f6392034f589a3d71,2025-05,City of London Police,City of London Police,-0.076145,51.512642,On or near India Street,E01000005,City of London 001E,Public order,Unable to prosecute suspect,
0969dd3e4cf02432a870b7dfb5d7f797391f8853346586d0f304155e2784f330,2025-05,City of London Police,City of London Police,-0.074330,51.513647,On or near Little Somerset Street,E01000005,City of London 001E,Public order,Status update unavailable,
0e4c7b147e15f2a122245d0d7282efbd84f5dcee3e928fdab123a7092bf648f3,2025-05,City of London Police,City of London Police,-0.075453,51.511965,On or near Minories,E01000005,City of London 001E,Shoplifting,Investigation complete; no suspect identified,
496f46f7bcfae8e415d4b1152ff58fd4876875fe6e1d392dfe03bc45682a8173,2025-05,City of London Police,City of London Police,-0.075401,51.511164,On or near Supermarket,E01000005,City of London 001E,Shoplifting,Status update unavailable,
0a923b2096d4bcf2a91fb1fa25bd4b339b3addd8ade7f637378f8e37cc00bcc4,2025-05,City of London Police,City of London Police,-0.075401,51.511164,On or near Supermarket,E01000005,City of London 001E,Shoplifting,Status update unavailable,
1c5d61f6c326eaa8f1d5d7457dd02580c8d0d8b95afaab6467c08786dc7dd5ef,2025-05,City of London Police,City of London Police,-0.075401,51.511164,On or near Supermarket,E01000005,City of London 001E,Shoplifting,Investigation complete; no suspect identified,
7412c6b55b4bc863f7342949f159c3edbbcf8952d8a1ee1a221b9d398e96311f,2025-05,City of London Police,City of London Police,-0.075401,51.511164,On or near Supermarket,E01000005,City of London 001E,Shoplifting,Unable to prosecute suspect,
7873378b29293cca59294f48836c88fff2402b4a0adb2a1b7f53518bfa6f60a8,2025-05,City of London Police,City of London Police,-0.075401,51.511164,On or near Supermarket,E01000005,City of London 001E,Shoplifting,Unable to prosecute suspect,
0bad492946ab145973cbd18a24ff6e3a602edaf582f0559e2b883512a76f6cc5,2025-05,City of London Police,City of London Police,-0.075401,51.511164,On or near Supermarket,E01000005,City of London 001E,Shoplifting,Court result unavailable,
be66d282405bc5aecdc9bada455b30350a6f92609f22577120dc0acfb25373f5,2025-05,City of London Police,City of London Police,-0.075401,51.511164,On or near Supermarket,E01000005,City of London 001E,Shoplifting,Unable to prosecute suspect,
e77a115c2f5c07a497833e8029026a9110a3d12b924a84af7bcf2d33351f5118,2025-05,City of London Police,City of London Police,-0.076145,51.512642,On or near India Street,E01000005,City of London 001E,Theft from the person,Investigation complete; no suspect identified,
bd1dfdf8368b3003183b1f63666bd8145ae5ff0726a4e88d026d55d7db5633ba,2025-05,City of London Police,City of London Police,-0.075401,51.511164,On or near Supermarket,E01000005,City of London 001E,Theft from the person,Unable to prosecute suspect,
59cf94b644600acf2767527d66e9b668f766533e0a8adfc2c9460f3f36116960,2025-05,City of London Police,City of London Police,-0.076145,51.512642,On or near India Street,E01000005,City of London 001E,Theft from the person,Investigation complete; no suspect identified,
110dfdb6e5c36b292262f3a6f045f270a00a2c8b95dab2fc1c33e7454f622e09,2025-05,City of London Police,City of London Police,-0.075401,51.511164,On or near Supermarket,E01000005,City of London 001E,Theft from the person,Investigation complete; no suspect identified,
434b8bbb777e6295b3a5330252db90915682b596be0319e5c565ffad2b1b9b32,2025-05,City of London Police,City of London Police,-0.075866,51.511406,On or near America Square,E01000005,City of London 001E,Theft from the person,Investigation complete; no suspect identified,
caaa8b9fa68f26813e3d0705d7757ab221b157d503d90b82ec8f14f0be5a5151,2025-05,City of London Police,City of London Police,-0.075401,51.511164,On or near Supermarket,E01000005,City of London 001E,Theft from the person,Investigation complete; no suspect identified,
555ebefbd34fc316dd4def8b8f370b4968ef58e32d4eb621b905335dbd823517,2025-05,City of London Police,City of London Police,-0.078839,51.515753,On or near Cutler Street,E01000005,City of London 001E,Theft from the person,Investigation complete; no suspect identified,
d9e3c3511525b3a6516194a4a65165d382c2e25754c414327c95ed8b12753319,2025-05,City of London Police,City of London Police,-0.073717,51.510084,On or near Shorter Street,E01000005,City of London 001E,Vehicle crime,Investigation complete; no suspect identified,
637cc94cadfde9a42d56f2708b9b034756109e09ffa4b68cda16d95acdd98983,2025-05,City of London Police,City of London Police,-0.073704,51.511748,On or near Portsoken Street,E01000005,City of London 001E,Vehicle crime,Investigation complete; no suspect identified,
05c979b89b9afe6346c16b751c40b3886aa88197b6030e757fe419f1fcfa7b11,2025-05,City of London Police,City of London Police,-0.073530,51.510405,On or near Parking Area,E01000005,City of London 001E,Vehicle crime,Investigation complete; no suspect identified,
ec5db582c7ac8d21516e618ce72b143de6871060c41f481fed12aa2fcf367360,2025-05,City of London Police,City of London Police,-0.073530,51.510405,On or near Parking Area,E01000005,City of London 001E,Vehicle crime,Investigation complete; no suspect identified,
3f734672e61b40ba0d65ddb0afc8964c438607c0013b3e179468f5b78f76f7a2,2025-05,City of London Police,City of London Police,-0.077511,51.515812,On or near Artizan Street,E01000005,City of London 001E,Violence and sexual offences,Status update unavailable,
258eaa3b0f2b051fcc701f66718f62b1b48d464502f7ac72249ac94921191dec,2025-05,City of London Police,City of London Police,-0.074330,51.513647,On or near Little Somerset Street,E01000005,City of London 001E,Violence and sexual offences,Investigation complete; no suspect identified,
c1be78312de6e26699aac7df6450eca0aae4da0012bb9171b20872f28ec64862,2025-05,City of London Police,City of London Police,-0.076145,51.512642,On or near India Street,E01000005,City of London 001E,Violence and sexual offences,Unable to prosecute suspect,
70a6a6fb821bfdc9b2b0aeef1918cbf1f8b9ea782d79a6421438d1979ee67e06,2025-05,City of London Police,City of London Police,-0.074330,51.513647,On or near Little Somerset Street,E01000005,City of London 001E,Violence and sexual offences,Unable to prosecute suspect,
d168b25b0ca594866cba676b12d38844ef56c5df2314930048d15e0d99886d15,2025-05,City of London Police,City of London Police,-0.074330,51.513647,On or near Little Somerset Street,E01000005,City of London 001E,Violence and sexual offences,Unable to prosecute suspect,
7521cda507c16ba6f0ab7547fc5b1e4af433c6f87d9453459bf870bbb83d7ea0,2025-05,City of London Police,City of London Police,-0.077511,51.515812,On or near Artizan Street,E01000005,City of London 001E,Violence and sexual offences,Unable to prosecute suspect,
a84fb80213f7b86d6c31a577d6b95007a97ee8fb351365fd13ecb76435e5bdcf,2025-05,City of London Police,City of London Police,-0.077407,51.516215,On or near Harrow Place,E01000005,City of London 001E,Violence and sexual offences,Investigation complete; no suspect identified,
,2025-05,City of London Police,City of London Police,-0.078755,51.518440,On or near Artillery Lane,E01032739,City of London 001F,Anti-social behaviour,,
,2025-05,City of London Police,City of London Police,-0.081643,51.510070,On or near Great Tower Street,E01032739,City of London 001F,Anti-social behaviour,,
,2025-05,City of London Police,City of London Police,-0.083977,51.510441,On or near Lovat Lane,E01032739,City of London 001F,Anti-social behaviour,,
2a3c92970b2758a35f1fc6a8de23ec13cbec102cf109e3f6206cb4e6038d25bf,2025-05,City of London Police,City of London Police,-0.081643,51.510070,On or near Great Tower Street,E01032739,City of London 001F,Bicycle theft,Status update unavailable,
b20f355ca12eccd48e4e6d2ac06e0e11e51ecbc4eeafa69a07cb4e986d2f7d37,2025-05,City of London Police,City of London Police,-0.086815,51.517007,On or near Circus Place,E01032739,City of London 001F,Bicycle theft,Court result unavailable,
bd3b38719256928c873997f6e11fbac3b07568847b98d0d9df788de1411c74ea,2025-05,City of London Police,City of London Police,-0.078278,51.513666,On or near Mitre Street,E01032739,City of London 001F,Bicycle theft,Investigation complete; no suspect identified,
cad2cee99dcd5c059668b85ea809bece0f9e0201fc7374621aeddc50c600b486,2025-05,City of London Police,City of London Police,-0.086815,51.517007,On or near Circus Place,E01032739,City of London 001F,Bicycle theft,Investigation complete; no suspect identified,
c651712a0a2380c02332964d496ffd1f72ab4f72f97d2abbf0d91d1bde4e503d,2025-05,City of London Police,City of London Police,-0.081113,51.516869,On or near Bishopsgate,E01032739,City of London 001F,Bicycle theft,Investigation complete; no suspect identified,
c27d33b0df543ca60e7e54aa75ce0e69ef778ea718c7f697780289355bd3e71e,2025-05,City of London Police,City of London Police,-0.092036,51.511049,On or near College Street,E01032739,City of London 001F,Bicycle theft,Investigation complete; no suspect identified,
55cd52453ef6ed86eedab2473e74d1eb31649db811432469f411330aa3d0e16b,2025-05,City of London Police,City of London Police,-0.091823,51.514427,On or near Ironmonger Lane,E01032739,City of London 001F,Burglary,Investigation complete; no suspect identified,
3dc94660a15bd14fe42f58cbc0ee0a5dbbde6082e06e8134f0b90eb32556f362,2025-05,City of London Police,City of London Police,-0.079907,51.517785,On or near Victoria Avenue,E01032739,City of London 001F,Burglary,Investigation complete; no suspect identified,
81100ef863d7ea406806bb3cec2063020cc2f6437b6a75a74eb021d0f106d525,2025-05,City of London Police,City of London Police,-0.079196,51.513789,On or near Creechurch Lane,E01032739,City of London 001F,Burglary,Investigation complete; no suspect identified,
20cc2c2cfc39b865810b031f0a90370b63c3b27c3a2ec14f831759db0fa4a897,2025-05,City of London Police,City of London Police,-0.092531,51.512658,On or near Queen Street,E01032739,City of London 001F,Burglary,Awaiting court outcome,
1013e707944d69da5ef28a061d3bf1cab1253738453c6f0abdd21090f22f2f9e,2025-05,City of London Police,City of London Police,-0.087157,51.512624,On or near Lombard Street,E01032739,City of London 001F,Burglary,Investigation complete; no suspect identified,
1f5aa035c0918cbc6c12663728bf96b66fdb1af51d1342b984bd3bd01b3353bf,2025-05,City of London Police,City of London Police,-0.079120,51.514912,On or near Bevis Marks,E01032739,City of London 001F,Burglary,Court result unavailable,
d89e1689b689bd16e261b145bb1d3f24bacae82974ec2994a4bd40e82db294ef,2025-05,City of London Police,City of London Police,-0.083349,51.514830,On or near Shopping Area,E01032739,City of London 001F,Burglary,Status update unavailable,
3f316e85526c47aad38bfb8ac1628265a3c94a185ff1bfa73017598a3f700173,2025-05,City of London Police,City of London Police,-0.083349,51.514830,On or near Shopping Area,E01032739,City of London 001F,Burglary,Status update unavailable,
0bfc0feee00d62ebf0d9b2688e147f9712493ad335f6a69c9dee7df469b52e45,2025-05,City of London Police,City of London Police,-0.094070,51.513079,On or near Watling Street,E01032739,City of London 001F,Burglary,Unable to prosecute suspect,
a802e06556257147531ea87f7ae96af1fbb526da558dcd8ddaef4e733fdc5b3c,2025-05,City of London Police,City of London Police,-0.084844,51.509700,On or near Monument Street,E01032739,City of London 001F,Burglary,Investigation complete; no suspect identified,
9dfc1f293f701c8520039e41a3743bf8d4e010921327779da08458711c1a9e3a,2025-05,City of London Police,City of London Police,-0.079120,51.514912,On or near Bevis Marks,E01032739,City of London 001F,Burglary,Court result unavailable,
25d145e9a2fc5274ba726c88547108fddb18c021e14276ee07fbb88d7b040964,2025-05,City of London Police,City of London Police,-0.077070,51.510877,On or near Cooper'S Row,E01032739,City of London 001F,Burglary,Investigation complete; no suspect identified,
2f4fb3b111f6f3abdd4b91e9d38bd2a97741a1033f0160ea19a3f600a2e751e7,2025-05,City of London Police,City of London Police,-0.079838,51.514267,On or near Bury Street,E01032739,City of London 001F,Burglary,Investigation complete; no suspect identified,
aedbb4f987e95014a7cb8a803a7f875c7d26b353e64a285d3c712c8dc2bd8d3f,2025-05,City of London Police,City of London Police,-0.079120,51.514912,On or near Bevis Marks,E01032739,City of London 001F,Burglary,Court result unavailable,
a2012ee46e6259b1e9a602bde74da70846615fa988b7e877afde24aaa4ae461e,2025-05,City of London Police,City of London Police,-0.083349,51.514830,On or near Shopping Area,E01032739,City of London 001F,Burglary,Status update unavailable,
bc6dbcd9290bf42fc191444a468bd3e5ca3f308808236e4f1be8a2b9e062b7a4,2025-05,City of London Police,City of London Police,-0.084910,51.512588,On or near Bell Inn Yard,E01032739,City of London 001F,Burglary,Investigation complete; no suspect identified,
928e969e0f0f86f7a6941699fd9a002a019121bef068de6a80acbc4a0a21fb63,2025-05,City of London Police,City of London Police,-0.101589,51.513515,On or near Ludgate Square,E01032739,City of London 001F,Burglary,Awaiting court outcome,
8c8ff7c6caa57a2145edf98f9114316ad806d35aa70a99a13f1586aaab8c23cf,2025-05,City of London Police,City of London Police,-0.087772,51.510665,On or near Martin Lane,E01032739,City of London 001F,Burglary,Investigation complete; no suspect identified,
055200198e299b5ef63dde625a3acb7b87d7bd1c2da91b358cb2e9c82c3ac6f5,2025-05,City of London Police,City of London Police,-0.081973,51.515948,On or near A10,E01032739,City of London 001F,Burglary,Investigation complete; no suspect identified,
973a7e873361a5e665311e0ee2c5b79b5e4a925bf9d15b6bb88bffee2952df9d,2025-05,City of London Police,City of London Police,-0.083977,51.510441,On or near Lovat Lane,E01032739,City of London 001F,Burglary,Unable to prosecute suspect,
dff4c2bccf926ae034829b1cac0c1f0ec9351bbbb924d5a8ca60f07ec02e1930,2025-05,City of London Police,City of London Police,-0.102134,51.513929,On or near Ludgate Hill,E01032739,City of London 001F,Burglary,Status update unavailable,
261c46a057cac474142801f1cef92fb01919c8bef3fe749adac2bdec466a9eca,2025-05,City of London Police,City of London Police,-0.086815,51.517007,On or near Circus Place,E01032739,City of London 001F,Burglary,Awaiting court outcome,
22775fca0fdaee87be988e7fb52620d817f5ed5fd6b01342363486756b798ba8,2025-05,City of London Police,City of London Police,-0.089479,51.510864,On or near Gophir Lane,E01032739,City of London 001F,Burglary,Investigation complete; no suspect identified,
6b6026ac8c4ea76ac73060c81750d113dae69af03dc2ad08c2115e314aff55c4,2025-05,City of London Police,City of London Police,-0.078278,51.513666,On or near Mitre Street,E01032739,City of London 001F,Burglary,Court result unavailable,
27d6d6d1edc8cf8374af1b48866fafb1edd717f10e0b1d1bd71959b70701c592,2025-05,City of London Police,City of London Police,-0.086815,51.517007,On or near Circus Place,E01032739,City of London 001F,Burglary,Awaiting court outcome,
5e1fc973e798f1d4401e371149eb918ad163a3d3ed5544c1284af82cc683fefe,2025-05,City of London Police,City of London Police,-0.086815,51.517007,On or near Circus Place,E01032739,City of London 001F,Burglary,Awaiting court outcome,
db08b89a1c3b8807e50c9b26afb9f9db6fd10a68b693c3ae977baba96cc675c6,2025-05,City of London Police,City of London Police,-0.086815,51.517007,On or near Circus Place,E01032739,City of London 001F,Burglary,Awaiting court outcome,
2b60f9fa7d332efe39502232307fa5e7f56815722b664b10c202580047fb198a,2025-05,City of London Police,City of London Police,-0.078755,51.518440,On or near Artillery Lane,E01032739,City of London 001F,Burglary,Unable to prosecute suspect,
6aff2ea4cf69037f3f2211cdebcac7f02d9e5208edb3cb704bb99f5953844d73,2025-05,City of London Police,City of London Police,-0.085228,51.511190,On or near Talbot Court,E01032739,City of London 001F,Burglary,Court result unavailable,
6069a61cf02b76df2e6603f4cb8b9005d3cb61dfa3c3bdf26701beb4a2df6dc1,2025-05,City of London Police,City of London Police,-0.084754,51.512882,On or near Corbet Court,E01032739,City of London 001F,Burglary,Investigation complete; no suspect identified,
127842f63208564402279b043dd53904a11b23994cf6aa3869dd36dca0aa054b,2025-05,City of London Police,City of London Police,-0.079907,51.517785,On or near Victoria Avenue,E01032739,City of London 001F,Burglary,Investigation complete; no suspect identified,
186ecb5d33b71098bb143c030f4013797e39cefa8d0afa3a2acc035882dffba7,2025-05,City of London Police,City of London Police,-0.088785,51.517102,On or near Moorgate,E01032739,City of London 001F,Burglary,Investigation complete; no suspect identified,
25a6c050d4777c5e546e5953071133e48c07d9bd57a70fd4efb858c77373b34d,2025-05,City of London Police,City of London Police,-0.083349,51.514830,On or near Shopping Area,E01032739,City of London 001F,Burglary,Investigation complete; no suspect identified,
038dfde85d3bab38f99b07563236a00f99760d75920236bd0c2cf1cb018523a7,2025-05,City of London Police,City of London Police,-0.093339,51.511557,On or near Conference/Exhibition Centre,E01032739,City of London 001F,Burglary,Investigation complete; no suspect identified,
451ecca279e080450f79c1f396e0850e0c592aaca8ba540316fb88ab2da91f78,2025-05,City of London Police,City of London Police,-0.091540,51.511896,On or near Cannon Street,E01032739,City of London 001F,Criminal damage and arson,Unable to prosecute suspect,
a85d65d11de3a1450a66b074e35b473f67e9148738d6a91d5db36e871f882fa7,2025-05,City of London Police,City of London Police,-0.079907,51.517785,On or near Victoria Avenue,E01032739,City of London 001F,Criminal damage and arson,Awaiting court outcome,
0e99539cbcdf6fba2c6985d07fce6958290892a8a023d9aa436537b1e4d37c16,2025-05,City of London Police,City of London Police,-0.096501,51.513874,On or near New Change,E01032739,City of London 001F,Criminal damage and arson,Investigation complete; no suspect identified,
6431aee5b9c10492308dce45fe226887dc683f6b024747f8f7cbb41823dd91a9,2025-05,City of London Police,City of London Police,-0.095830,51.510967,On or near High Timber Street,E01032739,City of London 001F,Criminal damage and arson,Investigation complete; no suspect identified,
4ed3d877aca18d107b72746b34c2af7cc48fbc42fc2f39ecfb0a6f0c54e70233,2025-05,City of London Police,City of London Police,-0.079907,51.517785,On or near Victoria Avenue,E01032739,City of London 001F,Criminal damage and arson,Awaiting court outcome,
0278acbb7849c8d1372393118c3c12737d2896fd106e6c478f0b28c06c7efb11,2025-05,City of London Police,City of London Police,-0.095924,51.513882,On or near Shopping Area,E01032739,City of London 001F,Criminal damage and arson,Status update unavailable,
47f8ad045a9bf72ce28b83f9bb06ca088bafe3cb48157fce73f4096289f1c91b,2025-05,City of London Police,City of London Police,-0.084844,51.510725,On or near Eastcheap,E01032739,City of London 001F,Drugs,Court result unavailable,
d31b41a80eaa1e9243fbacee5d87ab6e7fce1f1f60f75459eb8c391e85769850,2025-05,City of London Police,City of London Police,-0.092036,51.511049,On or near College Street,E01032739,City of London 001F,Drugs,Unable to prosecute suspect,
719755e4571d016138db94319c01aeeaf7d62459adda970b9915198ad8fa2957,2025-05,City of London Police,City of London Police,-0.084844,51.510725,On or near Eastcheap,E01032739,City of London 001F,Drugs,Unable to prosecute suspect,
c3e249559d3d1541794c58e94edad6e71a768d2f7e6df9c6ce9c975538ab3121,2025-05,City of London Police,City of London Police,-0.081902,51.517296,On or near Liverpool Street,E01032739,City of London 001F,Drugs,Court result unavailable,
20e4763a9b09e9529cc2a670a3a0c698630449bf7f9961d2df16c2d79b1c4afa,2025-05,City of London Police,City of London Police,-0.094900,51.513209,On or near Bread Street,E01032739,City of London 001F,Drugs,Local resolution,
0d46cd9cc27682a2ea633dcdcfd9f6ec1edd35958f3228ff1ec5646bd8bb7999,2025-05,City of London Police,City of London Police,-0.090578,51.509722,On or near Allhallows Lane,E01032739,City of London 001F,Drugs,Unable to prosecute suspect,
85818f839d97db3845f8152213efc9dac405184388c48044469a432f632aa116,2025-05,City of London Police,City of London Police,-0.079907,51.517785,On or near Victoria Avenue,E01032739,City of London 001F,Drugs,Further investigation is not in the public interest,
56e9bd0cc78af03400f3be72abd4d54b454ff103d4416d7c7f11a8c7908691a8,2025-05,City of London Police,City of London Police,-0.094070,51.513079,On or near Watling Street,E01032739,City of London 001F,Drugs,Local resolution,
e8c1846d8fbc05e08910a076752a16409e5d8ece2f842ae99dd15e54e36f94ad,2025-05,City of London Police,City of London Police,-0.087157,51.512624,On or near Lombard Street,E01032739,City of London 001F,Drugs,Unable to prosecute suspect,
e566d4b7f99391c816e8587e2945b55b25b63e8b114314d0c894bc6b3525fe1b,2025-05,City of London Police,City of London Police,-0.087157,51.512624,On or near Lombard Street,E01032739,City of London 001F,Drugs,Unable to prosecute suspect,
2a33ee91d3b8587d89a4aadc0f1bddc6f899357841a76e56175704ddb68bae02,2025-05,City of London Police,City of London Police,-0.095764,51.512549,On or near Friday Street,E01032739,City of London 001F,Drugs,Court result unavailable,
b9984981bea62f4be0ab00830a61b4d57f7d53ae9baed941247b8dacfa98e53b,2025-05,City of London Police,City of London Police,-0.079907,51.517785,On or near Victoria Avenue,E01032739,City of London 001F,Drugs,Court result unavailable,
4e5bbadc6ca10b1fee2d031cb32b5d0e074a4e687816b9992615c0b51fa984e9,2025-05,City of London Police,City of London Police,-0.081113,51.516869,On or near Bishopsgate,E01032739,City of London 001F,Drugs,Court result unavailable,
3f18609c4c0fc891da0a489a32901afd91bc9b93cd82bb595dd9d52e3e08b2bd,2025-05,City of London Police,City of London Police,-0.101589,51.513515,On or near Ludgate Square,E01032739,City of London 001F,Other theft,Investigation complete; no suspect identified,
71520ef1d9449d38b388d379b747557edddbda24ddd97d809aa89bbf88fdccbc,2025-05,City of London Police,City of London Police,-0.081091,51.508820,On or near Water Lane,E01032739,City of London 001F,Other theft,Investigation complete; no suspect identified,
a7a5d4ffe8002db997023bb416b9e73fc4ee756d71586abd59e4f10d856f591f,2025-05,City of London Police,City of London Police,-0.084836,51.511939,On or near Shopping Area,E01032739,City of London 001F,Other theft,Investigation complete; no suspect identified,
b55afffbe7e34249141b5f4972644af7270fad90bb059732c89d67d928e8dbc5,2025-05,City of London Police,City of London Police,-0.102134,51.513929,On or near Ludgate Hill,E01032739,City of London 001F,Other theft,Investigation complete; no suspect identified,
a867f549e4ded24bebc5ef07f389333f9f2299761a771ad9c293f5b878053ced,2025-05,City of London Police,City of London Police,-0.089479,51.510864,On or near Gophir Lane,E01032739,City of London 001F,Other theft,Investigation complete; no suspect identified,
5624ba61b382779e11546f8b3d69f5c619905504009ec82d7f7127d10c270a01,2025-05,City of London Police,City of London Police,-0.081512,51.518692,On or near London Liverpool Street,E01032739,City of London 001F,Other theft,Investigation complete; no suspect identified,
70ea8125be72cb295c7d380d3c2965ee41d4e84b9e48f45823caec397eebf357,2025-05,City of London Police,City of London Police,-0.094070,51.513079,On or near Watling Street,E01032739,City of London 001F,Other theft,Investigation complete; no suspect identified,
490dd449f2bc1d6313e131cbbdab00987f374b2c4b78f68d25bc0dcf9e1a287c,2025-05,City of London Police,City of London Police,-0.101589,51.513515,On or near Ludgate Square,E01032739,City of London 001F,Other theft,Investigation complete; no suspect identified,
c846f78cbd967c3927a63582b3db679da4ed3fa1f82154122945a79c9fb0ff3c,2025-05,City of London Police,City of London Police,-0.091540,51.511896,On or near Cannon Street,E01032739,City of London 001F,Other theft,Investigation complete; no suspect identified,
f6bcde199f43608226c2cc92ef80337a2efaf230a9ee5fc0857759f02358fbc4,2025-05,City of London Police,City of London Police,-0.083977,51.510441,On or near Lovat Lane,E01032739,City of London 001F,Other theft,Investigation complete; no suspect identified,
be355eccc44e06e0be28720c1d8d72bcc29886ebb3051ebdc7ef4a340eabc4f8,2025-05,City of London Police,City of London Police,-0.092036,51.511049,On or near College Street,E01032739,City of London 001F,Other theft,Investigation complete; no suspect identified,
3a747357145fafef7aad9f274c48fa74c9fa1a2d4451a0bb3b2c8f94be739fa5,2025-05,City of London Police,City of London Police,-0.088785,51.517102,On or near Moorgate,E01032739,City of London 001F,Other theft,Investigation complete; no suspect identified,
4b1e54f23eb23d57c5b2f531c35f7626c271d628cd816ad4a0a87c790694a350,2025-05,City of London Police,City of London Police,-0.081902,51.517296,On or near Liverpool Street,E01032739,City of London 001F,Other theft,Investigation complete; no suspect identified,
3ce82866ce50963b461a25bb5558028ec929feb59adb9eac67d22b9f0ec7a1ba,2025-05,City of London Police,City of London Police,-0.091540,51.511896,On or near Cannon Street,E01032739,City of London 001F,Other theft,Investigation complete; no suspect identified,
8bce9327de1c5acbc6aab384dfde2ab0709e52bf4ebc3cb2c94be2d1c7d1e44a,2025-05,City of London Police,City of London Police,-0.086019,51.513631,On or near Finch Lane,E01032739,City of London 001F,Other theft,Investigation complete; no suspect identified,
66ca3f78ebce3006c4aaf8daf728a25dedba427d9513ca2c94d7798da4e7e9d3,2025-05,City of London Police,City of London Police,-0.079907,51.517785,On or near Victoria Avenue,E01032739,City of London 001F,Other theft,Unable to prosecute suspect,
ce66e57ee906fa17d8489e61f863ab8d76e0d1f0e59ae33e2293640ee339a748,2025-05,City of London Police,City of London Police,-0.081512,51.518692,On or near London Liverpool Street,E01032739,City of London 001F,Other theft,Investigation complete; no suspect identified,
80e03dbfa6788577633b76994ad260738457b1c6db86258cbad8eec33e4e89e4,2025-05,City of London Police,City of London Police,-0.100201,51.513286,On or near Dean'S Court,E01032739,City of London 001F,Other theft,Investigation complete; no suspect identified,
c967bb6d9462af658de97283fe620d657e00f354d37c17e7f95ae97749c9d637,2025-05,City of London Police,City of London Police,-0.079127,51.509607,On or near Byward Street,E01032739,City of London 001F,Other theft,Investigation complete; no suspect identified,
ba557dc9ed1dc8ea94975af4eb71f6232cff935d43ef963595c1bada03a4b2d3,2025-05,City of London Police,City of London Police,-0.079521,51.511196,On or near New London Street,E01032739,City of London 001F,Other theft,Investigation complete; no suspect identified,
cc9a1d78af0e1def9d4f4d1ec1092895e9de7c7e0d27ecf4a266d90b51d81293,2025-05,City of London Police,City of London Police,-0.081113,51.516869,On or near Bishopsgate,E01032739,City of London 001F,Other theft,Unable to prosecute suspect,
421b2ee07bb234d98d950e288f797a80c38dc63d6ed619a10e306c34d35fd860,2025-05,City of London Police,City of London Police,-0.081902,51.517296,On or near Liverpool Street,E01032739,City of London 001F,Other theft,Status update unavailable,
13a2962a30a3419ba367a64fee64df60ad0d9421caef1926702e5711aa4bede9,2025-05,City of London Police,City of London Police,-0.086019,51.513631,On or near Finch Lane,E01032739,City of London 001F,Other theft,Investigation complete; no suspect identified,
58317126cf9e21b7ca20d8c68fcf7385a61a9311b040eb128867898385dd7377,2025-05,City of London Police,City of London Police,-0.088785,51.517102,On or near Moorgate,E01032739,City of London 001F,Other theft,Court result unavailable,
17f3a200500caa85d9cef197046be4e65f402fcade37b777e8ec52545bc0b01a,2025-05,City of London Police,City of London Police,-0.085228,51.511190,On or near Talbot Court,E01032739,City of London 001F,Other theft,Investigation complete; no suspect identified,
5e5ca87686894ad3c8d949438f21f3d9c154abd57cf1ee64b91a8cb3a7d68887,2025-05,City of London Police,City of London Police,-0.081113,51.516869,On or near Bishopsgate,E01032739,City of London 001F,Other theft,Investigation complete; no suspect identified,
3d25199ce5c460803645c561af571ba9002edde535dc101fe6a128b4eb69832d,2025-05,City of London Police,City of London Police,-0.078278,51.513666,On or near Mitre Street,E01032739,City of London 001F,Other theft,Investigation complete; no suspect identified,
dfd8e5c315b4030facb3d31b675617865b7b5882b68afd2f5899aa7154d1d053,2025-05,City of London Police,City of London Police,-0.084754,51.512882,On or near Corbet Court,E01032739,City of London 001F,Other theft,Investigation complete; no suspect identified,
732b54f468fb234caced49a0080290411117f5a3afda813563cd0951fda7fb79,2025-05,City of London Police,City of London Police,-0.091410,51.510167,On or near Cousin Lane,E01032739,City of London 001F,Other theft,Investigation complete; no suspect identified,
b9c3d125a316c93331bc988ecfdac371fe435b9f1d73d2a62bfcff9b8ce216ac,2025-05,City of London Police,City of London Police,-0.077563,51.517656,On or near Sandy'S Row,E01032739,City of London 001F,Other theft,Investigation complete; no suspect identified,
481a915125c63842f68833dd31e5d61edb5307c891e503dc9925bfd49ba21018,2025-05,City of London Police,City of London Police,-0.091410,51.510167,On or near Cousin Lane,E01032739,City of London 001F,Other theft,Investigation complete; no suspect identified,
9c2d6a4e0bc32dfbe073da06cba53738d948b078bbe04ea143c4f11828fa2f97,2025-05,City of London Police,City of London Police,-0.077804,51.518083,On or near Sandy'S Row,E01032739,City of London 001F,Other theft,Investigation complete; no suspect identified,
f68fbb4570d3ad394abba61677cd479ecda9129d8277dfa2cdd42c5aec535363,2025-05,City of London Police,City of London Police,-0.094070,51.513079,On or near Watling Street,E01032739,City of London 001F,Other theft,Court result unavailable,
672f13804513f7dbc7b1000ffff981cb6418cc49c19c60c6685634c84f402dee,2025-05,City of London Police,City of London Police,-0.081902,51.517296,On or near Liverpool Street,E01032739,City of London 001F,Other theft,Investigation complete; no suspect identified,
0d1c68acbe5b35a5d025d52f69ca425c23e8be0fb491a4abe9c18ddb1372104e,2025-05,City of London Police,City of London Police,-0.091947,51.513188,On or near Pancras Lane,E01032739,City of London 001F,Other theft,Court result unavailable,
031fc822de3f3e73ecf3f291953bdd8c5d3f1da362009feead08ccd856b59a72,2025-05,City of London Police,City of London Police,-0.079907,51.517785,On or near Victoria Avenue,E01032739,City of London 001F,Other theft,Investigation complete; no suspect identified,
16990551d1d8997d4c75c40725c904a715086c874bea15a9b6094e52387b9ade,2025-05,City of London Police,City of London Police,-0.083977,51.510441,On or near Lovat Lane,E01032739,City of London 001F,Other theft,Investigation complete; no suspect identified,
286af7d16d139116d6b0b0e05f4ceddc07d83d388e22c136010f6f992a3594a4,2025-05,City of London Police,City of London Police,-0.079521,51.511196,On or near New London Street,E01032739,City of London 001F,Other theft,Investigation complete; no suspect identified,
27177fcf3ac8cc667e052fefe4e3b0481029eeffce02b3af4d7f5e3b89b595a8,2025-05,City of London Police,City of London Police,-0.097291,51.514626,On or near Supermarket,E01032739,City of London 001F,Other theft,Investigation complete; no suspect identified,
091ad1296ebd11fa0a479e96cc90e1ea83c0b3d23d0ad4e7ce2d7c3e34ef4599,2025-05,City of London Police,City of London Police,-0.094070,51.513079,On or near Watling Street,E01032739,City of London 001F,Other theft,Investigation complete; no suspect identified,
583f81f1354ea1928e207c4afb428c493ea9eb1de2f2c2c299207a776e57cfa4,2025-05,City of London Police,City of London Police,-0.086815,51.517007,On or near Circus Place,E01032739,City of London 001F,Other theft,Investigation complete; no suspect identified,
3afe799a4a234bae78bf796ca39870fe32d52828324953f518a048d5657acac0,2025-05,City of London Police,City of London Police,-0.090578,51.509722,On or near Allhallows Lane,E01032739,City of London 001F,Other theft,Unable to prosecute suspect,
92b11ee7b3f90881047ade4a3fc7fab4a207e4631490dc6cd0611cd7c02cff36,2025-05,City of London Police,City of London Police,-0.079907,51.517785,On or near Victoria Avenue,E01032739,City of London 001F,Other theft,Court result unavailable,
8016e5a8d4965de1e2f059f03a681f11a77ec42c0eba5a6ef37a626940c42b40,2025-05,City of London Police,City of London Police,-0.079138,51.508312,On or near Lower Thames Street,E01032739,City of London 001F,Other theft,Investigation complete; no suspect identified,
d202d95b0d85785ead4990b7cd4ebc457d86b29fa95a4c1b05870f10c7a05fcb,2025-05,City of London Police,City of London Police,-0.079138,51.508312,On or near Lower Thames Street,E01032739,City of London 001F,Other theft,Investigation complete; no suspect identified,
c32d7d19cc91c4766d10919f7e31e6785e1799c56b0f2202940ecd1c5d34945b,2025-05,City of London Police,City of London Police,-0.084754,51.512882,On or near Corbet Court,E01032739,City of London 001F,Other theft,Investigation complete; no suspect identified,
1d874fa22e85e4aa56d3fc1dc5c4ad66a6e8dec7d192c70fdc88db792e6cfe7e,2025-05,City of London Police,City of London Police,-0.079138,51.508312,On or near Lower Thames Street,E01032739,City of London 001F,Other theft,Investigation complete; no suspect identified,
b75c4b83bc307e57e7448d7f81fb586ed3bfc5a7b5beb285b44e14ec78ce296c,2025-05,City of London Police,City of London Police,-0.092531,51.512658,On or near Queen Street,E01032739,City of London 001F,Other theft,Court result unavailable,
9430755ebbe340570efaf67fe2dcfa123821f7214c9875c33d5ff97b5db49fca,2025-05,City of London Police,City of London Police,-0.085228,51.511190,On or near Talbot Court,E01032739,City of London 001F,Other theft,Unable to prosecute suspect,
5c59555849ec3af2dde2dba3a459afcd1a51e33d8ceb0ffd4c9f5bb83e7e9369,2025-05,City of London Police,City of London Police,-0.094070,51.513079,On or near Watling Street,E01032739,City of London 001F,Other theft,Court result unavailable,
5d5b3fd4c83a7be8397d1584e2cf60fa3d3a5fd7cad5d3f69702b9640c240ab5,2025-05,City of London Police,City of London Police,-0.078278,51.513666,On or near Mitre Street,E01032739,City of London 001F,Other theft,Unable to prosecute suspect,
f1462cd917cce9af129916afa6ba4123bed217961103b3f912f2fd47b00c18a2,2025-05,City of London Police,City of London Police,-0.086815,51.517007,On or near Circus Place,E01032739,City of London 001F,Other theft,Investigation complete; no suspect identified,
014af8c59ba9a9659c1db725aa915c49dfd635d0284c5e3ecc887fc41547cbfb,2025-05,City of London Police,City of London Police,-0.094070,51.513079,On or near Watling Street,E01032739,City of London 001F,Other theft,Investigation complete; no suspect identified,
5d99af01add90213f02f411c70c56e706447c230563cb35d491d512a4fd74195,2025-05,City of London Police,City of London Police,-0.083349,51.514830,On or near Shopping Area,E01032739,City of London 001F,Other theft,Unable to prosecute suspect,
a5148fb3cf2882241f81b68b70df252656d26552650f614b14b965a9a8408b98,2025-05,City of London Police,City of London Police,-0.079196,51.513789,On or near Creechurch Lane,E01032739,City of London 001F,Other theft,Investigation complete; no suspect identified,
988767e028ac7478c850b1eb3264e91bf2e40ac0931a17d7b6ea396a8e09d8ca,2025-05,City of London Police,City of London Police,-0.078477,51.509965,On or near Muscovy Street,E01032739,City of London 001F,Other theft,Investigation complete; no suspect identified,
9fd757957085f441b9cae293605830e738e50b6196041f6333afdaee53a04a37,2025-05,City of London Police,City of London Police,-0.085228,51.511190,On or near Talbot Court,E01032739,City of London 001F,Other theft,Investigation complete; no suspect identified,
fb7d617645c045d32b446e894a92676ff03666e40faf9898e8f762505d744e66,2025-05,City of London Police,City of London Police,-0.092531,51.512658,On or near Queen Street,E01032739,City of London 001F,Other theft,Court result unavailable,
b9516640d71d816e5cb8de9e93c38c975cc980cfc136182e1a35f6a7b70c72b0,2025-05,City of London Police,City of London Police,-0.081643,51.510070,On or near Great Tower Street,E01032739,City of London 001F,Other theft,Status update unavailable,
8be8628ab6df1ea0f7ed31f04d5167d5cb4061f01d08fa964524d9ba10b60387,2025-05,City of London Police,City of London Police,-0.101589,51.513515,On or near Ludgate Square,E01032739,City of London 001F,Other theft,Court result unavailable,
f82e1e19af9d7fa2df4dff7a2c710f26b0d36818813ec8afbe8c7c683b382113,2025-05,City of London Police,City of London Police,-0.084754,51.512882,On or near Corbet Court,E01032739,City of London 001F,Other theft,Unable to prosecute suspect,
ba3e1a23675704b280c29968be2c063427f1121dcc89dd734e4c2623b57c7d3b,2025-05,City of London Police,City of London Police,-0.078477,51.509965,On or near Muscovy Street,E01032739,City of London 001F,Other theft,Investigation complete; no suspect identified,
0170c91383ac4ca146da655bbdfa5ebdd6b93ea9d25f31f81e2ccc4169844332,2025-05,City of London Police,City of London Police,-0.077959,51.511332,On or near Crutched Friars,E01032739,City of London 001F,Other theft,Investigation complete; no suspect identified,
0b5f8b8a0a35e8d1635aa2c096854bc730baf846a238b816f92e95489558b0ae,2025-05,City of London Police,City of London Police,-0.081902,51.517296,On or near Liverpool Street,E01032739,City of London 001F,Other theft,Status update unavailable,
b4ddc99388b8a3e3eecd0698745efc9852dff58ac1d33c67a9f6fb8253fb22ea,2025-05,City of London Police,City of London Police,-0.082993,51.516360,On or near Wormwood Street,E01032739,City of London 001F,Other theft,Court result unavailable,
fde42ad92db90b0aface164f2a37d3655558cd477c475a13b919fa1dd58776aa,2025-05,City of London Police,City of London Police,-0.081902,51.517296,On or near Liverpool Street,E01032739,City of London 001F,Other theft,Unable to prosecute suspect,
02eb0d663c079b2f44bbfecdbf3cd597d51e6d237e68b999b0e946454b5e53e5,2025-05,City of London Police,City of London Police,-0.081113,51.516869,On or near Bishopsgate,E01032739,City of London 001F,Other theft,Unable to prosecute suspect,
eb54b3181e10068859c63c0ad2804c7d2ddcb9b07f89eaefb732f89052274245,2025-05,City of London Police,City of London Police,-0.085228,51.511190,On or near Talbot Court,E01032739,City of London 001F,Other theft,Investigation complete; no suspect identified,
44f667f7a481a3d6ec71cd3d5e3ec6fbbbf2f96ba93f1edbe455265baa4d3a1f,2025-05,City of London Police,City of London Police,-0.084910,51.512588,On or near Bell Inn Yard,E01032739,City of London 001F,Other theft,Awaiting court outcome,
f75361c7ca9845cf230743b91abed1915f07ef69fd0da37c29de80c419bc802a,2025-05,City of London Police,City of London Police,-0.096501,51.513874,On or near New Change,E01032739,City of London 001F,Other theft,Investigation complete; no suspect identified,
26637ca4bb02e0d72cccfd5e9ba57d4105968bd00864c0dd3f2e411b58dd8afa,2025-05,City of London Police,City of London Police,-0.079521,51.511196,On or near New London Street,E01032739,City of London 001F,Other theft,Investigation complete; no suspect identified,
0a7ee4a3bdb5a73b6842fc4efb2dc6a3f772713c697a038c85cdd7558ab45c32,2025-05,City of London Police,City of London Police,-0.078477,51.509965,On or near Muscovy Street,E01032739,City of London 001F,Other theft,Investigation complete; no suspect identified,
bad66c34e6f8db095df0581593aabf5c192b15dad9746737806f539c673c0d5d,2025-05,City of London Police,City of London Police,-0.087157,51.512624,On or near Lombard Street,E01032739,City of London 001F,Other theft,Investigation complete; no suspect identified,
8d83ec9662117ecb1cdcdde706e01f7ba4fe4dbbdbaebb5d52020c69f0b2cc82,2025-05,City of London Police,City of London Police,-0.086019,51.513631,On or near Finch Lane,E01032739,City of London 001F,Other theft,Investigation complete; no suspect identified,
22f172757e1fee62080fd35d887ee62413b53aca49338607caa1321f7af4e620,2025-05,City of London Police,City of London Police,-0.084910,51.512588,On or near Bell Inn Yard,E01032739,City of London 001F,Other theft,Investigation complete; no suspect identified,
a3681db3c01d2e565236e7dd6a5c52ddd5e7e8e731164c36003b797ff772ef22,2025-05,City of London Police,City of London Police,-0.089808,51.517461,On or near London Wall,E01032739,City of London 001F,Other theft,Investigation complete; no suspect identified,
8daaf8d5bf88a17315da8fbde03bacfcb69f4e217931088ad09d0ea77f97efa7,2025-05,City of London Police,City of London Police,-0.088903,51.510836,On or near Laurence Pountney Hill,E01032739,City of London 001F,Other theft,Investigation complete; no suspect identified,
1717d89a1cd68c45700bab5ef6cedff19ff92ed4860ce90190f61ce18c576acc,2025-05,City of London Police,City of London Police,-0.084754,51.512882,On or near Corbet Court,E01032739,City of London 001F,Other theft,Investigation complete; no suspect identified,
a035c86518192cf06a0b5b30b5deab7b11c98f3817dc6312780d73c429f6addd,2025-05,City of London Police,City of London Police,-0.077959,51.511332,On or near Crutched Friars,E01032739,City of London 001F,Other theft,Investigation complete; no suspect identified,
9322df5b7150b46f93ac87719a36145255a7b9e39127f43a34d1a7e70068e68b,2025-05,City of London Police,City of London Police,-0.092531,51.512658,On or near Queen Street,E01032739,City of London 001F,Other theft,Investigation complete; no suspect identified,
1eca8e758669949beb5bd59b3c8001ec7e565627e316af877882e03af7bbe273,2025-05,City of London Police,City of London Police,-0.094070,51.513079,On or near Watling Street,E01032739,City of London 001F,Other theft,Investigation complete; no suspect identified,
1d5705f23311ea6a2887d7c73bdcffdcd511374f93e517884d75476f6b543583,2025-05,City of London Police,City of London Police,-0.081512,51.518692,On or near London Liverpool Street,E01032739,City of London 001F,Other theft,Investigation complete; no suspect identified,
c55c516c17fe92e35963644573d846e3b8e215bca64db74b4906ae8b5b086b47,2025-05,City of London Police,City of London Police,-0.077804,51.518083,On or near Sandy'S Row,E01032739,City of London 001F,Other theft,Investigation complete; no suspect identified,
980ba9de2aeab2da1d7fab643cd6b673579e28e751a66989e68460e13f111387,2025-05,City of London Police,City of London Police,-0.089208,51.509744,On or near Angel Lane,E01032739,City of London 001F,Other theft,Investigation complete; no suspect identified,
eca0d36dc8dd612d5af2ef3272e28e65e515387374da6b2ccb872bfee6241b76,2025-05,City of London Police,City of London Police,-0.092531,51.512658,On or near Queen Street,E01032739,City of London 001F,Other theft,Investigation complete; no suspect identified,
2e4f0eb5630e5c32efeb90b6a11f3a0f6f65ed3207708182bf56c2ce8a4f0b52,2025-05,City of London Police,City of London Police,-0.085089,51.512105,On or near Gracechurch Street,E01032739,City of London 001F,Other theft,Investigation complete; no suspect identified,
8bc3b3b0a1bad22fb5df8bc9a37bf1bb01de23a1fb8ac2651a76f168a8f3fa63,2025-05,City of London Police,City of London Police,-0.092531,51.512658,On or near Queen Street,E01032739,City of London 001F,Other theft,Unable to prosecute suspect,
b20d6ad87b44b4dc876dd34ce40eb820feaeee8c8bfc66ae4414d325c10fe00c,2025-05,City of London Police,City of London Police,-0.083977,51.510441,On or near Lovat Lane,E01032739,City of London 001F,Other theft,Investigation complete; no suspect identified,
260732b996d6fe5219f4655b644f453a04a61a663285a19b7951c808f6aa8d50,2025-05,City of London Police,City of London Police,-0.079138,51.508312,On or near Lower Thames Street,E01032739,City of London 001F,Other theft,Investigation complete; no suspect identified,
b412470ab45649ab243ea319844c5e5017a066ffc322d534ee9605a7dfffeb9e,2025-05,City of London Police,City of London Police,-0.078278,51.513666,On or near Mitre Street,E01032739,City of London 001F,Other theft,Court result unavailable,
5145d8e41fc637517d78763a6b0a6d1112cd1b95d03ba5119a717260821dc94e,2025-05,City of London Police,City of London Police,-0.097291,51.514626,On or near Supermarket,E01032739,City of London 001F,Other theft,Investigation complete; no suspect identified,
b1967cde2c27f730e14b0a2e8ff6eb1b75303a65034d6ab36c070b50417c1fc3,2025-05,City of London Police,City of London Police,-0.094900,51.513209,On or near Bread Street,E01032739,City of London 001F,Other theft,Investigation complete; no suspect identified,
36516bccd3b7c5f299ba4e266bab07dcac0d2725cc9ff21a1a8e7becac53564f,2025-05,City of London Police,City of London Police,-0.079120,51.514912,On or near Bevis Marks,E01032739,City of London 001F,Possession of weapons,Unable to prosecute suspect,
99490ebdaee6b6fe041e6ed40ff8b54f57f25eeea75c7cd908ef0217b19724a8,2025-05,City of London Police,City of London Police,-0.079907,51.517785,On or near Victoria Avenue,E01032739,City of London 001F,Possession of weapons,Court result unavailable,
9b4749a8aa3084b5657c8a45ce794328bb579a5237f06feeebe5da7dac010fe8,2025-05,City of London Police,City of London Police,-0.083600,51.509797,On or near St Mary At Hill,E01032739,City of London 001F,Possession of weapons,Unable to prosecute suspect,
67c29cbbe7a2d05682ccdd92b120255d3d63cc96096b9695f6ebfd2907afe930,2025-05,City of London Police,City of London Police,-0.078477,51.509965,On or near Muscovy Street,E01032739,City of London 001F,Possession of weapons,Unable to prosecute suspect,
ec069238a3994e3c2fd6f41d25b09509897f9d2b58a631369ea0078726b6980a,2025-05,City of London Police,City of London Police,-0.079883,51.517326,On or near New Street,E01032739,City of London 001F,Possession of weapons,Court result unavailable,
4639684f5cb1413d33334e28046d4e4e7208707fa76d3e71c580d8a103d12b75,2025-05,City of London Police,City of London Police,-0.086815,51.517007,On or near Circus Place,E01032739,City of London 001F,Public order,Investigation complete; no suspect identified,
8147e41d5e76e2d00f4f996213ff686cd15847e8a3c8255ccd8b073d3de87db9,2025-05,City of London Police,City of London Police,-0.079907,51.517785,On or near Victoria Avenue,E01032739,City of London 001F,Public order,Unable to prosecute suspect,
73ebd12e689c83db272878a4dc2a0d9e166f957ee11e03d637a9bfb8129ad047,2025-05,City of London Police,City of London Police,-0.077372,51.512590,On or near Carlisle Avenue,E01032739,City of London 001F,Public order,Investigation complete; no suspect identified,
b5fee03074b5daa934646e370a2feed08fe1c4a8d2f973ff3d5a540916cecc06,2025-05,City of London Police,City of London Police,-0.077372,51.512590,On or near Carlisle Avenue,E01032739,City of London 001F,Public order,Investigation complete; no suspect identified,
94f469569f2c02e784b6a86e4a4f745328acde6fb061f99f2ae8eee49b6ebb6b,2025-05,City of London Police,City of London Police,-0.077372,51.512590,On or near Carlisle Avenue,E01032739,City of London 001F,Public order,Status update unavailable,
d2aa6e16e5de12aae57019d20f5b77b196cfd5d4cb2020c6274c4dd748fa4196,2025-05,City of London Police,City of London Police,-0.077372,51.512590,On or near Carlisle Avenue,E01032739,City of London 001F,Public order,Status update unavailable,
19f9f02a4ad9a16a62d2354c59cc164a8325b120b254f3164cf72d7e70be477d,2025-05,City of London Police,City of London Police,-0.081113,51.516869,On or near Bishopsgate,E01032739,City of London 001F,Public order,Further investigation is not in the public interest,
03714b64e0804f0c07d7ade743c1cc6fd710ea55409be4285ff2ca98b0177658,2025-05,City of London Police,City of London Police,-0.089208,51.509744,On or near Angel Lane,E01032739,City of London 001F,Public order,Investigation complete; no suspect identified,
9c012ab0c48177a55415492c14c369d24db9772abd9fbe4533bcbd339415f5cd,2025-05,City of London Police,City of London Police,-0.083977,51.510441,On or near Lovat Lane,E01032739,City of London 001F,Public order,Status update unavailable,
29e9e8ec4e29b27ef8901ca1c36f987acec4c75965a07eee19bc5fbaaedd6861,2025-05,City of London Police,City of London Police,-0.095924,51.513882,On or near Shopping Area,E01032739,City of London 001F,Public order,Unable to prosecute suspect,
b4ed8176b9b015702dc45d48dcd0674cc74600fef52f4606392d611e969cb443,2025-05,City of London Police,City of London Police,-0.081902,51.517296,On or near Liverpool Street,E01032739,City of London 001F,Public order,Investigation complete; no suspect identified,
ab7df35f7a66f1d1ece49e64d00f63459bc13154a414239e9cdc24bd52880c66,2025-05,City of London Police,City of London Police,-0.079883,51.517326,On or near New Street,E01032739,City of London 001F,Public order,Court result unavailable,
0b6caa2c424088aa1d35d52615f47f1fba679421e9a5f2d63dc7fe738ae093e9,2025-05,City of London Police,City of London Police,-0.081902,51.517296,On or near Liverpool Street,E01032739,City of London 001F,Public order,Unable to prosecute suspect,
e2e087bd4c13d0c1eb208a75bb44afde974d4c076a188bd8404ec58d31acaac9,2025-05,City of London Police,City of London Police,-0.081902,51.517296,On or near Liverpool Street,E01032739,City of London 001F,Public order,Court result unavailable,
8aa82bf60dff137af73beea1f0519f734bad08b10f29b996299fcf46d081b2ff,2025-05,City of London Police,City of London Police,-0.088785,51.517102,On or near Moorgate,E01032739,City of London 001F,Public order,Court result unavailable,
1975767567ee1671b10967caf553d50e184dd3a1607618bdc7f2abb15bca3ceb,2025-05,City of London Police,City of London Police,-0.081113,51.516869,On or near Bishopsgate,E01032739,City of London 001F,Public order,Investigation complete; no suspect identified,
1cdf2b899ab1d9afc803aa88eefc30ce6351e319af28c0453c5e5f15ce4eb45a,2025-05,City of London Police,City of London Police,-0.082993,51.516360,On or near Wormwood Street,E01032739,City of London 001F,Public order,Unable to prosecute suspect,
730f48d48b85812701728278790fc7d78105f0f456d89dd60cdc4c7fdc9c6a75,2025-05,City of London Police,City of London Police,-0.081902,51.517296,On or near Liverpool Street,E01032739,City of London 001F,Public order,Unable to prosecute suspect,
f6d9bfd7d6fbdd1a77617f6ab073eb2629fb375a59b39ecc1ff5c2541311b405,2025-05,City of London Police,City of London Police,-0.081113,51.516869,On or near Bishopsgate,E01032739,City of London 001F,Public order,Unable to prosecute suspect,
ae439ed03b079938db70c523574bb47804331d2ea7587175565675e56d269431,2025-05,City of London Police,City of London Police,-0.079907,51.517785,On or near Victoria Avenue,E01032739,City of London 001F,Public order,Unable to prosecute suspect,
5d15b4f64e9693911bfaa3442c0036607c3e676e193922b951e3fff96cbb2163,2025-05,City of London Police,City of London Police,-0.101292,51.514770,On or near Amen Court,E01032739,City of London 001F,Public order,Unable to prosecute suspect,
07ea0aef2e860052a85810634d7a6d9b670117599508e06535570cd52755330c,2025-05,City of London Police,City of London Police,-0.082993,51.516360,On or near Wormwood Street,E01032739,City of London 001F,Public order,Status update unavailable,
5494c563a1ecf606fb486ad69f5956148e878b14a4bb53f27db48936597f8d46,2025-05,City of London Police,City of London Police,-0.084754,51.512882,On or near Corbet Court,E01032739,City of London 001F,Public order,Court result unavailable,
f6d9bfd7d6fbdd1a77617f6ab073eb2629fb375a59b39ecc1ff5c2541311b405,2025-05,City of London Police,City of London Police,-0.081113,51.516869,On or near Bishopsgate,E01032739,City of London 001F,Public order,Status update unavailable,
d9836cc439921a578075f715ad9772429cc2b8d866448966668cfb648a6b43f9,2025-05,City of London Police,City of London Police,-0.081512,51.518692,On or near London Liverpool Street,E01032739,City of London 001F,Public order,Local resolution,
73b2633f03b7c06734804f0c965b1dcb2ce02c035c6d5a3900821bdc6ed44439,2025-05,City of London Police,City of London Police,-0.087772,51.510665,On or near Martin Lane,E01032739,City of London 001F,Public order,Investigation complete; no suspect identified,
9a2a08c4324cd7d55973694e5d4f955fb6b9099c1d028566dbea0fb269af6726,2025-05,City of London Police,City of London Police,-0.079883,51.517326,On or near New Street,E01032739,City of London 001F,Public order,Unable to prosecute suspect,
45c6a2b4a2840dae3b10f3aba5212a5de638fd31f21b05d68a7ce5b2ae164156,2025-05,City of London Police,City of London Police,-0.100201,51.513286,On or near Dean'S Court,E01032739,City of London 001F,Public order,Unable to prosecute suspect,
0b0b0eb5731fe74c8819d5adc8c4830f5e3b4e589199ef140b72c54491e40c56,2025-05,City of London Police,City of London Police,-0.087157,51.512624,On or near Lombard Street,E01032739,City of London 001F,Public order,Unable to prosecute suspect,
5cd2d37b591c4968f188af635be0086882e2bd20a2dfb3ac7fea955f9ad75001,2025-05,City of London Police,City of London Police,-0.091540,51.511896,On or near Cannon Street,E01032739,City of London 001F,Public order,Unable to prosecute suspect,
4a741987f4d872fef4bdcd65221979d7520304fad1d8c21e8dcd18442d0bbe9c,2025-05,City of London Police,City of London Police,-0.079521,51.511196,On or near New London Street,E01032739,City of London 001F,Public order,Status update unavailable,
d6118ed70572a245e363daa5c83c4db8e7386f37f0948343e03ce03ff0f389dd,2025-05,City of London Police,City of London Police,-0.077563,51.517656,On or near Sandy'S Row,E01032739,City of London 001F,Robbery,Investigation complete; no suspect identified,
a0ae0ed872b1825d5fd65477e5161e81a36b41d0a7c1cd5298b5b4f6ce0b1b4a,2025-05,City of London Police,City of London Police,-0.078278,51.513666,On or near Mitre Street,E01032739,City of London 001F,Robbery,Court result unavailable,
a40913b00ca4d6620763d1aab0dd057e85d70956d15aa9de2cf7b03e50a4452c,2025-05,City of London Police,City of London Police,-0.093339,51.511557,On or near Conference/Exhibition Centre,E01032739,City of London 001F,Robbery,Investigation complete; no suspect identified,
c10df1bdf55c265522b9ac1ad9762d643bb070f79f86c06ed9a56cc2ee6e3d22,2025-05,City of London Police,City of London Police,-0.104276,51.513712,On or near A201,E01032739,City of London 001F,Robbery,Unable to prosecute suspect,
57b05a2a3685ec35f0e4ab6a10762ab71cb7a64b532e5e25eb99dca54e73238b,2025-05,City of London Police,City of London Police,-0.078278,51.513666,On or near Mitre Street,E01032739,City of London 001F,Robbery,Status update unavailable,
5c67fdb251ba94d88f17a95f03f8a5afe1d8ada1b64dc0157a906bc48f00fe87,2025-05,City of London Police,City of London Police,-0.078059,51.509967,On or near Trinity Square,E01032739,City of London 001F,Robbery,Court result unavailable,
9937a1fcf019d0e038608e1991d5c72891b70c13bed403319773aac23423ad1e,2025-05,City of London Police,City of London Police,-0.078278,51.513666,On or near Mitre Street,E01032739,City of London 001F,Robbery,Court result unavailable,
f39299f09f5f58894b34c22a3d8d11f0cb9928beca4fd60dc3c911411d177218,2025-05,City of London Police,City of London Police,-0.079883,51.517326,On or near New Street,E01032739,City of London 001F,Robbery,Investigation complete; no suspect identified,
937b25f115fc8dc5fce2481791fdec038481fd1e8a27e5ccdc278ff8a7916e4f,2025-05,City of London Police,City of London Police,-0.081512,51.518692,On or near London Liverpool Street,E01032739,City of London 001F,Robbery,Status update unavailable,
937b25f115fc8dc5fce2481791fdec038481fd1e8a27e5ccdc278ff8a7916e4f,2025-05,City of London Police,City of London Police,-0.081113,51.516869,On or near Bishopsgate,E01032739,City of London 001F,Robbery,Investigation complete; no suspect identified,
e96fc3b68bafad18abb2c1c9dc9c24265909849251132238fefe6ee5947166f0,2025-05,City of London Police,City of London Police,-0.084910,51.512588,On or near Bell Inn Yard,E01032739,City of London 001F,Robbery,Unable to prosecute suspect,
fe40a8b327974f686a17dbb02bdaa79e5464ded18fc82da7090ade8d246213c7,2025-05,City of London Police,City of London Police,-0.087772,51.510665,On or near Martin Lane,E01032739,City of London 001F,Robbery,Investigation complete; no suspect identified,
1cd68e314472773d9451d1f65298982fb03c14405c422a5519e31a47b0e9992d,2025-05,City of London Police,City of London Police,-0.084910,51.512588,On or near Bell Inn Yard,E01032739,City of London 001F,Robbery,Unable to prosecute suspect,
49af161a3313d0cd19427cce353717a59c10fb1f68df9fc0b67ea933dd3fa1ae,2025-05,City of London Police,City of London Police,-0.101963,51.510761,On or near Ferry Terminal,E01032739,City of London 001F,Robbery,Investigation complete; no suspect identified,
847a5f19d3f64d43e93498f74820aa261977d243a49823a42f42354ba768eba9,2025-05,City of London Police,City of London Police,-0.079907,51.517785,On or near Victoria Avenue,E01032739,City of London 001F,Robbery,Court result unavailable,
5d2aa8432bc4a9c469c71369d821a7c70a33537814d8c9e4080d3c4b957d6be0,2025-05,City of London Police,City of London Police,-0.079907,51.517785,On or near Victoria Avenue,E01032739,City of London 001F,Robbery,Investigation complete; no suspect identified,
93c25b2353cbea2061f0afef21feae16c5f69860e098c1b5c8745e4fe35b728f,2025-05,City of London Police,City of London Police,-0.087772,51.510665,On or near Martin Lane,E01032739,City of London 001F,Shoplifting,Investigation complete; no suspect identified,
1f233f59cb71a38a0a19acbca16276dcce2e6822e852e335e2823daa5bf3f428,2025-05,City of London Police,City of London Police,-0.095924,51.513882,On or near Shopping Area,E01032739,City of London 001F,Shoplifting,Investigation complete; no suspect identified,
a666dea7140c1aac99c24d7989fdedf9d15fd6ac97815de6eb84f018c07f07cb,2025-05,City of London Police,City of London Police,-0.084754,51.512882,On or near Corbet Court,E01032739,City of London 001F,Shoplifting,Investigation complete; no suspect identified,
07fe1049c82bac12163daa4dfb5393d0551892f3eb788d2353a725a275fc1f75,2025-05,City of London Police,City of London Police,-0.084754,51.512882,On or near Corbet Court,E01032739,City of London 001F,Shoplifting,Unable to prosecute suspect,
1fbefa5d30ef4d47b3bbba51bca1cf201c3d462891f01579300e1b01d0da079b,2025-05,City of London Police,City of London Police,-0.100888,51.514448,On or near Amen Corner,E01032739,City of London 001F,Shoplifting,Investigation complete; no suspect identified,
1dff0af8cf35aa62ca1f0986740387efcf6e2d713f7e0dd00936f56c8a357992,2025-05,City of London Police,City of London Police,-0.084754,51.512882,On or near Corbet Court,E01032739,City of London 001F,Shoplifting,Unable to prosecute suspect,
5cd0c3d7cb3d46ab4fdaa294a3e2b5f91f0e0f94496878af4b007fd6c3ecb986,2025-05,City of London Police,City of London Police,-0.086815,51.517007,On or near Circus Place,E01032739,City of London 001F,Shoplifting,Investigation complete; no suspect identified,
bbf06b7d5007a32ed900fbd7c251ebd8aea3ee4964f1afde14f4a09466e9879a,2025-05,City of London Police,City of London Police,-0.094070,51.513079,On or near Watling Street,E01032739,City of London 001F,Shoplifting,Court result unavailable,
0af63be607febcef3c119c43e0186b836d3b0ea48fbc2c171e85946fa9495db0,2025-05,City of London Police,City of London Police,-0.094070,51.513079,On or near Watling Street,E01032739,City of London 001F,Shoplifting,Investigation complete; no suspect identified,
d949e7dba68a75736574545691e9db61648df23500e410b9e709fc0ba258330f,2025-05,City of London Police,City of London Police,-0.084754,51.512882,On or near Corbet Court,E01032739,City of London 001F,Shoplifting,Investigation complete; no suspect identified,
9ea5fdc6cec0dbad9b8a7a63d1fbe108cbf7b6b0b2b436e19599f1f7da303b82,2025-05,City of London Police,City of London Police,-0.097291,51.514626,On or near Supermarket,E01032739,City of London 001F,Shoplifting,Status update unavailable,
0cd8718f35649dece0142e40655f72520b84270184e97ef20008e5f3fe50db55,2025-05,City of London Police,City of London Police,-0.079138,51.508312,On or near Lower Thames Street,E01032739,City of London 001F,Shoplifting,Investigation complete; no suspect identified,
26e66c89c8149ffd43e898ac0ec1b393e7433ca9dd5a2f7d601d004698f9f73a,2025-05,City of London Police,City of London Police,-0.095924,51.513882,On or near Shopping Area,E01032739,City of London 001F,Shoplifting,Investigation complete; no suspect identified,
895913c1bc065e52516ce6a5be387b2e54c4ca0a6af046ce5e949861333ca1cd,2025-05,City of London Police,City of London Police,-0.087772,51.510665,On or near Martin Lane,E01032739,City of London 001F,Shoplifting,Investigation complete; no suspect identified,
eda8cee4b50201767134caca89dff704138f90f35b64aa147ee2469e37afaa12,2025-05,City of London Police,City of London Police,-0.094070,51.513079,On or near Watling Street,E01032739,City of London 001F,Shoplifting,Status update unavailable,
4490d89cf9be63a179e09009331649577e1e21a1e787c041a5369d95848d4c64,2025-05,City of London Police,City of London Police,-0.086815,51.517007,On or near Circus Place,E01032739,City of London 001F,Shoplifting,Investigation complete; no suspect identified,
43709074138e0c1896825c9614da37d64dca6a58643db0825f56e153309ed175,2025-05,City of London Police,City of London Police,-0.095924,51.513882,On or near Shopping Area,E01032739,City of London 001F,Shoplifting,Investigation complete; no suspect identified,
2db93a40c6949cd05f9143ef65d83bec14467555a788b37605edb9666b84d8f6,2025-05,City of London Police,City of London Police,-0.086815,51.517007,On or near Circus Place,E01032739,City of London 001F,Shoplifting,Investigation complete; no suspect identified,
846315d56bd781572bf28f86aca1e8ae47252b0b95e326e57d66ed682fde6d53,2025-05,City of London Police,City of London Police,-0.095924,51.513882,On or near Shopping Area,E01032739,City of London 001F,Shoplifting,Local resolution,
2c4678ab5682c02854185804fee57da8ac172eb6bd1747d4f04a5dbd6a9160a2,2025-05,City of London Police,City of London Police,-0.095924,51.513882,On or near Shopping Area,E01032739,City of London 001F,Shoplifting,Unable to prosecute suspect,
d132030a50e3c55a8f37f63e1e105c1daa953be113ed0b8847021a06dab5dff8,2025-05,City of London Police,City of London Police,-0.079127,51.509607,On or near Byward Street,E01032739,City of London 001F,Shoplifting,Status update unavailable,
5a68b83dc6603e4d8f239232f600ca20ab1a28a77a1adc5a11670f2eaa3952f2,2025-05,City of London Police,City of London Police,-0.081113,51.516869,On or near Bishopsgate,E01032739,City of London 001F,Shoplifting,Court result unavailable,
e3f31e377aac3a1745185a1829247d1266c2927a8602e444223a7d517f61d169,2025-05,City of London Police,City of London Police,-0.078278,51.513666,On or near Mitre Street,E01032739,City of London 001F,Shoplifting,Status update unavailable,
20e26879e08dfd4f36c6f5a81ea5b3d3f39880221f64ba5f3ec2a7e08a7b5dd0,2025-05,City of London Police,City of London Police,-0.097291,51.514626,On or near Supermarket,E01032739,City of London 001F,Shoplifting,Investigation complete; no suspect identified,
99f3b96337aa2e8a29cedb20bba7bdb5dbafc1daf67177c1b34bbaeec1bcb033,2025-05,City of London Police,City of London Police,-0.081902,51.517296,On or near Liverpool Street,E01032739,City of London 001F,Shoplifting,Investigation complete; no suspect identified,
d1cbeebf04c84676db38ed92735da7d6eb133ef762bcc94a2f92ebfe4f6a95e5,2025-05,City of London Police,City of London Police,-0.086815,51.517007,On or near Circus Place,E01032739,City of London 001F,Shoplifting,Investigation complete; no suspect identified,
7016d1601ca231f2fad11244a7d32c60a645b8cf7a7ef9d3889e8a3637a14829,2025-05,City of London Police,City of London Police,-0.095924,51.513882,On or near Shopping Area,E01032739,City of London 001F,Shoplifting,Investigation complete; no suspect identified,
eb9d3312edeeb421f689405ff60b6d9fb41596001f9b37076499ce58203dd08d,2025-05,City of London Police,City of London Police,-0.078278,51.513666,On or near Mitre Street,E01032739,City of London 001F,Shoplifting,Status update unavailable,
4f9ae7de4efb61aad654ccb3d971b528cc6e2c06e89a4bdbe12a21d1ca3ad4cd,2025-05,City of London Police,City of London Police,-0.079883,51.517326,On or near New Street,E01032739,City of London 001F,Shoplifting,Court result unavailable,
34b3db776fa3e7bc5db402b6c9dd2908963e3f996bd79cd59e6d74ffc9f3a19a,2025-05,City of London Police,City of London Police,-0.079883,51.517326,On or near New Street,E01032739,City of London 001F,Shoplifting,Status update unavailable,
2b90b30b98acddd45a25ec1d9cbdbb4860c540b071fc66bbd0c1c1d257e0a55b,2025-05,City of London Police,City of London Police,-0.084754,51.512882,On or near Corbet Court,E01032739,City of London 001F,Shoplifting,Investigation complete; no suspect identified,
20dba8ad4bf191775bcb1aa23a63e316d46e3eea129ffed9f4b805bb4eb63692,2025-05,City of London Police,City of London Police,-0.079883,51.517326,On or near New Street,E01032739,City of London 001F,Shoplifting,Court result unavailable,
06cf9aabfee539a2675b3e424437c396e6628f98dcb4617a74e3bd6e3074e92b,2025-05,City of London Police,City of London Police,-0.086815,51.517007,On or near Circus Place,E01032739,City of London 001F,Shoplifting,Investigation complete; no suspect identified,
088e8ab69918f1a1fc61ec4deb1210178b0f9d156a558919f822d79526d02778,2025-05,City of London Police,City of London Police,-0.095924,51.513882,On or near Shopping Area,E01032739,City of London 001F,Shoplifting,Investigation complete; no suspect identified,
a0d024e24030bfa04c0f121080bad598259791e32e53598cdb955a1a39bda114,2025-05,City of London Police,City of London Police,-0.078278,51.513666,On or near Mitre Street,E01032739,City of London 001F,Shoplifting,Investigation complete; no suspect identified,
885e8011133ee0683d9010b652e8b7edb47d1fce3fe7a12a2d2b45b10a17f29f,2025-05,City of London Police,City of London Police,-0.079907,51.517785,On or near Victoria Avenue,E01032739,City of London 001F,Shoplifting,Local resolution,
7c878c539fa8c1ddb0e2efb1094606765e1d7a44a128b8fc059fe9f30256f71d,2025-05,City of London Police,City of London Police,-0.095224,51.513736,On or near Shopping Area,E01032739,City of London 001F,Shoplifting,Investigation complete; no suspect identified,
5fa106c9c1b9fc6e347e2dce4d85598a22917d6f80921bc50f289a11292af7f9,2025-05,City of London Police,City of London Police,-0.094070,51.513079,On or near Watling Street,E01032739,City of London 001F,Shoplifting,Court result unavailable,
d6f9d9745e09b5fd80bdf8c3f4321a815e0e04302ff7ed644bb95c4afc6fc698,2025-05,City of London Police,City of London Police,-0.086815,51.517007,On or near Circus Place,E01032739,City of London 001F,Shoplifting,Investigation complete; no suspect identified,
d1b6babcc4c67e254ffc989e613f013203559fb4f612cf736f40adfad909b676,2025-05,City of London Police,City of London Police,-0.085089,51.512105,On or near Gracechurch Street,E01032739,City of London 001F,Shoplifting,Investigation complete; no suspect identified,
809fddcb04192e2eec3c3c26d412165679660181ecaef3e0f50cc8c821eb3e37,2025-05,City of London Police,City of London Police,-0.084836,51.511939,On or near Shopping Area,E01032739,City of London 001F,Shoplifting,Investigation complete; no suspect identified,
41dde4f96815a9fd56db39112c568c6a2030db3e14dd1ecfadaf79f92e125b15,2025-05,City of London Police,City of London Police,-0.091823,51.514427,On or near Ironmonger Lane,E01032739,City of London 001F,Shoplifting,Investigation complete; no suspect identified,
a3ee4b4972bcff17b3566862fe769e3c540995761a319ccf1796f23d9350c977,2025-05,City of London Police,City of London Police,-0.078278,51.513666,On or near Mitre Street,E01032739,City of London 001F,Shoplifting,Investigation complete; no suspect identified,
b5d5a1550ae54ac087947f432ad61da66bd418d66dbe7f9e2d3abb9707e5e760,2025-05,City of London Police,City of London Police,-0.079883,51.517326,On or near New Street,E01032739,City of London 001F,Shoplifting,Court result unavailable,
d63712e3ae99feff53d7f6c6ed3bba226074ff89ea39abae1ae31f588bacd458,2025-05,City of London Police,City of London Police,-0.095224,51.513736,On or near Shopping Area,E01032739,City of London 001F,Shoplifting,Investigation complete; no suspect identified,
1f09300c54b2e4c4473b7d99057da27413a00bcc73d1aebd7c5bc4ce3aab67d4,2025-05,City of London Police,City of London Police,-0.079883,51.517326,On or near New Street,E01032739,City of London 001F,Shoplifting,Action to be taken by another organisation,
22103bd0de9eb0da9c8399b017e1b20946e7d2beeb8f200d8e6f34291873f9b4,2025-05,City of London Police,City of London Police,-0.095924,51.513882,On or near Shopping Area,E01032739,City of London 001F,Shoplifting,Investigation complete; no suspect identified,
56ff380013ff8e4540ce43564174c604198b89469bb14f7f84517c601919151f,2025-05,City of London Police,City of London Police,-0.078278,51.513666,On or near Mitre Street,E01032739,City of London 001F,Shoplifting,Unable to prosecute suspect,
ce4e7ed5c47d31c3c6b6fbf24437f153a7db3eebf6800f10618faa09d370ff39,2025-05,City of London Police,City of London Police,-0.086815,51.517007,On or near Circus Place,E01032739,City of London 001F,Shoplifting,Investigation complete; no suspect identified,
ea59f4fd28e276458efcaa6f66a5adcdfc856fddcc69799f46985c1681e13ec7,2025-05,City of London Police,City of London Police,-0.084836,51.511939,On or near Shopping Area,E01032739,City of London 001F,Shoplifting,Investigation complete; no suspect identified,
c03c7adcc9597ae6a8d67de85b93ac566578db5d416cba95481b76c0ed49220a,2025-05,City of London Police,City of London Police,-0.081902,51.517296,On or near Liverpool Street,E01032739,City of London 001F,Shoplifting,Court result unavailable,
fc5214bc894b379d15582e726f322261e596ba3f833534864ba0f9a9802f441d,2025-05,City of London Police,City of London Police,-0.095924,51.513882,On or near Shopping Area,E01032739,City of London 001F,Shoplifting,Court result unavailable,
1a472dee985cd28a53c00b7e5d73cf5b97ee689bec77df301aaff078583e7748,2025-05,City of London Police,City of London Police,-0.079907,51.517785,On or near Victoria Avenue,E01032739,City of London 001F,Shoplifting,Court result unavailable,
62203c3f066ceec42d027f9d3c3b8622f00b92916f072fc962c2ecffa5c0b801,2025-05,City of London Police,City of London Police,-0.078278,51.513666,On or near Mitre Street,E01032739,City of London 001F,Shoplifting,Investigation complete; no suspect identified,
e4637d4a02fd05976097989e204383ad3ac7215ba8a420283f9bebb6f8e8de37,2025-05,City of London Police,City of London Police,-0.078278,51.513666,On or near Mitre Street,E01032739,City of London 001F,Shoplifting,Investigation complete; no suspect identified,
b076100eb8423a1e69091a95a6481a1535c9e8e55998b513844a811dfda8f3b4,2025-05,City of London Police,City of London Police,-0.081902,51.517296,On or near Liverpool Street,E01032739,City of London 001F,Shoplifting,Investigation complete; no suspect identified,
eec9e46e7ebaab047df354d419da9e78824abf6469ebda33037e066693c6aa3a,2025-05,City of London Police,City of London Police,-0.095924,51.513882,On or near Shopping Area,E01032739,City of London 001F,Shoplifting,Unable to prosecute suspect,
e4b58dc1a8773b3eec38d4523341fa0d7842e447fe52e048c96097694b8ace19,2025-05,City of London Police,City of London Police,-0.095224,51.513736,On or near Shopping Area,E01032739,City of London 001F,Shoplifting,Status update unavailable,
ffefce7a7ed55aa5503e370d529a87cdb5743ac7bee7860cf24990b322de861b,2025-05,City of London Police,City of London Police,-0.084836,51.511939,On or near Shopping Area,E01032739,City of London 001F,Shoplifting,Court result unavailable,
cc899051e23d976a55e570f6463d5f7b2305372659fa4775593ad90e65c08f57,2025-05,City of London Police,City of London Police,-0.084836,51.511939,On or near Shopping Area,E01032739,City of London 001F,Shoplifting,Investigation complete; no suspect identified,
d20aec763b287b8145e3ede1a5089feacbff6dd9478743d28df1183abded2f2c,2025-05,City of London Police,City of London Police,-0.078278,51.513666,On or near Mitre Street,E01032739,City of London 001F,Shoplifting,Unable to prosecute suspect,
682056f9f56462054d6f0858f08129fa1129b11b72ebfa4a82a6ace3199952db,2025-05,City of London Police,City of London Police,-0.087772,51.510665,On or near Martin Lane,E01032739,City of London 001F,Shoplifting,Status update unavailable,
f57e941f35c51f4d694d984e059666ac11eba24c4d2d4a726e0ab8ada730fcdd,2025-05,City of London Police,City of London Police,-0.084844,51.510725,On or near Eastcheap,E01032739,City of London 001F,Shoplifting,Status update unavailable,
7cb6c75b4e3e9ffeea385ad9abc5fdcfd7ecd60377e19c0b6d225b273846b316,2025-05,City of London Police,City of London Police,-0.085089,51.512105,On or near Gracechurch Street,E01032739,City of London 001F,Shoplifting,Investigation complete; no suspect identified,
c974c82cf369b9f3d5eb56732c4488dd14aa8f607321fe4c9e81cf353ec1395e,2025-05,City of London Police,City of London Police,-0.081902,51.517296,On or near Liverpool Street,E01032739,City of London 001F,Shoplifting,Investigation complete; no suspect identified,
55fbe8f1dad1043ef1f5e213a0135f74390f4544c3be9983ae6a8a2dba051ba0,2025-05,City of London Police,City of London Police,-0.079883,51.517326,On or near New Street,E01032739,City of London 001F,Shoplifting,Unable to prosecute suspect,
d9f49ea65710bc84d757af1acbf525356f4331b291bad1bfa3a460ab191117d2,2025-05,City of London Police,City of London Police,-0.095924,51.513882,On or near Shopping Area,E01032739,City of London 001F,Shoplifting,Further investigation is not in the public interest,
26cd7fa1651fbd803c0eaace2747f147bf82abfacfc5eae3102a6740dd7db7bd,2025-05,City of London Police,City of London Police,-0.084836,51.511939,On or near Shopping Area,E01032739,City of London 001F,Shoplifting,Investigation complete; no suspect identified,
707b6c2e641d1b58686910b124379d451390e0d5778912b54f2979ec3c01825c,2025-05,City of London Police,City of London Police,-0.081643,51.510070,On or near Great Tower Street,E01032739,City of London 001F,Shoplifting,Court result unavailable,
e7c970ecd28709000925a977aaf14a69910957a8e14b3c2196e00c4b60fa3ba7,2025-05,City of London Police,City of London Police,-0.081902,51.517296,On or near Liverpool Street,E01032739,City of London 001F,Shoplifting,Unable to prosecute suspect,
789b0b00837dff3e123078ce220c140de199a34cbc07785086a5298a042bf8b3,2025-05,City of London Police,City of London Police,-0.086019,51.513631,On or near Finch Lane,E01032739,City of London 001F,Shoplifting,Investigation complete; no suspect identified,
eb78b5f6b86a06855c238ae36e59c49a06f415ea8a120fa0120deccbe7c79e0e,2025-05,City of London Police,City of London Police,-0.086815,51.517007,On or near Circus Place,E01032739,City of London 001F,Shoplifting,Investigation complete; no suspect identified,
2a1de55582b74cebde6ff63c5f01e831fd44bee51970221766abd882c073cc4e,2025-05,City of London Police,City of London Police,-0.078278,51.513666,On or near Mitre Street,E01032739,City of London 001F,Shoplifting,Court result unavailable,
ab14b6aa56f6aa1585ffbffdcb9fefe97dd4c25caef0101dcf765be3b1513e96,2025-05,City of London Police,City of London Police,-0.095224,51.513736,On or near Shopping Area,E01032739,City of London 001F,Shoplifting,Investigation complete; no suspect identified,
764a228148c2a909e810911102995dc8692d16f8af727d653818e5fb0b3305e6,2025-05,City of London Police,City of London Police,-0.086815,51.517007,On or near Circus Place,E01032739,City of London 001F,Shoplifting,Investigation complete; no suspect identified,
520b693acdef043e5f4fa0ee37105c5e1fbc65d1ee5e959fbe0eef5c8a55d1b9,2025-05,City of London Police,City of London Police,-0.079883,51.517326,On or near New Street,E01032739,City of London 001F,Shoplifting,Unable to prosecute suspect,
1afd8027264dc168d2346b75bcafc089befeb9fa667922822bf185f334b42f53,2025-05,City of London Police,City of London Police,-0.096501,51.513874,On or near New Change,E01032739,City of London 001F,Shoplifting,Investigation complete; no suspect identified,
bd89e738d67471a5b06e7aee0faca5011d8ca5ed2d37c6ca81d742542f257119,2025-05,City of London Police,City of London Police,-0.078278,51.513666,On or near Mitre Street,E01032739,City of London 001F,Shoplifting,Unable to prosecute suspect,
08be5be2584facda1c3997b3f8bc75b3ac46f84a18302956a33aeb71c07c98ec,2025-05,City of London Police,City of London Police,-0.086815,51.517007,On or near Circus Place,E01032739,City of London 001F,Shoplifting,Investigation complete; no suspect identified,
2c39dcc7733cb798b31ef3c26f3de958b89b2db609bfee3a2dcf74bfb91a85ea,2025-05,City of London Police,City of London Police,-0.086815,51.517007,On or near Circus Place,E01032739,City of London 001F,Shoplifting,Investigation complete; no suspect identified,
81132a6bc9ec373f4d2a11019c17f2b764cbbf3b0fc894d91e496e978ac5217a,2025-05,City of London Police,City of London Police,-0.087772,51.510665,On or near Martin Lane,E01032739,City of London 001F,Shoplifting,Status update unavailable,
2fe8edb1389918d4be6c3b2d0e3fed770ffc07aeedbcfe3c69903fecb24fa68a,2025-05,City of London Police,City of London Police,-0.084754,51.512882,On or near Corbet Court,E01032739,City of London 001F,Shoplifting,Unable to prosecute suspect,
0fd1d38e394c71999ec9556ca95a4148e51304ea4ec1986e95fbdd53affc91d1,2025-05,City of London Police,City of London Police,-0.094460,51.512024,On or near Great Trinity Lane,E01032739,City of London 001F,Shoplifting,Local resolution,
fb6a9aaf96489d598cf56aca52780e48c08424e67ed8f31ce86a49705450197d,2025-05,City of London Police,City of London Police,-0.091947,51.513188,On or near Pancras Lane,E01032739,City of London 001F,Shoplifting,Unable to prosecute suspect,
605b0df1a6fd4e8cbb1172a45acf8f2338665cc4a1b8e81e404ad3cdb1a9e412,2025-05,City of London Police,City of London Police,-0.081902,51.517296,On or near Liverpool Street,E01032739,City of London 001F,Shoplifting,Awaiting court outcome,
b579e6dc5087f70353fb5d46570007c555a76af1b5854a1dbaed4457aee0dfc5,2025-05,City of London Police,City of London Police,-0.084910,51.512588,On or near Bell Inn Yard,E01032739,City of London 001F,Shoplifting,Investigation complete; no suspect identified,
acd6385a8a9ff0920412187507bda26ca976e7e93ca7e392f7af6fe1d66c35e6,2025-05,City of London Police,City of London Police,-0.081902,51.517296,On or near Liverpool Street,E01032739,City of London 001F,Shoplifting,Unable to prosecute suspect,
ee040f9d99b485936b73ae7a92f28c6ff5029947bb6ac49febe0af86842bb48e,2025-05,City of London Police,City of London Police,-0.084910,51.512588,On or near Bell Inn Yard,E01032739,City of London 001F,Shoplifting,Investigation complete; no suspect identified,
8f3d5c2d5653a214668562d856f80e5546d90f2fd8a42406a43dfed198d825e3,2025-05,City of London Police,City of London Police,-0.094070,51.513079,On or near Watling Street,E01032739,City of London 001F,Shoplifting,Investigation complete; no suspect identified,
7b1a987bcd41f5aaca0071de3f0e127981735a32049d8e304fce9a8895e50a2a,2025-05,City of London Police,City of London Police,-0.078278,51.513666,On or near Mitre Street,E01032739,City of London 001F,Shoplifting,Investigation complete; no suspect identified,
ae5021ce3fa4dcb0d1bce72f32295b458b72ad692815c28bb72ee528c0a46192,2025-05,City of London Police,City of London Police,-0.094070,51.513079,On or near Watling Street,E01032739,City of London 001F,Shoplifting,Unable to prosecute suspect,
05ed3b058a579275862e12e00495fff90c0253409545151cc1b02bcbf41b103c,2025-05,City of London Police,City of London Police,-0.077372,51.512590,On or near Carlisle Avenue,E01032739,City of London 001F,Shoplifting,Investigation complete; no suspect identified,
32d15e275de081f60228530a5b751cea9cb4401b6e820c51425fd67ea49f1f9f,2025-05,City of London Police,City of London Police,-0.078278,51.513666,On or near Mitre Street,E01032739,City of London 001F,Shoplifting,Investigation complete; no suspect identified,
3d4f25782816d2aabc748923c71f7e108049268c61fc431ad117b2d0aca591cd,2025-05,City of London Police,City of London Police,-0.095224,51.513736,On or near Shopping Area,E01032739,City of London 001F,Shoplifting,Unable to prosecute suspect,
1a422dd8606b815068dec0179efccdedc40d42d7d80f566c056aa84567235a89,2025-05,City of London Police,City of London Police,-0.086815,51.517007,On or near Circus Place,E01032739,City of London 001F,Shoplifting,Investigation complete; no suspect identified,
bad1fdbf8b57754cdb2a04f0af831f12bc21bca7d1d5acfd9d06903096f370d0,2025-05,City of London Police,City of London Police,-0.086815,51.517007,On or near Circus Place,E01032739,City of London 001F,Shoplifting,Status update unavailable,
555d7532eb4b1c26a85a7dca8af4204dd138439cce431d78b566c5e4e4a3ebd7,2025-05,City of London Police,City of London Police,-0.081113,51.516869,On or near Bishopsgate,E01032739,City of London 001F,Shoplifting,Unable to prosecute suspect,
4bbb7172b1e97f97b2aec5f61ca09c408aab2819d06b832811e89af368371f26,2025-05,City of London Police,City of London Police,-0.086815,51.517007,On or near Circus Place,E01032739,City of London 001F,Shoplifting,Investigation complete; no suspect identified,
0bbd714d5a60945c9bb9672cae2c6f5ff9603ba186a44bffa1147f2e81c8072b,2025-05,City of London Police,City of London Police,-0.091947,51.513188,On or near Pancras Lane,E01032739,City of London 001F,Shoplifting,Unable to prosecute suspect,
3fdd65fa853d42f16aa981120cea8c0ab73006d2613213221d8b887ba4dcdbd5,2025-05,City of London Police,City of London Police,-0.081902,51.517296,On or near Liverpool Street,E01032739,City of London 001F,Shoplifting,Investigation complete; no suspect identified,
7833d42506b7e198aa0a64cef634d625b2ed4f801bfb661275e6942a6e11733e,2025-05,City of London Police,City of London Police,-0.079883,51.517326,On or near New Street,E01032739,City of London 001F,Shoplifting,Court result unavailable,
e3bc92da997f59c4142a48b35e930790e17fa382cc06826f33a8843df4f9e947,2025-05,City of London Police,City of London Police,-0.084836,51.511939,On or near Shopping Area,E01032739,City of London 001F,Shoplifting,Investigation complete; no suspect identified,
9afd2adb870e49dde5f8ddffe3b6bb294de8341cf52d6f34006ae9d4bd45a9f0,2025-05,City of London Police,City of London Police,-0.088903,51.510836,On or near Laurence Pountney Hill,E01032739,City of London 001F,Shoplifting,Investigation complete; no suspect identified,
f01704704d1fd57559c9e77ecc85bf3023e000c6fcfcc605f259f31da1222181,2025-05,City of London Police,City of London Police,-0.083977,51.510441,On or near Lovat Lane,E01032739,City of London 001F,Shoplifting,Investigation complete; no suspect identified,
f89a00eb946a78a48b67080014f73adb68bf412c7c5e5ff48d2512f2f0b2bce2,2025-05,City of London Police,City of London Police,-0.086815,51.517007,On or near Circus Place,E01032739,City of London 001F,Shoplifting,Investigation complete; no suspect identified,
02b8b79ea18d01214c5b7d05022f5a3e436257c25dd0a74cd78a4beade549ea9,2025-05,City of London Police,City of London Police,-0.097291,51.514626,On or near Supermarket,E01032739,City of London 001F,Theft from the person,Investigation complete; no suspect identified,
e097e7e6d6c247b65378d68587a883b370407f6a2740782dc8044a27664c059e,2025-05,City of London Police,City of London Police,-0.081113,51.516869,On or near Bishopsgate,E01032739,City of London 001F,Theft from the person,Investigation complete; no suspect identified,
8c15c9fe219244c1cab56098a562e8c87731717bfc498ee25f9bb8114712a583,2025-05,City of London Police,City of London Police,-0.082993,51.516360,On or near Wormwood Street,E01032739,City of London 001F,Theft from the person,Investigation complete; no suspect identified,
10acbfa8d746774bffb3fb93d3ed356966d879954f3ebacb31d5786ed4f479b1,2025-05,City of London Police,City of London Police,-0.085228,51.511190,On or near Talbot Court,E01032739,City of London 001F,Theft from the person,Investigation complete; no suspect identified,
b06e386513f94f7d14d42f35b0edcf4fc55b113f3769d9bb7e8b086c9d2194c8,2025-05,City of London Police,City of London Police,-0.088785,51.517102,On or near Moorgate,E01032739,City of London 001F,Theft from the person,Investigation complete; no suspect identified,
29fc78cc7b6fb03e622174485d6c974c30935f2ff78005d321da8eacd8f7a10a,2025-05,City of London Police,City of London Police,-0.091947,51.513188,On or near Pancras Lane,E01032739,City of London 001F,Theft from the person,Investigation complete; no suspect identified,
6daee2991c1e69ae14ac18b1741b1fe45bd8d32e176db644b97c5f61f9430a48,2025-05,City of London Police,City of London Police,-0.079838,51.514267,On or near Bury Street,E01032739,City of London 001F,Theft from the person,Investigation complete; no suspect identified,
66414b4383d2aa52126993d581de7176062b470dbc6f7d46e8ed27af1890710d,2025-05,City of London Police,City of London Police,-0.087157,51.512624,On or near Lombard Street,E01032739,City of London 001F,Theft from the person,Investigation complete; no suspect identified,
1b154ee69c7a49d48a29f6657df3a6b66acd094253c9c68322d38fcdb0fc5fd1,2025-05,City of London Police,City of London Police,-0.081902,51.517296,On or near Liverpool Street,E01032739,City of London 001F,Theft from the person,Investigation complete; no suspect identified,
390f01ec08737fbf8cb77bfada7fb6f90ff03ea2cb87512405e52d35cf3b8eff,2025-05,City of London Police,City of London Police,-0.101292,51.514770,On or near Amen Court,E01032739,City of London 001F,Theft from the person,Investigation complete; no suspect identified,
9e972e87a42f84b67acd59b863081ab4fe550b3dd8f5fe7caba1a42a7e50d9ab,2025-05,City of London Police,City of London Police,-0.087157,51.512624,On or near Lombard Street,E01032739,City of London 001F,Theft from the person,Investigation complete; no suspect identified,
1b154ee69c7a49d48a29f6657df3a6b66acd094253c9c68322d38fcdb0fc5fd1,2025-05,City of London Police,City of London Police,-0.081512,51.518692,On or near London Liverpool Street,E01032739,City of London 001F,Theft from the person,Status update unavailable,
d3e80aa4bea718a56e07241604b97e9ed7a7a27c71ad5bdb4ab2a8d15e777c79,2025-05,City of London Police,City of London Police,-0.097176,51.510836,On or near Trig Lane,E01032739,City of London 001F,Theft from the person,Investigation complete; no suspect identified,
c0bad63ed1ded44ede3ab2f9beb4bf5ef8ddbf4bea7cc8f9f2c84dbce2a80156,2025-05,City of London Police,City of London Police,-0.083977,51.510441,On or near Lovat Lane,E01032739,City of London 001F,Theft from the person,Investigation complete; no suspect identified,
f541e80964aca3edf8423eb0a4d44a578033c5356e80ff7e20cb15d0185460b0,2025-05,City of London Police,City of London Police,-0.088785,51.517102,On or near Moorgate,E01032739,City of London 001F,Theft from the person,Investigation complete; no suspect identified,
3490050f8cc58691d0b1214b7865f815f6b5e2e187a926ece0159896b6e2922e,2025-05,City of London Police,City of London Police,-0.079838,51.514267,On or near Bury Street,E01032739,City of London 001F,Theft from the person,Investigation complete; no suspect identified,
689ae8ca915e09e95cb12eccabd58fab0db7799b869385ec034ab632cc6e35b9,2025-05,City of London Police,City of London Police,-0.081113,51.516869,On or near Bishopsgate,E01032739,City of London 001F,Theft from the person,Investigation complete; no suspect identified,
e565e67d8a3cbb8109448acbbf59a3f04c9ba58629b0280fee9e60de164a24c1,2025-05,City of London Police,City of London Police,-0.081113,51.516869,On or near Bishopsgate,E01032739,City of London 001F,Theft from the person,Investigation complete; no suspect identified,
09f9e60842d23fd5eb87ef08873193fecd2761688682a5912464b5018bd6b86c,2025-05,City of London Police,City of London Police,-0.084844,51.509700,On or near Monument Street,E01032739,City of London 001F,Theft from the person,Status update unavailable,
9860f1a4021b57cb7d660a87053abdc1b47fe8984271288d065926d9f0be556c,2025-05,City of London Police,City of London Police,-0.104276,51.513712,On or near A201,E01032739,City of London 001F,Theft from the person,Investigation complete; no suspect identified,
8de68713ead22502e30b3c92c2795a1ccc8d307a5f76e9c16ccc5e96aa2b1750,2025-05,City of London Police,City of London Police,-0.104276,51.513712,On or near A201,E01032739,City of London 001F,Theft from the person,Investigation complete; no suspect identified,
7d5125f7d424f4156afc4beb158026d333dd4e545b5b04f2bc3b951b61e2cdee,2025-05,City of London Police,City of London Police,-0.095224,51.513736,On or near Shopping Area,E01032739,City of London 001F,Theft from the person,Investigation complete; no suspect identified,
2154f117f35dd0799ef593d336541e275b929ed845a7649758229901c46abc0c,2025-05,City of London Police,City of London Police,-0.085089,51.512105,On or near Gracechurch Street,E01032739,City of London 001F,Theft from the person,Investigation complete; no suspect identified,
1b56d5c702887d875ffcdcaa07a61aff9717280c361421eed91fb3694bcb1f92,2025-05,City of London Police,City of London Police,-0.097291,51.514626,On or near Supermarket,E01032739,City of London 001F,Theft from the person,Investigation complete; no suspect identified,
6b506fbb36ed43fb4379fee5852aa95db1ede89ad00331ffb28c9e1cf6973970,2025-05,City of London Police,City of London Police,-0.090578,51.509722,On or near Allhallows Lane,E01032739,City of London 001F,Theft from the person,Investigation complete; no suspect identified,
8fcfd0d5128d0a39d9a2757698671b878fecbea529c66eb44c427d9f49f2746f,2025-05,City of London Police,City of London Police,-0.101906,51.511794,On or near Theatre/Concert Hall,E01032739,City of London 001F,Theft from the person,Investigation complete; no suspect identified,
f0b855a16c3f99ad84f4c2a84af740f80b81feaa9ad25e7db8a0093807e1449e,2025-05,City of London Police,City of London Police,-0.091947,51.513188,On or near Pancras Lane,E01032739,City of London 001F,Theft from the person,Investigation complete; no suspect identified,
cd4e565d8c04ec01d2d235fd0168444b49319039b5b3942e27af7d921c00ac7b,2025-05,City of London Police,City of London Police,-0.101292,51.514770,On or near Amen Court,E01032739,City of London 001F,Theft from the person,Investigation complete; no suspect identified,
9c63858b9e119818485214ac9b8423e1e5d3baf7693a447da0576f03a90d4a35,2025-05,City of London Police,City of London Police,-0.080448,51.520689,On or near Primrose Street,E01032739,City of London 001F,Theft from the person,Investigation complete; no suspect identified,
023631f99251fa304df8e74c5e3a39956fe919c97d28c1a983e0dd3168adadf5,2025-05,City of London Police,City of London Police,-0.104276,51.513712,On or near A201,E01032739,City of London 001F,Theft from the person,Investigation complete; no suspect identified,
504d554c3023dcf99f3e3344e85934e3b42c66e6b15a93a152d501b9dc5471e8,2025-05,City of London Police,City of London Police,-0.081643,51.510070,On or near Great Tower Street,E01032739,City of London 001F,Theft from the person,Investigation complete; no suspect identified,
5a40d13ed9eb50bb5c7324d480acb57a3ccf9d55491fef468be8e58c8e3ca406,2025-05,City of London Police,City of London Police,-0.095924,51.513882,On or near Shopping Area,E01032739,City of London 001F,Theft from the person,Investigation complete; no suspect identified,
bcc5e7cfe9841a336e97abc806d33d853408f350f9bf3f7da78d892fee1363cc,2025-05,City of London Police,City of London Police,-0.097291,51.514626,On or near Supermarket,E01032739,City of London 001F,Theft from the person,Investigation complete; no suspect identified,
40020176b842bbae85af46a24aee5b3f07edf60239482ab1405fef035c8d09a3,2025-05,City of London Police,City of London Police,-0.101963,51.510761,On or near Ferry Terminal,E01032739,City of London 001F,Theft from the person,Investigation complete; no suspect identified,
7adfc58e27306ccee8ed68ac807f6f6473c9167e88319e6b246c1f84e2878c14,2025-05,City of London Police,City of London Police,-0.081902,51.517296,On or near Liverpool Street,E01032739,City of London 001F,Theft from the person,Investigation complete; no suspect identified,
4aacc7e39a8e149f1a0b2dedddcc8641f9acbc87b592ee7b2112689e14c2f40a,2025-05,City of London Police,City of London Police,-0.081113,51.516869,On or near Bishopsgate,E01032739,City of London 001F,Theft from the person,Unable to prosecute suspect,
4508a1230dc6b1e87c274c3566ffd6ad002c7b0684bbd575261fca6bdb9043cb,2025-05,City of London Police,City of London Police,-0.101906,51.511794,On or near Theatre/Concert Hall,E01032739,City of London 001F,Theft from the person,Investigation complete; no suspect identified,
08cd674760ab4e0906c43a28f145d083e8ba100dd4344a46715f0be7175168f1,2025-05,City of London Police,City of London Police,-0.079521,51.511196,On or near New London Street,E01032739,City of London 001F,Theft from the person,Investigation complete; no suspect identified,
320a91ce1f95ee60ab918d37e5372246be0361e58b3947a13325b97c096485d5,2025-05,City of London Police,City of London Police,-0.095054,51.510559,On or near Queenhithe,E01032739,City of London 001F,Theft from the person,Investigation complete; no suspect identified,
e595527e1cfabf6ae8332f9b63fa64417be3a56134d37d6a07ded284140485ea,2025-05,City of London Police,City of London Police,-0.095924,51.513882,On or near Shopping Area,E01032739,City of London 001F,Theft from the person,Investigation complete; no suspect identified,
6f06ddcd1c82b3f58b1715688be071ef19cccdfaf78c7a6a5aae55b092eb045d,2025-05,City of London Police,City of London Police,-0.079838,51.514267,On or near Bury Street,E01032739,City of London 001F,Theft from the person,Investigation complete; no suspect identified,
b2e0dd2651a217eacff78d1fdc1c4e78ae5712db9d57a21c66a2fb4b2097f47f,2025-05,City of London Police,City of London Police,-0.079907,51.517785,On or near Victoria Avenue,E01032739,City of London 001F,Theft from the person,Investigation complete; no suspect identified,
c8e1d28013973c7176addfd3d95d9e89508711cbc0303ca00511ebdb6e683105,2025-05,City of London Police,City of London Police,-0.081902,51.517296,On or near Liverpool Street,E01032739,City of London 001F,Theft from the person,Investigation complete; no suspect identified,
3d1eb6fb88c498b9a2d23555fac9d78e28f633255b5e82a524f86d64b7955ca6,2025-05,City of London Police,City of London Police,-0.081643,51.510070,On or near Great Tower Street,E01032739,City of London 001F,Theft from the person,Investigation complete; no suspect identified,
174499f8fd898dc60d5a623b603538d68c0244831d4f02ab5c17b3c76f4c35da,2025-05,City of London Police,City of London Police,-0.086019,51.513631,On or near Finch Lane,E01032739,City of London 001F,Theft from the person,Investigation complete; no suspect identified,
937d505c677e7a78fdf44157baa37c32b7beabc2d385e743f98e34e7b9c1cb47,2025-05,City of London Police,City of London Police,-0.101292,51.514770,On or near Amen Court,E01032739,City of London 001F,Theft from the person,Investigation complete; no suspect identified,
42e0e3f148237b327ce470087a7912112faaade652634167682d0d3c6ff2ef1f,2025-05,City of London Police,City of London Police,-0.079138,51.508312,On or near Lower Thames Street,E01032739,City of London 001F,Theft from the person,Investigation complete; no suspect identified,
dc926ba35de89c6ba867627fe511f2bb608f80e8bc53a664b6062cb2c05e00ee,2025-05,City of London Police,City of London Police,-0.078278,51.513666,On or near Mitre Street,E01032739,City of London 001F,Theft from the person,Investigation complete; no suspect identified,
7e2b4789b301c7ee6b23f6d35b73d167065190f9e293ec66d225832fdd0c317d,2025-05,City of London Police,City of London Police,-0.079138,51.508312,On or near Lower Thames Street,E01032739,City of London 001F,Theft from the person,Investigation complete; no suspect identified,
62139d636a0543bc93e64afbd9ce0f2045d9c3445b7586ac4fc945b4b94cdb35,2025-05,City of London Police,City of London Police,-0.079907,51.517785,On or near Victoria Avenue,E01032739,City of London 001F,Theft from the person,Investigation complete; no suspect identified,
d05c94477533d614f8aaaf7de625ddcf361ecb670ade8a2a74756d9d10adadb4,2025-05,City of London Police,City of London Police,-0.081902,51.517296,On or near Liverpool Street,E01032739,City of London 001F,Theft from the person,Investigation complete; no suspect identified,
dd006dd730a58f2b451f41799f54661717bce02b1bfbda98ba938552c61cc6da,2025-05,City of London Police,City of London Police,-0.101906,51.511794,On or near Theatre/Concert Hall,E01032739,City of London 001F,Theft from the person,Investigation complete; no suspect identified,
2e4d887603cc974e9c6e4c4eba9d7ee02ca6ecc139a3f98562beec713562e3a9,2025-05,City of London Police,City of London Police,-0.081902,51.517296,On or near Liverpool Street,E01032739,City of London 001F,Theft from the person,Investigation complete; no suspect identified,
be76cc427f7339c6e35dbbfc92d482c327b5f98f16724c728eac9396613c8148,2025-05,City of London Police,City of London Police,-0.078278,51.513666,On or near Mitre Street,E01032739,City of London 001F,Theft from the person,Investigation complete; no suspect identified,
0a0b682e0f09e312b86d502366319dd8358d5e5d6be391ceefbd55350a6ae46f,2025-05,City of London Police,City of London Police,-0.089208,51.509744,On or near Angel Lane,E01032739,City of London 001F,Theft from the person,Investigation complete; no suspect identified,
bbb130a6b172be62951baef06371a80f63c6eec52297ff7904335d1dce37b570,2025-05,City of London Police,City of London Police,-0.087157,51.512624,On or near Lombard Street,E01032739,City of London 001F,Vehicle crime,Investigation complete; no suspect identified,
5f592d41e98a5c5068fecbeae8ff83a433f755bfb0ccf8b251366652b46eb44f,2025-05,City of London Police,City of London Police,-0.095224,51.513736,On or near Shopping Area,E01032739,City of London 001F,Vehicle crime,Court result unavailable,
a9f78a41f5bb651e943c685e57b8f573bf71ccfd0f3f940b8e6f2c87a530417c,2025-05,City of London Police,City of London Police,-0.089808,51.517461,On or near London Wall,E01032739,City of London 001F,Vehicle crime,Investigation complete; no suspect identified,
dec1ec7f793de6b8f17ff61350fd2e2b4cb625ba4463a735650e312c7f082a4a,2025-05,City of London Police,City of London Police,-0.092633,51.509872,On or near Bell Wharf Lane,E01032739,City of London 001F,Vehicle crime,Investigation complete; no suspect identified,
c3bc10f348389eabb6b0e13ac3ad286787f1e90fc005801b148e77d412b95943,2025-05,City of London Police,City of London Police,-0.101292,51.514770,On or near Amen Court,E01032739,City of London 001F,Vehicle crime,Status update unavailable,
46a7d6941955c81ba489e630bf93fec2ff353548d90a60f776ae01e39e691d10,2025-05,City of London Police,City of London Police,-0.092633,51.509872,On or near Bell Wharf Lane,E01032739,City of London 001F,Vehicle crime,Investigation complete; no suspect identified,
c3bc10f348389eabb6b0e13ac3ad286787f1e90fc005801b148e77d412b95943,2025-05,City of London Police,City of London Police,-0.079907,51.517785,On or near Victoria Avenue,E01032739,City of London 001F,Vehicle crime,Court result unavailable,
ae470c3df2788e070801d20ea554b1bfdf4faa9b527f824d0c85905d8ffcf32d,2025-05,City of London Police,City of London Police,-0.092633,51.509872,On or near Bell Wharf Lane,E01032739,City of London 001F,Vehicle crime,Investigation complete; no suspect identified,
abdabf2984da81de4b25f116f616fd45f927a5af35bef85b3991656c233d8f4c,2025-05,City of London Police,City of London Police,-0.092633,51.509872,On or near Bell Wharf Lane,E01032739,City of London 001F,Vehicle crime,Investigation complete; no suspect identified,
6a354f2094cbfab60cbf96e3be50a345b5a124b483b5973d74daf21790532fe0,2025-05,City of London Police,City of London Police,-0.092633,51.509872,On or near Bell Wharf Lane,E01032739,City of London 001F,Vehicle crime,Investigation complete; no suspect identified,
805358079c746308dd61d442e0152b792a04e6083eccc043e1e4971d905bf033,2025-05,City of London Police,City of London Police,-0.079907,51.517785,On or near Victoria Avenue,E01032739,City of London 001F,Violence and sexual offences,Unable to prosecute suspect,
c4b43c1eb8e07aa3e4533f99a2635c83ba7f72b412cf0156ba214d0e7c9914aa,2025-05,City of London Police,City of London Police,-0.091540,51.511896,On or near Cannon Street,E01032739,City of London 001F,Violence and sexual offences,Unable to prosecute suspect,
b612008f674154d3534db4d4732fa7f8202c44d58e4bdc0cbbf017a492a3e76f,2025-05,City of London Police,City of London Police,-0.079521,51.511196,On or near New London Street,E01032739,City of London 001F,Violence and sexual offences,Investigation complete; no suspect identified,
400f60071bd2ae48280dfb644a53f052395f6c7bb01c65485309eeddd885ec24,2025-05,City of London Police,City of London Police,-0.079521,51.511196,On or near New London Street,E01032739,City of London 001F,Violence and sexual offences,Unable to prosecute suspect,
d287588b03fb1f684a7108403ce2f9c52251274fb459aae1bb8dceea8d22c6e1,2025-05,City of London Police,City of London Police,-0.097176,51.510836,On or near Trig Lane,E01032739,City of London 001F,Violence and sexual offences,Unable to prosecute suspect,
075e4d32938ac9e44872d9bef036bab6c8bb44041e9e5a7b3712afb955d3f731,2025-05,City of London Police,City of London Police,-0.095224,51.513736,On or near Shopping Area,E01032739,City of London 001F,Violence and sexual offences,Unable to prosecute suspect,
32a17adbc0becaef671c9223e35f3f13b144c3f7542e7b2195d982bdd4510faf,2025-05,City of London Police,City of London Police,-0.081643,51.510070,On or near Great Tower Street,E01032739,City of London 001F,Violence and sexual offences,Unable to prosecute suspect,
1bb361c7ba9048fc44193f372f23982b94eac59196ae180160efb47c5eb39f0a,2025-05,City of London Police,City of London Police,-0.080365,51.508943,On or near Parking Area,E01032739,City of London 001F,Violence and sexual offences,Status update unavailable,
a7e02db4666d4dbe282534f440cb6e31982a418242d2bf96d6f69a425d3100f2,2025-05,City of London Police,City of London Police,-0.088456,51.514975,On or near Tokenhouse Yard,E01032739,City of London 001F,Violence and sexual offences,Court result unavailable,
55df5b77d3e65d5890b07728a43f842fbf1e31be16c60c9f867242223c7cb89c,2025-05,City of London Police,City of London Police,-0.081902,51.517296,On or near Liverpool Street,E01032739,City of London 001F,Violence and sexual offences,Unable to prosecute suspect,
b0f88e01ceab4e1bb9ae3a492e27fe3fca89f6c959c96eb85360dc645416d11b,2025-05,City of London Police,City of London Police,-0.082993,51.516360,On or near Wormwood Street,E01032739,City of London 001F,Violence and sexual offences,Status update unavailable,
eb0552c434d0c2ce3472e368695e15d4de8a94883b8ef4177b1398e5a903378b,2025-05,City of London Police,City of London Police,-0.089808,51.517461,On or near London Wall,E01032739,City of London 001F,Violence and sexual offences,Unable to prosecute suspect,
dd2c8a1b6291da4eab19374717d0a6e46b94e39581c66438b428bd11f95fe2d6,2025-05,City of London Police,City of London Police,-0.085228,51.511190,On or near Talbot Court,E01032739,City of London 001F,Violence and sexual offences,Investigation complete; no suspect identified,
70d088533d11b010a5e26cd6817777e129f5b05626efb5eda4c05c8b986f10da,2025-05,City of London Police,City of London Police,-0.086815,51.517007,On or near Circus Place,E01032739,City of London 001F,Violence and sexual offences,Unable to prosecute suspect,
8326bd10e13db45ead4de0bb54cdc6a91f9ba0d1f636d794e52d8d17704c2062,2025-05,City of London Police,City of London Police,-0.086815,51.517007,On or near Circus Place,E01032739,City of London 001F,Violence and sexual offences,Investigation complete; no suspect identified,
c39aa541be4d228e657f73cbf3ceec64ea94a656263c152b5f8e6fa5744909dd,2025-05,City of London Police,City of London Police,-0.079907,51.517785,On or near Victoria Avenue,E01032739,City of London 001F,Violence and sexual offences,Unable to prosecute suspect,
e17d8afc38b51d6002b766be4d8cace896f7490c3114bf359405711981c587b8,2025-05,City of London Police,City of London Police,-0.079907,51.517785,On or near Victoria Avenue,E01032739,City of London 001F,Violence and sexual offences,Unable to prosecute suspect,
7797a81ba5d9f4fa12072937825a0dd6a7ecf04ac50f618785d19d373663978f,2025-05,City of London Police,City of London Police,-0.082993,51.516360,On or near Wormwood Street,E01032739,City of London 001F,Violence and sexual offences,Unable to prosecute suspect,
9f6f0865fe7fdf2a57c999a835978279c5cc74c06aead2fdc01c8901fff9ffe7,2025-05,City of London Police,City of London Police,-0.088785,51.517102,On or near Moorgate,E01032739,City of London 001F,Violence and sexual offences,Unable to prosecute suspect,
c4d4aad50e5c278c9e7cbbd34cabf772b5b7f15e5a8231e32feffe3da5ef6e1a,2025-05,City of London Police,City of London Police,-0.091947,51.513188,On or near Pancras Lane,E01032739,City of London 001F,Violence and sexual offences,Status update unavailable,
f76cd98e02a044ab8d05feaeea28bdb6ee5dc8218dfb81b7c7f4a49e0320df68,2025-05,City of London Police,City of London Police,-0.091823,51.514427,On or near Ironmonger Lane,E01032739,City of London 001F,Violence and sexual offences,Unable to prosecute suspect,
563c371726464cdbfda60956e75e0e2ca08e0062f69afd77785a42dee861a100,2025-05,City of London Police,City of London Police,-0.089822,51.516103,On or near Coleman Street,E01032739,City of London 001F,Violence and sexual offences,Investigation complete; no suspect identified,
7a7596ae56f5d82edb550931f3d9e3046038369441d6fdd6cfc3403257b303f9,2025-05,City of London Police,City of London Police,-0.081113,51.516869,On or near Bishopsgate,E01032739,City of London 001F,Violence and sexual offences,Unable to prosecute suspect,
18be727ebd7e2246f92cdd62a26d4e5aa75be7ea7cf44f147f2ee683652aa764,2025-05,City of London Police,City of London Police,-0.081643,51.510070,On or near Great Tower Street,E01032739,City of London 001F,Violence and sexual offences,Investigation complete; no suspect identified,
4c55aab2f81e24968666bfcdb9ad7e710775f4aede3b4c4996d8539cfdca1839,2025-05,City of London Police,City of London Police,-0.079907,51.517785,On or near Victoria Avenue,E01032739,City of London 001F,Violence and sexual offences,Status update unavailable,
c2a4cdce1f2b6b9945300afc769d10582f7eca425805e0c8dfd216d53202ace3,2025-05,City of London Police,City of London Police,-0.078278,51.513666,On or near Mitre Street,E01032739,City of London 001F,Violence and sexual offences,Investigation complete; no suspect identified,
c3cfabc6fb36ad12856e2dfcb56c635c19481c597fb83e1b5b77ab4b681295bc,2025-05,City of London Police,City of London Police,-0.095224,51.513736,On or near Shopping Area,E01032739,City of London 001F,Violence and sexual offences,Court result unavailable,
5639a62bbcb5baea40d76a440d0d49602d2fbd2a983ef99196c2d8c73bc4536a,2025-05,City of London Police,City of London Police,-0.087157,51.512624,On or near Lombard Street,E01032739,City of London 001F,Violence and sexual offences,Court result unavailable,
b2405c0f46be93ccb95f801d42a04fcd43b89d458983ecb9257757486c2d2b93,2025-05,City of London Police,City of London Police,-0.083349,51.514830,On or near Shopping Area,E01032739,City of London 001F,Violence and sexual offences,Investigation complete; no suspect identified,
d0f3438fa3c3a8808f05abeae345b7699049311a4f4570920b3c29f32cc62db5,2025-05,City of London Police,City of London Police,-0.080291,51.514814,On or near Bury Court,E01032739,City of London 001F,Violence and sexual offences,Unable to prosecute suspect,
f4b913fedf4d104d2cb3d4fb1adcd2333523a7ff4a56842a8fee0422f8f300d3,2025-05,City of London Police,City of London Police,-0.095224,51.513736,On or near Shopping Area,E01032739,City of London 001F,Violence and sexual offences,Unable to prosecute suspect,
d0fff84206ff2a0189adbaadc95ab9921d1ef42f3947a8cec52f4c0a9b1724c0,2025-05,City of London Police,City of London Police,-0.095924,51.513882,On or near Shopping Area,E01032739,City of London 001F,Violence and sexual offences,Investigation complete; no suspect identified,
e7bf6746312baf85d7b396872df8cd10b7fde1e882973e2efac8b05d8436ec8e,2025-05,City of London Police,City of London Police,-0.097291,51.514626,On or near Supermarket,E01032739,City of London 001F,Violence and sexual offences,Investigation complete; no suspect identified,
c161c75af1b354da41deff9b0b4033de1ab943755fcb7c0bf56641d857b02ecb,2025-05,City of London Police,City of London Police,-0.081512,51.518692,On or near London Liverpool Street,E01032739,City of London 001F,Violence and sexual offences,Unable to prosecute suspect,
2e9021d3570ef23ee36f0aae4c4d12c3e3019a1038ae4f6c23cf65a050abd80b,2025-05,City of London Police,City of London Police,-0.090578,51.509722,On or near Allhallows Lane,E01032739,City of London 001F,Violence and sexual offences,Court result unavailable,
eb24d25dde08ec65588be17c27cda8467c13639f5f7d2a33f92bf08ede92abd2,2025-05,City of London Police,City of London Police,-0.081113,51.516869,On or near Bishopsgate,E01032739,City of London 001F,Violence and sexual offences,Status update unavailable,
40ba3273999b2b1f31cefbaff4a279ba11fc2d67abe97c3c8a69334d62c023c0,2025-05,City of London Police,City of London Police,-0.095924,51.513882,On or near Shopping Area,E01032739,City of London 001F,Violence and sexual offences,Status update unavailable,
bc93589772a8073b0c0496bfb01a75cd4c08e8e361521001dc26c0af116cdd58,2025-05,City of London Police,City of London Police,-0.090578,51.509722,On or near Allhallows Lane,E01032739,City of London 001F,Violence and sexual offences,Unable to prosecute suspect,
9f867b00c814c9590d3f692135e558df747010f8b1332748f7d3ea4420f84e57,2025-05,City of London Police,City of London Police,-0.081113,51.516869,On or near Bishopsgate,E01032739,City of London 001F,Violence and sexual offences,Investigation complete; no suspect identified,
e106d7952debccd09ff6e17f7d8dce792edeca12e78d30b29e3da6bbacf8bff2,2025-05,City of London Police,City of London Police,-0.091540,51.511896,On or near Cannon Street,E01032739,City of London 001F,Violence and sexual offences,Unable to prosecute suspect,
554bb2ba89c94ff47f0ce1c9652a1e0c79d01e69a075885b0b179b2a42eb2666,2025-05,City of London Police,City of London Police,-0.079907,51.517785,On or near Victoria Avenue,E01032739,City of London 001F,Violence and sexual offences,Unable to prosecute suspect,
22a2d0b219011a55eb5916d7411eba7062d84e3a0d454f8ff6e971c8e170bf00,2025-05,City of London Police,City of London Police,-0.079907,51.517785,On or near Victoria Avenue,E01032739,City of London 001F,Violence and sexual offences,Unable to prosecute suspect,
30ede8dca06c8712fb46eedc2a30f2e08e7c293f6b261f01e802a59c569362ed,2025-05,City of London Police,City of London Police,-0.079907,51.517785,On or near Victoria Avenue,E01032739,City of London 001F,Violence and sexual offences,Formal action is not in the public interest,
d5d4c0dcb9b177d80e53108db55038c4f4bc1a2a24dff5e5330090ff990c2563,2025-05,City of London Police,City of London Police,-0.100201,51.513286,On or near Dean'S Court,E01032739,City of London 001F,Violence and sexual offences,Unable to prosecute suspect,
a9be236f2839bb7c2a4e45117acae74286d822b809fde1d50d6ec18a35a8c5dc,2025-05,City of London Police,City of London Police,-0.080365,51.508943,On or near Parking Area,E01032739,City of London 001F,Violence and sexual offences,Unable to prosecute suspect,
e18809b5c26411fb4b7bebedfbe0cdc80b9b618132c1bcd58e8347d0903184e4,2025-05,City of London Police,City of London Police,-0.079907,51.517785,On or near Victoria Avenue,E01032739,City of London 001F,Violence and sexual offences,Investigation complete; no suspect identified,
e5b418de1637c5d4f8254e24ccbc141d37dba47bb66e1a52a413894d71a074a0,2025-05,City of London Police,City of London Police,-0.081512,51.518692,On or near London Liverpool Street,E01032739,City of London 001F,Violence and sexual offences,Unable to prosecute suspect,
e569f7510572bbb1fd50aec884311a7d2ca8ef873a39372b69f74a45de47fb3d,2025-05,City of London Police,City of London Police,-0.083977,51.510441,On or near Lovat Lane,E01032739,City of London 001F,Violence and sexual offences,Unable to prosecute suspect,
1c6e282b0df54d017fa1d4db72c5d5e2b60ccb1fa70b6943aaa70f3f85f8bce3,2025-05,City of London Police,City of London Police,-0.078278,51.513666,On or near Mitre Street,E01032739,City of London 001F,Violence and sexual offences,Investigation complete; no suspect identified,
688e3295d1a15dcfd981e2bd05e5810142426dac07ba413ae9b0fbf9cf71d0f5,2025-05,City of London Police,City of London Police,-0.101292,51.514770,On or near Amen Court,E01032739,City of London 001F,Violence and sexual offences,Status update unavailable,
4dfa385ad7d2fb5ab0afb19927541215060ec73c4e9856508f9712fac8659f48,2025-05,City of London Police,City of London Police,-0.094460,51.512024,On or near Great Trinity Lane,E01032739,City of London 001F,Violence and sexual offences,Unable to prosecute suspect,
0a71d1b9fba190c0c03d52fcee6f21c074682ec5badb0b0e5eee6c41c06111a2,2025-05,City of London Police,City of London Police,-0.095224,51.513736,On or near Shopping Area,E01032739,City of London 001F,Violence and sexual offences,Status update unavailable,
68b43fd103798be90283703a1353541141cfa4740194ed9aa41fa793346dc18e,2025-05,City of London Police,City of London Police,-0.081113,51.516869,On or near Bishopsgate,E01032739,City of London 001F,Violence and sexual offences,Investigation complete; no suspect identified,
66c4e0ef26760af38545206276b199b572ffa066caa829acde33b2664430c9b2,2025-05,City of London Police,City of London Police,-0.084844,51.510725,On or near Eastcheap,E01032739,City of London 001F,Violence and sexual offences,Status update unavailable,
6cb0aa66bb0a689e6fe2f4881674e7c5183c7d8bf3e17866ba9077066c56c840,2025-05,City of London Police,City of London Police,-0.081113,51.516869,On or near Bishopsgate,E01032739,City of London 001F,Violence and sexual offences,Status update unavailable,
1aa6e18138edb9467133e7b1a2b70055d247b2692b675b6988a28708d21622cd,2025-05,City of London Police,City of London Police,-0.091947,51.513188,On or near Pancras Lane,E01032739,City of London 001F,Violence and sexual offences,Unable to prosecute suspect,
1037abdec8d0d0e2a7264ba75d78cbad2a49bec0acd0801c8fd0e488d606d4a6,2025-05,City of London Police,City of London Police,-0.081113,51.516869,On or near Bishopsgate,E01032739,City of London 001F,Violence and sexual offences,Status update unavailable,
7c309d2f1f2596f316baf7ea10c7c0e18a6987567ae18ee3b4091089a5ad4980,2025-05,City of London Police,City of London Police,-0.081113,51.516869,On or near Bishopsgate,E01032739,City of London 001F,Violence and sexual offences,Unable to prosecute suspect,
3759e84d307ef6674706926dd1dce6817fbd03dade366fc4a87980021409c552,2025-05,City of London Police,City of London Police,-0.087157,51.512624,On or near Lombard Street,E01032739,City of London 001F,Violence and sexual offences,Status update unavailable,
3759e84d307ef6674706926dd1dce6817fbd03dade366fc4a87980021409c552,2025-05,City of London Police,City of London Police,-0.083349,51.514830,On or near Shopping Area,E01032739,City of London 001F,Violence and sexual offences,Investigation complete; no suspect identified,
eb24d25dde08ec65588be17c27cda8467c13639f5f7d2a33f92bf08ede92abd2,2025-05,City of London Police,City of London Police,-0.079907,51.517785,On or near Victoria Avenue,E01032739,City of London 001F,Violence and sexual offences,Local resolution,
c8d0f3c028f9d40dad9cad5c877e383986747508a0d94f59eba689ca3021dc43,2025-05,City of London Police,City of London Police,-0.089822,51.516103,On or near Coleman Street,E01032739,City of London 001F,Violence and sexual offences,Investigation complete; no suspect identified,
9599fecc6f160f70937d9f5b09b5c1df16a3b94fe655f4c9b99fa84eeb94ca26,2025-05,City of London Police,City of London Police,-0.089822,51.516103,On or near Coleman Street,E01032739,City of London 001F,Violence and sexual offences,Unable to prosecute suspect,
66c4e0ef26760af38545206276b199b572ffa066caa829acde33b2664430c9b2,2025-05,City of London Police,City of London Police,-0.083977,51.510441,On or near Lovat Lane,E01032739,City of London 001F,Violence and sexual offences,Court result unavailable,
d2e87823a0adb9a1890c7ed78fc1508cf77f721c8b1973bfa53ba5253c8ac4c1,2025-05,City of London Police,City of London Police,-0.081113,51.516869,On or near Bishopsgate,E01032739,City of London 001F,Violence and sexual offences,Unable to prosecute suspect,
0f1f1032b1e4b0d46cbe9c6b311c1ca9c963ffbb3848162b1161acc5f0c84606,2025-05,City of London Police,City of London Police,-0.081113,51.516869,On or near Bishopsgate,E01032739,City of London 001F,Violence and sexual offences,Unable to prosecute suspect,
1fd09cb6fc9c5b284e6a797dd8b4403b6e8b461a3ec5ca45a8007881e411110b,2025-05,City of London Police,City of London Police,-0.079907,51.517785,On or near Victoria Avenue,E01032739,City of London 001F,Violence and sexual offences,Unable to prosecute suspect,
eb8be46e165cff1567880cbe6cb63072e623d127c0f2e402073edb10d2eb6fa7,2025-05,City of London Police,City of London Police,-0.089208,51.509744,On or near Angel Lane,E01032739,City of London 001F,Violence and sexual offences,Awaiting court outcome,
eb8be46e165cff1567880cbe6cb63072e623d127c0f2e402073edb10d2eb6fa7,2025-05,City of London Police,City of London Police,-0.089208,51.509744,On or near Angel Lane,E01032739,City of London 001F,Violence and sexual offences,Status update unavailable,
32d9f4a4ea5ca9f9b71789a173bb5b872d2a4d96165f9f9fe67e94913c8f9ac1,2025-05,City of London Police,City of London Police,-0.089208,51.509744,On or near Angel Lane,E01032739,City of London 001F,Violence and sexual offences,Status update unavailable,
0bd176aec58d18b560c18c85207f82962e13890e779501962cda37541ffadeb4,2025-05,City of London Police,City of London Police,-0.094070,51.513079,On or near Watling Street,E01032739,City of London 001F,Violence and sexual offences,Local resolution,
0fa925e7652a7cf1190a6812f6dc8bdcfeb61bd7a08af147fac603cce9c53629,2025-05,City of London Police,City of London Police,-0.100201,51.513286,On or near Dean'S Court,E01032739,City of London 001F,Violence and sexual offences,Unable to prosecute suspect,
880160b90402411b3d84a1b4339786757adb2e279134842e0b41545ebaf4fa25,2025-05,City of London Police,City of London Police,-0.079907,51.517785,On or near Victoria Avenue,E01032739,City of London 001F,Violence and sexual offences,Unable to prosecute suspect,
bf11309fa002398ea45189e6b69ec5f9f75a668694d319237930a490d531fca3,2025-05,City of London Police,City of London Police,-0.100201,51.513286,On or near Dean'S Court,E01032739,City of London 001F,Violence and sexual offences,Unable to prosecute suspect,
724a3e922bc630b513f5b1073e60944d5c493dcac9e35e9cebafec3f44fe5426,2025-05,City of London Police,City of London Police,-0.079907,51.517785,On or near Victoria Avenue,E01032739,City of London 001F,Violence and sexual offences,Local resolution,
c6bca4225c02cf0e7e1e3bf73d6bdc6b41ae98278c86ed4b3ecfacb2d685a335,2025-05,City of London Police,City of London Police,-0.079838,51.514267,On or near Bury Street,E01032739,City of London 001F,Violence and sexual offences,Unable to prosecute suspect,
42f3976c2b6c3dc39f46be3d32b73ef68deafc9f59aa0ca9809d4e9f96d35d7f,2025-05,City of London Police,City of London Police,-0.084836,51.511939,On or near Shopping Area,E01032739,City of London 001F,Violence and sexual offences,Unable to prosecute suspect,
652396f56077a98c17c8d27038103dea5edbcc8535695fa1e0f4ba0e6605e368,2025-05,City of London Police,City of London Police,-0.092036,51.511049,On or near College Street,E01032739,City of London 001F,Violence and sexual offences,Unable to prosecute suspect,
5f9fbbceae984412f9d722bc6df5f85296ae85e4434e69add10d119a514f38e9,2025-05,City of London Police,City of London Police,-0.081113,51.516869,On or near Bishopsgate,E01032739,City of London 001F,Violence and sexual offences,Unable to prosecute suspect,
32b55ff53b9ca9214bccf6ad269c9cae3db5746119c22561fef63e6fb5b123fc,2025-05,City of London Police,City of London Police,-0.081973,51.515948,On or near A10,E01032739,City of London 001F,Other crime,Investigation complete; no suspect identified,
6cc2c5e09dc47b7079775af9293324e7621e0847188ec5d107d48f28e8710f8c,2025-05,City of London Police,City of London Police,-0.078059,51.509967,On or near Trinity Square,E01032739,City of London 001F,Other crime,Local resolution,
7ddaa164c8ec8cfc03f05613d37a7f8f492cce7d41495e9b183ffc8fb8becc56,2025-05,City of London Police,City of London Police,-0.097176,51.510836,On or near Trig Lane,E01032739,City of London 001F,Other crime,Local resolution,
82c2ecc114f419bbb72cf1e721dc4fa32aa72ab7d38d4e751b20f62c4115f43b,2025-05,City of London Police,City of London Police,-0.077563,51.517656,On or near Sandy'S Row,E01032739,City of London 001F,Other crime,Local resolution,
36f32b14e1ac009d4675dd5f219e1608160a2033fd616af1b7ca35836cfa3dcb,2025-05,City of London Police,City of London Police,-0.091540,51.511896,On or near Cannon Street,E01032739,City of London 001F,Other crime,Investigation complete; no suspect identified,
,2025-05,City of London Police,City of London Police,-0.098017,51.519689,On or near Cloth Street,E01032740,City of London 001G,Anti-social behaviour,,
f4c3f637db092bef0c66665b799debc923608c746b42e554b1762f7065c07f30,2025-05,City of London Police,City of London Police,-0.108027,51.511884,On or near Temple Avenue,E01032740,City of London 001G,Bicycle theft,Investigation complete; no suspect identified,
94944a08fb023f49f6b8a0b5ebff8d5d7f4453ce62bef85da064c1b09323a0a4,2025-05,City of London Police,City of London Police,-0.098017,51.519689,On or near Cloth Street,E01032740,City of London 001G,Bicycle theft,Investigation complete; no suspect identified,
9367aa2e030f8a13deb90e4448ddf17e0676cae0e0b5504a54af4570752abf9d,2025-05,City of London Police,City of London Police,-0.098397,51.519561,On or near Middle Street,E01032740,City of London 001G,Burglary,Unable to prosecute suspect,
6758f44aef085623b0587f74235405f622797816781689876e1528ab1a8b854a,2025-05,City of London Police,City of London Police,-0.110474,51.517193,On or near Furnival Street,E01032740,City of London 001G,Burglary,Investigation complete; no suspect identified,
f2b217d4511d8e44f956d042690885af1257f34aa0d0eef5e87edaed7f5d0e58,2025-05,City of London Police,City of London Police,-0.098397,51.519561,On or near Middle Street,E01032740,City of London 001G,Burglary,Status update unavailable,
8c6cb1e07beab7485c766a4d687837b429569d5eb114b97c88753b872c7ade85,2025-05,City of London Police,City of London Police,-0.099803,51.519026,On or near Cloth Fair,E01032740,City of London 001G,Burglary,Court result unavailable,
d38af3ef291ba9c1930305f7fbe6605317ac189308da7dbc226ffb00430a4d6f,2025-05,City of London Police,City of London Police,-0.110474,51.517193,On or near Furnival Street,E01032740,City of London 001G,Burglary,Investigation complete; no suspect identified,
2279de8275ce6d13e1c825c581b999431cc2fa92c452dfad1060305709928337,2025-05,City of London Police,City of London Police,-0.105909,51.513262,On or near Dorset Buildings,E01032740,City of London 001G,Burglary,Investigation complete; no suspect identified,
1af8819af81cdac9c24e52751234eda8c62c7f7c1d1b6295c098d3475ef97277,2025-05,City of London Police,City of London Police,-0.105909,51.513262,On or near Dorset Buildings,E01032740,City of London 001G,Burglary,Investigation complete; no suspect identified,
06a2bb66308ec0c1aaceafae7fa8fab85c003a944088629afc19401091447268,2025-05,City of London Police,City of London Police,-0.108069,51.515041,On or near Gough Square,E01032740,City of London 001G,Burglary,Investigation complete; no suspect identified,
893b2570b0f0a4010e89f29be1d89bdc1d5ef99f99fa771793e08c06cbe4542d,2025-05,City of London Police,City of London Police,-0.108017,51.514213,On or near Fleet Street,E01032740,City of London 001G,Burglary,Unable to prosecute suspect,
8b50efa31c6cc654e442cfa17187e1a8203e0391a5586bc1486b5af5e2ca0b03,2025-05,City of London Police,City of London Police,-0.104980,51.512033,On or near Kingscote Street,E01032740,City of London 001G,Criminal damage and arson,Investigation complete; no suspect identified,
0dd264362b3cd9a586ae55324ee60c8c08a7658c76c1fa0dbc60ebcd9bc9833c,2025-05,City of London Police,City of London Police,-0.106076,51.517239,On or near Conference/Exhibition Centre,E01032740,City of London 001G,Criminal damage and arson,Status update unavailable,
a079d7a9d3b18203fadf21d7d2bd8afdad83d8b134364a4e2ea6dd8f1428ccbd,2025-05,City of London Police,City of London Police,-0.104980,51.512033,On or near Kingscote Street,E01032740,City of London 001G,Criminal damage and arson,Status update unavailable,
7be31a6571541878566586577785c120b63f6188fd2fbdc9e8608211d465c3f2,2025-05,City of London Police,City of London Police,-0.109540,51.515721,On or near Rolls Buildings,E01032740,City of London 001G,Criminal damage and arson,Investigation complete; no suspect identified,
67645d10ad069d47e2ab20d4a923142d96af7e00a48cbd61a8e8de0962654514,2025-05,City of London Police,City of London Police,-0.110690,51.517916,On or near Further/Higher Educational Building,E01032740,City of London 001G,Criminal damage and arson,Investigation complete; no suspect identified,
67dbc2ae968f31f9a0dda01c4889ccd124985ccab89dd4279f829b17aa0e88a1,2025-05,City of London Police,City of London Police,-0.098886,51.519254,On or near Kinghorn Street,E01032740,City of London 001G,Drugs,Status update unavailable,
26f9c8d8c01fd9bfff7daec4aefd81b7a3f3d0fe9c3d961dc82fb358130ac175,2025-05,City of London Police,City of London Police,-0.098886,51.519254,On or near Kinghorn Street,E01032740,City of London 001G,Drugs,Further investigation is not in the public interest,
a7fc05203c42cd87faf123c20413894a31ef77e60a8a328ae93c768e677f8373,2025-05,City of London Police,City of London Police,-0.108027,51.511884,On or near Temple Avenue,E01032740,City of London 001G,Drugs,Court result unavailable,
2942ae8fbef599f0169853c03fecd0740bd127c538d11a1ffe80caf737b5220b,2025-05,City of London Police,City of London Police,-0.108027,51.511884,On or near Temple Avenue,E01032740,City of London 001G,Drugs,Local resolution,
f99544db202e12fae2e993918b9aabf3a3d7976480aeb5bcd0eb104f026e41d0,2025-05,City of London Police,City of London Police,-0.108450,51.514202,On or near Fleet Street,E01032740,City of London 001G,Drugs,Court result unavailable,
411bc4f13404ffcbfc302a2e4edea49ef0c880bae2b406e1336ce93859c4f3ff,2025-05,City of London Police,City of London Police,-0.109297,51.515681,On or near Fetter Lane,E01032740,City of London 001G,Drugs,Local resolution,
4e5cde54b1460d23674d5603a364bc11f15fe86e51e0cabc3d775bb098c7ee7d,2025-05,City of London Police,City of London Police,-0.104980,51.512033,On or near Kingscote Street,E01032740,City of London 001G,Other theft,Investigation complete; no suspect identified,
968ca52e0379d257bbe9807fa9575c319c0b63e1a3c563ad3e3d60a9f6587cfd,2025-05,City of London Police,City of London Police,-0.107979,51.515480,On or near East Harding Street,E01032740,City of London 001G,Other theft,Investigation complete; no suspect identified,
eddde4dfc7325c76967ed71bf6358b0b288281aefde98a0694290be20a5892da,2025-05,City of London Police,City of London Police,-0.110690,51.517916,On or near Further/Higher Educational Building,E01032740,City of London 001G,Other theft,Investigation complete; no suspect identified,
1a2a870aec572f5fde5356788233642cba56b0d583c583ed16b69a4ef21b88fb,2025-05,City of London Police,City of London Police,-0.101359,51.518700,On or near Parking Area,E01032740,City of London 001G,Other theft,Investigation complete; no suspect identified,
6be8474da94449ced3d5bd093f078e108f144bd5ff0ef4c8e9a0c16d06f901ee,2025-05,City of London Police,City of London Police,-0.108457,51.512997,On or near Temple Lane,E01032740,City of London 001G,Other theft,Investigation complete; no suspect identified,
8b9b508588781c9010ffd9c16cde27a2949260ccd2d53bc90a459f47ed54f1c1,2025-05,City of London Police,City of London Police,-0.105131,51.513941,On or near Bride Lane,E01032740,City of London 001G,Other theft,Investigation complete; no suspect identified,
bc4768c0512802579a023885bbbcbdd0e3133935ff7108646de4a69f6ed6aa0c,2025-05,City of London Police,City of London Police,-0.104980,51.512033,On or near Kingscote Street,E01032740,City of London 001G,Other theft,Investigation complete; no suspect identified,
ed880324ca2ce66f6db1b86ec26a0f938b0b6c9c2dc1bff0b97a7792eec8201e,2025-05,City of London Police,City of London Police,-0.106076,51.517239,On or near Conference/Exhibition Centre,E01032740,City of London 001G,Other theft,Investigation complete; no suspect identified,
12921da59b6c6bb4b0d2a2994ade71d7cafeb5f626f29b2fba1d83b661b3fa63,2025-05,City of London Police,City of London Police,-0.109387,51.513839,On or near Old Mitre Court,E01032740,City of London 001G,Other theft,Investigation complete; no suspect identified,
a540a20d8fccf18638280319c13cf6839b83f25dbfe9b26a3d1d87ce6f4e0b4d,2025-05,City of London Police,City of London Police,-0.108909,51.515297,On or near West Harding Street,E01032740,City of London 001G,Other theft,Status update unavailable,
c5570d03a4903a1a78286f329a89f8b3b9fed7316a0801d495b73c27bb6da93a,2025-05,City of London Police,City of London Police,-0.103490,51.513897,On or near City Thameslink,E01032740,City of London 001G,Other theft,Investigation complete; no suspect identified,
5dc3d8705335dd68a5defdb512c5496f28f0224f87a52f1016e7d64fb3dbd6cb,2025-05,City of London Police,City of London Police,-0.108450,51.514202,On or near Fleet Street,E01032740,City of London 001G,Possession of weapons,Unable to prosecute suspect,
631816b23d7a1505c83ff2eb8bafa168a970a60e905336421e41ef1d1a3a4476,2025-05,City of London Police,City of London Police,-0.101621,51.516906,On or near Giltspur Street,E01032740,City of London 001G,Public order,Unable to prosecute suspect,
858a0e3f0096ca08ddd85fad5c52f5bdabd067ca6114e06fe4a5221eed223739,2025-05,City of London Police,City of London Police,-0.108450,51.514202,On or near Fleet Street,E01032740,City of London 001G,Public order,Unable to prosecute suspect,
c73b0339acf123004fed4dc04a8ed312d36c9fce0beb5eeb9241b5b187c4c572,2025-05,City of London Police,City of London Police,-0.098017,51.519689,On or near Cloth Street,E01032740,City of London 001G,Public order,Unable to prosecute suspect,
c6e11ecd44b0d7237751e922d4fb7a1cbf9f1046b3f4930c39526aae7a233c8f,2025-05,City of London Police,City of London Police,-0.106076,51.517239,On or near Conference/Exhibition Centre,E01032740,City of London 001G,Public order,Status update unavailable,
279eb0e034d632d031f9d67e46520c76cb200699fca97139334ea00ae2f362ea,2025-05,City of London Police,City of London Police,-0.109387,51.513839,On or near Old Mitre Court,E01032740,City of London 001G,Public order,Unable to prosecute suspect,
7d21d5d613c99994e2618bb721a006755965191c3eba8fd3e4b2754ac5bf5fbd,2025-05,City of London Police,City of London Police,-0.107443,51.515534,On or near Printer Street,E01032740,City of London 001G,Public order,Investigation complete; no suspect identified,
afe11d1f6bf24554c2f8c0ea48177f57d18782f271c5f572b3235f64fb203420,2025-05,City of London Police,City of London Police,-0.108450,51.514202,On or near Fleet Street,E01032740,City of London 001G,Public order,Court result unavailable,
d537778daa5c77daa74c963728ca9bdfa104a8519de2f724afd65229c9594649,2025-05,City of London Police,City of London Police,-0.109164,51.517846,On or near Holborn,E01032740,City of London 001G,Public order,Unable to prosecute suspect,
c10df1bdf55c265522b9ac1ad9762d643bb070f79f86c06ed9a56cc2ee6e3d22,2025-05,City of London Police,City of London Police,-0.104980,51.512033,On or near Kingscote Street,E01032740,City of London 001G,Robbery,Status update unavailable,
3f2e582b0aa9005b478b180dd6afe68fc9c7897714a64313bd063b12ffb229e5,2025-05,City of London Police,City of London Police,-0.104980,51.512033,On or near Kingscote Street,E01032740,City of London 001G,Robbery,Status update unavailable,
28388935f3bfd96144df9cbc3a2bc88097c5d785edac0e10e2f1b7a4722fa9da,2025-05,City of London Police,City of London Police,-0.112953,51.518231,On or near Southampton Buildings,E01032740,City of London 001G,Shoplifting,Investigation complete; no suspect identified,
a0dbfdedbb319ec0f5c102aeef256b2483c62dff4aaf643e41fef2bba5a5587e,2025-05,City of London Police,City of London Police,-0.112953,51.518231,On or near Southampton Buildings,E01032740,City of London 001G,Shoplifting,Investigation complete; no suspect identified,
dfda00a83c84f9d95a4aa48b2093083911fd7a8f9a23d94805600eef4e665ce0,2025-05,City of London Police,City of London Police,-0.112953,51.518231,On or near Southampton Buildings,E01032740,City of London 001G,Shoplifting,Court result unavailable,
7ab7afd1a75dc2f0048ae85642721ef4f36be292dd994b5ba7952d80ef68d12d,2025-05,City of London Police,City of London Police,-0.112953,51.518231,On or near Southampton Buildings,E01032740,City of London 001G,Shoplifting,Court result unavailable,
8a6a41a1f8a3c6bb281a7c39cb0fae72824a551c09829c8ef098c4e6acd02da4,2025-05,City of London Police,City of London Police,-0.098017,51.519689,On or near Cloth Street,E01032740,City of London 001G,Theft from the person,Investigation complete; no suspect identified,
a378f69400951085baef8a3263f441275e0a34552cd5273f665c49d7bef47500,2025-05,City of London Police,City of London Police,-0.108450,51.514202,On or near Fleet Street,E01032740,City of London 001G,Theft from the person,Investigation complete; no suspect identified,
a5d9e5d8adf1740fc3d93a96bc72c6ba006f3ac0d49e0ac670979bda3386f713,2025-05,City of London Police,City of London Police,-0.107201,51.514092,On or near Conference/Exhibition Centre,E01032740,City of London 001G,Theft from the person,Investigation complete; no suspect identified,
4fef1033fb17fda85ce16bc896b4f95cf7fdc985f83d03e30139bfc7e0f9633b,2025-05,City of London Police,City of London Police,-0.108450,51.514202,On or near Fleet Street,E01032740,City of London 001G,Theft from the person,Investigation complete; no suspect identified,
2c37f6fa50966c1176497c012c9e1b71fdffb69d690288f871dfcf35322c6cc3,2025-05,City of London Police,City of London Police,-0.101621,51.516906,On or near Giltspur Street,E01032740,City of London 001G,Theft from the person,Investigation complete; no suspect identified,
bf40afeeb80002b73179edbcf6b2c9460ee585e0901bc876add5c574efb88ea3,2025-05,City of London Police,City of London Police,-0.106076,51.517239,On or near Conference/Exhibition Centre,E01032740,City of London 001G,Theft from the person,Investigation complete; no suspect identified,
42095bde57772835562a572046c2290536a9010565de7ac4ad506a450b157666,2025-05,City of London Police,City of London Police,-0.108450,51.514202,On or near Fleet Street,E01032740,City of London 001G,Theft from the person,Investigation complete; no suspect identified,
11f00a71d6fa1d3fbe0f0b340d7d6f060f082855bfa0e61afa4329a5b96b93f9,2025-05,City of London Police,City of London Police,-0.103490,51.513897,On or near City Thameslink,E01032740,City of London 001G,Theft from the person,Investigation complete; no suspect identified,
8fbccbd71fbac2965372f779b87465fffa429b3c868f48a6ad6fe317f50d1b32,2025-05,City of London Police,City of London Police,-0.098875,51.518831,On or near Bartholomew Close,E01032740,City of London 001G,Theft from the person,Investigation complete; no suspect identified,
3a6bbe7f79a996aba4d16d8604c7e8be8ea3c385428b061fadf3cb571a775ea5,2025-05,City of London Police,City of London Police,-0.098886,51.519254,On or near Kinghorn Street,E01032740,City of London 001G,Theft from the person,Investigation complete; no suspect identified,
218639c4a2fd1a82898b491fe8b8a564afc032287711e3e03a95295841654892,2025-05,City of London Police,City of London Police,-0.102726,51.513911,On or near Pageantmaster Court,E01032740,City of London 001G,Theft from the person,Investigation complete; no suspect identified,
30751f5d3c533d3d911263de435ba771a8282dcaf752889b80045f7a2717a243,2025-05,City of London Police,City of London Police,-0.102726,51.513911,On or near Pageantmaster Court,E01032740,City of London 001G,Theft from the person,Investigation complete; no suspect identified,
de5661bd780cd796ddd53e6d9f96bfcab3f21bfbb356776f278eabbded4bedae,2025-05,City of London Police,City of London Police,-0.109297,51.515681,On or near Fetter Lane,E01032740,City of London 001G,Theft from the person,Investigation complete; no suspect identified,
47843cfde73e1a8f4c8b6b00234d0b05a4e598b4731c4ca81843d5aec391c14c,2025-05,City of London Police,City of London Police,-0.109913,51.516806,On or near Norwich Street,E01032740,City of London 001G,Theft from the person,Investigation complete; no suspect identified,
1e6c0a47a4d0d4b82673f16b7cee6d17f288be93a7d6f1eb4905da456ec193c6,2025-05,City of London Police,City of London Police,-0.108450,51.514202,On or near Fleet Street,E01032740,City of London 001G,Theft from the person,Status update unavailable,
e1b1c301b8dfccbb590f536aac46c41d4de8f68cea522caa9849797ec890ebe4,2025-05,City of London Police,City of London Police,-0.112953,51.518231,On or near Southampton Buildings,E01032740,City of London 001G,Theft from the person,Investigation complete; no suspect identified,
335941bf0fe8eb40906c5f2a58d2d93318e82f8749ab8d83975b7539dfe84ac0,2025-05,City of London Police,City of London Police,-0.111255,51.516765,On or near Took'S Court,E01032740,City of London 001G,Theft from the person,Investigation complete; no suspect identified,
8f32406905d22d330003ae6f35be80eab09c3b1addaa505d2ee82da20dee7e52,2025-05,City of London Police,City of London Police,-0.107979,51.515480,On or near East Harding Street,E01032740,City of London 001G,Theft from the person,Investigation complete; no suspect identified,
f21abdc6e48c8168a3305dca281892cd1b8e19d9d81876745e87d8bc20d7564f,2025-05,City of London Police,City of London Police,-0.107201,51.514092,On or near Conference/Exhibition Centre,E01032740,City of London 001G,Theft from the person,Investigation complete; no suspect identified,
dd235ae8afb5e4d4c9ce893e8e35b955d146bc9057ad32825054b2808db76c6c,2025-05,City of London Police,City of London Police,-0.102726,51.513911,On or near Pageantmaster Court,E01032740,City of London 001G,Theft from the person,Investigation complete; no suspect identified,
391fa57fce5f495e243d99d9f0e3b41164a8057b3379c0cfffc12112b1115882,2025-05,City of London Police,City of London Police,-0.107201,51.514092,On or near Conference/Exhibition Centre,E01032740,City of London 001G,Violence and sexual offences,Unable to prosecute suspect,
66936b0828af98447aabfdf0e77d89729ffb7cab50af27a0402d215ca2d83ced,2025-05,City of London Police,City of London Police,-0.112953,51.518231,On or near Southampton Buildings,E01032740,City of London 001G,Violence and sexual offences,Investigation complete; no suspect identified,
e8f6446c8cc026fc6dc109f95a28c3a405f3b19aa31ac90b9860ca1d93cd5717,2025-05,City of London Police,City of London Police,-0.098017,51.519689,On or near Cloth Street,E01032740,City of London 001G,Violence and sexual offences,Investigation complete; no suspect identified,
8d6c0a0a11044ac14720b95d9e5a3fd0f863f55225cce3b50a354689b4d1c649,2025-05,City of London Police,City of London Police,-0.107979,51.515480,On or near East Harding Street,E01032740,City of London 001G,Violence and sexual offences,Investigation complete; no suspect identified,
3fb23f53921d09ec32368758bf643eddc1d74c9c446ffd2288f705394ccabc3a,2025-05,City of London Police,City of London Police,-0.101359,51.518700,On or near Parking Area,E01032740,City of London 001G,Violence and sexual offences,Unable to prosecute suspect,
2fdf1f3d7c7f6f556381381487e3cc583b2309bc49602a0431238a21fdfe5806,2025-05,City of London Police,City of London Police,-0.108448,51.513896,On or near Pleydell Street,E01032740,City of London 001G,Violence and sexual offences,Court result unavailable,
e83ff77691be9b04bc3b0788a52cd5f16a4ac2de677219a0786134810597d496,2025-05,City of London Police,City of London Police,-0.102585,51.517308,On or near Cock Lane,E01032740,City of London 001G,Violence and sexual offences,Investigation complete; no suspect identified,
3e46982176a9d4e704746e060ebee796fcab6c202a4236f5d992cdc89f2003d7,2025-05,City of London Police,City of London Police,-0.104980,51.512033,On or near Kingscote Street,E01032740,City of London 001G,Violence and sexual offences,Unable to prosecute suspect,
1fa36f69e2cb522e7d55670067137bd6130f7bf51d91bb420f725e38165c5b17,2025-05,City of London Police,City of London Police,-0.102585,51.517308,On or near Cock Lane,E01032740,City of London 001G,Violence and sexual offences,Investigation complete; no suspect identified,
3fb23f53921d09ec32368758bf643eddc1d74c9c446ffd2288f705394ccabc3a,2025-05,City of London Police,City of London Police,-0.101359,51.518700,On or near Parking Area,E01032740,City of London 001G,Violence and sexual offences,Status update unavailable,
e8509284abe7428511da040ba4266d09a669a52dd67c68a1e9bfcf18ef374692,2025-05,City of London Police,City of London Police,-1.645511,52.795368,On or near The Ropewalk,E01029407,East Staffordshire 011A,Other crime,Offender given a caution,
8f01517b3dc9c321e253169e072b5ff6ac2b0bdadeb9d45942123acc53d08369,2025-05,City of London Police,City of London Police,-0.082648,51.520455,On or near Earl Street,E01033708,Hackney 033C,Robbery,Status update unavailable,
073899cd728f798d8e699b238346f74b179f0060088cb1a723a0adb49daf4d48,2025-05,City of London Police,City of London Police,-0.082624,51.525850,On or near Supermarket,E01033708,Hackney 033C,Shoplifting,Court result unavailable,
1b32c9e48a4b3982619374a69fcd2d7872e60498df296dec0ea03558922c155d,2025-05,City of London Police,City of London Police,-0.082219,51.525187,On or near Further/Higher Educational Building,E01033708,Hackney 033C,Violence and sexual offences,Status update unavailable,
828cbe64eb8c294ac19b93b9542027bd9f55a90e4655151222559912407c1a74,2025-05,City of London Police,City of London Police,-0.109167,51.558825,On or near Steve Biko Road,E01002732,Islington 005A,Possession of weapons,Status update unavailable,
6623253e7dcb373c99eb3741602262427adf1dc6c53794abee7bfa3e9f1b84ce,2025-05,City of London Police,City of London Police,-0.103679,51.519080,On or near Charterhouse Street,E01002724,Islington 022D,Drugs,Formal action is not in the public interest,
ea5e44b3cb1c9398859325d177565bf94102928408e0032e350ff1e284df2bad,2025-05,City of London Police,City of London Police,-0.106997,51.522137,On or near Farringdon Road,E01002724,Islington 022D,Drugs,Unable to prosecute suspect,
f5dda808e0a8b8783c4fb1f7d61846ab86f82c8c2d3cea4233ef887f7a6f46c4,2025-05,City of London Police,City of London Police,-0.106997,51.522137,On or near Farringdon Road,E01002724,Islington 022D,Other theft,Court result unavailable,
8a4acca43430616b7a55c1e79bc5b4daf5ff6517fc54ba55f3214caa2557e538,2025-05,City of London Police,City of London Police,-0.103679,51.519080,On or near Charterhouse Street,E01002724,Islington 022D,Theft from the person,Status update unavailable,
c5621dde79ce6f822a2cb587893f05c843a3a2d7095ffee8a80e4a9a68b7e9f7,2025-05,City of London Police,City of London Police,-0.109314,51.523613,On or near Crawford Passage,E01002724,Islington 022D,Theft from the person,Status update unavailable,
c6a46b8b33a11bb027d72bb2e240245b434601910011770279a724e0b822abb7,2025-05,City of London Police,City of London Police,-0.103679,51.519080,On or near Charterhouse Street,E01002724,Islington 022D,Violence and sexual offences,Unable to prosecute suspect,
9ce4cfbb7ddf8f307958d11399da9076e64f0d1963a7a955c0ff5fa0ef3a7fff,2025-05,City of London Police,City of London Police,-0.106997,51.522137,On or near Farringdon Road,E01002724,Islington 022D,Other crime,Court result unavailable,
027993f9daac134ab44e0a1d825f449cd733852683fb7c3ed251a7c59e94cb38,2025-05,City of London Police,City of London Police,-0.101649,51.522833,On or near Leo Yard,E01033489,Islington 022G,Other theft,Status update unavailable,
095a63ff670d93edf1af4e8b3fd652cbe3fc0d5b9352e2cc68c38dfa672086bd,2025-05,City of London Police,City of London Police,-0.097935,51.524436,On or near Gee Street,E01033490,Islington 022H,Public order,Status update unavailable,
d12e7fd16883fd36d52315a124a9369e8542c7ec8264aa4c8bde01fb3599c40d,2025-05,City of London Police,City of London Police,-0.100578,51.520855,On or near Charterhouse Mews,E01033490,Islington 022H,Violence and sexual offences,Status update unavailable,
cb36df37836955972267e7a69425e5a57d39cfad26e1f938ba9812d0ae07df52,2025-05,City of London Police,City of London Police,-0.099556,51.526009,On or near Mount Mills,E01002703,Islington 023C,Drugs,Court result unavailable,
3e4a07f3d118cca059605f48ded11fc024f3a77f99cf94e6aeb9e11636e0ae59,2025-05,City of London Police,City of London Police,-1.788051,53.623933,On or near Plantation Drive,E01011227,Kirklees 048C,Violence and sexual offences,Investigation complete; no suspect identified,
8f68f775b7e7d348532dfb29f4b19360a7e288dc5d64c0dd8da035f9835257e0,2025-05,City of London Police,City of London Police,0.060580,51.512910,On or near Pearl Close,E01003486,Newham 033C,Theft from the person,Status update unavailable,
69c8605d5d5b208fd49c4c4a53707ee9a82d34522b24732acc64ffcd29d0a33b,2025-05,City of London Police,City of London Police,0.086534,51.548790,On or near Blackthorn Road,E01003735,Redbridge 033C,Violence and sexual offences,Status update unavailable,
edd7b57094b8bff119e0421bdf9e62752088ef9c3961ec381161fc0330bfeb48,2025-05,City of London Police,City of London Police,-2.736985,52.734634,On or near Lancaster Road,E01028956,Shropshire 015C,Other crime,Offender given a caution,
87a0c77f203cd5cd79e1392cf9e82e04c101c8a5524a269a48ade7d4c05e976b,2025-05,City of London Police,City of London Police,-0.100949,51.506374,On or near Supermarket,E01003934,Southwark 002C,Theft from the person,Investigation complete; no suspect identified,
133e4f17ad365fe9246bcf8ac042c01888c276180a81b93e2b9fa7df145b0b0a,2025-05,City of London Police,City of London Police,-0.076395,51.503303,On or near Horselydown Lane,E01032640,Southwark 035B,Theft from the person,Investigation complete; no suspect identified,
b470c7d72fd8ede68b072ed29b327c28c1a7759502b51d4ad2d940066ea44fbf,2025-05,City of London Police,City of London Police,-0.076395,51.503303,On or near Horselydown Lane,E01032640,Southwark 035B,Theft from the person,Status update unavailable,
d666e7e9678467b355430898aa4c3b59112bb49751e9faf874c746ec3caf4a09,2025-05,City of London Police,City of London Police,-2.006279,53.115446,On or near Princess Avenue,E01029809,Staffordshire Moorlands 001D,Other crime,Offender given a caution,
cec3629f9675bf214a672e5d4f11794f0aa7710aaeb2e7b5188be54c854cb5db,2025-05,City of London Police,City of London Police,-2.029549,53.105689,On or near Gladstone Street,E01029812,Staffordshire Moorlands 005D,Other crime,Offender given a caution,
6d6463a543f98655943fa1bbc3d2c1126b5e9f56666725689ca7f32577db0ed3,2025-05,City of London Police,City of London Police,-3.942017,51.620955,On or near Castle Street,W01001955,Swansea 025F,Violence and sexual offences,Status update unavailable,
ea0f19d5a4c802376578b35f0398ff625bc18c758ea6359c9c6515489651539c,2025-05,City of London Police,City of London Police,-0.024845,51.525476,On or near Wellington Way,E01004268,Tower Hamlets 012E,Other crime,Status update unavailable,
38b6342f8c46d42efff864be410f925c730ac63e9544693f5c46811b931f0754,2025-05,City of London Police,City of London Police,-0.061215,51.519078,On or near Shopping Area,E01004208,Tower Hamlets 013C,Violence and sexual offences,Unable to prosecute suspect,
6cb0aa66bb0a689e6fe2f4881674e7c5183c7d8bf3e17866ba9077066c56c840,2025-05,City of London Police,City of London Police,-0.061215,51.519078,On or near Shopping Area,E01004208,Tower Hamlets 013C,Violence and sexual offences,Investigation complete; no suspect identified,
e806614c8c1d8119acdea785e938587bf90b391d36b135614a4262b978af3968,2025-05,City of London Police,City of London Police,-0.077597,51.518907,On or near Steward Street,E01004307,Tower Hamlets 015B,Bicycle theft,Investigation complete; no suspect identified,
c6e11ecd44b0d7237751e922d4fb7a1cbf9f1046b3f4930c39526aae7a233c8f,2025-05,City of London Police,City of London Police,-0.014341,51.519400,On or near Brushwood Close,E01035678,Tower Hamlets 018E,Public order,Local resolution,
fd9794fc9383be2d821170ce3b4480b3848a0c60afee27b0d725a8a1480b6d7d,2025-05,City of London Police,City of London Police,-0.070100,51.513145,On or near Leman Street,E01032767,Tower Hamlets 021F,Other theft,Court result unavailable,
648047af44582a37b11ca56ed60ab56f6bca3f4d36e6bf27d079b2437c635fca,2025-05,City of London Police,City of London Police,-0.072542,51.513100,On or near Further/Higher Educational Building,E01032767,Tower Hamlets 021F,Public order,Investigation complete; no suspect identified,
3080b97a04c6a13d592fea34c4ebd60419e57f15e3fb46f70dc89578d7529fa0,2025-05,City of London Police,City of London Police,-0.072542,51.513100,On or near Further/Higher Educational Building,E01032767,Tower Hamlets 021F,Violence and sexual offences,Status update unavailable,
62fc8f1d1a6ba147eea0d02ce86b4ed61cbf76f3bb05b9a968d6ee1035748845,2025-05,City of London Police,City of London Police,-0.053354,51.514128,On or near Jubilee Street,E01004298,Tower Hamlets 022A,Other theft,Unable to prosecute suspect,
d1b97da905758e16341e146df585431154c46df884df50248ba1fb969cc77d3b,2025-05,City of London Police,City of London Police,-0.076667,51.509485,On or near A3211,E01004293,Tower Hamlets 027B,Drugs,Court result unavailable,
c11d7ef80c4882d77786dbad68e07f935893e05307d32f2f698b2348844f896b,2025-05,City of London Police,City of London Police,-0.074039,51.508588,On or near Tower Bridge Approach,E01004293,Tower Hamlets 027B,Drugs,Local resolution,
e31855ad2467b1afa6dd4bc01220dc01d26a9f9b9a50b53d1618529839e08203,2025-05,City of London Police,City of London Police,-0.074039,51.508588,On or near Tower Bridge Approach,E01004293,Tower Hamlets 027B,Public order,Unable to prosecute suspect,
85453c3eacf3e725fe60301fb2fbe2d6c6a37e570f59ac4bfb23849f0b778cb0,2025-05,City of London Police,City of London Police,-0.074039,51.508588,On or near Tower Bridge Approach,E01004293,Tower Hamlets 027B,Theft from the person,Investigation complete; no suspect identified,
818d94edc9b4d34f8e57dc70cc2525397a6693da83803178dfe441cec4082d00,2025-05,City of London Police,City of London Police,-0.073608,51.509939,On or near Further/Higher Educational Building,E01004293,Tower Hamlets 027B,Violence and sexual offences,Awaiting court outcome,
b337013557a34fab494c8e6d84a8198a0cd292bd7bf8192294b35f01a617ad0b,2025-05,City of London Police,City of London Police,-0.074039,51.508588,On or near Tower Bridge Approach,E01004293,Tower Hamlets 027B,Violence and sexual offences,Unable to prosecute suspect,
6534a0a036c039e15e507817a77cc8cc8c5a806847d91036ee93b7072485fa2d,2025-05,City of London Police,City of London Police,-0.172129,51.515499,On or near Sussex Gardens,E01033594,Westminster 015G,Other theft,Status update unavailable,
3baec3f8c117c9bb7fe8baa8111b3756d80a1c1a51fe952a7ecf884e5168b7cb,2025-05,City of London Police,City of London Police,-0.111567,51.513757,On or near Middle Temple Lane,E01004735,Westminster 018B,Criminal damage and arson,Investigation complete; no suspect identified,
fffb91d40d8f8ad154216c719248da4c94660a503414cc45e22bc93ccdc8a1be,2025-05,City of London Police,City of London Police,-0.111567,51.513757,On or near Middle Temple Lane,E01004735,Westminster 018B,Other theft,Investigation complete; no suspect identified,
ba5716c4b2bba958f5d1df255a4a794b33805a1fefe2024444dfd790ffead4c4,2025-05,City of London Police,City of London Police,-0.111567,51.513757,On or near Middle Temple Lane,E01004735,Westminster 018B,Theft from the person,Investigation complete; no suspect identified,
8607685e4d3e096dbdea6dd119eaa5c6b1877f3dbcd911cee21e4bd366e4ca88,2025-05,City of London Police,City of London Police,-0.111567,51.513757,On or near Middle Temple Lane,E01004735,Westminster 018B,Theft from the person,Investigation complete; no suspect identified,
fbf98d8f972e45cfb85eff15a18020db67142505e3b2d578846b6ec98088e376,2025-05,City of London Police,City of London Police,-0.111756,51.513724,On or near Fleet Street,E01004735,Westminster 018B,Violence and sexual offences,Investigation complete; no suspect identified,
68ccf9e2959af16ebfed248c9566b660a89509f6589716ee780adf3f10a44d87,2025-05,City of London Police,City of London Police,-0.111567,51.513757,On or near Middle Temple Lane,E01004735,Westminster 018B,Violence and sexual offences,Investigation complete; no suspect identified,
b3b004c193ecf7cce64d35328112dd6c9515f2915ab7edb58d7a292cbe8b5aa8,2025-05,City of London Police,City of London Police,-0.164984,51.512195,On or near Parking Area,E01035718,Westminster 019G,Theft from the person,Status update unavailable,
,2025-05,City of London Police,City of London Police,,,No Location,,,Anti-social behaviour,,
9b7f4790a28943a5795dc78931f266468c02bacf039bdd7b4a7b3a5ad4074c23,2025-05,City of London Police,City of London Police,,,No Location,,,Burglary,Court result unavailable,
a6f6d4023e06e397aeacb0c80c178a56f9a6d41130bfbfdaa539344457765a8e,2025-05,City of London Police,City of London Police,,,No Location,,,Burglary,Status update unavailable,
d591e70520c9a69482f3aad1f1b31fc4886e720196b52a9bb8bc1753d10fa43e,2025-05,City of London Police,City of London Police,,,No Location,,,Burglary,Investigation complete; no suspect identified,
b36158f13c4ec7b572cd894548d0ca842b7bb7a534857ed4c24e112808078ed4,2025-05,City of London Police,City of London Police,,,No Location,,,Criminal damage and arson,Investigation complete; no suspect identified,
45ad37568b0b280183623c840fa7ae7f95affd7350ca66413540bad501e8957c,2025-05,City of London Police,City of London Police,,,No Location,,,Criminal damage and arson,Investigation complete; no suspect identified,
676123b6d36486fbf59e0a487785296d4e0042f1f3956092054205580e627100,2025-05,City of London Police,City of London Police,,,No Location,,,Criminal damage and arson,Investigation complete; no suspect identified,
60dae5f6b8e8a827d21a33024fb9783947ffc089dc710170522b645e2a1616e6,2025-05,City of London Police,City of London Police,,,No Location,,,Criminal damage and arson,Unable to prosecute suspect,
643e1f6499b1bb57fb32fb8d93de5f6f2cdabf482f58752a3456bd80d4466b42,2025-05,City of London Police,City of London Police,,,No Location,,,Drugs,Status update unavailable,
e9fdfd620c21f2f080f3b6b1d4a3843f5b8f911a19b77ac3921efa78877f2157,2025-05,City of London Police,City of London Police,,,No Location,,,Drugs,Investigation complete; no suspect identified,
ae8d8d58026c539d1ca94fa4f56583cb92a6461943c9a3536a10108a56d99d43,2025-05,City of London Police,City of London Police,,,No Location,,,Other theft,Investigation complete; no suspect identified,
1f7d64cba5bc4234cba5fc25dcd766cf2cb78a31d3fd3f7dac375399091d931a,2025-05,City of London Police,City of London Police,,,No Location,,,Other theft,Investigation complete; no suspect identified,
6534a0a036c039e15e507817a77cc8cc8c5a806847d91036ee93b7072485fa2d,2025-05,City of London Police,City of London Police,,,No Location,,,Other theft,Unable to prosecute suspect,
0ef2e19ee28815eb06320c52022069f796f2e4e69415fca6a1abd2e3a94a5b56,2025-05,City of London Police,City of London Police,,,No Location,,,Other theft,Status update unavailable,
2aac0308d68942a954799a96dd9dbf7bb24eb018049f85f1af088fc0104d498d,2025-05,City of London Police,City of London Police,,,No Location,,,Other theft,Investigation complete; no suspect identified,
095a63ff670d93edf1af4e8b3fd652cbe3fc0d5b9352e2cc68c38dfa672086bd,2025-05,City of London Police,City of London Police,,,No Location,,,Public order,Court result unavailable,
565a1274228795648d8e5b2810d50b585dcbf3426d4469f715865c556b90bee7,2025-05,City of London Police,City of London Police,,,No Location,,,Public order,Investigation complete; no suspect identified,
f288aec5d45fbf793ab93b70956a9a0c250bb5603ac38dfdddd9662e8304199b,2025-05,City of London Police,City of London Police,,,No Location,,,Robbery,Investigation complete; no suspect identified,
bad1fdbf8b57754cdb2a04f0af831f12bc21bca7d1d5acfd9d06903096f370d0,2025-05,City of London Police,City of London Police,,,No Location,,,Shoplifting,Investigation complete; no suspect identified,
49efe9a78ded0d334cdc3dfa1450eabe3ff5177351f589388fd23b9632bcd9f4,2025-05,City of London Police,City of London Police,,,No Location,,,Shoplifting,Local resolution,
9ebc0e4054093bdb488737c673fe2ce9579b2ee2e5e0cf2182c9907e795a26fa,2025-05,City of London Police,City of London Police,,,No Location,,,Shoplifting,Status update unavailable,
3cfaaf4832df9bb648e92f7abc81d6fd339f406d732251040d32f04e5fdab696,2025-05,City of London Police,City of London Police,,,No Location,,,Shoplifting,Court result unavailable,
6e9c3f11f094e1cb16791e18c4159fcce6e7f17a1fb47ae60bbd29331739efec,2025-05,City of London Police,City of London Police,,,No Location,,,Shoplifting,Investigation complete; no suspect identified,
496f46f7bcfae8e415d4b1152ff58fd4876875fe6e1d392dfe03bc45682a8173,2025-05,City of London Police,City of London Police,,,No Location,,,Shoplifting,Investigation complete; no suspect identified,
3dd649ea5b92399ce0af8a0741166897885c859767f407faee3abd1eb0255e67,2025-05,City of London Police,City of London Police,,,No Location,,,Theft from the person,Status update unavailable,
e1c0204d6dc785493dd94a588eb37e1761dde05667612c4aa2c99a5e2a10a193,2025-05,City of London Police,City of London Police,,,No Location,,,Theft from the person,Investigation complete; no suspect identified,
d6cf22d939649957d89d0b2f11524b2b2c735b28275f75e060eae496163ae9a5,2025-05,City of London Police,City of London Police,,,No Location,,,Theft from the person,Investigation complete; no suspect identified,
d0424b8aeed9f246014fb7f325ff245f9597b9a02c45c9b0d265e5341332eeda,2025-05,City of London Police,City of London Police,,,No Location,,,Theft from the person,Investigation complete; no suspect identified,
c570b31f3e82e5d2b0411d63a4a0e80f78295dce408585636ead6ce182933d03,2025-05,City of London Police,City of London Police,,,No Location,,,Theft from the person,Investigation complete; no suspect identified,
9d057c6079cae3e417801d1b6c6ae64aa45d83fa565db2e4f7d51eca2573006f,2025-05,City of London Police,City of London Police,,,No Location,,,Theft from the person,Investigation complete; no suspect identified,
fdc53633b6090b1f70fbfef30070a91a975961ad8a2a8356cb46b8644909f175,2025-05,City of London Police,City of London Police,,,No Location,,,Vehicle crime,Investigation complete; no suspect identified,
583c4370ddbd6e4bb24c6c55a8f2450542bdc772e6d2af29d88368cb43c7fb72,2025-05,City of London Police,City of London Police,,,No Location,,,Violence and sexual offences,Unable to prosecute suspect,
624de459912bd6e98aa816e9255ee27689478cdfc25cc69f436f7eed857afff4,2025-05,City of London Police,City of London Police,,,No Location,,,Violence and sexual offences,Unable to prosecute suspect,
3fc712a788ac98b70120f4ced96045374484b251881a6d97cb9167d07ae6ae97,2025-05,City of London Police,City of London Police,,,No Location,,,Violence and sexual offences,Investigation complete; no suspect identified,
5b6d2dd392876cedc486b0e082764e585008fab7fc1d50beb60d4d565cabc6ad,2025-05,City of London Police,City of London Police,,,No Location,,,Violence and sexual offences,Unable to prosecute suspect,
cb176b78d29402df1e40980d7e5056b3645c90b8a5632a6d9bce4ceb8de9bfda,2025-05,City of London Police,City of London Police,,,No Location,,,Violence and sexual offences,Investigation complete; no suspect identified,
c6626e4fefef004350c150f058f9a7f8efb7e854c3146fe5b1ea13147aae92fe,2025-05,City of London Police,City of London Police,,,No Location,,,Violence and sexual offences,Unable to prosecute suspect,
449284be0cf0f89cc4285b554006dea2d6d0c3f5817bc9723ee5efe368f5b4e7,2025-05,City of London Police,City of London Police,,,No Location,,,Violence and sexual offences,Investigation complete; no suspect identified,
e63049d02044915f2dc3c7942ee74cfd0f9fc8da6c9d9984547dae42f31ff39b,2025-05,City of London Police,City of London Police,,,No Location,,,Violence and sexual offences,Status update unavailable,
5cdfe41bc095d7a4c29701c3ec153dc7064c03defbd22e55629bba1b577b709d,2025-05,City of London Police,City of London Police,,,No Location,,,Violence and sexual offences,Status update unavailable,
4638cb55a30f2048de281e76658a2934bace30cbc6edc688c84425e31e194964,2025-05,City of London Police,City of London Police,,,No Location,,,Other crime,Action to be taken by another organisation,
d18f4a3c893374ea8b371fa47f5166c6f5753bb36b08e1f1729e425740fff263,2025-05,City of London Police,City of London Police,,,No Location,,,Other crime,Further action is not in the public interest,
