Crime ID,Month,Reported by,Falls within,Longitude,Latitude,Location,LSOA code,LSOA name,Crime type,Last outcome category,Context
eb3f73b6c12ed43a5d6f21a6c67db483d68ad72cbc9dbf34fe78c4ca5567f365,2025-06,City of London Police,City of London Police,-1.459513,53.033956,On or near Thornton Way,E01019412,Amber Valley 009C,Other crime,Offender given a caution,
b7b4cd09a21e8464ad4357703e6d15f85a34916e95ff47b27adbbf5fde4c0389,2025-06,City of London Police,City of London Police,0.124694,51.397466,On or near Barnfield Road,E01000728,Bromley 019E,Drugs,Unable to prosecute suspect,
a622857087db4dd9ecacac944d0d6f45f047bdaec2a93af83122831c0b3049da,2025-06,City of London Police,City of London Police,-0.107682,51.517786,On or near B521,E01000917,Camden 027C,Criminal damage and arson,Status update unavailable,
d63d1a68befe3f40d8e30c0231cc6b295050df206bc8327eaa0f145bbd3d615b,2025-06,City of London Police,City of London Police,-0.107682,51.517786,On or near B521,E01000917,Camden 027C,Theft from the person,Status update unavailable,
8adc8e773f86dfd13ad90506a772f088c684966bab4ef98b0e981e509c8f6ae0,2025-06,City of London Police,City of London Police,-0.112096,51.515942,On or near Nightclub,E01000914,Camden 028B,Burglary,Status update unavailable,
6a486a9ad42a8fea7310ad2f0a43ec4688af2328c515bff3cc8bae94aaa33aea,2025-06,City of London Police,City of London Police,-0.111596,51.518281,On or near Chancery Lane,E01000914,Camden 028B,Other theft,Status update unavailable,
9e91b42a5105e30cdabd77bd90510d3713c51a8f136aa6d2851aed4f33ec6a4d,2025-06,City of London Police,City of London Police,-0.097078,51.519045,On or near A1,E01000001,City of London 001A,Bicycle theft,Status update unavailable,
c61e24d09d3c4ef73ca4f667321c11ddceb83167f6a25a127263e92b6966d750,2025-06,City of London Police,City of London Police,-0.096718,51.515511,On or near Conference/Exhibition Centre,E01000001,City of London 001A,Burglary,Status update unavailable,
faa5f901b4fd23b591d06089098d9140fabfb35164fcec8847137a6fd8bf4e0d,2025-06,City of London Police,City of London Police,-0.097078,51.519045,On or near A1,E01000001,City of London 001A,Criminal damage and arson,Status update unavailable,
0e0d940e039e3ece19666ce15a35ee394be848358415297f9b6cb464fbb3f07c,2025-06,City of London Police,City of London Police,-0.098519,51.517332,On or near Little Britain,E01000001,City of London 001A,Other theft,Investigation complete; no suspect identified,
6434019ecfdbcd454d81dc0e58190448e8fe10bc54ea5ae9c4dfd4fee3e1cd05,2025-06,City of London Police,City of London Police,-0.098519,51.517332,On or near Little Britain,E01000001,City of London 001A,Other theft,Status update unavailable,
7506dd12afc3d49bd66381a4ceab1bd186da2685644b07badb475fc1fc07f1f8,2025-06,City of London Police,City of London Police,-0.098519,51.517332,On or near Little Britain,E01000001,City of London 001A,Other theft,Status update unavailable,
22fdd9a77e7ee42eae8a29a655369053fef5a717362ecc62476c28d70fd3fdaa,2025-06,City of London Police,City of London Police,-0.097245,51.515387,On or near St Martin'S Le Grand,E01000001,City of London 001A,Theft from the person,Investigation complete; no suspect identified,
627234998ad5743ad00be664817780adbb6ed117e3408a5589c96b1c6a179153,2025-06,City of London Police,City of London Police,-0.097078,51.519045,On or near A1,E01000001,City of London 001A,Theft from the person,Status update unavailable,
555fd90faa819e29b55719f00bc7561ccacb64ea9d1f7b25f3afc4383134d099,2025-06,City of London Police,City of London Police,-0.097078,51.519045,On or near A1,E01000001,City of London 001A,Theft from the person,Status update unavailable,
dcd65dde941f434ce51b37402326c765f1264ffee67a6e393e5905c40f202def,2025-06,City of London Police,City of London Police,-0.098519,51.517332,On or near Little Britain,E01000001,City of London 001A,Violence and sexual offences,Unable to prosecute suspect,
,2025-06,City of London Police,City of London Police,-0.092971,51.516271,On or near Aldermanbury,E01000002,City of London 001B,Anti-social behaviour,,
dc5d1986c92d0c08940de95d09e0a0ec2e4bd0981189f0c5bccafc3ae369ecb2,2025-06,City of London Police,City of London Police,-0.092488,51.520598,On or near Silk Street,E01000002,City of London 001B,Bicycle theft,Investigation complete; no suspect identified,
150550579558a333a5e45148d3c56f2d2f8ddcf055940fb4f96680cc4cc0ab2c,2025-06,City of London Police,City of London Police,-0.092488,51.520598,On or near Silk Street,E01000002,City of London 001B,Bicycle theft,Status update unavailable,
006335f90778dcbc0cf37f2ba4bd3c18be87b1a947f70936fce634cd85e6189a,2025-06,City of London Police,City of London Police,-0.092488,51.520598,On or near Silk Street,E01000002,City of London 001B,Bicycle theft,Status update unavailable,
2d4c75bbb40bdb3f0c3762466f8618367a0ce9e20ef1ad94e32ec92606b8d9b6,2025-06,City of London Police,City of London Police,-0.091082,51.519730,On or near Silk Street,E01000002,City of London 001B,Bicycle theft,Investigation complete; no suspect identified,
51016d8bc47489b8d634ca053bb0946c094cdfd51942d49a1dc7ebb53b54bfd2,2025-06,City of London Police,City of London Police,-0.094130,51.519961,On or near Theatre/Concert Hall,E01000002,City of London 001B,Bicycle theft,Status update unavailable,
81f9b8f3a36cfaf7f26c13c2344037e777ccb968e5522a32a4f686b4f9ef8bd1,2025-06,City of London Police,City of London Police,-0.092488,51.520598,On or near Silk Street,E01000002,City of London 001B,Burglary,Court result unavailable,
5816dc9c29d10aa44d0fbbe73dc0f51096888bbfdaf71ef52e36d2b22ae2a462,2025-06,City of London Police,City of London Police,-0.091498,51.520483,On or near Conference/Exhibition Centre,E01000002,City of London 001B,Drugs,Status update unavailable,
0cda259b0138c4c3470dee214dc9efce7aca2911d75fc8986c1e52bb3938fd46,2025-06,City of London Police,City of London Police,-0.093886,51.518166,On or near Monkwell Square,E01000002,City of London 001B,Other theft,Status update unavailable,
e61a652509fa33d96870ea1b66321955f76f030e6a3793f1d18b6e6239d433b0,2025-06,City of London Police,City of London Police,-0.094130,51.519961,On or near Theatre/Concert Hall,E01000002,City of London 001B,Other theft,Investigation complete; no suspect identified,
bbc3bdd972e76429877b553f3ce453e2fab64594c38fa6b4317963d8e67c5325,2025-06,City of London Police,City of London Police,-0.092971,51.516271,On or near Aldermanbury,E01000002,City of London 001B,Other theft,Unable to prosecute suspect,
aba1df70227e84b607bd2906bd25c7ab5f5ee7d38bbcf2185cb702e54861be3b,2025-06,City of London Police,City of London Police,-0.094130,51.519961,On or near Theatre/Concert Hall,E01000002,City of London 001B,Other theft,Unable to prosecute suspect,
4f33592783eef58577473ecf96345fc4327108ea4ae7806c11537edb5dc2cc2f,2025-06,City of London Police,City of London Police,-0.090553,51.518948,On or near Moor Lane,E01000002,City of London 001B,Public order,Court result unavailable,
ea0b84cf68ea73b6a9145939c9e63d27c2296b2ebc41a5b2f21f0706e937d909,2025-06,City of London Police,City of London Police,-0.090553,51.518948,On or near Moor Lane,E01000002,City of London 001B,Public order,Court result unavailable,
59ec0b44cee9e895b272d9abc98073e5bb96384a980ae065cda5948c2accb893,2025-06,City of London Police,City of London Police,-0.090553,51.518948,On or near Moor Lane,E01000002,City of London 001B,Shoplifting,Court result unavailable,
baf832f0d620d9badfbeb8104ab153396c72798675ebd50980230a1e35469da9,2025-06,City of London Police,City of London Police,-0.090553,51.518948,On or near Moor Lane,E01000002,City of London 001B,Shoplifting,Status update unavailable,
871e348429e23f059b84d9010ef7592169fb70af0820ded4ff690cdc64793aea,2025-06,City of London Police,City of London Police,-0.090553,51.518948,On or near Moor Lane,E01000002,City of London 001B,Shoplifting,Court result unavailable,
5e17777c4df8a0c78535e63a5637de0f8b659dfaf8829ba615c11dca6466426d,2025-06,City of London Police,City of London Police,-0.090553,51.518948,On or near Moor Lane,E01000002,City of London 001B,Shoplifting,Unable to prosecute suspect,
5ff0d5f90451207a19ed4d473ec35c0739064a8ab2ee61f1f6b18e04606b547c,2025-06,City of London Police,City of London Police,-0.090553,51.518948,On or near Moor Lane,E01000002,City of London 001B,Shoplifting,Unable to prosecute suspect,
8101dec42bf29c0061eb51e6082ea41072f2a03385e3688b011ecd0ba2f57fc7,2025-06,City of London Police,City of London Police,-0.090553,51.518948,On or near Moor Lane,E01000002,City of London 001B,Shoplifting,Status update unavailable,
71b80851256bd492377f0c3f7e84b2546ae6da0604430126da159dce93aac416,2025-06,City of London Police,City of London Police,-0.090553,51.518948,On or near Moor Lane,E01000002,City of London 001B,Shoplifting,Investigation complete; no suspect identified,
2f4fa645247f742c9a16417a4c6959cd6ec4c164340ef1a1b3232349aa82289d,2025-06,City of London Police,City of London Police,-0.090553,51.518948,On or near Moor Lane,E01000002,City of London 001B,Shoplifting,Court result unavailable,
b85e6aa9a5f2f031aa519c3b92a3612c45282c759f3bdfcf8405ac9966ccdfd0,2025-06,City of London Police,City of London Police,-0.090553,51.518948,On or near Moor Lane,E01000002,City of London 001B,Shoplifting,Investigation complete; no suspect identified,
64188cf2a7f4c8b4e51e96fd3f7befd3b4976250e82182f03065d4b804b7568d,2025-06,City of London Police,City of London Police,-0.090553,51.518948,On or near Moor Lane,E01000002,City of London 001B,Shoplifting,Status update unavailable,
faa148c10e7bc83d4c213493024370ed092a225f64ff68de939fbfdb473cc96e,2025-06,City of London Police,City of London Police,-0.090553,51.518948,On or near Moor Lane,E01000002,City of London 001B,Shoplifting,Court result unavailable,
ea390c42c6d1b568c65fee02a3b578abeb5116d26c5b5a0ff5911db61014b92c,2025-06,City of London Police,City of London Police,-0.090553,51.518948,On or near Moor Lane,E01000002,City of London 001B,Shoplifting,Unable to prosecute suspect,
7b3efffc5526d5860139d68bd7c9ce6eaa98bc5390e8d1925bd9bd09d9ee3ac0,2025-06,City of London Police,City of London Police,-0.090553,51.518948,On or near Moor Lane,E01000002,City of London 001B,Shoplifting,Awaiting court outcome,
5c052ce9943c58808ca65ba9eae4c55103a1d56f4cb56a2ccab5be1dfcbe39fa,2025-06,City of London Police,City of London Police,-0.091498,51.520483,On or near Conference/Exhibition Centre,E01000002,City of London 001B,Theft from the person,Status update unavailable,
6f32d76133efb1361c875e3c1d810228f111f6d71a8faf82cba0b1db26320cdc,2025-06,City of London Police,City of London Police,-0.092971,51.516271,On or near Aldermanbury,E01000002,City of London 001B,Theft from the person,Status update unavailable,
5f764fb531406ed32776a19bf5ffb4be98757a139c165f0bbf80ade27df9798e,2025-06,City of London Police,City of London Police,-0.090105,51.520001,On or near Milton Court,E01000002,City of London 001B,Violence and sexual offences,Unable to prosecute suspect,
4f6956bdb083380e57fb92cd3fac32a778ea927a439d4a762f65ffab7231d6c6,2025-06,City of London Police,City of London Police,-0.094130,51.519961,On or near Theatre/Concert Hall,E01000002,City of London 001B,Violence and sexual offences,Status update unavailable,
2dc6e9ae226481e9ca306c0e57c413faafb1ca5d7c8afe0106977146e6e77074,2025-06,City of London Police,City of London Police,-0.094130,51.519961,On or near Theatre/Concert Hall,E01000002,City of London 001B,Violence and sexual offences,Status update unavailable,
614c43e01b75ac183004e52896b00c89436b48d42d71b78e9f11fd1d672aded9,2025-06,City of London Police,City of London Police,-0.092971,51.516271,On or near Aldermanbury,E01000002,City of London 001B,Violence and sexual offences,Investigation complete; no suspect identified,
ac0ce3ff2aa614b5149959af958013b569ed283fe84a5342fb5d07874e173089,2025-06,City of London Police,City of London Police,-0.095258,51.520526,On or near Beech Street,E01000003,City of London 001C,Bicycle theft,Status update unavailable,
d83b2b5ba073f242373e8b7995d6a654b094c94e79b0d8096165916a5d020787,2025-06,City of London Police,City of London Police,-0.096984,51.522426,On or near Sports/Recreation Area,E01000003,City of London 001C,Bicycle theft,Investigation complete; no suspect identified,
2a5d6659031c163dae1a6b918493160877d8a385f3a141e4d78784976807b627,2025-06,City of London Police,City of London Police,-0.095758,51.521667,On or near Fann Street,E01000003,City of London 001C,Burglary,Status update unavailable,
e0ea41e6d55525b2732b07ba088d0f76d40a6d64d311f6cceb894c9b06829a6a,2025-06,City of London Police,City of London Police,-0.096114,51.520747,On or near Park/Open Space,E01000003,City of London 001C,Criminal damage and arson,Investigation complete; no suspect identified,
7e9f7651de18c0f4bb3445a46ec7078c22ae5c3b28a953cbe005195709f20aa3,2025-06,City of London Police,City of London Police,-0.095258,51.520526,On or near Beech Street,E01000003,City of London 001C,Public order,Status update unavailable,
2bcfc2a55709f661f4728263a7ca6d152c8c74c4aea86b86cb22267f335c0402,2025-06,City of London Police,City of London Police,-0.095758,51.521667,On or near Fann Street,E01000003,City of London 001C,Violence and sexual offences,Investigation complete; no suspect identified,
406d03c8105c4e9915cad1588eacd6fc9d5c2a80887b0def7210c4b97beadb08,2025-06,City of London Police,City of London Police,-0.095258,51.520526,On or near Beech Street,E01000003,City of London 001C,Violence and sexual offences,Status update unavailable,
d03149b29edbe9eae9161dfc2849b54a623a2f93ee21730d822dca656b48dc62,2025-06,City of London Police,City of London Police,-0.095758,51.521667,On or near Fann Street,E01000003,City of London 001C,Violence and sexual offences,Court result unavailable,
bc05c71a127dcd2d3cebc1bab62ac5b394084abc36560693d95e13a28f937a32,2025-06,City of London Police,City of London Police,-0.094017,51.520901,On or near Theatre/Concert Hall,E01000003,City of London 001C,Violence and sexual offences,Unable to prosecute suspect,
7b596867a123a03527f4583700b326648082b9d5da535cd4d5bf2ec79597429a,2025-06,City of London Police,City of London Police,-0.076870,51.516647,On or near Middlesex Street,E01000005,City of London 001E,Bicycle theft,Status update unavailable,
370cb653d4ae1829b7bf49a73ce1c93a726ae936bc0163e466ca847903d01ddd,2025-06,City of London Police,City of London Police,-0.073704,51.511748,On or near Portsoken Street,E01000005,City of London 001E,Bicycle theft,Status update unavailable,
d0e4684d62ac19cdbd6927b816a5727edd4fd041bb439d5557b198705bb8defb,2025-06,City of London Police,City of London Police,-0.076145,51.512642,On or near India Street,E01000005,City of London 001E,Burglary,Investigation complete; no suspect identified,
b5a78d7073a29e0ea22b7c13695f63da1b1df3f1f589b4f230e200943d289761,2025-06,City of London Police,City of London Police,-0.076038,51.511759,On or near Hospital,E01000005,City of London 001E,Burglary,Court result unavailable,
05191c02c134b3e3c079fa4a483c0d26382f6f3e13f3b6c4474813653025885c,2025-06,City of London Police,City of London Police,-0.078839,51.515753,On or near Cutler Street,E01000005,City of London 001E,Burglary,Court result unavailable,
af4b398dc3c01c997c01d26f4fa580bf93361f6ee8e0e7143c6dae0fd2e45f5b,2025-06,City of London Police,City of London Police,-0.075401,51.511164,On or near Supermarket,E01000005,City of London 001E,Burglary,Status update unavailable,
4d625cdd31669be9c191256acc0dd3824da4b0ef71b084801915c42b7e50c9c5,2025-06,City of London Police,City of London Police,-0.076038,51.511759,On or near Hospital,E01000005,City of London 001E,Burglary,Court result unavailable,
6d50187fe82a717fdb7ba9a899f86ebe0f3cfa49520f83f93725b01e5dbaaacd,2025-06,City of London Police,City of London Police,-0.077511,51.515812,On or near Artizan Street,E01000005,City of London 001E,Criminal damage and arson,Status update unavailable,
035bcb443fa3f38876966f5b57e9ceed30e99e8da852ca356d2d816a3098ea3f,2025-06,City of London Police,City of London Police,-0.075401,51.511164,On or near Supermarket,E01000005,City of London 001E,Drugs,Status update unavailable,
56d02cd7cdcfa8b69c0b20672aad6eaf5372ce6a02952cfe5ec48ae512fd19a3,2025-06,City of London Police,City of London Police,-0.078839,51.515753,On or near Cutler Street,E01000005,City of London 001E,Other theft,Investigation complete; no suspect identified,
fed79d8f43d1827bcea7c3314621b4605bdf2c671f289acb601c7a6ac095dc9b,2025-06,City of London Police,City of London Police,-0.075401,51.511164,On or near Supermarket,E01000005,City of London 001E,Other theft,Status update unavailable,
a3a0981bc2e1a62e59ae7d06715d8add7a51025140c871ac3721c5d815b4088b,2025-06,City of London Police,City of London Police,-0.074330,51.513647,On or near Little Somerset Street,E01000005,City of London 001E,Other theft,Court result unavailable,
c0c14a6f10b6ce985cb1a7df361f0f13ac00ca1511c2c29ea29fcba928b0363b,2025-06,City of London Police,City of London Police,-0.074330,51.513647,On or near Little Somerset Street,E01000005,City of London 001E,Other theft,Status update unavailable,
1eae43947934bfea232fb626733117736f2d36ca48ecccf49556938795d7dd0c,2025-06,City of London Police,City of London Police,-0.074925,51.514924,On or near St Botolph Street,E01000005,City of London 001E,Other theft,Status update unavailable,
5a85c1a90dfc16a11e91f2284bc4a3bd6bcefdc37188230adf6de208c2dd96ec,2025-06,City of London Police,City of London Police,-0.075401,51.511164,On or near Supermarket,E01000005,City of London 001E,Other theft,Status update unavailable,
9bde038084d51e380d164c0a5f33754afa7b2c68282ee9f77544ea4655b5c7ff,2025-06,City of London Police,City of London Police,-0.076145,51.512642,On or near India Street,E01000005,City of London 001E,Other theft,Investigation complete; no suspect identified,
7521a0cdb70286bca5268c6f53f7567d63d50f423c066b49d8a596836d91e375,2025-06,City of London Police,City of London Police,-0.073456,51.513542,On or near Little Somerset Street,E01000005,City of London 001E,Public order,Court result unavailable,
5dab642d80850131f21d50be61dc36e23e149e0b8f898eb26d209401811d0bc5,2025-06,City of London Police,City of London Police,-0.076038,51.511759,On or near Hospital,E01000005,City of London 001E,Public order,Status update unavailable,
79efa984e8fab7d404bafec7125b40c1a529ff68ee3a9c8d2e3a0d420bf4c8de,2025-06,City of London Police,City of London Police,-0.076716,51.515178,On or near Gravel Lane,E01000005,City of London 001E,Public order,Status update unavailable,
bfd4c9605407daf9e28cff7d19d68a157c671d131b71e36243c98c23595fef50,2025-06,City of London Police,City of London Police,-0.076716,51.515178,On or near Gravel Lane,E01000005,City of London 001E,Public order,Status update unavailable,
bf7c237732541240d14d30b126a34b9117f26bee9d250dc2817d326ddb93127f,2025-06,City of London Police,City of London Police,-0.075401,51.511164,On or near Supermarket,E01000005,City of London 001E,Robbery,Court result unavailable,
d061eaaa1216b3bc0559e0eddf06c6fb2e2def0eff9252efe36a101d49c17731,2025-06,City of London Police,City of London Police,-0.075401,51.511164,On or near Supermarket,E01000005,City of London 001E,Shoplifting,Investigation complete; no suspect identified,
8b0e2393231f33bdfe5dc649ff3cb14bb6c48fb7ed6f7364688a52f840439d31,2025-06,City of London Police,City of London Police,-0.076716,51.515178,On or near Gravel Lane,E01000005,City of London 001E,Shoplifting,Status update unavailable,
712a54343a3f2dce85f9b3cc87f3ed61237c3d5be7b1dc2bb6c9e5b70f6ebc2a,2025-06,City of London Police,City of London Police,-0.075401,51.511164,On or near Supermarket,E01000005,City of London 001E,Shoplifting,Status update unavailable,
b1c07664dc8a46e4272a4cf59c0efe16aca130eede070416cab458d4c85f25a6,2025-06,City of London Police,City of London Police,-0.075401,51.511164,On or near Supermarket,E01000005,City of London 001E,Shoplifting,Investigation complete; no suspect identified,
8d3e14871d27c2d1c2c52c203199256d2911bf6cac3255f2dcbb03245b95827e,2025-06,City of London Police,City of London Police,-0.075401,51.511164,On or near Supermarket,E01000005,City of London 001E,Shoplifting,Court result unavailable,
0da693bc6096325c730fd6f9308f65350df6efbe96bfa2321b1fd602a08d9a92,2025-06,City of London Police,City of London Police,-0.075401,51.511164,On or near Supermarket,E01000005,City of London 001E,Shoplifting,Status update unavailable,
41767c8927a09092ae28b7442f63aa2e44997675b928f7aa88534e9387ab1abb,2025-06,City of London Police,City of London Police,-0.075401,51.511164,On or near Supermarket,E01000005,City of London 001E,Shoplifting,Investigation complete; no suspect identified,
0c06a311fd7586159b621129b0bf53e604ad89f176ea340878d2950d83df02b7,2025-06,City of London Police,City of London Police,-0.074130,51.511224,On or near Goodman'S Yard,E01000005,City of London 001E,Theft from the person,Status update unavailable,
b6a012513074deb6c6179f315cd4bf7457fcb3fb2086a8985581bbcf2d9e544a,2025-06,City of London Police,City of London Police,-0.075453,51.511965,On or near Minories,E01000005,City of London 001E,Theft from the person,Investigation complete; no suspect identified,
080789ed4bd6e6fa14de3440f75fdcf53050a1938de802bbd9a25b374e7d987f,2025-06,City of London Police,City of London Police,-0.076145,51.512642,On or near India Street,E01000005,City of London 001E,Theft from the person,Status update unavailable,
6df7bd6502d6145af459d6d30184c2813f216b08eb938b8a5a1c4e3fe09c8b35,2025-06,City of London Police,City of London Police,-0.075922,51.515894,On or near New Goulston Street,E01000005,City of London 001E,Vehicle crime,Investigation complete; no suspect identified,
36d582f6ab298355b398fab13e857d8fb6e7e20a209d5d7281829ef6b65887e0,2025-06,City of London Police,City of London Police,-0.075922,51.515894,On or near New Goulston Street,E01000005,City of London 001E,Vehicle crime,Investigation complete; no suspect identified,
916290adab674f1438d170fd486817f1df2774fa1eb32e23bf2746578a71de25,2025-06,City of London Police,City of London Police,-0.074483,51.512066,On or near Haydon Street,E01000005,City of London 001E,Vehicle crime,Status update unavailable,
6275b64dc199a32f8dcd3a01a1d73f8d0ce10d584911da77e004d86207c56bcd,2025-06,City of London Police,City of London Police,-0.074330,51.513647,On or near Little Somerset Street,E01000005,City of London 001E,Vehicle crime,Status update unavailable,
00d95179eee12aedb7fa56e23151bc32d57ac0997bc8ff877bbb2ddedd2573c5,2025-06,City of London Police,City of London Police,-0.074925,51.514924,On or near St Botolph Street,E01000005,City of London 001E,Violence and sexual offences,Investigation complete; no suspect identified,
a5a222a19492781526292f821e1584b5d6214318beeb9f79b31a2234e14c50f0,2025-06,City of London Police,City of London Police,-0.074925,51.514924,On or near St Botolph Street,E01000005,City of London 001E,Violence and sexual offences,Unable to prosecute suspect,
ab1f2ea2fcb1678e1015e823104b8424c95e186e5870e0c788888c6519a9053c,2025-06,City of London Police,City of London Police,-0.073456,51.513542,On or near Little Somerset Street,E01000005,City of London 001E,Violence and sexual offences,Unable to prosecute suspect,
7f33d16857fb0d20f743c96ed1eb6da755504c7757953cfcf2edd26050dd98e8,2025-06,City of London Police,City of London Police,-0.076716,51.515178,On or near Gravel Lane,E01000005,City of London 001E,Violence and sexual offences,Investigation complete; no suspect identified,
468c57763fc1121b7a8c4492051aee68699b47f241d44f8f9861cd78ecc59424,2025-06,City of London Police,City of London Police,-0.076145,51.512642,On or near India Street,E01000005,City of London 001E,Violence and sexual offences,Unable to prosecute suspect,
ede9d3f1ce913421773be1ff0a215c44179fab6cf48c4aded50e40a2b2a0c187,2025-06,City of London Police,City of London Police,-0.076038,51.511759,On or near Hospital,E01000005,City of London 001E,Violence and sexual offences,Investigation complete; no suspect identified,
111ba70ce4ed4436bcca61568b5a41db17d3feaac267bfddd0519fdf12a4a3da,2025-06,City of London Police,City of London Police,-0.074925,51.514924,On or near St Botolph Street,E01000005,City of London 001E,Violence and sexual offences,Status update unavailable,
41fd572f95c1ed510d051daea1ca1969086413138ffa1003c075bad7d58f9efd,2025-06,City of London Police,City of London Police,-0.076145,51.512642,On or near India Street,E01000005,City of London 001E,Violence and sexual offences,Offender given a caution,
6796e024196bdd4dbd87021d406d7ac32676bdeacf28bd44a9d4ccab1144da1e,2025-06,City of London Police,City of London Police,-0.074330,51.513647,On or near Little Somerset Street,E01000005,City of London 001E,Violence and sexual offences,Status update unavailable,
cf0705aaa56c8ffa17635be52da649414a09c8d57716be13cb88de73e272e1de,2025-06,City of London Police,City of London Police,-0.074925,51.514924,On or near St Botolph Street,E01000005,City of London 001E,Violence and sexual offences,Investigation complete; no suspect identified,
b13d2ab2c07699e589bc7559274483a86b6b925d1fd443a271d673b867b9578d,2025-06,City of London Police,City of London Police,-0.077511,51.515812,On or near Artizan Street,E01000005,City of London 001E,Violence and sexual offences,Unable to prosecute suspect,
a0d438e62fee44a10deda465c14191a9e6261c646f2a8f4cf285f44e9ec6eeca,2025-06,City of London Police,City of London Police,-0.074330,51.513647,On or near Little Somerset Street,E01000005,City of London 001E,Violence and sexual offences,Investigation complete; no suspect identified,
ab486709ef780c746764097bb11c7f631e819b7deaa955da77ebb268c638d40b,2025-06,City of London Police,City of London Police,-0.075401,51.511164,On or near Supermarket,E01000005,City of London 001E,Violence and sexual offences,Investigation complete; no suspect identified,
1fb2df774241d948d5a72158740448253b1d01bb75b568d5ba407ff03d7ea6ca,2025-06,City of London Police,City of London Police,-0.074330,51.513647,On or near Little Somerset Street,E01000005,City of London 001E,Violence and sexual offences,Status update unavailable,
a446e0b129e037d174ea423b5239124f8fbfc48f36746fe2d4b54f3afc5307cc,2025-06,City of London Police,City of London Police,-0.076716,51.515178,On or near Gravel Lane,E01000005,City of London 001E,Violence and sexual offences,Investigation complete; no suspect identified,
,2025-06,City of London Police,City of London Police,-0.079521,51.511196,On or near New London Street,E01032739,City of London 001F,Anti-social behaviour,,
,2025-06,City of London Police,City of London Police,-0.077563,51.517656,On or near Sandy'S Row,E01032739,City of London 001F,Anti-social behaviour,,
,2025-06,City of London Police,City of London Police,-0.079883,51.517326,On or near New Street,E01032739,City of London 001F,Anti-social behaviour,,
,2025-06,City of London Police,City of London Police,-0.101475,51.511077,On or near A3211,E01032739,City of London 001F,Anti-social behaviour,,
,2025-06,City of London Police,City of London Police,-0.094900,51.513209,On or near Bread Street,E01032739,City of London 001F,Anti-social behaviour,,
,2025-06,City of London Police,City of London Police,-0.084844,51.510725,On or near Eastcheap,E01032739,City of London 001F,Anti-social behaviour,,
,2025-06,City of London Police,City of London Police,-0.101589,51.513515,On or near Ludgate Square,E01032739,City of London 001F,Anti-social behaviour,,
78471eced19e60f01ba8cb065035f1091707a680931cca82166a845863fdf0a8,2025-06,City of London Police,City of London Police,-0.083977,51.510441,On or near Lovat Lane,E01032739,City of London 001F,Bicycle theft,Status update unavailable,
1db489605f8431ff3eef1511fe38a0ac3cffc4367260fccea2a1122f9b0cd2ec,2025-06,City of London Police,City of London Police,-0.092633,51.509872,On or near Bell Wharf Lane,E01032739,City of London 001F,Bicycle theft,Investigation complete; no suspect identified,
ca46438b5914a60680c1893ee78c13efa1af4aaab8dae08a1ab04727667add6e,2025-06,City of London Police,City of London Police,-0.095224,51.513736,On or near Shopping Area,E01032739,City of London 001F,Bicycle theft,Status update unavailable,
cd4ea1d65e9343c91d414960bb3f1433d3266cbb789a76efb51534f85085c107,2025-06,City of London Police,City of London Police,-0.082133,51.515222,On or near St Helen'S Place,E01032739,City of London 001F,Bicycle theft,Investigation complete; no suspect identified,
80af4e7ed800caae7412568a5952fd4daa06e5b35a4a371f2b1d9a70d9d48f13,2025-06,City of London Police,City of London Police,-0.095224,51.513736,On or near Shopping Area,E01032739,City of London 001F,Bicycle theft,Status update unavailable,
12c12171ce1184d47841a2091ede8cc6e95a4843d11a8da2bcd12baa071158d0,2025-06,City of London Police,City of London Police,-0.079521,51.511196,On or near New London Street,E01032739,City of London 001F,Bicycle theft,Investigation complete; no suspect identified,
d7e621d9bbd8c2cf7120ba1c846a4df35801f30b4a963a12f14bc4166f6cfdee,2025-06,City of London Police,City of London Police,-0.083600,51.509797,On or near St Mary At Hill,E01032739,City of London 001F,Bicycle theft,Status update unavailable,
9f522278ebdf471f66af4f86e3b55c36afc46fcc0cc9d21feca9874a2bb9c2cb,2025-06,City of London Police,City of London Police,-0.084754,51.512882,On or near Corbet Court,E01032739,City of London 001F,Bicycle theft,Status update unavailable,
6a353abde87dcd3deac87dd819bbdcf43b878e8a8f5d025a9146defe69f0460a,2025-06,City of London Police,City of London Police,-0.084844,51.509700,On or near Monument Street,E01032739,City of London 001F,Bicycle theft,Status update unavailable,
ad4e9f1b73875e81205edeee13ef152cb40257eb5759889decd3cc19c304a598,2025-06,City of London Police,City of London Police,-0.083977,51.510441,On or near Lovat Lane,E01032739,City of London 001F,Bicycle theft,Investigation complete; no suspect identified,
1877f3ee4e8d568339c6f3678a6a82168731aa8ac06dc8f1fc0a02648968f29d,2025-06,City of London Police,City of London Police,-0.091410,51.510167,On or near Cousin Lane,E01032739,City of London 001F,Bicycle theft,Status update unavailable,
062798f971642be6babdd81343bb11aefabaf87fb37dfd1856a0ae79f4bc00e9,2025-06,City of London Police,City of London Police,-0.088903,51.510836,On or near Laurence Pountney Hill,E01032739,City of London 001F,Bicycle theft,Status update unavailable,
6df289c0cd0389184d93932a12cc812cbd4c46c64d2d26b7b3b44fcb246fe046,2025-06,City of London Police,City of London Police,-0.102134,51.513929,On or near Ludgate Hill,E01032739,City of London 001F,Burglary,Awaiting court outcome,
b0323a2f97efba89b51b176a73ee9cbbf7fc99a06de7e05eaba80bd1a04eb3e1,2025-06,City of London Police,City of London Police,-0.084844,51.510725,On or near Eastcheap,E01032739,City of London 001F,Burglary,Status update unavailable,
74ce195105354de1f3545436ed3fdc0be797e0526a7151d0104f7252c560bb14,2025-06,City of London Police,City of London Police,-0.087744,51.516492,On or near Copthall Avenue,E01032739,City of London 001F,Burglary,Status update unavailable,
2a29982726d55962f7437a140dc25b104baf6690e65e6ae4a9a3e89018443970,2025-06,City of London Police,City of London Police,-0.083349,51.514830,On or near Shopping Area,E01032739,City of London 001F,Burglary,Status update unavailable,
200d4a977b529c46aa0f6b0a641cb49e3fefb8f80c066dfa7ccef6eba77599d7,2025-06,City of London Police,City of London Police,-0.079883,51.517326,On or near New Street,E01032739,City of London 001F,Burglary,Investigation complete; no suspect identified,
7245bcc5c31ba55879604d9621c242fcc753fc05a4ffbb3bdd487b922757f2c3,2025-06,City of London Police,City of London Police,-0.084754,51.512882,On or near Corbet Court,E01032739,City of London 001F,Burglary,Investigation complete; no suspect identified,
26fe2c289222451050cee31bb348c1c127d9eabeed53890b71b3afd2c688d01d,2025-06,City of London Police,City of London Police,-0.078278,51.513666,On or near Mitre Street,E01032739,City of London 001F,Burglary,Status update unavailable,
edecc79fce994846623bcfb9bd46a8f393eb7232230fd9eb7436d763fc12b188,2025-06,City of London Police,City of London Police,-0.083349,51.514830,On or near Shopping Area,E01032739,City of London 001F,Burglary,Court result unavailable,
40cd6359601cbf09d3cb31fdb3edc314e9c86dfb14642e6c09ef1de2977c9b06,2025-06,City of London Police,City of London Police,-0.091947,51.513188,On or near Pancras Lane,E01032739,City of London 001F,Burglary,Court result unavailable,
50b0c192ef8fcff76eadb77a382fd8a05893db3ed4a0710ddf5de9d54728fad8,2025-06,City of London Police,City of London Police,-0.097291,51.514626,On or near Supermarket,E01032739,City of London 001F,Burglary,Investigation complete; no suspect identified,
8c30246061fb58b8d59f728b57cb5e5eb5a5e7af3f335a8dd347215e24a3842f,2025-06,City of London Police,City of London Police,-0.101589,51.513515,On or near Ludgate Square,E01032739,City of London 001F,Burglary,Investigation complete; no suspect identified,
52a869f91b73a9f6dec7990f1699bdc9f7e171610e3986cbeb1d122dd2dce7d5,2025-06,City of London Police,City of London Police,-0.078755,51.518440,On or near Artillery Lane,E01032739,City of London 001F,Burglary,Awaiting court outcome,
86bd1404622ec9e15002da04114d8e80f7c8217c45d922648badef87fbe17017,2025-06,City of London Police,City of London Police,-0.088785,51.517102,On or near Moorgate,E01032739,City of London 001F,Burglary,Court result unavailable,
0acb01ad11ea91862f4bab357760cc3c49cb8f2180adcfb6d6a998330a09fc87,2025-06,City of London Police,City of London Police,-0.100201,51.513286,On or near Dean'S Court,E01032739,City of London 001F,Burglary,Court result unavailable,
e3838f66b3e12da67fc5cdc2deacdb9a7a0edfbcfc88bbbee98bdc9c30ec8d11,2025-06,City of London Police,City of London Police,-0.097291,51.514626,On or near Supermarket,E01032739,City of London 001F,Burglary,Court result unavailable,
ddafbbb24083f779f3245ff967a9c117a51c93c07742a76eb14aea872bb195fb,2025-06,City of London Police,City of London Police,-0.083349,51.514830,On or near Shopping Area,E01032739,City of London 001F,Burglary,Status update unavailable,
d7d2740629b967168f7b1add6766630938686f3cf73cb3275bd87daf63c254a9,2025-06,City of London Police,City of London Police,-0.101393,51.512685,On or near St Andrew'S Hill,E01032739,City of London 001F,Burglary,Status update unavailable,
da5e622d225687d9eeb0c5948f8a15d3f28f75a64ff2ba5ac85211a0ec31f106,2025-06,City of London Police,City of London Police,-0.101589,51.513515,On or near Ludgate Square,E01032739,City of London 001F,Burglary,Investigation complete; no suspect identified,
d6c4332103987c97152a8a77238a76048bfc47c7ea6b427eb1af07c5c68d2c32,2025-06,City of London Police,City of London Police,-0.083349,51.514830,On or near Shopping Area,E01032739,City of London 001F,Burglary,Status update unavailable,
6aaedc4b8d2c2dc4b72ba69d955229701c7ce9959ea946538e73ce047a7e877e,2025-06,City of London Police,City of London Police,-0.102134,51.513929,On or near Ludgate Hill,E01032739,City of London 001F,Burglary,Awaiting court outcome,
f2b4c2215f66a4d129048104c0103c2fd22ba81c07daeb38ad7b01a27047398a,2025-06,City of London Police,City of London Police,-0.091540,51.511896,On or near Cannon Street,E01032739,City of London 001F,Burglary,Status update unavailable,
77341eed6e30e95ddf67e0bb6bd16f7ad8ac5ae9507f1a85c39fcf38e7ed4c55,2025-06,City of London Police,City of London Police,-0.084910,51.512588,On or near Bell Inn Yard,E01032739,City of London 001F,Burglary,Court result unavailable,
df40fe1ed03a5c119b27296d2e0659ddf250e10a276f32a38cb73b6882a7157d,2025-06,City of London Police,City of London Police,-0.081643,51.510070,On or near Great Tower Street,E01032739,City of London 001F,Burglary,Court result unavailable,
30c5885a183b64f61f29373ab72c85185f79314dcfb4ea3cc13195313ca4d3e8,2025-06,City of London Police,City of London Police,-0.083977,51.510441,On or near Lovat Lane,E01032739,City of London 001F,Criminal damage and arson,Court result unavailable,
525e320224e70f3accc36f240b727eda2edacc5592d125bce650adb35f1fe70f,2025-06,City of London Police,City of London Police,-0.091947,51.513188,On or near Pancras Lane,E01032739,City of London 001F,Criminal damage and arson,Investigation complete; no suspect identified,
5211c16e3eb1f37bccd113cfba7809622cf2c8d53db03caec030d6b1bae47824,2025-06,City of London Police,City of London Police,-0.095764,51.512549,On or near Friday Street,E01032739,City of London 001F,Criminal damage and arson,Status update unavailable,
41c4fbbc29215c4e2491909f4711c96bb8288ca5f7a3a8f99f976ec16b8755c4,2025-06,City of London Police,City of London Police,-0.084836,51.511939,On or near Shopping Area,E01032739,City of London 001F,Criminal damage and arson,Status update unavailable,
77d5d79729a4228f6d6593906fcbc5aca9cc653aeb40bb9bb78a0342fe84d2ce,2025-06,City of London Police,City of London Police,-0.082133,51.515222,On or near St Helen'S Place,E01032739,City of London 001F,Criminal damage and arson,Unable to prosecute suspect,
b8c6be4b722a72c1ad0839c65397a2796ae515037e4faa2fa0c6b99738eb5f4f,2025-06,City of London Police,City of London Police,-0.097176,51.510836,On or near Trig Lane,E01032739,City of London 001F,Criminal damage and arson,Unable to prosecute suspect,
6b8e620581a56b2edca1622015252279c1f07438145c603e5f9dc07866e6ee20,2025-06,City of London Police,City of London Police,-0.095054,51.510559,On or near Queenhithe,E01032739,City of London 001F,Criminal damage and arson,Status update unavailable,
d233a7ee1a47c0c986b7fc340e6c89163c58f6e13bbcc683c353b8093e989593,2025-06,City of London Police,City of London Police,-0.085228,51.511190,On or near Talbot Court,E01032739,City of London 001F,Criminal damage and arson,Status update unavailable,
d5b4815e74b77eeace740152c1c80a26b78875ae0b0cccefb7844ddab12cde47,2025-06,City of London Police,City of London Police,-0.091947,51.513188,On or near Pancras Lane,E01032739,City of London 001F,Criminal damage and arson,Investigation complete; no suspect identified,
8ffe4ce9e3dcf36b1639dce3cc9692779780290da6562867d3050cf1cbbe1eff,2025-06,City of London Police,City of London Police,-0.082133,51.515222,On or near St Helen'S Place,E01032739,City of London 001F,Criminal damage and arson,Unable to prosecute suspect,
de303d9ac7fcbbeacf8182761658e7375af6db5d7444ecfc800d7074e35be3c1,2025-06,City of London Police,City of London Police,-0.091947,51.513188,On or near Pancras Lane,E01032739,City of London 001F,Criminal damage and arson,Investigation complete; no suspect identified,
5975eb2cfc0bae02d9f9e76c5fdf2d045cc501ac28f9b60aa48509754c0bd3f4,2025-06,City of London Police,City of London Police,-0.078477,51.509965,On or near Muscovy Street,E01032739,City of London 001F,Criminal damage and arson,Unable to prosecute suspect,
b42d91bd8287901cfc65fbc3f774ec7dc9027b14a3df71ed26c6a0ae2c7bf8b2,2025-06,City of London Police,City of London Police,-0.087772,51.510665,On or near Martin Lane,E01032739,City of London 001F,Criminal damage and arson,Unable to prosecute suspect,
f92b52d269208aa16bcad26a12094a904078aa8a56220bb8507cc2dd30339942,2025-06,City of London Police,City of London Police,-0.082993,51.516360,On or near Wormwood Street,E01032739,City of London 001F,Criminal damage and arson,Status update unavailable,
9cb84f8821e0ab9941ebfb34e195fcb55c6bda7af74af71ef6b3a77f8ae17b93,2025-06,City of London Police,City of London Police,-0.095924,51.513882,On or near Shopping Area,E01032739,City of London 001F,Criminal damage and arson,Investigation complete; no suspect identified,
d2e5c6edb8133952ce9e26b7a4d8e106c48104c48cbc794429f6f41136df1a41,2025-06,City of London Police,City of London Police,-0.081091,51.508820,On or near Water Lane,E01032739,City of London 001F,Drugs,Status update unavailable,
0913497c1020c2a676ee4c96a2a68dc646279d8f2b3bf00230521731a88be08d,2025-06,City of London Police,City of London Police,-0.081091,51.508820,On or near Water Lane,E01032739,City of London 001F,Drugs,Status update unavailable,
6110c188ab14ddba68be0386c50092f30e1f7a8bbdeed5772ce9bc6dab3767a4,2025-06,City of London Police,City of London Police,-0.081091,51.508820,On or near Water Lane,E01032739,City of London 001F,Drugs,Status update unavailable,
b145acc00eb3f1d48a10af2ac2f87a6cf76bea7dbceaf891ceff542db6607931,2025-06,City of London Police,City of London Police,-0.091540,51.511896,On or near Cannon Street,E01032739,City of London 001F,Drugs,Status update unavailable,
249329245ff706fdd7e9c3ae34afab0e1aa8ccc0016e9f7ebfe86bba9a91e405,2025-06,City of London Police,City of London Police,-0.100888,51.514448,On or near Amen Corner,E01032739,City of London 001F,Drugs,Court result unavailable,
40220d9e50c019c4d4f57985a23cbe4ad9b3eae7ade903cb2c796b182240407d,2025-06,City of London Police,City of London Police,-0.081902,51.517296,On or near Liverpool Street,E01032739,City of London 001F,Drugs,Status update unavailable,
475b5d64941d84f0374829fe960acef6d8a776d981858863b4269c04a552b12e,2025-06,City of London Police,City of London Police,-0.078278,51.513666,On or near Mitre Street,E01032739,City of London 001F,Drugs,Local resolution,
18e0b926d76385e0b2a68834336b88fb2cdaae9d01601c8bcf3e00476049c815,2025-06,City of London Police,City of London Police,-0.101963,51.510761,On or near Ferry Terminal,E01032739,City of London 001F,Drugs,Awaiting court outcome,
c1ed159f3cb9c527bcee31867a5fdee2acb4e3393f9ce2992620a78ac95bb29d,2025-06,City of London Police,City of London Police,-0.096501,51.513874,On or near New Change,E01032739,City of London 001F,Drugs,Awaiting court outcome,
e34352a00823cb69f221072c23a3d646b0dac2d2f7f62e6f767f23da6588d415,2025-06,City of London Police,City of London Police,-0.081512,51.518692,On or near London Liverpool Street,E01032739,City of London 001F,Drugs,Status update unavailable,
0d71d8821cb154b7227f62f9b7b1e502e919a3fd349bad7dce892a8267a96b19,2025-06,City of London Police,City of London Police,-0.077070,51.510877,On or near Cooper'S Row,E01032739,City of London 001F,Drugs,Unable to prosecute suspect,
771dd55f4f910e456e746f02c0c7405a1bbfa11508acd6dfd14194304c7ce28c,2025-06,City of London Police,City of London Police,-0.086019,51.513631,On or near Finch Lane,E01032739,City of London 001F,Drugs,Status update unavailable,
639c0cfee4d30d87cfabfc9c7231ba147a242c842338b7475533f3a918066a47,2025-06,City of London Police,City of London Police,-0.077070,51.510877,On or near Cooper'S Row,E01032739,City of London 001F,Drugs,Court result unavailable,
8cedc1076b993fea5129efb51109a30893edef0fb2f71b618764bf59bf7bc2b3,2025-06,City of London Police,City of London Police,-0.081902,51.517296,On or near Liverpool Street,E01032739,City of London 001F,Drugs,Further investigation is not in the public interest,
eab13e9ad09e658f75c04071a09dd7ba881bb5acb3eacfb80ec20c732d5c48d2,2025-06,City of London Police,City of London Police,-0.086019,51.513631,On or near Finch Lane,E01032739,City of London 001F,Drugs,Unable to prosecute suspect,
553f2ecd426d84ae1e975f638ff0fb68109cfb4da2a7daedc02d3a1208f17c4d,2025-06,City of London Police,City of London Police,-0.086019,51.513631,On or near Finch Lane,E01032739,City of London 001F,Drugs,Status update unavailable,
45d1b8ea73041011adc386eaee4d70bf0319754f3b6380de61feafcd933f9589,2025-06,City of London Police,City of London Police,-0.101906,51.511794,On or near Theatre/Concert Hall,E01032739,City of London 001F,Drugs,Status update unavailable,
4340fd73d5c04d6ff4aec0120a9b23f9087ea7a2324f34d391886bb6c79d2583,2025-06,City of London Police,City of London Police,-0.079907,51.517785,On or near Victoria Avenue,E01032739,City of London 001F,Drugs,Status update unavailable,
aa3bd6eda0588578bf0dd032a7d4365a30ef45a5f322e3bb53906bebaad7145e,2025-06,City of London Police,City of London Police,-0.084844,51.510725,On or near Eastcheap,E01032739,City of London 001F,Drugs,Status update unavailable,
08548df950c3623dcad3c5ec200f4203fbc0059ba95971f2510edebf60125ce8,2025-06,City of London Police,City of London Police,-0.077959,51.511332,On or near Crutched Friars,E01032739,City of London 001F,Drugs,Status update unavailable,
267c4e360874b6a0a86d64c0e8c08fa86ab9f95f8b2f18d3ccc4d25249e5da3c,2025-06,City of London Police,City of London Police,-0.087157,51.512624,On or near Lombard Street,E01032739,City of London 001F,Other theft,Investigation complete; no suspect identified,
537b2dbee12faae9f216ce6ccb4e28ccc9de153c532bbcec25bcdd2e1fa4d9c2,2025-06,City of London Police,City of London Police,-0.089208,51.509744,On or near Angel Lane,E01032739,City of London 001F,Other theft,Investigation complete; no suspect identified,
bfdfb2d0b43b8944e680ca2900c1c588bf306924e7f2e8d17aaa5bebad8fe7f5,2025-06,City of London Police,City of London Police,-0.092531,51.512658,On or near Queen Street,E01032739,City of London 001F,Other theft,Investigation complete; no suspect identified,
7f37231ea017277161d8057306f97485489ee356780bb435993de4b81da27a2d,2025-06,City of London Police,City of London Police,-0.081512,51.518692,On or near London Liverpool Street,E01032739,City of London 001F,Other theft,Investigation complete; no suspect identified,
5d1c9e31d4c4da87ac99704340d4fa97422b024d40ce5c9983635c8c5825e969,2025-06,City of London Police,City of London Police,-0.081512,51.518692,On or near London Liverpool Street,E01032739,City of London 001F,Other theft,Status update unavailable,
118e75b58f41f32cbe54a682753349ebf4dc54bca09c2e73dc508a8b84ebabdc,2025-06,City of London Police,City of London Police,-0.101292,51.514770,On or near Amen Court,E01032739,City of London 001F,Other theft,Status update unavailable,
7c71da856da8ab8c273a9e400e2d835fa3c197488d2b3dce7b3b926c4b8e7d11,2025-06,City of London Police,City of London Police,-0.088785,51.517102,On or near Moorgate,E01032739,City of London 001F,Other theft,Investigation complete; no suspect identified,
b5d70288343ecbb8eb1e636ff0ec9cd12a8fc7290f0bb88bf254ca7410c7a472,2025-06,City of London Police,City of London Police,-0.090578,51.509722,On or near Allhallows Lane,E01032739,City of London 001F,Other theft,Status update unavailable,
ed9fe7d6c23f2244632b47e0d35b39cb7096e840ae8c9ebc27f0a9421272af36,2025-06,City of London Police,City of London Police,-0.086019,51.513631,On or near Finch Lane,E01032739,City of London 001F,Other theft,Status update unavailable,
eb6220b0a51b8ce9a1ab7572e8ddd83f64aee9e488f210a6a5c30456353a49da,2025-06,City of London Police,City of London Police,-0.084754,51.512882,On or near Corbet Court,E01032739,City of London 001F,Other theft,Status update unavailable,
b207e0d9f6bcd562be27e57465fca0e9ed94a8ba00172d72e8f4f942ae922d8c,2025-06,City of London Police,City of London Police,-0.077959,51.511332,On or near Crutched Friars,E01032739,City of London 001F,Other theft,Investigation complete; no suspect identified,
d100316bfa2406befcc1dbf13cbe0df759bb60d64aa0b62f88b1603a5d5a8e72,2025-06,City of London Police,City of London Police,-0.084910,51.512588,On or near Bell Inn Yard,E01032739,City of London 001F,Other theft,Investigation complete; no suspect identified,
aca8711e9fede16c51f494f3a973761895ad699425004fbabfd409abae5d28f2,2025-06,City of London Police,City of London Police,-0.092531,51.512658,On or near Queen Street,E01032739,City of London 001F,Other theft,Status update unavailable,
088e1f1fe2c0a372e2b58f151af431486e59bc57c7843b1cfbe2f665216511d1,2025-06,City of London Police,City of London Police,-0.084910,51.512588,On or near Bell Inn Yard,E01032739,City of London 001F,Other theft,Investigation complete; no suspect identified,
81692623f18b81eb3d3feb30ea8ef9ea190f038392f82c4531b849b9eca0b722,2025-06,City of London Police,City of London Police,-0.079907,51.517785,On or near Victoria Avenue,E01032739,City of London 001F,Other theft,Status update unavailable,
57fec48295cd5f69e2e7d0d3e6d6d1e1f36cc3b16f9bddabff366cb9c04d648a,2025-06,City of London Police,City of London Police,-0.079138,51.508312,On or near Lower Thames Street,E01032739,City of London 001F,Other theft,Investigation complete; no suspect identified,
0014ac4b30e05240bb095f5b64e26e26610e444c133317b379d82cf1fb5914d7,2025-06,City of London Police,City of London Police,-0.101906,51.511794,On or near Theatre/Concert Hall,E01032739,City of London 001F,Other theft,Status update unavailable,
67cefb2f23c754869439010b42d5a0f0314921db9f6893f1433686e515ce8e4c,2025-06,City of London Police,City of London Police,-0.081643,51.510070,On or near Great Tower Street,E01032739,City of London 001F,Other theft,Investigation complete; no suspect identified,
7f7408570656146810f38d5e73f129ada7f345c1ace5b1325887ce51ef0b179e,2025-06,City of London Police,City of London Police,-0.083977,51.510441,On or near Lovat Lane,E01032739,City of London 001F,Other theft,Status update unavailable,
8ec64ead1627f4ab4ae8880ad4e48a2482f58a0476f0fda290df36b938f29388,2025-06,City of London Police,City of London Police,-0.101589,51.513515,On or near Ludgate Square,E01032739,City of London 001F,Other theft,Status update unavailable,
22a2bcfdd8c38a09082e59b829e5656c00f90002ef6ebaad8e1dc00c6f557140,2025-06,City of London Police,City of London Police,-0.097291,51.514626,On or near Supermarket,E01032739,City of London 001F,Other theft,Status update unavailable,
9bf33cc762ccd01ea074177dfa62570ea2d2040368937264badf3f834ef1564c,2025-06,City of London Police,City of London Police,-0.081643,51.510070,On or near Great Tower Street,E01032739,City of London 001F,Other theft,Investigation complete; no suspect identified,
bf1c683bbf8555e8d6503e367d32117bca00dca41711bd49177375afa8bc29e7,2025-06,City of London Police,City of London Police,-0.089808,51.517461,On or near London Wall,E01032739,City of London 001F,Other theft,Status update unavailable,
7b545b81a9c55d444a89605bd568484a9b8bfbcb5acbd7ac7412f3a7ad9a1f66,2025-06,City of London Police,City of London Police,-0.094070,51.513079,On or near Watling Street,E01032739,City of London 001F,Other theft,Status update unavailable,
84c63f880fdcbe315267d24896d4dff8802014a1b11090222adcf84b7cd22d27,2025-06,City of London Police,City of London Police,-0.097291,51.514626,On or near Supermarket,E01032739,City of London 001F,Other theft,Court result unavailable,
4314e585b5dac379c2b7a3427c6561f6dd7636d0da327dd6ac7a6e98e23e112a,2025-06,City of London Police,City of London Police,-0.079138,51.508312,On or near Lower Thames Street,E01032739,City of London 001F,Other theft,Investigation complete; no suspect identified,
2f6a895975d37c2962757f88895c2339d256515e14cbc59c660576aa74f85171,2025-06,City of London Police,City of London Police,-0.078755,51.518440,On or near Artillery Lane,E01032739,City of London 001F,Other theft,Status update unavailable,
c37e492707242abc3a5dd36aa9f0ac02098ff9a9371c5c2776d8572648f45e43,2025-06,City of London Police,City of London Police,-0.079907,51.517785,On or near Victoria Avenue,E01032739,City of London 001F,Other theft,Status update unavailable,
fc6d6d50481327617cb2b117de698219721adf4f6e8af6045cdc96cb61642290,2025-06,City of London Police,City of London Police,-0.088785,51.517102,On or near Moorgate,E01032739,City of London 001F,Other theft,Status update unavailable,
905d2861c1f69340efde38785869a8a618eb975a2d19dcbad3e0a9061b925b32,2025-06,City of London Police,City of London Police,-0.089208,51.509744,On or near Angel Lane,E01032739,City of London 001F,Other theft,Status update unavailable,
73b9f1727afea60eaf3261a2918740f80c62b771c105ce391135488642f819f5,2025-06,City of London Police,City of London Police,-0.079907,51.517785,On or near Victoria Avenue,E01032739,City of London 001F,Other theft,Status update unavailable,
fdad27d40feb337a2d3e9c18939ca7753041a1f351c1cdd7bb231244fce66585,2025-06,City of London Police,City of London Police,-0.077804,51.518083,On or near Sandy'S Row,E01032739,City of London 001F,Other theft,Status update unavailable,
41abc80c1b703842b6226c2389f81ce103e508201070003aff2dfc9c297af184,2025-06,City of London Police,City of London Police,-0.095224,51.513736,On or near Shopping Area,E01032739,City of London 001F,Other theft,Investigation complete; no suspect identified,
e17cf95247ed6d5a7b5812fe8cfff6cf5d8b7f07912b289cf3ff277b93f43d86,2025-06,City of London Police,City of London Police,-0.081512,51.518692,On or near London Liverpool Street,E01032739,City of London 001F,Other theft,Status update unavailable,
92901de62ff80786ec3ff7a632d56da0df233ee84025f5039601af73cffccb78,2025-06,City of London Police,City of London Police,-0.082993,51.516360,On or near Wormwood Street,E01032739,City of London 001F,Other theft,Investigation complete; no suspect identified,
ff0945b70044a92093306d493710739f8fb2e8c416110da57eb43669e0215f51,2025-06,City of London Police,City of London Police,-0.094070,51.513079,On or near Watling Street,E01032739,City of London 001F,Other theft,Investigation complete; no suspect identified,
ee80d40bdac4b343c7d9a145819cca48b8e278cd4ae2619caad286a0e7908959,2025-06,City of London Police,City of London Police,-0.097291,51.514626,On or near Supermarket,E01032739,City of London 001F,Other theft,Investigation complete; no suspect identified,
1e6644d068a456807bb036ef109133f78ab38ad95dcffdd8c452eab33572d1de,2025-06,City of London Police,City of London Police,-0.078495,51.517770,On or near Further/Higher Educational Building,E01032739,City of London 001F,Other theft,Status update unavailable,
512556a64c6911fb6647f3b2ddcf8f085106e44cbf47c2e0c2cac49394123aee,2025-06,City of London Police,City of London Police,-0.097291,51.514626,On or near Supermarket,E01032739,City of London 001F,Other theft,Investigation complete; no suspect identified,
3fea96f823c32cba7615664fa9c8f3b6f8b156372f67cf858faeb6aa7e01ca49,2025-06,City of London Police,City of London Police,-0.084844,51.509700,On or near Monument Street,E01032739,City of London 001F,Other theft,Status update unavailable,
add04fdc875177278065ffea71705f0406f2208dd87eb23112df93d517122e51,2025-06,City of London Police,City of London Police,-0.094460,51.512024,On or near Great Trinity Lane,E01032739,City of London 001F,Other theft,Status update unavailable,
ebab95d3423045a24f2e29fa7562617cd9222229d416e69a26cee27f8c67ff8e,2025-06,City of London Police,City of London Police,-0.084844,51.510725,On or near Eastcheap,E01032739,City of London 001F,Other theft,Investigation complete; no suspect identified,
9a6daa7dc23615b25cdfc50e7079d8d1b71828953b07cfa01a5e842036aff529,2025-06,City of London Police,City of London Police,-0.088785,51.517102,On or near Moorgate,E01032739,City of London 001F,Other theft,Unable to prosecute suspect,
29947b20bd2df08a50744445d9969d4464535b60427327d7c5ad838a3a0619e9,2025-06,City of London Police,City of London Police,-0.083977,51.510441,On or near Lovat Lane,E01032739,City of London 001F,Other theft,Status update unavailable,
6e121a6f61518fd24e7ff00b216fcf6d41acb6fa4b6dfcd910b1509fc22d9d30,2025-06,City of London Police,City of London Police,-0.093339,51.511557,On or near Conference/Exhibition Centre,E01032739,City of London 001F,Other theft,Investigation complete; no suspect identified,
913553d018c032e932abc70798dba28fbd1aa2ed5048c26f17b00e1785f3848a,2025-06,City of London Police,City of London Police,-0.079907,51.517785,On or near Victoria Avenue,E01032739,City of London 001F,Other theft,Unable to prosecute suspect,
24922b1e8d86f9471e9189939c7d9ddfc861387f487dfb894651504a39ef56b7,2025-06,City of London Police,City of London Police,-0.084844,51.509700,On or near Monument Street,E01032739,City of London 001F,Other theft,Status update unavailable,
72affd2306549821434affda7c472c833c1e20084275d32fa04342ce916e814e,2025-06,City of London Police,City of London Police,-0.101589,51.513515,On or near Ludgate Square,E01032739,City of London 001F,Other theft,Investigation complete; no suspect identified,
c7da44cee605e839554596ea4a063069ee0b51014ff5a5f5454a1fe963fa7e70,2025-06,City of London Police,City of London Police,-0.080043,51.521735,On or near Worship Street,E01032739,City of London 001F,Other theft,Status update unavailable,
31d25fff708e32035dccff42ba652331b628810a48a6ad42f1ecb792b4047059,2025-06,City of London Police,City of London Police,-0.080291,51.514814,On or near Bury Court,E01032739,City of London 001F,Other theft,Status update unavailable,
3437e973d99f3943d7b55957224c651aab7e199d6446d0b73be42e4c05d7d699,2025-06,City of London Police,City of London Police,-0.078937,51.514109,On or near Heneage Place,E01032739,City of London 001F,Other theft,Status update unavailable,
ab4c4eb64e5cd1f22baa1f50aa2ab0d8e9062fd68fed5fedf995e79dd681d4fa,2025-06,City of London Police,City of London Police,-0.091823,51.514427,On or near Ironmonger Lane,E01032739,City of London 001F,Other theft,Investigation complete; no suspect identified,
7c3052e4b331d9aae874920c1c8ac2d6eb2118a3afb6dcae6c279e8b00b15210,2025-06,City of London Police,City of London Police,-0.088903,51.510836,On or near Laurence Pountney Hill,E01032739,City of London 001F,Other theft,Investigation complete; no suspect identified,
8f7fd92675a83dfc69388880572271b286cd5c5ad4a7c0fae3bb49a49f62e0f0,2025-06,City of London Police,City of London Police,-0.092531,51.512658,On or near Queen Street,E01032739,City of London 001F,Other theft,Status update unavailable,
479de2c7e01f44a0ee7b207a7b07dba7f7cab24826f75ceac38630686615276c,2025-06,City of London Police,City of London Police,-0.079138,51.508312,On or near Lower Thames Street,E01032739,City of London 001F,Other theft,Status update unavailable,
0c7fd94bb6b816b471105a5bac9bf9f02f0fd292aaee6fb49d6f6f9dc6781e19,2025-06,City of London Police,City of London Police,-0.089208,51.509744,On or near Angel Lane,E01032739,City of London 001F,Other theft,Investigation complete; no suspect identified,
cf169dfb820c260073fcaca2b75f3546185697702ad583f77cbe950b932b6275,2025-06,City of London Police,City of London Police,-0.078278,51.513666,On or near Mitre Street,E01032739,City of London 001F,Other theft,Court result unavailable,
092e80afd9dbc0cf7b3e17319590b493e0ce1b411effaaaf6074ddd4b3968dbd,2025-06,City of London Police,City of London Police,-0.092531,51.512658,On or near Queen Street,E01032739,City of London 001F,Other theft,Investigation complete; no suspect identified,
2b5ad0c38b752e2c6d998490c324540ab957ba1c340dae2453692df14a47617a,2025-06,City of London Police,City of London Police,-0.084836,51.511939,On or near Shopping Area,E01032739,City of London 001F,Other theft,Status update unavailable,
a3c2227599d0636553e70bb767ce1c9bba826d3f090b8a5cbb95887005c45817,2025-06,City of London Police,City of London Police,-0.078477,51.509965,On or near Muscovy Street,E01032739,City of London 001F,Other theft,Status update unavailable,
74cfc9d18d8960d142f1cafaf9137e25be591aec846115959545633f6c63c04b,2025-06,City of London Police,City of London Police,-0.094900,51.513209,On or near Bread Street,E01032739,City of London 001F,Other theft,Status update unavailable,
26de38c85a1e5ea13b48aa093f8ea3e103875a8a0e2724ffafe1b2f17d6f9fcf,2025-06,City of London Police,City of London Police,-0.084844,51.509700,On or near Monument Street,E01032739,City of London 001F,Other theft,Investigation complete; no suspect identified,
048f6d40d4c6814425d7fd43b91c615510b1e3ce8b4fcd867b62dad69ca2a27d,2025-06,City of London Police,City of London Police,-0.084844,51.510725,On or near Eastcheap,E01032739,City of London 001F,Other theft,Status update unavailable,
b770b1a882724f07455284480b5bea850f3db9286f7dd38870f0763391bffb6b,2025-06,City of London Police,City of London Police,-0.079138,51.508312,On or near Lower Thames Street,E01032739,City of London 001F,Other theft,Investigation complete; no suspect identified,
a2a2bf97e1e1a16461ec9c75130dfa9607b611529532caed9d02552d30145df7,2025-06,City of London Police,City of London Police,-0.081902,51.517296,On or near Liverpool Street,E01032739,City of London 001F,Other theft,Investigation complete; no suspect identified,
5e1324288517cef647a40d01294a89dd7f8d77e00b896f6832794c576b8612a3,2025-06,City of London Police,City of London Police,-0.081512,51.518692,On or near London Liverpool Street,E01032739,City of London 001F,Other theft,Investigation complete; no suspect identified,
8e9ee8daeac312e8acaba5346775242be864cfba9c9e8931cc423331bc93a0e4,2025-06,City of London Police,City of London Police,-0.081902,51.517296,On or near Liverpool Street,E01032739,City of London 001F,Other theft,Status update unavailable,
4607fb33320b4f10f1defffc1c2713ced55be6a9b6e2466cde175f273d7ca2bc,2025-06,City of London Police,City of London Police,-0.079138,51.508312,On or near Lower Thames Street,E01032739,City of London 001F,Other theft,Investigation complete; no suspect identified,
96e9262b746d5cad976bba9b3dfed198c453ce0eb536c973bef7242941eef880,2025-06,City of London Police,City of London Police,-0.081902,51.517296,On or near Liverpool Street,E01032739,City of London 001F,Other theft,Investigation complete; no suspect identified,
f4bf8fbcae2023863ce6741c63c545ef3e885acc4549c975d1b88490ca25a070,2025-06,City of London Police,City of London Police,-0.085228,51.511190,On or near Talbot Court,E01032739,City of London 001F,Other theft,Investigation complete; no suspect identified,
3ce0d26891d1132ecf5fbc3383578c4f350d13aa20d68ee30b7f10439ef2397d,2025-06,City of London Police,City of London Police,-0.079907,51.517785,On or near Victoria Avenue,E01032739,City of London 001F,Other theft,Unable to prosecute suspect,
5620792c0211ce465991e60ca2c087b8102b989d98bb1834e4973ef1905e4b65,2025-06,City of London Police,City of London Police,-0.102847,51.512717,On or near Playhouse Yard,E01032739,City of London 001F,Other theft,Status update unavailable,
84aca87cca5fe7ee4ccd630a146da4caec572c6ab17feca0454e4bf862677a14,2025-06,City of London Police,City of London Police,-0.088785,51.517102,On or near Moorgate,E01032739,City of London 001F,Other theft,Status update unavailable,
ee0afe950c4a9794865fb92e68e9b78e4a9400e3d70eb9cbdb2486caeb56fec1,2025-06,City of London Police,City of London Police,-0.079907,51.517785,On or near Victoria Avenue,E01032739,City of London 001F,Other theft,Unable to prosecute suspect,
c92d571f6aaa760ba372ce61a07503306c7995c6fa94fe242a602c9739283f4f,2025-06,City of London Police,City of London Police,-0.079907,51.517785,On or near Victoria Avenue,E01032739,City of London 001F,Other theft,Unable to prosecute suspect,
cc32ed501b97d8e80a4dad32c72afdd9a2a1fc3ca4549cded4bd3e2a53e58b01,2025-06,City of London Police,City of London Police,-0.078278,51.513666,On or near Mitre Street,E01032739,City of London 001F,Other theft,Status update unavailable,
495d34c0c132cdde9631afe0459d293a367e84970a4e0702424ffc288070a095,2025-06,City of London Police,City of London Police,-0.078278,51.513666,On or near Mitre Street,E01032739,City of London 001F,Other theft,Court result unavailable,
2e84fbfc1d6535ddb12875ef0e844a8c6c084c3ea8cf44fa043014d385550a7d,2025-06,City of London Police,City of London Police,-0.089208,51.509744,On or near Angel Lane,E01032739,City of London 001F,Other theft,Status update unavailable,
cdac4cea1c722a8c170bfc7059d941f88ee63752053294e07fb6c67dfd8702f0,2025-06,City of London Police,City of London Police,-0.095224,51.513736,On or near Shopping Area,E01032739,City of London 001F,Other theft,Status update unavailable,
03d75215d1afb86a3fed51c17eeea5d4c5b54e06d62746ece58f2897a00dd465,2025-06,City of London Police,City of London Police,-0.088785,51.517102,On or near Moorgate,E01032739,City of London 001F,Other theft,Status update unavailable,
454eaf1873096a41445a59dff0a894ae43fe584618dededfe76c4bc3ee50f12a,2025-06,City of London Police,City of London Police,-0.081113,51.516869,On or near Bishopsgate,E01032739,City of London 001F,Other theft,Status update unavailable,
5b33389fe200e91762e12ca3360dd6e71ad2f2613e2fcce6a8b227a58ae2d480,2025-06,City of London Police,City of London Police,-0.088785,51.517102,On or near Moorgate,E01032739,City of London 001F,Other theft,Investigation complete; no suspect identified,
aef0459b64d68386535e5061e0845a471644d1fc695b6c07da43f36085dc9c89,2025-06,City of London Police,City of London Police,-0.082993,51.516360,On or near Wormwood Street,E01032739,City of London 001F,Other theft,Status update unavailable,
1902db9572f037270c228dd87eb17845930d0a41fbc178c8e1c94d4650ee0471,2025-06,City of London Police,City of London Police,-0.077070,51.510877,On or near Cooper'S Row,E01032739,City of London 001F,Other theft,Investigation complete; no suspect identified,
3c3b46b329bd0a9b3c127622beef32c4a19444a2e7c4ea3b74d701a10f295317,2025-06,City of London Police,City of London Police,-0.089479,51.510864,On or near Gophir Lane,E01032739,City of London 001F,Other theft,Investigation complete; no suspect identified,
9e3b91f12ad9febbbd6b83e406db359d7142ff0979939672ede199e123020b56,2025-06,City of London Police,City of London Police,-0.079127,51.509607,On or near Byward Street,E01032739,City of London 001F,Other theft,Status update unavailable,
f1a072e63e13ae49d0fb8a4eeaa29317114fc597cc6fb22c4a74acd5f29453c8,2025-06,City of London Police,City of London Police,-0.083349,51.514830,On or near Shopping Area,E01032739,City of London 001F,Possession of weapons,Further investigation is not in the public interest,
688f9f073e49fcde4045ce31218be122739bb45e22dc443501587b34aa1e34eb,2025-06,City of London Police,City of London Police,-0.079907,51.517785,On or near Victoria Avenue,E01032739,City of London 001F,Possession of weapons,Status update unavailable,
572276ac995af39b0abbcce696faad6b0771f0e4648972281aa521876321e2a7,2025-06,City of London Police,City of London Police,-0.095224,51.513736,On or near Shopping Area,E01032739,City of London 001F,Possession of weapons,Status update unavailable,
207b1dcb402f3fe160403be77f6ea49317fd3e753dd16dc5652987c732b9b876,2025-06,City of London Police,City of London Police,-0.081091,51.508820,On or near Water Lane,E01032739,City of London 001F,Possession of weapons,Court result unavailable,
76cd2c0990998c4f5108cb73bfa35008963a7ffa5dfaf044c2163e604124d83d,2025-06,City of London Police,City of London Police,-0.085089,51.512105,On or near Gracechurch Street,E01032739,City of London 001F,Possession of weapons,Status update unavailable,
c6a5be908ab0c0475f1e246b74b5c9a178ee9ca0a4b6b64be43d82dd5ca23572,2025-06,City of London Police,City of London Police,-0.079838,51.514267,On or near Bury Street,E01032739,City of London 001F,Public order,Status update unavailable,
e0eb91da1c5bb415809f90976cb3664bbd947fcbac22cc063c2fc27e23078e5a,2025-06,City of London Police,City of London Police,-0.100888,51.514448,On or near Amen Corner,E01032739,City of London 001F,Public order,Unable to prosecute suspect,
3a8f0899ae0224bf7954301ababd0a39aed0728a171462cf77dea4c5cf2cfef2,2025-06,City of London Police,City of London Police,-0.079907,51.517785,On or near Victoria Avenue,E01032739,City of London 001F,Public order,Status update unavailable,
5d93dc5c197dfec87259374dcb37b047cea1171f30abf2f35a15b384b01e3c57,2025-06,City of London Police,City of London Police,-0.089822,51.516103,On or near Coleman Street,E01032739,City of London 001F,Public order,Court result unavailable,
9a2dadace4ae22087c8bb86c0a24ca2a13bf0acf7b4f96d7b7fd7a08c2e13103,2025-06,City of London Police,City of London Police,-0.079521,51.511196,On or near New London Street,E01032739,City of London 001F,Public order,Investigation complete; no suspect identified,
56c4b97d3be1854f640bf9837bb3c6b4d71b7820a5e5f207249350e60556bcc4,2025-06,City of London Police,City of London Police,-0.097291,51.514626,On or near Supermarket,E01032739,City of London 001F,Public order,Status update unavailable,
5750f10792fdca803257107eabd0b64d46de566df788539054bf03dce5c4c601,2025-06,City of London Police,City of London Police,-0.081512,51.518692,On or near London Liverpool Street,E01032739,City of London 001F,Public order,Status update unavailable,
89ded0bdb06e8a291846882363994cc9ea0238c394f0bb4fc152949c35412e2b,2025-06,City of London Police,City of London Police,-0.078278,51.513666,On or near Mitre Street,E01032739,City of London 001F,Public order,Status update unavailable,
51854847b351af97be92c54744629607c7c804670e84ddd3267b3ba4b74ca32a,2025-06,City of London Police,City of London Police,-0.087157,51.512624,On or near Lombard Street,E01032739,City of London 001F,Public order,Unable to prosecute suspect,
da587bb8d94a9021b196d6540b5a3db2d0fe8e03224a5f47f533e9ade769ca94,2025-06,City of London Police,City of London Police,-0.083977,51.510441,On or near Lovat Lane,E01032739,City of London 001F,Public order,Status update unavailable,
8497011de6f1199dc0619c32bdc238b3d8a91f376c719a4e1e7efcca4cb4d0d3,2025-06,City of London Police,City of London Police,-0.100888,51.514448,On or near Amen Corner,E01032739,City of London 001F,Public order,Unable to prosecute suspect,
4807894e0f7adf1e80534c5a6fbcc594cb658f408ddfc0d469af0c84490ee546,2025-06,City of London Police,City of London Police,-0.079907,51.517785,On or near Victoria Avenue,E01032739,City of London 001F,Public order,Unable to prosecute suspect,
ff9cb334eb512daa77fbca867c7a1a78c396cd74e3c1104ed7024c254b9ca20f,2025-06,City of London Police,City of London Police,-0.079907,51.517785,On or near Victoria Avenue,E01032739,City of London 001F,Public order,Status update unavailable,
3f711d5c7b45af33b3c90ba2fc24c649b8c06bec66fd00d522076443517eff41,2025-06,City of London Police,City of London Police,-0.092633,51.509872,On or near Bell Wharf Lane,E01032739,City of London 001F,Public order,Court result unavailable,
71c99754881461dfd2f802f342cefa2ca1941ced5a2ffc2531adac20e40862e3,2025-06,City of London Police,City of London Police,-0.079907,51.517785,On or near Victoria Avenue,E01032739,City of London 001F,Public order,Unable to prosecute suspect,
7cc8c4fd299f02419c3557c385859c61753c0f8371230707f8f6afdf85264388,2025-06,City of London Police,City of London Police,-0.085228,51.511190,On or near Talbot Court,E01032739,City of London 001F,Public order,Status update unavailable,
4cb86e4fbca23bd11da98b40f6469c5d026f6e94f1b1e6373abbe1ee1f711baa,2025-06,City of London Police,City of London Police,-0.082993,51.516360,On or near Wormwood Street,E01032739,City of London 001F,Public order,Status update unavailable,
654d5bb5b70cab96773e4cbf436a0ce609d4878628a737dbbcc283cc37b654f8,2025-06,City of London Police,City of London Police,-0.077070,51.510877,On or near Cooper'S Row,E01032739,City of London 001F,Public order,Unable to prosecute suspect,
3a498f16bc1ef96f0debc5b35d1a392a28ed452a6e6416cee97ec26c833a00d9,2025-06,City of London Police,City of London Police,-0.091947,51.513188,On or near Pancras Lane,E01032739,City of London 001F,Public order,Status update unavailable,
fca3dcec7800a06070d65e5f73ca75d7344ad24540fb1166437aa75b617a3416,2025-06,City of London Police,City of London Police,-0.096501,51.513874,On or near New Change,E01032739,City of London 001F,Public order,Status update unavailable,
a1bd258051f7ec0fd119673cce287784fd1a9fe6abd55368c9b7becf6cc655c5,2025-06,City of London Police,City of London Police,-0.081643,51.510070,On or near Great Tower Street,E01032739,City of London 001F,Public order,Court result unavailable,
60fd6e7805794bc1eec4839d90e3eb31097a5b56cc03a117d964b02f90d729e5,2025-06,City of London Police,City of London Police,-0.089208,51.509744,On or near Angel Lane,E01032739,City of London 001F,Public order,Status update unavailable,
adb2e79eb5929096e140b107ee714c09932724583082a66c1161c9200300f719,2025-06,City of London Police,City of London Police,-0.079907,51.517785,On or near Victoria Avenue,E01032739,City of London 001F,Public order,Unable to prosecute suspect,
89e1373c198e315303af97350b3b3259d5be21f3dbe12b046fcaa52ebfd14f8a,2025-06,City of London Police,City of London Police,-0.095924,51.513882,On or near Shopping Area,E01032739,City of London 001F,Public order,Status update unavailable,
1565e385e7d38f47a99b6620a60c826f5aea20c7a5c075866b3e8c880fd79b61,2025-06,City of London Police,City of London Police,-0.079907,51.517785,On or near Victoria Avenue,E01032739,City of London 001F,Public order,Status update unavailable,
57f06514c58460be5cfd71f73cc25c226bcb2350c2d663f1def43b7b73ebdb6e,2025-06,City of London Police,City of London Police,-0.091540,51.511896,On or near Cannon Street,E01032739,City of London 001F,Public order,Unable to prosecute suspect,
c34687baa4530aae45542f4d9111ace9a1f34266438cc342ee41fe34d3652030,2025-06,City of London Police,City of London Police,-0.081902,51.517296,On or near Liverpool Street,E01032739,City of London 001F,Public order,Status update unavailable,
dc280d533aa40f1507af46aac1ae012dceea4138a3333480aff7250f450c8512,2025-06,City of London Police,City of London Police,-0.079883,51.517326,On or near New Street,E01032739,City of London 001F,Public order,Unable to prosecute suspect,
2829f757b24addd14925205c1437e9a26e969e1f81d272a9b2561ea45786a521,2025-06,City of London Police,City of London Police,-0.081902,51.517296,On or near Liverpool Street,E01032739,City of London 001F,Robbery,Investigation complete; no suspect identified,
22c3570b8fc8453106fa3915c391446f4b9867a4d9797559cf479799bf981f1e,2025-06,City of London Police,City of London Police,-0.081902,51.517296,On or near Liverpool Street,E01032739,City of London 001F,Robbery,Status update unavailable,
dfcb3e36d191945dc4ad2df3f4e5a437a712d214c35947fe10be0067a683d21b,2025-06,City of London Police,City of London Police,-0.089208,51.509744,On or near Angel Lane,E01032739,City of London 001F,Robbery,Status update unavailable,
acb00282f00bb3c857df7488216f4d14986e07e1a8c2a04473ed97914a77a0e5,2025-06,City of London Police,City of London Police,-0.088785,51.517102,On or near Moorgate,E01032739,City of London 001F,Robbery,Awaiting court outcome,
f096bf3efa80d872fb30fce96c1e986224d7b6205bbeecf5c9fd1e5c623f2d81,2025-06,City of London Police,City of London Police,-0.104276,51.513712,On or near A201,E01032739,City of London 001F,Robbery,Status update unavailable,
6d36bfe6304730c46ec60b1df9e5492df8dfba8cdd1a02fe18ff54a23cac7b0a,2025-06,City of London Police,City of London Police,-0.101393,51.512685,On or near St Andrew'S Hill,E01032739,City of London 001F,Robbery,Investigation complete; no suspect identified,
7886215918a71cf53531c9912a6478ec0d0ecb460f9b0d1991782b55b7cef14b,2025-06,City of London Police,City of London Police,-0.082993,51.516360,On or near Wormwood Street,E01032739,City of London 001F,Robbery,Status update unavailable,
e50b9211820edf8f4d54246c70d03b22834a2128842b858a950fa68c8e200102,2025-06,City of London Police,City of London Police,-0.086815,51.517007,On or near Circus Place,E01032739,City of London 001F,Robbery,Investigation complete; no suspect identified,
ac4b68fe92d23d24d1fbcdc09c092594a290b16ee0231481d948b52c6dfb2d2d,2025-06,City of London Police,City of London Police,-0.084754,51.512882,On or near Corbet Court,E01032739,City of London 001F,Robbery,Investigation complete; no suspect identified,
7261013e88e836ed20f6ef4ed0b60aaacdb2684fb45b20d33d4fe03c4d54e148,2025-06,City of London Police,City of London Police,-0.079883,51.517326,On or near New Street,E01032739,City of London 001F,Robbery,Investigation complete; no suspect identified,
d6e4abb33e2a6f2535daabcaf0b9912a682451144c0fa92b426a9951881a9a13,2025-06,City of London Police,City of London Police,-0.079883,51.517326,On or near New Street,E01032739,City of London 001F,Robbery,Unable to prosecute suspect,
6bd99aa722a44d05a5bec29245b58c8fb590ca861b4c1da055e4e34bbe91b087,2025-06,City of London Police,City of London Police,-0.088785,51.517102,On or near Moorgate,E01032739,City of London 001F,Robbery,Investigation complete; no suspect identified,
c34eab52cdb62539fca06ae2061bd05e6d5ab4e26c0ac0c6dd5c99c62fdccdcf,2025-06,City of London Police,City of London Police,-0.095224,51.513736,On or near Shopping Area,E01032739,City of London 001F,Robbery,Unable to prosecute suspect,
43cc178efc203a80c10f4727f5e15a713024392cb89e6be21259239b2563926a,2025-06,City of London Police,City of London Police,-0.089808,51.517461,On or near London Wall,E01032739,City of London 001F,Robbery,Investigation complete; no suspect identified,
87921f3125d5829e8524e35b0659e7039fab3ca4a88a91cd87a3ba9eb77123d8,2025-06,City of London Police,City of London Police,-0.091947,51.513188,On or near Pancras Lane,E01032739,City of London 001F,Robbery,Court result unavailable,
a4d6a365aac8d499b6b126ec633405c37c6b8f51d6f12debe7015e485a51077b,2025-06,City of London Police,City of London Police,-0.086815,51.517007,On or near Circus Place,E01032739,City of London 001F,Shoplifting,Status update unavailable,
e8c598be7f9570fc82eecec1e267df48555cf31ce769c1ae4e23fdad30aa0a88,2025-06,City of London Police,City of London Police,-0.086815,51.517007,On or near Circus Place,E01032739,City of London 001F,Shoplifting,Investigation complete; no suspect identified,
903612d2dd5d8b97479f00e0012229bae1e6f4e0461ffb15cd1ed7705853c24a,2025-06,City of London Police,City of London Police,-0.091947,51.513188,On or near Pancras Lane,E01032739,City of London 001F,Shoplifting,Status update unavailable,
e24a085d8ae13906b73faff613337c406d49f7f7db82b1b4677c416f943030ef,2025-06,City of London Police,City of London Police,-0.094070,51.513079,On or near Watling Street,E01032739,City of London 001F,Shoplifting,Investigation complete; no suspect identified,
288569eb868d54f32e213b8911dcbb217d3227bd9ec6354f14af7f34232ef675,2025-06,City of London Police,City of London Police,-0.097291,51.514626,On or near Supermarket,E01032739,City of London 001F,Shoplifting,Status update unavailable,
4766cc6dc4c0eda82bd45c273f40e58dcc1401771c1cdedc90c66fd27467dc58,2025-06,City of London Police,City of London Police,-0.084910,51.512588,On or near Bell Inn Yard,E01032739,City of London 001F,Shoplifting,Status update unavailable,
b9ecdf05ae5e974dad36d68d735e0ba25800e8e6655e318160bfc3f661001c03,2025-06,City of London Police,City of London Police,-0.086815,51.517007,On or near Circus Place,E01032739,City of London 001F,Shoplifting,Status update unavailable,
aabb7dfd604f8070545eb2f5435afd49e7841435ca2ab7ba7a081304d4ba7405,2025-06,City of London Police,City of London Police,-0.079883,51.517326,On or near New Street,E01032739,City of London 001F,Shoplifting,Unable to prosecute suspect,
6bfa48be53878cc7a444b9535077b67ec5d5af762641c391201f8dfa37d6416a,2025-06,City of London Police,City of London Police,-0.095924,51.513882,On or near Shopping Area,E01032739,City of London 001F,Shoplifting,Status update unavailable,
f88ec99b183694416a4931a2860390c46b0c46d0be55ea05ae357373446f192e,2025-06,City of London Police,City of London Police,-0.095224,51.513736,On or near Shopping Area,E01032739,City of London 001F,Shoplifting,Status update unavailable,
059f2aea00230fe76d0c6a282fac2da9904deac832d72fa3c31b6780f3b8b182,2025-06,City of London Police,City of London Police,-0.094070,51.513079,On or near Watling Street,E01032739,City of London 001F,Shoplifting,Status update unavailable,
db72030c779447f38d988d0af1dd050ad6045649ba702fd3d66b988ee68b5ad8,2025-06,City of London Police,City of London Police,-0.079907,51.517785,On or near Victoria Avenue,E01032739,City of London 001F,Shoplifting,Status update unavailable,
2985afaf22c555c8a5dea37e583c477accc9ee16afb16ea51347351c124b0ca4,2025-06,City of London Police,City of London Police,-0.085089,51.512105,On or near Gracechurch Street,E01032739,City of London 001F,Shoplifting,Status update unavailable,
92ef480e1e8295bf0d6b070da5acc0a9250fff50738a3e34a5abe4924a509e40,2025-06,City of London Police,City of London Police,-0.087772,51.510665,On or near Martin Lane,E01032739,City of London 001F,Shoplifting,Status update unavailable,
9afedb7a31a86c0dd83140091d706ec6b805bea5382dbc7890e9da079b5b8c56,2025-06,City of London Police,City of London Police,-0.079883,51.517326,On or near New Street,E01032739,City of London 001F,Shoplifting,Status update unavailable,
f910f604a44f93ac54ec0a91a4ea5cc65a9314f530b7dc6186f7591662ed653a,2025-06,City of London Police,City of London Police,-0.086815,51.517007,On or near Circus Place,E01032739,City of London 001F,Shoplifting,Status update unavailable,
4697798e216ed69304fafe25eb2f37e2709f0442af02b83a565d25c27f65c104,2025-06,City of London Police,City of London Police,-0.084836,51.511939,On or near Shopping Area,E01032739,City of London 001F,Shoplifting,Status update unavailable,
8692050623bad133c08492aac7b3e9cf772d362832ebf03760c75556f4b5732e,2025-06,City of London Police,City of London Police,-0.084836,51.511939,On or near Shopping Area,E01032739,City of London 001F,Shoplifting,Status update unavailable,
57144e628535425bd169cf3edbb77017f44f0ad7ef7798fde036c25baca6181d,2025-06,City of London Police,City of London Police,-0.078278,51.513666,On or near Mitre Street,E01032739,City of London 001F,Shoplifting,Status update unavailable,
8fb6b2b9ddc73ed433d0f921a95afd146432bb7824ecb6d9719841bc49c1df7d,2025-06,City of London Police,City of London Police,-0.091823,51.514427,On or near Ironmonger Lane,E01032739,City of London 001F,Shoplifting,Status update unavailable,
5934f271acf436a1f31f4abd06186048c9bc4162e4ff427ab74c2c4e8fca7fc8,2025-06,City of London Police,City of London Police,-0.081643,51.510070,On or near Great Tower Street,E01032739,City of London 001F,Shoplifting,Court result unavailable,
03d1861ef13ab86dbbc1211d45a9598ae7caa23c954d3961be8554b760590080,2025-06,City of London Police,City of London Police,-0.086815,51.517007,On or near Circus Place,E01032739,City of London 001F,Shoplifting,Court result unavailable,
7cb894c80f5b556f25eae30a706abf0f980cbd26b313e6492033af0356dbb3ea,2025-06,City of London Police,City of London Police,-0.097291,51.514626,On or near Supermarket,E01032739,City of London 001F,Shoplifting,Unable to prosecute suspect,
19fac4bee4cac3e09356dcfcd60f97992fba9d66cf528c6293e5709209ccf4bb,2025-06,City of London Police,City of London Police,-0.081512,51.518692,On or near London Liverpool Street,E01032739,City of London 001F,Shoplifting,Unable to prosecute suspect,
1ac0903e88570bb475772dc5bb5a53d6fc177a6420be7e4e8dfcc99087f76e2c,2025-06,City of London Police,City of London Police,-0.085089,51.512105,On or near Gracechurch Street,E01032739,City of London 001F,Shoplifting,Status update unavailable,
903e0e6a0c10fb9aeab70ed8e793b1e884f56cfc911eec301b300a7894e6e096,2025-06,City of London Police,City of London Police,-0.095924,51.513882,On or near Shopping Area,E01032739,City of London 001F,Shoplifting,Investigation complete; no suspect identified,
54a60322d39a29469d8cb98a8833223a5b9d2f7e7381f2ae274856e3ad852d9f,2025-06,City of London Police,City of London Police,-0.084910,51.512588,On or near Bell Inn Yard,E01032739,City of London 001F,Shoplifting,Status update unavailable,
de557b203b7ac0e8991f5a67d7f26d2e5468030e2ce2cc4bfea918b490e19e69,2025-06,City of London Police,City of London Police,-0.084910,51.512588,On or near Bell Inn Yard,E01032739,City of London 001F,Shoplifting,Investigation complete; no suspect identified,
d691fdf1825fd605d8bfd6b90571752ad7c1cce20f2092685c30ad0fe65284cb,2025-06,City of London Police,City of London Police,-0.086815,51.517007,On or near Circus Place,E01032739,City of London 001F,Shoplifting,Court result unavailable,
4912d421c132ef4b8e1614335e4be2c4baa98e1d42b6e89fcb0f59c22bc00199,2025-06,City of London Police,City of London Police,-0.081902,51.517296,On or near Liverpool Street,E01032739,City of London 001F,Shoplifting,Status update unavailable,
2bbec2ada058a9bc966a704c89d9aa5759a7f91e680653e8405764e7680aba3f,2025-06,City of London Police,City of London Police,-0.095224,51.513736,On or near Shopping Area,E01032739,City of London 001F,Shoplifting,Status update unavailable,
be302545e4870ce0b2b421ff3b7d9a65e2f701ec0e5a44ef404cc4b99ebe7363,2025-06,City of London Police,City of London Police,-0.084836,51.511939,On or near Shopping Area,E01032739,City of London 001F,Shoplifting,Investigation complete; no suspect identified,
de83d1fee9875a6d41c4648bde92d4019ee6505af7be054f679f3227f4ea74fc,2025-06,City of London Police,City of London Police,-0.086815,51.517007,On or near Circus Place,E01032739,City of London 001F,Shoplifting,Status update unavailable,
b0324d16c2be00e76da0c9e833e6c7dafc07c1825955e6985840a0db44ecf377,2025-06,City of London Police,City of London Police,-0.089822,51.516103,On or near Coleman Street,E01032739,City of London 001F,Shoplifting,Status update unavailable,
bda68734bcbbe254a786cebf34e0444d0648370c023fa20000cb4b0ae9b47a02,2025-06,City of London Police,City of London Police,-0.084910,51.512588,On or near Bell Inn Yard,E01032739,City of London 001F,Shoplifting,Investigation complete; no suspect identified,
2d40b1b0bc9f82a4df98f48313044b80fbe91ee7eb3935576914bb96e87a12b5,2025-06,City of London Police,City of London Police,-0.085089,51.512105,On or near Gracechurch Street,E01032739,City of London 001F,Shoplifting,Investigation complete; no suspect identified,
05c8c2109522e5dc3d915713882cbba03a08201304f275c24ab1f789adad29cd,2025-06,City of London Police,City of London Police,-0.084754,51.512882,On or near Corbet Court,E01032739,City of London 001F,Shoplifting,Court result unavailable,
7a6142b4a1181d8cc499133764d912db9105569c95fd994dceaf1af259011d27,2025-06,City of London Police,City of London Police,-0.079883,51.517326,On or near New Street,E01032739,City of London 001F,Shoplifting,Unable to prosecute suspect,
89ef0fd6f819461627d7328528aa1e9eabb88b8fb980dc16bce2e76e86a91c65,2025-06,City of London Police,City of London Police,-0.097291,51.514626,On or near Supermarket,E01032739,City of London 001F,Shoplifting,Investigation complete; no suspect identified,
7494c3f911760a3b92080d0e8e491935a1a997939f9b3d0bc466235014529e5c,2025-06,City of London Police,City of London Police,-0.079883,51.517326,On or near New Street,E01032739,City of London 001F,Shoplifting,Status update unavailable,
743ea72879e51c6269eecb6fc5c76e0229a0fc433cad7f25436c75a043a78612,2025-06,City of London Police,City of London Police,-0.095224,51.513736,On or near Shopping Area,E01032739,City of London 001F,Shoplifting,Status update unavailable,
652457189445ed1f4aefeb1c9827b9db080cc60197cc7257eab4e639d458a081,2025-06,City of London Police,City of London Police,-0.079883,51.517326,On or near New Street,E01032739,City of London 001F,Shoplifting,Status update unavailable,
38bc1a6504746baa8993ea7e36d6d1ffb052e48111bd7f277618d0f66de2a939,2025-06,City of London Police,City of London Police,-0.086815,51.517007,On or near Circus Place,E01032739,City of London 001F,Shoplifting,Court result unavailable,
fcf33f2d3c6c2c1b574928fdd6c753c68d43eb36f78d02a3c478d32da7a7a9c8,2025-06,City of London Police,City of London Police,-0.091823,51.514427,On or near Ironmonger Lane,E01032739,City of London 001F,Shoplifting,Investigation complete; no suspect identified,
165e4520040fb68ec2c4258138015993db67171f2c15e6dc61533139b0457314,2025-06,City of London Police,City of London Police,-0.095224,51.513736,On or near Shopping Area,E01032739,City of London 001F,Shoplifting,Status update unavailable,
171f8b50b6104302fc88cabcba113b7ca70df237e994cceac41952c86866edd7,2025-06,City of London Police,City of London Police,-0.095924,51.513882,On or near Shopping Area,E01032739,City of London 001F,Shoplifting,Status update unavailable,
841e775f6f72f55cd142b7f79de41b04fb33b09a5b27bbed76d07070c1b35fa7,2025-06,City of London Police,City of London Police,-0.081902,51.517296,On or near Liverpool Street,E01032739,City of London 001F,Shoplifting,Status update unavailable,
3a160ee8d8b078c029250bba06222926159fac3360e3fb29db3f70245b217f1a,2025-06,City of London Police,City of London Police,-0.079883,51.517326,On or near New Street,E01032739,City of London 001F,Shoplifting,Status update unavailable,
ad90213035a1122e3bcd27883221bb9a867b88c111c4305117f9286de6d7216f,2025-06,City of London Police,City of London Police,-0.084754,51.512882,On or near Corbet Court,E01032739,City of London 001F,Shoplifting,Investigation complete; no suspect identified,
61b257a5297ae5fb9b4a2e8d419e7fd4fe6d8237aad34b19ca4662150ca002b9,2025-06,City of London Police,City of London Police,-0.095924,51.513882,On or near Shopping Area,E01032739,City of London 001F,Shoplifting,Status update unavailable,
6b321c9bbdc1a9128d7501509a6e5a7d484dc54106c84ff00f0e3243ee4ed4fb,2025-06,City of London Police,City of London Police,-0.085089,51.512105,On or near Gracechurch Street,E01032739,City of London 001F,Shoplifting,Investigation complete; no suspect identified,
50c7b4f6c375897400ebfb4a095259a0e7492ede14eb2a83eb8c3d4c7b972d8a,2025-06,City of London Police,City of London Police,-0.086815,51.517007,On or near Circus Place,E01032739,City of London 001F,Shoplifting,Status update unavailable,
81a86d6ef55d06424871ac02aafbf7d6a627d95c1556b4e341532bc461392e1f,2025-06,City of London Police,City of London Police,-0.085089,51.512105,On or near Gracechurch Street,E01032739,City of London 001F,Shoplifting,Status update unavailable,
63582e0f767c19494f4bf85c90c9221a8c27f64b440cf10e611e893c9a600ec8,2025-06,City of London Police,City of London Police,-0.081902,51.517296,On or near Liverpool Street,E01032739,City of London 001F,Shoplifting,Investigation complete; no suspect identified,
f17d5b5e6b9c970dcffd0618087beafd247a196732eb5d8865133bf8e887295a,2025-06,City of London Police,City of London Police,-0.081512,51.518692,On or near London Liverpool Street,E01032739,City of London 001F,Shoplifting,Court result unavailable,
8b1ebf099e8a05cdd365b7f0095b74a747b9ba9e49b7c622a65d7fc15e7192ad,2025-06,City of London Police,City of London Police,-0.081902,51.517296,On or near Liverpool Street,E01032739,City of London 001F,Shoplifting,Investigation complete; no suspect identified,
441d4e4103cb74958a79a151789910f79870bfa426b5b19d514192f0b1a4f702,2025-06,City of London Police,City of London Police,-0.095924,51.513882,On or near Shopping Area,E01032739,City of London 001F,Shoplifting,Court result unavailable,
0e413672227243b8ea6b2d3ee214faf3b26e3d74bc97897044beeef06fc500be,2025-06,City of London Police,City of London Police,-0.084836,51.511939,On or near Shopping Area,E01032739,City of London 001F,Shoplifting,Status update unavailable,
d40581e0821c4bedc0d94ae69b44e7ccc320b64e5f771c7294c6ef508b7b3bcc,2025-06,City of London Police,City of London Police,-0.081643,51.510070,On or near Great Tower Street,E01032739,City of London 001F,Shoplifting,Court result unavailable,
4c64c4d07345d24d81d451231b60204ac0c80399fe11cf58ce319664ce94f326,2025-06,City of London Police,City of London Police,-0.095924,51.513882,On or near Shopping Area,E01032739,City of London 001F,Shoplifting,Status update unavailable,
4d1853792eef05e6ec193905dcf2bd09f140c1b178ce09119c20ce7380f00b16,2025-06,City of London Police,City of London Police,-0.084754,51.512882,On or near Corbet Court,E01032739,City of London 001F,Shoplifting,Status update unavailable,
33036aa5dcbb18704ec20c523dae4bd4473f9ded637e99d0c8ae5e198c4e702d,2025-06,City of London Police,City of London Police,-0.078278,51.513666,On or near Mitre Street,E01032739,City of London 001F,Shoplifting,Status update unavailable,
383313001db82fa8075449fcc850eb7f2bb12dc772b05576947b0e6aefc4287a,2025-06,City of London Police,City of London Police,-0.095924,51.513882,On or near Shopping Area,E01032739,City of London 001F,Shoplifting,Status update unavailable,
1b54389e6fc9d6daf053ccc535976a554a9a2082bcee1feab9cd7ff006d49461,2025-06,City of London Police,City of London Police,-0.079883,51.517326,On or near New Street,E01032739,City of London 001F,Shoplifting,Status update unavailable,
d37c6d708f26b9ac7c5aa3cab9473e409739b8eda21177abd11eee0f72e85079,2025-06,City of London Police,City of London Police,-0.079883,51.517326,On or near New Street,E01032739,City of London 001F,Shoplifting,Status update unavailable,
b4f51a52711d5a65af0026e474aae3503b9a430f0e7d4032cbb96cf71efcb6f2,2025-06,City of London Police,City of London Police,-0.086815,51.517007,On or near Circus Place,E01032739,City of London 001F,Shoplifting,Status update unavailable,
dcce744d5faa6b5c562879217f0a957a28eb37495c8acbb0fade50a88d15b46b,2025-06,City of London Police,City of London Police,-0.095924,51.513882,On or near Shopping Area,E01032739,City of London 001F,Shoplifting,Investigation complete; no suspect identified,
6d31ed7bc5a5fcefefc37dd039664b1508be3ba5e0a8c15dc3492b420a2b8975,2025-06,City of London Police,City of London Police,-0.079883,51.517326,On or near New Street,E01032739,City of London 001F,Shoplifting,Status update unavailable,
61750a698a29ffb8ef3665e0656b25f6f459ccc738ca3c2680d73d1dac589613,2025-06,City of London Police,City of London Police,-0.079907,51.517785,On or near Victoria Avenue,E01032739,City of London 001F,Shoplifting,Status update unavailable,
2a0797560bfd39f7477d59e829b470e2de7b930d35cac1fc4677e4a2d467a814,2025-06,City of London Police,City of London Police,-0.084836,51.511939,On or near Shopping Area,E01032739,City of London 001F,Shoplifting,Investigation complete; no suspect identified,
6c54307c709a501d339d5bd57ece6878992e8e0ac3992401d4047d7e3812639a,2025-06,City of London Police,City of London Police,-0.095924,51.513882,On or near Shopping Area,E01032739,City of London 001F,Shoplifting,Court result unavailable,
2e700dcab1d4a1ea9f67199b1cdb4833a8ab55f4e5f5fd914db800722efb0648,2025-06,City of London Police,City of London Police,-0.086815,51.517007,On or near Circus Place,E01032739,City of London 001F,Shoplifting,Investigation complete; no suspect identified,
fd9fa8e47058f6d7aa1a22eb5f367465f447c8698fcdd83f3f9730fdf31bc0b2,2025-06,City of London Police,City of London Police,-0.084910,51.512588,On or near Bell Inn Yard,E01032739,City of London 001F,Shoplifting,Investigation complete; no suspect identified,
cfbb63d7d67401eacf7928181ce5587fae810bef0b23f215d36c5982d0af9afc,2025-06,City of London Police,City of London Police,-0.091947,51.513188,On or near Pancras Lane,E01032739,City of London 001F,Shoplifting,Status update unavailable,
478a90d4325876d9ca820cd9c8981fab0427bc28396e4186743a3d1d844c5412,2025-06,City of London Police,City of London Police,-0.079907,51.517785,On or near Victoria Avenue,E01032739,City of London 001F,Shoplifting,Unable to prosecute suspect,
9a42c1d1630b4554edd8e73454c5a0cce5f4582d882fbc55e4f87f8ff4eacbf2,2025-06,City of London Police,City of London Police,-0.084754,51.512882,On or near Corbet Court,E01032739,City of London 001F,Shoplifting,Status update unavailable,
f476e3f34152bcfc509ac73b06bac2d2b14b49133277397f3c9c956ba1b15a68,2025-06,City of London Police,City of London Police,-0.085089,51.512105,On or near Gracechurch Street,E01032739,City of London 001F,Shoplifting,Status update unavailable,
50b140823a539c7068b62cc4156d02740d5edfe1ab4455c86c18a2325da76d93,2025-06,City of London Police,City of London Police,-0.086815,51.517007,On or near Circus Place,E01032739,City of London 001F,Shoplifting,Investigation complete; no suspect identified,
9cd730b8ca2905b7d80fc031a65a51bd73e86dc89211b89b5506cbf7f9151274,2025-06,City of London Police,City of London Police,-0.085089,51.512105,On or near Gracechurch Street,E01032739,City of London 001F,Shoplifting,Status update unavailable,
3689a99d67e110843d1241baea55aa288ac9b885ec577d9080730c5d3296a16c,2025-06,City of London Police,City of London Police,-0.081902,51.517296,On or near Liverpool Street,E01032739,City of London 001F,Shoplifting,Status update unavailable,
6906b361789ceef9d3b52a3e2db502f328d7ff4cd6a4d75cd12cb5399e67e8fa,2025-06,City of London Police,City of London Police,-0.084754,51.512882,On or near Corbet Court,E01032739,City of London 001F,Shoplifting,Unable to prosecute suspect,
161ad33d3c29b1c5a4afe87f738364254a89874c214080b340b23aabc278179f,2025-06,City of London Police,City of London Police,-0.081902,51.517296,On or near Liverpool Street,E01032739,City of London 001F,Shoplifting,Status update unavailable,
5b17a6c58f8b84181557184bbef61927628948a21d8885e1046d9c3de7a32fca,2025-06,City of London Police,City of London Police,-0.081113,51.516869,On or near Bishopsgate,E01032739,City of London 001F,Shoplifting,Status update unavailable,
dca029dc347c841947d115d27e9b697d4943e658d45f710fab10d33fed3eea27,2025-06,City of London Police,City of London Police,-0.086815,51.517007,On or near Circus Place,E01032739,City of London 001F,Shoplifting,Investigation complete; no suspect identified,
40c61cc9ca0a58637f358331170e6e64e58e668f3472c50f6583d6ddfcbf9ec7,2025-06,City of London Police,City of London Police,-0.094070,51.513079,On or near Watling Street,E01032739,City of London 001F,Shoplifting,Court result unavailable,
16a6cde7b290b0be04c8a0b20d91cc89371d0f1a3c030fe49dc09d0dbd1a8648,2025-06,City of London Police,City of London Police,-0.081902,51.517296,On or near Liverpool Street,E01032739,City of London 001F,Shoplifting,Investigation complete; no suspect identified,
ae547a6b0a7ebaef57513e148b8d042ad36befa862c5368f0d22fea2c1f61f9f,2025-06,City of London Police,City of London Police,-0.079883,51.517326,On or near New Street,E01032739,City of London 001F,Shoplifting,Unable to prosecute suspect,
b28cb838a3b72923c9012a2b06c9cd057c5cc6038e32e4213aa2e21ad78e0b36,2025-06,City of London Police,City of London Police,-0.084754,51.512882,On or near Corbet Court,E01032739,City of London 001F,Shoplifting,Investigation complete; no suspect identified,
70f92e5b22191c53d7752e07823e0b8e598fec5799a9c90e67ab11bb83b4e786,2025-06,City of London Police,City of London Police,-0.095924,51.513882,On or near Shopping Area,E01032739,City of London 001F,Shoplifting,Status update unavailable,
fdc51d2bf74e38b99a4af30f84a16dc7da2bdcb2192fb28418c4155b277370ec,2025-06,City of London Police,City of London Police,-0.100201,51.513286,On or near Dean'S Court,E01032739,City of London 001F,Shoplifting,Status update unavailable,
d94a48d4a1a4c9f2bad076237a644736099885a0a20b1b27cc0c6f6c2d159bc4,2025-06,City of London Police,City of London Police,-0.094900,51.513209,On or near Bread Street,E01032739,City of London 001F,Theft from the person,Status update unavailable,
f1e2a3b3e8f30a42527a4482cac2155f6b716257dc8c6e7ce6e97c5f2fc1de50,2025-06,City of London Police,City of London Police,-0.104276,51.513712,On or near A201,E01032739,City of London 001F,Theft from the person,Status update unavailable,
2a0f7f8bd4c2884a60b9a8e639b1a49019e55c8e66bd3e32b7d0f9e7ae872224,2025-06,City of London Police,City of London Police,-0.088785,51.517102,On or near Moorgate,E01032739,City of London 001F,Theft from the person,Status update unavailable,
d6afc383ea7aa19eeafa3011caa48a23ea491af288ba1c7b3fa3ff7f3f09e80c,2025-06,City of London Police,City of London Police,-0.081512,51.518692,On or near London Liverpool Street,E01032739,City of London 001F,Theft from the person,Status update unavailable,
359997f8bcb7f24e8012cd9525ce8b0ec148ad13b8e758df61778e6e4f324a6b,2025-06,City of London Police,City of London Police,-0.104276,51.513712,On or near A201,E01032739,City of London 001F,Theft from the person,Status update unavailable,
f0b7d1f2d790b888d00a60822509df26ce71a5c38f51ba406a2f6e64f340d1c4,2025-06,City of London Police,City of London Police,-0.100201,51.513286,On or near Dean'S Court,E01032739,City of London 001F,Theft from the person,Status update unavailable,
68a6c71c5e4ce97453acecf2b1f7ea882a83cab1db1afff70cad9059bff804ef,2025-06,City of London Police,City of London Police,-0.104276,51.513712,On or near A201,E01032739,City of London 001F,Theft from the person,Status update unavailable,
178d01ca296d305a755e4fdfbf31da7d9c29b743b6bc1cf54c3974b6266e328c,2025-06,City of London Police,City of London Police,-0.100201,51.513286,On or near Dean'S Court,E01032739,City of London 001F,Theft from the person,Status update unavailable,
16d0e135857f8b84ce8368b5d00d6aa0c52f738e2350483825f25da24e8c2509,2025-06,City of London Police,City of London Police,-0.079838,51.514267,On or near Bury Street,E01032739,City of London 001F,Theft from the person,Status update unavailable,
80ad382d86e5172a2faca2e67664e9d9bee0455b05392dbf4e22e8796a84c8ea,2025-06,City of London Police,City of London Police,-0.079138,51.508312,On or near Lower Thames Street,E01032739,City of London 001F,Theft from the person,Status update unavailable,
f075e48c8f43a87ecf3e468dd90bc636b4cc405905a6f7cdd914491ee2baca1d,2025-06,City of London Police,City of London Police,-0.081902,51.517296,On or near Liverpool Street,E01032739,City of London 001F,Theft from the person,Status update unavailable,
c0258dc038a7ff744745652cbb6d54f91f38f2e1c0704781d41ef5902f55900b,2025-06,City of London Police,City of London Police,-0.091823,51.514427,On or near Ironmonger Lane,E01032739,City of London 001F,Theft from the person,Status update unavailable,
5eac352033fec9d6ccfa8f52dd3aa130d29d7821df1a173a8652131e3f5fc63c,2025-06,City of London Police,City of London Police,-0.087157,51.512624,On or near Lombard Street,E01032739,City of London 001F,Theft from the person,Status update unavailable,
3f21249b0c9a42879e87a2bbba0f6340acd83f34817167e777848d500bc955e3,2025-06,City of London Police,City of London Police,-0.088456,51.514975,On or near Tokenhouse Yard,E01032739,City of London 001F,Theft from the person,Status update unavailable,
35a104a72fed50b5ef66ec364098c7a2258d9549c27beb590905ddc69d965286,2025-06,City of London Police,City of London Police,-0.082993,51.516360,On or near Wormwood Street,E01032739,City of London 001F,Theft from the person,Status update unavailable,
ba792fbb55cfb62a6ec6505de0a367bf56345c26854b2f2838814ed6ff030102,2025-06,City of London Police,City of London Police,-0.091540,51.511896,On or near Cannon Street,E01032739,City of London 001F,Theft from the person,Status update unavailable,
151e49b1c5dcf42bbc38b845da9e0cbe994fbd76dca65c0ce8025de1b5c6d1cf,2025-06,City of London Police,City of London Police,-0.097291,51.514626,On or near Supermarket,E01032739,City of London 001F,Theft from the person,Status update unavailable,
d804ed045873ff573d269d623cd6ed41d3752fd5e456313ebc16ea5c780776fa,2025-06,City of London Police,City of London Police,-0.077563,51.517656,On or near Sandy'S Row,E01032739,City of London 001F,Theft from the person,Status update unavailable,
80880970cc21cfbb4cb082b93fa99f974518e369d1b8ac0c3b2a17f5be4089c2,2025-06,City of London Police,City of London Police,-0.094900,51.513209,On or near Bread Street,E01032739,City of London 001F,Theft from the person,Status update unavailable,
75255afcfcbf094f94a7ef9f002ae6007dd365749f3ecabbd70d0848a2f1a7b1,2025-06,City of London Police,City of London Police,-0.083977,51.510441,On or near Lovat Lane,E01032739,City of London 001F,Theft from the person,Status update unavailable,
c682d3a15c4efccc2465f58291304b3ec2f456895c97b31d2a562a33ab3cb85f,2025-06,City of London Police,City of London Police,-0.088785,51.517102,On or near Moorgate,E01032739,City of London 001F,Theft from the person,Investigation complete; no suspect identified,
9ec6a10152ebd569527e90ab75ed8c73415a1e925bc8740eaef960786c627117,2025-06,City of London Police,City of London Police,-0.081902,51.517296,On or near Liverpool Street,E01032739,City of London 001F,Theft from the person,Status update unavailable,
9805b8fddab95052cc3b051d0e3854c2a7e570a1190109c4cf8288084c4be3c5,2025-06,City of London Police,City of London Police,-0.088785,51.517102,On or near Moorgate,E01032739,City of London 001F,Theft from the person,Status update unavailable,
1f6027215639b85249fe30a8f1bedd15089b01d6de80839997e7daaa22e268b5,2025-06,City of London Police,City of London Police,-0.081512,51.518692,On or near London Liverpool Street,E01032739,City of London 001F,Theft from the person,Status update unavailable,
685b59fc0289975bf7fa50be489f49f65f155fe0d99b450b4ef0b9ef0c8b2150,2025-06,City of London Police,City of London Police,-0.081973,51.515948,On or near A10,E01032739,City of London 001F,Theft from the person,Status update unavailable,
b8bc73bbd0dfa3ef5b6df99e44527c00822340c8846fad13dec0c0da3d410193,2025-06,City of London Police,City of London Police,-0.083349,51.514830,On or near Shopping Area,E01032739,City of London 001F,Theft from the person,Status update unavailable,
3cea0930d0adbf7cc391fb788c3cd6d36322acb0333cc811cfb4b4a6e601d7b5,2025-06,City of London Police,City of London Police,-0.095224,51.513736,On or near Shopping Area,E01032739,City of London 001F,Theft from the person,Status update unavailable,
f3a9d2a08fcc99470b1dc5a7ae0cef07ac8b4494e7e07a3a72e25c5df6569645,2025-06,City of London Police,City of London Police,-0.078059,51.509967,On or near Trinity Square,E01032739,City of London 001F,Theft from the person,Status update unavailable,
1fb9dd30446b40c318eada326fa540a819df91adc22fabf0f03d6e74ec8fc1ec,2025-06,City of London Police,City of London Police,-0.101906,51.511794,On or near Theatre/Concert Hall,E01032739,City of London 001F,Theft from the person,Status update unavailable,
d46a27a14d257199b61286b7aaa08d390bc08602d24f91dcb37931f4badf2174,2025-06,City of London Police,City of London Police,-0.089208,51.509744,On or near Angel Lane,E01032739,City of London 001F,Theft from the person,Status update unavailable,
c90cb2cc7449ff7934a52aba968c4f65c2269c5933cd283c48d2d20301cea563,2025-06,City of London Police,City of London Police,-0.095764,51.512549,On or near Friday Street,E01032739,City of London 001F,Theft from the person,Status update unavailable,
ae5d6059180a397bd04669aa67f9fe90bab5b621f50c794117dd9c0aab597837,2025-06,City of London Police,City of London Police,-0.079521,51.511196,On or near New London Street,E01032739,City of London 001F,Theft from the person,Status update unavailable,
0aa9233f625bcbc4ec0782858345bf4a0e38a1ccf9c11b18d1233b39be5e7a55,2025-06,City of London Police,City of London Police,-0.081113,51.516869,On or near Bishopsgate,E01032739,City of London 001F,Theft from the person,Status update unavailable,
2eb7da6d07872b81550447789d5cb0fe7d174205ca87219746b7bf701e354504,2025-06,City of London Police,City of London Police,-0.091823,51.514427,On or near Ironmonger Lane,E01032739,City of London 001F,Theft from the person,Status update unavailable,
c4cd26192104cefeeabc3a0694b503053262fe279a36d96209be355fb06b4807,2025-06,City of London Police,City of London Police,-0.079907,51.517785,On or near Victoria Avenue,E01032739,City of London 001F,Theft from the person,Status update unavailable,
03018122ea3d7c7ae20f577d1b475d6fb5f829320cb7b290ee952d959c108df6,2025-06,City of London Police,City of London Police,-0.092531,51.512658,On or near Queen Street,E01032739,City of London 001F,Theft from the person,Status update unavailable,
ef4326e2e4213bc304827de4e3c77f2ebd60634ce923532e814a8b84925950a1,2025-06,City of London Police,City of London Police,-0.078424,51.518093,On or near Widegate Street,E01032739,City of London 001F,Theft from the person,Status update unavailable,
885d2ea42f5adc5c7ae37312deeae27e2ae6eee94f226fbcae0f6a5bf9cc278e,2025-06,City of London Police,City of London Police,-0.081902,51.517296,On or near Liverpool Street,E01032739,City of London 001F,Theft from the person,Status update unavailable,
c5de12c0f7f24625932d5b28fb079a39150e45226b816693b5d049709cf654f9,2025-06,City of London Police,City of London Police,-0.087772,51.510665,On or near Martin Lane,E01032739,City of London 001F,Theft from the person,Investigation complete; no suspect identified,
2c930a1de01fb105c089485f9fe51b1cf8fdec2245b9302d2636f0f05b8dfe4c,2025-06,City of London Police,City of London Police,-0.081902,51.517296,On or near Liverpool Street,E01032739,City of London 001F,Theft from the person,Status update unavailable,
ed62681b4045889e20e529218f2adab5db2aadcc60ecd1cce49cfdbee05efe87,2025-06,City of London Police,City of London Police,-0.089808,51.517461,On or near London Wall,E01032739,City of London 001F,Theft from the person,Status update unavailable,
881b16bc7908ffc28205c38dca07ec0d6df8a9e51dbf4182c7a60ceee2e250b6,2025-06,City of London Police,City of London Police,-0.087157,51.512624,On or near Lombard Street,E01032739,City of London 001F,Theft from the person,Status update unavailable,
f6e8fad1ee44e401416126861e8525fb7208e6f740809734eba8c596d22521bc,2025-06,City of London Police,City of London Police,-0.095924,51.513882,On or near Shopping Area,E01032739,City of London 001F,Theft from the person,Status update unavailable,
d27a1e2511c447b0fcb63b2432ddf7c0fa1750b1d1af20bb5fe3ba4c8184ed70,2025-06,City of London Police,City of London Police,-0.097291,51.514626,On or near Supermarket,E01032739,City of London 001F,Theft from the person,Status update unavailable,
49ec3efeefb1746091316a523605b25f3cecd94edb2a90abd230b3e5d731443a,2025-06,City of London Police,City of London Police,-0.079907,51.517785,On or near Victoria Avenue,E01032739,City of London 001F,Theft from the person,Status update unavailable,
da718c6e8dbb543a3d2dc503a68c9aeed71b5fd32934063a594d377063e24466,2025-06,City of London Police,City of London Police,-0.084844,51.510725,On or near Eastcheap,E01032739,City of London 001F,Theft from the person,Investigation complete; no suspect identified,
4fe196c0821f02de6c4ef6cb849a0f4701074eaa1fbcff9e580f073972e5275a,2025-06,City of London Police,City of London Police,-0.095924,51.513882,On or near Shopping Area,E01032739,City of London 001F,Theft from the person,Status update unavailable,
f78d71ac066cf0f6d8dc4ee3ecb3255894a866e3aecd8b40b2837502bcd2de55,2025-06,City of London Police,City of London Police,-0.092036,51.511049,On or near College Street,E01032739,City of London 001F,Vehicle crime,Investigation complete; no suspect identified,
198f001e8084b19fb0e0460ecb67168d7cd24b57269bbedb4c70f95b5eb39551,2025-06,City of London Police,City of London Police,-0.080365,51.508943,On or near Parking Area,E01032739,City of London 001F,Vehicle crime,Investigation complete; no suspect identified,
ccaf97ebe95303a7bc49fca8dcfc30112562ac56b612ee01ec0973eb1bf5a787,2025-06,City of London Police,City of London Police,-0.101292,51.514770,On or near Amen Court,E01032739,City of London 001F,Violence and sexual offences,Unable to prosecute suspect,
89a5eaf3478f3e824ed7c46144e9f358ad70b40ad9919f88c4e027c971820510,2025-06,City of London Police,City of London Police,-0.087157,51.512624,On or near Lombard Street,E01032739,City of London 001F,Violence and sexual offences,Awaiting court outcome,
a1cc29e99948bbb6c10e0a0dcc78e39bc15c3168d973980e20a571eb2598fcae,2025-06,City of London Police,City of London Police,-0.086019,51.513631,On or near Finch Lane,E01032739,City of London 001F,Violence and sexual offences,Status update unavailable,
7b570c12c609de98e6b1c292e80d25d73fe686284164c71a8b13dbb967bc4015,2025-06,City of London Police,City of London Police,-0.086019,51.513631,On or near Finch Lane,E01032739,City of London 001F,Violence and sexual offences,Status update unavailable,
3c590dfb37aacf0a6e5a3213fc712baf9ac5366c3646d050ca588c6187362b93,2025-06,City of London Police,City of London Police,-0.093339,51.511557,On or near Conference/Exhibition Centre,E01032739,City of London 001F,Violence and sexual offences,Status update unavailable,
80770f8810afbb294421192857740a76ef9257f460cb2e418cc60d761551c94b,2025-06,City of London Police,City of London Police,-0.090578,51.509722,On or near Allhallows Lane,E01032739,City of London 001F,Violence and sexual offences,Court result unavailable,
5e943eae59dbd61d7cc16f0201363acc5ddc62c30fd3fcc03d59d91a07554da9,2025-06,City of London Police,City of London Police,-0.080291,51.514814,On or near Bury Court,E01032739,City of London 001F,Violence and sexual offences,Unable to prosecute suspect,
ca84cc03a60045335abcb9a40055c0ebaae1e1e5622e02bf87c27c5e83c92015,2025-06,City of London Police,City of London Police,-0.078937,51.514109,On or near Heneage Place,E01032739,City of London 001F,Violence and sexual offences,Awaiting court outcome,
f1500671d34cc33a38b9e17c75289ddae8e0c522c42b42f94bcc7408db7505d0,2025-06,City of London Police,City of London Police,-0.094900,51.513209,On or near Bread Street,E01032739,City of London 001F,Violence and sexual offences,Unable to prosecute suspect,
ad47bee293be617df5c7efbcc34c4dc6f8f295d3da456be31045a3fc4b7c6251,2025-06,City of London Police,City of London Police,-0.086019,51.513631,On or near Finch Lane,E01032739,City of London 001F,Violence and sexual offences,Status update unavailable,
06d3d6b6bcb700c79d6b5a07de2247ca0157aa453cfabc205b410d3ae965c3ab,2025-06,City of London Police,City of London Police,-0.081512,51.518692,On or near London Liverpool Street,E01032739,City of London 001F,Violence and sexual offences,Unable to prosecute suspect,
30cf1490a24592cb757812cbd2febcc44980274fec165aad7b6c4ac7ab9dcf1d,2025-06,City of London Police,City of London Police,-0.080291,51.514814,On or near Bury Court,E01032739,City of London 001F,Violence and sexual offences,Status update unavailable,
078c60de307ab5cbf8ca07717d30ac3f6d4e6f76e0739367c63be04f578d8ad2,2025-06,City of London Police,City of London Police,-0.080291,51.514814,On or near Bury Court,E01032739,City of London 001F,Violence and sexual offences,Status update unavailable,
f19cb937b28880a6b28f5bde3b377e37370cdfa8ec76ce084c275fbca185505f,2025-06,City of London Police,City of London Police,-0.080291,51.514814,On or near Bury Court,E01032739,City of London 001F,Violence and sexual offences,Unable to prosecute suspect,
01b71e7f589e61c4d822c3c989c7eb55bdd1617dfc72392e0e5ee0c3f3e3015c,2025-06,City of London Police,City of London Police,-0.083349,51.514830,On or near Shopping Area,E01032739,City of London 001F,Violence and sexual offences,Investigation complete; no suspect identified,
e067e7f298e06e321daa77e26e4833ee437ede4d106f7239b3aa6fda5b520b14,2025-06,City of London Police,City of London Police,-0.079907,51.517785,On or near Victoria Avenue,E01032739,City of London 001F,Violence and sexual offences,Unable to prosecute suspect,
8a100a231294e21570a7423be1d16ea1fe3823313ed6b2c18478468f44844df6,2025-06,City of London Police,City of London Police,-0.087772,51.510665,On or near Martin Lane,E01032739,City of London 001F,Violence and sexual offences,Offender given a caution,
4b5b90e01a4d2dbc361687db6f36a1cc596f4b307dc3331b33c6cc7eb8a17589,2025-06,City of London Police,City of London Police,-0.089479,51.510864,On or near Gophir Lane,E01032739,City of London 001F,Violence and sexual offences,Status update unavailable,
782c69321c52f20edddb0bccd7662a71bc68c65cb738c1b9e662703f8b13f5ea,2025-06,City of London Police,City of London Police,-0.095054,51.510559,On or near Queenhithe,E01032739,City of London 001F,Violence and sexual offences,Status update unavailable,
d9f29880f397c9bed75c4a91c186042f2f98ebed8930f0a712e61174726bc2b2,2025-06,City of London Police,City of London Police,-0.079907,51.517785,On or near Victoria Avenue,E01032739,City of London 001F,Violence and sexual offences,Status update unavailable,
a155e45890c5f4d08e497760cbc7abde9f68a50689a2a5a2f03219f55ae50d5b,2025-06,City of London Police,City of London Police,-0.079907,51.517785,On or near Victoria Avenue,E01032739,City of London 001F,Violence and sexual offences,Status update unavailable,
670ae6f8c7561fd4cbe91bb71a8afa372ef47908d68a3f01c7585b2cb49cfc49,2025-06,City of London Police,City of London Police,-0.079907,51.517785,On or near Victoria Avenue,E01032739,City of London 001F,Violence and sexual offences,Unable to prosecute suspect,
a3813612d4a6bcaff06a923da89f02491e0dc13e22a5e00675a534c1dfe71abd,2025-06,City of London Police,City of London Police,-0.079907,51.517785,On or near Victoria Avenue,E01032739,City of London 001F,Violence and sexual offences,Status update unavailable,
24a95f25b3c2a65b730a747f7d9947904025bae7ebbe1b761a8fb34d9b987721,2025-06,City of London Police,City of London Police,-0.095054,51.510559,On or near Queenhithe,E01032739,City of London 001F,Violence and sexual offences,Awaiting court outcome,
7f138b1b8c79447a81c35d4f7b5123180baddf22224f54deded154ca44222a16,2025-06,City of London Police,City of London Police,-0.102134,51.513929,On or near Ludgate Hill,E01032739,City of London 001F,Violence and sexual offences,Status update unavailable,
b3cfe09f6a044db7955af7a7c6158eb0164eaceeace6d70b38e7b032ce6407f0,2025-06,City of London Police,City of London Police,-0.096501,51.513874,On or near New Change,E01032739,City of London 001F,Violence and sexual offences,Status update unavailable,
c6cfdcc5bae6fc9f8ecca9c872888198ec02af6469e751714174697628bb4ce7,2025-06,City of London Police,City of London Police,-0.079907,51.517785,On or near Victoria Avenue,E01032739,City of London 001F,Violence and sexual offences,Status update unavailable,
5eb228f58ad47ab997175c70d348879ea5a8163808fef023d4b9b5072e65c911,2025-06,City of London Police,City of London Police,-0.080291,51.514814,On or near Bury Court,E01032739,City of London 001F,Violence and sexual offences,Unable to prosecute suspect,
9031f59c440b1f450301b1224506155e1667ac71e10c309da1bfe7a7ba93545e,2025-06,City of London Police,City of London Police,-0.082993,51.516360,On or near Wormwood Street,E01032739,City of London 001F,Violence and sexual offences,Status update unavailable,
05a6d2611631f6f84fa54c88e5ecb56e2ceaeb618f54401ddb5d3ba1ba9f68be,2025-06,City of London Police,City of London Police,-0.101292,51.514770,On or near Amen Court,E01032739,City of London 001F,Violence and sexual offences,Court result unavailable,
ff04b43d43a8244d23c5646d50c3f73d359277e91604f575e7f9bd44913cf2e7,2025-06,City of London Police,City of London Police,-0.091540,51.511896,On or near Cannon Street,E01032739,City of London 001F,Violence and sexual offences,Unable to prosecute suspect,
492ab34778f1386035df50425800024359cd64c217e4a3d7515f9549d16fcb82,2025-06,City of London Police,City of London Police,-0.079521,51.511196,On or near New London Street,E01032739,City of London 001F,Violence and sexual offences,Status update unavailable,
63a8c90e99b680ac400a25002b360f6541d00371d4849de9c9594ad78938f49f,2025-06,City of London Police,City of London Police,-0.101589,51.513515,On or near Ludgate Square,E01032739,City of London 001F,Violence and sexual offences,Status update unavailable,
4e5211f9b75f9e2a53775dfcb8f4da89ded203da15518a58eaacc47a86e605b5,2025-06,City of London Police,City of London Police,-0.084836,51.511939,On or near Shopping Area,E01032739,City of London 001F,Violence and sexual offences,Status update unavailable,
2575cceb8e1f5e29ea8a60d30403bb063b0a2f6b769a93316cae0991700e163a,2025-06,City of London Police,City of London Police,-0.083349,51.514830,On or near Shopping Area,E01032739,City of London 001F,Violence and sexual offences,Status update unavailable,
6a264b0807a123e77244239faf891fa956eed19f2cc89ff45d70c03e46b58124,2025-06,City of London Police,City of London Police,-0.083349,51.514830,On or near Shopping Area,E01032739,City of London 001F,Violence and sexual offences,Status update unavailable,
b9aac4055e61c151ff7c8edd285320211b8eae48e47680808908736a3617d8b5,2025-06,City of London Police,City of London Police,-0.081643,51.510070,On or near Great Tower Street,E01032739,City of London 001F,Violence and sexual offences,Investigation complete; no suspect identified,
5cd7e168876d2f6423cf5c91cc38b075f6dbf5ae9b8d34af11dd01f0325261a7,2025-06,City of London Police,City of London Police,-0.081113,51.516869,On or near Bishopsgate,E01032739,City of London 001F,Violence and sexual offences,Unable to prosecute suspect,
ad4916cd7158585b19ff8c103c083b4111d962d7f7df738679a20036aa6c8766,2025-06,City of London Police,City of London Police,-0.095054,51.510559,On or near Queenhithe,E01032739,City of London 001F,Violence and sexual offences,Status update unavailable,
d5fd52546c9af52282cbe588af0e0c6de8c2c647024f594b41c93c471482d9b1,2025-06,City of London Police,City of London Police,-0.089808,51.517461,On or near London Wall,E01032739,City of London 001F,Violence and sexual offences,Status update unavailable,
fba8a0a171b31134e854aa27acd77d348a08917ab1213c5ac17f63f914f2bd47,2025-06,City of London Police,City of London Police,-0.086019,51.513631,On or near Finch Lane,E01032739,City of London 001F,Violence and sexual offences,Status update unavailable,
8c41391a941ec3896c3c67eb05aa25aa19b11516e58edc2e8a6c3a07f3d35991,2025-06,City of London Police,City of London Police,-0.079907,51.517785,On or near Victoria Avenue,E01032739,City of London 001F,Violence and sexual offences,Unable to prosecute suspect,
0ecea810eccab1f7b171b87972339aa1b77d52d7a0e676c7f7718b88c147e62e,2025-06,City of London Police,City of London Police,-0.092531,51.512658,On or near Queen Street,E01032739,City of London 001F,Violence and sexual offences,Investigation complete; no suspect identified,
d15e5ff261c2c97fd28c24c9d5e2c6595817057c7f2ac8ddb3cd243bfaf1f2a5,2025-06,City of London Police,City of London Police,-0.104276,51.513712,On or near A201,E01032739,City of London 001F,Violence and sexual offences,Unable to prosecute suspect,
fbede16a556e977d343634c1069f0d170df14437019426c1ebd202eb668fca35,2025-06,City of London Police,City of London Police,-0.082993,51.516360,On or near Wormwood Street,E01032739,City of London 001F,Violence and sexual offences,Status update unavailable,
5164751301771d3a9aad5dd1f4fec550144602ebd5346fd096f55cba6df7e9e5,2025-06,City of London Police,City of London Police,-0.079907,51.517785,On or near Victoria Avenue,E01032739,City of London 001F,Violence and sexual offences,Status update unavailable,
1c16eb60a3644ddd427960d72d9796b550c9f74959cc4c1563e6a2f6676f54bc,2025-06,City of London Police,City of London Police,-0.079883,51.517326,On or near New Street,E01032739,City of London 001F,Violence and sexual offences,Unable to prosecute suspect,
6937e7e7b48d82bf59dee393e9bde3d902e5b1be0578f238304132b42719a8b0,2025-06,City of London Police,City of London Police,-0.080291,51.514814,On or near Bury Court,E01032739,City of London 001F,Violence and sexual offences,Unable to prosecute suspect,
16ebf9b52675ce59020455ef94157e293b204e8318bccc34b2a2ce6f1aa3b087,2025-06,City of London Police,City of London Police,-0.091823,51.514427,On or near Ironmonger Lane,E01032739,City of London 001F,Violence and sexual offences,Unable to prosecute suspect,
b807ed0ea980d3d3bd16000542f74f5a4ca36afc5538d72c522f26f6a19c0b47,2025-06,City of London Police,City of London Police,-0.081113,51.516869,On or near Bishopsgate,E01032739,City of London 001F,Violence and sexual offences,Status update unavailable,
829219810259192bd43d765dd15dd15cf8970305ec9906f90fd9ef861014d420,2025-06,City of London Police,City of London Police,-0.083977,51.510441,On or near Lovat Lane,E01032739,City of London 001F,Violence and sexual offences,Investigation complete; no suspect identified,
4a78c390aaf9e874b9cc9827f33d9cbd8ff622d244554dc50a7aa17d3ced3e85,2025-06,City of London Police,City of London Police,-0.092531,51.512658,On or near Queen Street,E01032739,City of London 001F,Violence and sexual offences,Unable to prosecute suspect,
0a1e53ab0f57ee4c26e66dcf01cc09c26fd0513895bdc22becb09c5c156a5952,2025-06,City of London Police,City of London Police,-0.101292,51.514770,On or near Amen Court,E01032739,City of London 001F,Violence and sexual offences,Status update unavailable,
8d8ecfd2b93f3c90b6885865b527763985c14e01532c0cf6bb9f0ab86f033520,2025-06,City of London Police,City of London Police,-0.092531,51.512658,On or near Queen Street,E01032739,City of London 001F,Violence and sexual offences,Investigation complete; no suspect identified,
5053b70244c0dd71dbae68296e53ad16fd8d93e64d51e19c88eafbc3e81bf696,2025-06,City of London Police,City of London Police,-0.079907,51.517785,On or near Victoria Avenue,E01032739,City of London 001F,Violence and sexual offences,Unable to prosecute suspect,
b44a00d4abccfdd87b3af085910e0af819fecbb5080a335aa3c2e6a93b4f04c8,2025-06,City of London Police,City of London Police,-0.080291,51.514814,On or near Bury Court,E01032739,City of London 001F,Violence and sexual offences,Unable to prosecute suspect,
3c85f7fd094685c9c784e3bf20e031369102323f317d0e6595a5e50a387bee85,2025-06,City of London Police,City of London Police,-0.101906,51.511794,On or near Theatre/Concert Hall,E01032739,City of London 001F,Violence and sexual offences,Unable to prosecute suspect,
eb3249040f22cf6e0ad89a13038967afddc40013b7d74084a0be950f550ec22c,2025-06,City of London Police,City of London Police,-0.091540,51.511896,On or near Cannon Street,E01032739,City of London 001F,Violence and sexual offences,Unable to prosecute suspect,
16de7d9812385f892f400fd0d3c8a112d4a88426dfcf008528efa651fd20c4bb,2025-06,City of London Police,City of London Police,-0.087157,51.512624,On or near Lombard Street,E01032739,City of London 001F,Violence and sexual offences,Status update unavailable,
4ea3ccd138a54086aa5d7bf7edab500aa508093d52c574c6d6e6e65a436db23b,2025-06,City of London Police,City of London Police,-0.101292,51.514770,On or near Amen Court,E01032739,City of London 001F,Violence and sexual offences,Unable to prosecute suspect,
d8b381ba1b155519fd5e198ba8edec42af123dc8d2c2f11d9f9879c5b40f02ee,2025-06,City of London Police,City of London Police,-0.077804,51.518083,On or near Sandy'S Row,E01032739,City of London 001F,Violence and sexual offences,Investigation complete; no suspect identified,
ba0716632b986cb2ae299b237b579bc79035fdc1d4c8f29d1b997988ab976265,2025-06,City of London Police,City of London Police,-0.101292,51.514770,On or near Amen Court,E01032739,City of London 001F,Violence and sexual offences,Investigation complete; no suspect identified,
e5a90216895a1b8e86075890f6e601e03864ad2743a1d7516785a76118104a12,2025-06,City of London Police,City of London Police,-0.077959,51.511332,On or near Crutched Friars,E01032739,City of London 001F,Violence and sexual offences,Status update unavailable,
5a46b47b3a5c4c3aeb1fbda0f73229c6a9327373b32956b328553732c6a9db74,2025-06,City of London Police,City of London Police,-0.087157,51.512624,On or near Lombard Street,E01032739,City of London 001F,Violence and sexual offences,Unable to prosecute suspect,
8acd2555e074fe362542cc82b40eb356ef2e3f8913add47f6ab72b7896261494,2025-06,City of London Police,City of London Police,-0.079838,51.514267,On or near Bury Street,E01032739,City of London 001F,Violence and sexual offences,Status update unavailable,
9255c6124d18e36dbbe8e0540370f2d8e1735d9fcd273dcccdab3b49ec75d361,2025-06,City of London Police,City of London Police,-0.081113,51.516869,On or near Bishopsgate,E01032739,City of London 001F,Violence and sexual offences,Unable to prosecute suspect,
d2cdd03bf8baba9d5543a640e7235ef138ea73e3badf72ed4ee4cab38815bb5e,2025-06,City of London Police,City of London Police,-0.084754,51.512882,On or near Corbet Court,E01032739,City of London 001F,Violence and sexual offences,Status update unavailable,
4a36514154d4db029dc781b41dd1667a0d73e5ef1fab7dcae5cadf36d4197a61,2025-06,City of London Police,City of London Police,-0.091823,51.514427,On or near Ironmonger Lane,E01032739,City of London 001F,Violence and sexual offences,Unable to prosecute suspect,
b21ae7265fbcdf4a78d5b2ad157b467d566ed60165c2f7cc4abf23f62b155815,2025-06,City of London Police,City of London Police,-0.101292,51.514770,On or near Amen Court,E01032739,City of London 001F,Violence and sexual offences,Investigation complete; no suspect identified,
4232abe2699af05146aaee03eeda85641038c8caac8eeaa69fe9f97ff7baa956,2025-06,City of London Police,City of London Police,-0.090578,51.509722,On or near Allhallows Lane,E01032739,City of London 001F,Violence and sexual offences,Court result unavailable,
02d7240b0271a1962420edbb87a70efe76536c5d186ec51f4f6d43e3dc7ad63b,2025-06,City of London Police,City of London Police,-0.097291,51.514626,On or near Supermarket,E01032739,City of London 001F,Violence and sexual offences,Action to be taken by another organisation,
6899dfcc5279c76e3a927cb809c573b1c654140e868f20ad46075883681a0a68,2025-06,City of London Police,City of London Police,-0.097291,51.514626,On or near Supermarket,E01032739,City of London 001F,Violence and sexual offences,Action to be taken by another organisation,
462aca0e1cbed6003617b8309655db5faac7fb241141ef40acada29ddd07178d,2025-06,City of London Police,City of London Police,-0.085089,51.512105,On or near Gracechurch Street,E01032739,City of London 001F,Violence and sexual offences,Investigation complete; no suspect identified,
1237b109a5b647aa4dbb24eab899fa1a31fbdc406b55f602ac09a3df346daaa4,2025-06,City of London Police,City of London Police,-0.092633,51.509872,On or near Bell Wharf Lane,E01032739,City of London 001F,Violence and sexual offences,Court result unavailable,
4f99c1ee33eb140ca048d69c9ca578fd466a9f6e0bf1737acf2ef957a9596530,2025-06,City of London Police,City of London Police,-0.095924,51.513882,On or near Shopping Area,E01032739,City of London 001F,Violence and sexual offences,Status update unavailable,
7dba8b19474208a51bf13647a93b75fab478539ef4d8cdd1ded75d39cc3ea8a9,2025-06,City of London Police,City of London Police,-0.100201,51.513286,On or near Dean'S Court,E01032739,City of London 001F,Violence and sexual offences,Offender given a caution,
450f73cae8b3ed70a13dd0873dbd3cc83b241abededb4b7e0cc68b8c2421c912,2025-06,City of London Police,City of London Police,-0.085089,51.512105,On or near Gracechurch Street,E01032739,City of London 001F,Violence and sexual offences,Investigation complete; no suspect identified,
222a35d8540e0c4898689464462da9db8bc964b0b217a09a8aa28844cfb710b7,2025-06,City of London Police,City of London Police,-0.091947,51.513188,On or near Pancras Lane,E01032739,City of London 001F,Violence and sexual offences,Unable to prosecute suspect,
31a1fb88305b3ad366acf52794b504d807c686dc6b69e8c9f430b01878d7dea6,2025-06,City of London Police,City of London Police,-0.092531,51.512658,On or near Queen Street,E01032739,City of London 001F,Violence and sexual offences,Unable to prosecute suspect,
fd05949cb88ae434627e619c3f6ac6394cf63526eaf94868fdcafa966eb87fa5,2025-06,City of London Police,City of London Police,-0.091947,51.513188,On or near Pancras Lane,E01032739,City of London 001F,Violence and sexual offences,Investigation complete; no suspect identified,
72d4cf143e9b00d4e0a0405a4920fd3ef5812247fb38038ade2247aeba7b8149,2025-06,City of London Police,City of London Police,-0.089808,51.517461,On or near London Wall,E01032739,City of London 001F,Violence and sexual offences,Unable to prosecute suspect,
dfb577e3b275bded782420baca9b3ebc6c92acc8b746ace3afdd3067e1eec5b1,2025-06,City of London Police,City of London Police,-0.095054,51.510559,On or near Queenhithe,E01032739,City of London 001F,Violence and sexual offences,Unable to prosecute suspect,
fe1aab123d0d6a21ef184cfbd75531d6c8ce3178f2b8d3fab3cf7aff99ca064b,2025-06,City of London Police,City of London Police,-0.095054,51.510559,On or near Queenhithe,E01032739,City of London 001F,Violence and sexual offences,Unable to prosecute suspect,
44c1d7eae487d8735cac305e7ad641e0defc70c2bbc3e1acbd8251d173d0ef82,2025-06,City of London Police,City of London Police,-0.095054,51.510559,On or near Queenhithe,E01032739,City of London 001F,Violence and sexual offences,Unable to prosecute suspect,
fcf837cc1ee717842679e361593da32c0eeacbc82c349eed8812d2feced49402,2025-06,City of London Police,City of London Police,-0.079907,51.517785,On or near Victoria Avenue,E01032739,City of London 001F,Violence and sexual offences,Status update unavailable,
11f92fd2f8c6027b06633686cf6562139c9f80dbcc4917cc397b1e1e7b1f109a,2025-06,City of London Police,City of London Police,-0.079521,51.511196,On or near New London Street,E01032739,City of London 001F,Violence and sexual offences,Unable to prosecute suspect,
1b77f0f265151442e89b47f10a9eac56ffe0df47c57134d240103e7dfb496578,2025-06,City of London Police,City of London Police,-0.101589,51.513515,On or near Ludgate Square,E01032739,City of London 001F,Violence and sexual offences,Unable to prosecute suspect,
f6a5734f83d4343479838a72e210b3ff399329ba9012f4e34607204dff844cd0,2025-06,City of London Police,City of London Police,-0.094900,51.513209,On or near Bread Street,E01032739,City of London 001F,Violence and sexual offences,Investigation complete; no suspect identified,
396a3e1b989b345c2e6dd2607d8b0728673d4991ebdd9026859e6a144ed82ecf,2025-06,City of London Police,City of London Police,-0.081973,51.515948,On or near A10,E01032739,City of London 001F,Violence and sexual offences,Unable to prosecute suspect,
1578475b3ef2f8b9ff82f4fb0ee1412f4e84d461a35e31ffd10b551d8a31202d,2025-06,City of London Police,City of London Police,-0.083600,51.509797,On or near St Mary At Hill,E01032739,City of London 001F,Violence and sexual offences,Unable to prosecute suspect,
8fdb58df42beafc05c27e2da395b7fa4899ef9a90b36721d39bc123d29b9ce83,2025-06,City of London Police,City of London Police,-0.101292,51.514770,On or near Amen Court,E01032739,City of London 001F,Violence and sexual offences,Status update unavailable,
f16b414a67bb567e81a13e331a7da1c59e93f6b7f73a9e24cd36edf6540b55c9,2025-06,City of London Police,City of London Police,-0.089208,51.509744,On or near Angel Lane,E01032739,City of London 001F,Violence and sexual offences,Status update unavailable,
a2634d718d3208dca1546d86dc93ee87fadc2b9fde4e21fa0bf4d6189a58837c,2025-06,City of London Police,City of London Police,-0.088456,51.514975,On or near Tokenhouse Yard,E01032739,City of London 001F,Violence and sexual offences,Unable to prosecute suspect,
afe07749ec6cc6d46b7eff0dcc88f17358441e434b09472bb9a38e5039f5157c,2025-06,City of London Police,City of London Police,-0.101475,51.511077,On or near A3211,E01032739,City of London 001F,Other crime,Status update unavailable,
ea207297d1237105616f958a46c51d365a74730128a86ec7f17f6aaaf35b236b,2025-06,City of London Police,City of London Police,-0.091540,51.511896,On or near Cannon Street,E01032739,City of London 001F,Other crime,Status update unavailable,
2067e0427902655d16de167f0ee1b1cfb7d9d5dd479a0efa2bed4ebb2b5af423,2025-06,City of London Police,City of London Police,-0.091947,51.513188,On or near Pancras Lane,E01032739,City of London 001F,Other crime,Status update unavailable,
79a8a76f6b88045cf6993f56c3ad9f3add29c7576eb379edf993612c870e48e5,2025-06,City of London Police,City of London Police,-0.096501,51.513874,On or near New Change,E01032739,City of London 001F,Other crime,Investigation complete; no suspect identified,
bf1ec063b7a0da19228a849d64ccf4b7844d1aac1439947272b4e57e9d15e6fa,2025-06,City of London Police,City of London Police,-0.112111,51.517687,On or near Parking Area,E01032740,City of London 001G,Bicycle theft,Court result unavailable,
c53e2c8e709cbce9e52ec504182eb7dc9901b14b5b916952122b1563bd3450a0,2025-06,City of London Police,City of London Police,-0.103393,51.517978,On or near Smithfield Street,E01032740,City of London 001G,Bicycle theft,Investigation complete; no suspect identified,
923467e063c0be37a788e594288c6ff91a5c6fa679c0e6fb1b8a464cda23aece,2025-06,City of London Police,City of London Police,-0.104980,51.512033,On or near Kingscote Street,E01032740,City of London 001G,Bicycle theft,Investigation complete; no suspect identified,
8c49a5b98b26e724dcc3879779743550a665e2afa3b3cd98943deb3016321984,2025-06,City of London Police,City of London Police,-0.112019,51.516067,On or near Chancery Lane,E01032740,City of London 001G,Bicycle theft,Status update unavailable,
55a9ff3efc46a3201fbb3c3341ce8b57e9067f6e43f791930631077d8d2dbb50,2025-06,City of London Police,City of London Police,-0.107979,51.515480,On or near East Harding Street,E01032740,City of London 001G,Burglary,Unable to prosecute suspect,
a526c0c5d37f9f59206bd494985519dba278959b3926c56fe7a54296171e58d2,2025-06,City of London Police,City of London Police,-0.108162,51.512834,On or near Parking Area,E01032740,City of London 001G,Burglary,Status update unavailable,
2ef39d4fdeabf332d1eec5ed874f576541f16019c74e63e567953185a46963b8,2025-06,City of London Police,City of London Police,-0.108909,51.515297,On or near West Harding Street,E01032740,City of London 001G,Burglary,Unable to prosecute suspect,
55bc3097087a2cdaf8dda622052ac0681e4df6eedc8c99df958038409dfb5a7a,2025-06,City of London Police,City of London Police,-0.109387,51.513839,On or near Old Mitre Court,E01032740,City of London 001G,Burglary,Court result unavailable,
13e474cf97b9fa97233441dc7276ead31580bd947765620aefe7215028589897,2025-06,City of London Police,City of London Police,-0.099301,51.519674,On or near Hayne Street,E01032740,City of London 001G,Burglary,Investigation complete; no suspect identified,
f95f6789421d1133cc776f835eb9937f3f0675657e3c533abaf61bd1e6f34b12,2025-06,City of London Police,City of London Police,-0.102812,51.517051,On or near Police Station,E01032740,City of London 001G,Burglary,Court result unavailable,
984dcff52b5149363731f6ac86cae6d336cd05c8b077e4ab8c176ce8569158af,2025-06,City of London Police,City of London Police,-0.099301,51.519674,On or near Hayne Street,E01032740,City of London 001G,Burglary,Investigation complete; no suspect identified,
026790d70336e87087e75599809678c8b867a13b9496565eb042dbda0535f50b,2025-06,City of London Police,City of London Police,-0.109387,51.513839,On or near Old Mitre Court,E01032740,City of London 001G,Criminal damage and arson,Investigation complete; no suspect identified,
7a313e52deda4b22b6128ffb441c9edcdcabe4528f01109333fe93740a105856,2025-06,City of London Police,City of London Police,-0.104980,51.512033,On or near Kingscote Street,E01032740,City of London 001G,Criminal damage and arson,Status update unavailable,
7293b2fdd989a5609a003e2325c2269a0c23ecee130efc0d5167fb02b8081101,2025-06,City of London Police,City of London Police,-0.099301,51.519674,On or near Hayne Street,E01032740,City of London 001G,Criminal damage and arson,Investigation complete; no suspect identified,
91fc86eae5c253dcba0ef342208e19d3a68c00a08e50f0448f1467d8055651c4,2025-06,City of London Police,City of London Police,-0.108027,51.511884,On or near Temple Avenue,E01032740,City of London 001G,Drugs,Status update unavailable,
2fac0920180fe0da794ed0db29bcb2f3ff57571f3b109d47751f6b01abc76e50,2025-06,City of London Police,City of London Police,-0.101359,51.518700,On or near Parking Area,E01032740,City of London 001G,Other theft,Status update unavailable,
68d5f773efa3e07d983201d54c325255e2373b9553fdaacbd905d04497dd8a68,2025-06,City of London Police,City of London Police,-0.110690,51.517916,On or near Further/Higher Educational Building,E01032740,City of London 001G,Other theft,Investigation complete; no suspect identified,
d980c897d12b473c73ad4fe8904a2cec895c64ab7d318793595407e2997473ab,2025-06,City of London Police,City of London Police,-0.101359,51.518700,On or near Parking Area,E01032740,City of London 001G,Other theft,Investigation complete; no suspect identified,
b22538fcbb7aebc41b827e81a785547aea7403bf240220f1c6c81ba85e4fc506,2025-06,City of London Police,City of London Police,-0.099803,51.519026,On or near Cloth Fair,E01032740,City of London 001G,Other theft,Status update unavailable,
73c090e211b4f6ad40417c3c8221d6ad6249a7764045922945d87e4113e2f6af,2025-06,City of London Police,City of London Police,-0.105131,51.513941,On or near Bride Lane,E01032740,City of London 001G,Other theft,Status update unavailable,
18044248b05cf45a6dab4b413bfeb4d08900ca2f703c50f60716d2383e329a2a,2025-06,City of London Police,City of London Police,-0.107443,51.515534,On or near Printer Street,E01032740,City of London 001G,Other theft,Status update unavailable,
571938c9b6befbbb26bd5094e152328c05dfd8b88a6db44cbf41a7f9f674c9fc,2025-06,City of London Police,City of London Police,-0.107443,51.515534,On or near Printer Street,E01032740,City of London 001G,Other theft,Status update unavailable,
cf40602600bb5de6f28f55cb4f9e698d093869ac3173a0e4e000f4591d7aea4b,2025-06,City of London Police,City of London Police,-0.106076,51.517239,On or near Conference/Exhibition Centre,E01032740,City of London 001G,Other theft,Investigation complete; no suspect identified,
e11d317402b8e0556beae378e023b8a095888d208cf7c96007ce8c59c59299bb,2025-06,City of London Police,City of London Police,-0.101359,51.518700,On or near Parking Area,E01032740,City of London 001G,Other theft,Status update unavailable,
af66012cf63d947357361b49a8c1fe20384ce60a82067d5449393c6ddd753a6c,2025-06,City of London Police,City of London Police,-0.112019,51.516067,On or near Chancery Lane,E01032740,City of London 001G,Other theft,Investigation complete; no suspect identified,
92ab368e4bba7975b3e4b57a96663abb1d39851fb2bb3919020cf59abda11d91,2025-06,City of London Police,City of London Police,-0.108027,51.511884,On or near Temple Avenue,E01032740,City of London 001G,Other theft,Investigation complete; no suspect identified,
8f9e52fd5942cb63e509132cff486057c17d7d9242ea563d6152573cebc4814f,2025-06,City of London Police,City of London Police,-0.105131,51.513941,On or near Bride Lane,E01032740,City of London 001G,Other theft,Status update unavailable,
78a4b717f785521a0642bcaaa08e9dd8a8143fb54da6eda774dfe66bf7ffbf16,2025-06,City of London Police,City of London Police,-0.097959,51.517629,On or near Montague Street,E01032740,City of London 001G,Other theft,Status update unavailable,
d439553ffade835706bd1c3304c070db22bef326ee5ae6807a592b538db4a952,2025-06,City of London Police,City of London Police,-0.112019,51.516067,On or near Chancery Lane,E01032740,City of London 001G,Other theft,Status update unavailable,
58088bfc6905cdbc1ca62b2fde794c7a6cd72b11d8ca3bde96efe0ba13d5ad64,2025-06,City of London Police,City of London Police,-0.109297,51.515681,On or near Fetter Lane,E01032740,City of London 001G,Other theft,Investigation complete; no suspect identified,
a6a7bacca4b96c25d67daec17b9ca970dede7775974108585ea2687946dcb90c,2025-06,City of London Police,City of London Police,-0.106342,51.513592,On or near Salisbury Square,E01032740,City of London 001G,Other theft,Status update unavailable,
8f7dbe5914f971caab79430190e0f822e818d16cd4a1a6d5eb7c4ee7156f3da4,2025-06,City of London Police,City of London Police,-0.099803,51.519026,On or near Cloth Fair,E01032740,City of London 001G,Other theft,Status update unavailable,
d21d175c02faa9a84681916e3a281940204361a8fec9e35b2378b7c82adf4e15,2025-06,City of London Police,City of London Police,-0.102812,51.517051,On or near Police Station,E01032740,City of London 001G,Possession of weapons,Status update unavailable,
685547350ce1bd5a719056fcc2aff080cb825628f1bb5750224df1430d554c15,2025-06,City of London Police,City of London Police,-0.101621,51.516906,On or near Giltspur Street,E01032740,City of London 001G,Public order,Status update unavailable,
5cc355ae238fd833555684796222c84c1d4e9b301735b811cf9f8d18e50a258f,2025-06,City of London Police,City of London Police,-0.101361,51.519357,On or near Grand Avenue,E01032740,City of London 001G,Public order,Unable to prosecute suspect,
c6929b29658011fbb4a9996dd3ab5a6ab8eb408c5c61f8f99f75ecf3d54f1867,2025-06,City of London Police,City of London Police,-0.112019,51.516067,On or near Chancery Lane,E01032740,City of London 001G,Public order,Investigation complete; no suspect identified,
0534757f44a794e3441f30a055571045a208481f3e1d8a9aad16a1c4747fce6e,2025-06,City of London Police,City of London Police,-0.108162,51.512834,On or near Parking Area,E01032740,City of London 001G,Public order,Unable to prosecute suspect,
2a2955d8f000d1787c19d3aa0c64fe6f54cffab60d7d29973e593447cc67d3c8,2025-06,City of London Police,City of London Police,-0.112953,51.518231,On or near Southampton Buildings,E01032740,City of London 001G,Public order,Investigation complete; no suspect identified,
737ab3f93e3164dcae645b004c42c0eaa4ff6b4da441dda52f9ae5a10023f331,2025-06,City of London Police,City of London Police,-0.104980,51.512033,On or near Kingscote Street,E01032740,City of London 001G,Public order,Awaiting court outcome,
c4a5a920f5ef723628bfda63ed05343e6b03a8bf7372da49df77c48ee7dc1197,2025-06,City of London Police,City of London Police,-0.110690,51.517916,On or near Further/Higher Educational Building,E01032740,City of London 001G,Public order,Status update unavailable,
3366ca664a59ac115878661bcbcf9aa952af6a6de79041a4686a29a40e1b1c1d,2025-06,City of London Police,City of London Police,-0.108162,51.512834,On or near Parking Area,E01032740,City of London 001G,Public order,Unable to prosecute suspect,
5d54766bca48f86a3b8fd78ce62132dd24d12ead1aa2416701d8b752dca7606c,2025-06,City of London Police,City of London Police,-0.110690,51.517916,On or near Further/Higher Educational Building,E01032740,City of London 001G,Public order,Status update unavailable,
db27a92614aaffc6fb57b5ea21b25ccfb4d891e0fb76ce47f38db5db7b1c5221,2025-06,City of London Police,City of London Police,-0.107201,51.514092,On or near Conference/Exhibition Centre,E01032740,City of London 001G,Public order,Status update unavailable,
c8c11f55d4c92dbf446355fc1b16734b084b8fb7a8b9966ebce08dd3dc9e7bb2,2025-06,City of London Police,City of London Police,-0.102726,51.513911,On or near Pageantmaster Court,E01032740,City of London 001G,Robbery,Status update unavailable,
e55f5a1b13509c04e51981612b83c91b986f10b58cda08b6cb3652add98595a7,2025-06,City of London Police,City of London Police,-0.104980,51.512033,On or near Kingscote Street,E01032740,City of London 001G,Robbery,Unable to prosecute suspect,
73a2aeab594fb089389f1eee0ad085d1ab4b596a99189418bba84a433120273f,2025-06,City of London Police,City of London Police,-0.104980,51.512033,On or near Kingscote Street,E01032740,City of London 001G,Robbery,Unable to prosecute suspect,
ce9b07ae8a30b3ba6f11cd9e1382d619e22d065592227a93a3619f9bf5b2fb9a,2025-06,City of London Police,City of London Police,-0.104980,51.512033,On or near Kingscote Street,E01032740,City of London 001G,Shoplifting,Unable to prosecute suspect,
20eebc9b24c31f33fee964012a71d709c933472158fe2c5cdf0788082b49d1ca,2025-06,City of London Police,City of London Police,-0.112953,51.518231,On or near Southampton Buildings,E01032740,City of London 001G,Shoplifting,Status update unavailable,
e071fc8c78d989e98eb5301c9eee67f69a10fcd615a068dccbdc1ea0f5ac007b,2025-06,City of London Police,City of London Police,-0.112953,51.518231,On or near Southampton Buildings,E01032740,City of London 001G,Shoplifting,Investigation complete; no suspect identified,
0726cd40dbc5cf216128553eac30445597b868d729ca06b892256e9f9bae9b86,2025-06,City of London Police,City of London Police,-0.112953,51.518231,On or near Southampton Buildings,E01032740,City of London 001G,Shoplifting,Court result unavailable,
8f0bb52e3256b73506226a63fd24915ab4e1cb7f7b9e21d6b3e052c87029161c,2025-06,City of London Police,City of London Police,-0.112953,51.518231,On or near Southampton Buildings,E01032740,City of London 001G,Shoplifting,Investigation complete; no suspect identified,
5e168e133d2299489b86aaf1b8809160a442fec91dbb469a5d6e0a357ee675cb,2025-06,City of London Police,City of London Police,-0.105131,51.513941,On or near Bride Lane,E01032740,City of London 001G,Shoplifting,Investigation complete; no suspect identified,
47471b9972678f046e0cf571b0bbaf1ba1f98d2a937a2d886ab892df0239e6a3,2025-06,City of London Police,City of London Police,-0.112953,51.518231,On or near Southampton Buildings,E01032740,City of London 001G,Shoplifting,Court result unavailable,
460fe2f3d6c8b2208adcdfe08d54abce2670cfef0509f6eae21347bfa398aa09,2025-06,City of London Police,City of London Police,-0.104980,51.512033,On or near Kingscote Street,E01032740,City of London 001G,Shoplifting,Court result unavailable,
b9dd0cc99a2fb1ca418c46fab27eb3bf4de3035f1f8d8836d1d3930d60c53a3e,2025-06,City of London Police,City of London Police,-0.104980,51.512033,On or near Kingscote Street,E01032740,City of London 001G,Shoplifting,Court result unavailable,
269f351e1e3a49c5870db561251e4cbb8e39c2c64efb66975766b53b20866a48,2025-06,City of London Police,City of London Police,-0.110690,51.517916,On or near Further/Higher Educational Building,E01032740,City of London 001G,Shoplifting,Awaiting court outcome,
f09c7c6cce9b963f092150886a0ece2d2f7cbfd014d69c74f56e52d068b9f871,2025-06,City of London Police,City of London Police,-0.112953,51.518231,On or near Southampton Buildings,E01032740,City of London 001G,Shoplifting,Investigation complete; no suspect identified,
fe1aff3b984b98e2992925fdbd2f6d5e4c49bea067fdb88b246fb98c04605aea,2025-06,City of London Police,City of London Police,-0.112953,51.518231,On or near Southampton Buildings,E01032740,City of London 001G,Shoplifting,Investigation complete; no suspect identified,
85df94ac8d48ca545f2697406d446d1aa4dde09311e00b83dce41b288ed019f8,2025-06,City of London Police,City of London Police,-0.102726,51.513911,On or near Pageantmaster Court,E01032740,City of London 001G,Theft from the person,Status update unavailable,
1d97d88c55bed2705f5b8682c3ff82a432c3dc62a251cf017437c52fd0d016af,2025-06,City of London Police,City of London Police,-0.102726,51.513911,On or near Pageantmaster Court,E01032740,City of London 001G,Theft from the person,Status update unavailable,
ef5ed7d152912fe50a5bb0b6f16cca6fae5bd0120f57c6ad3125660ca73c9913,2025-06,City of London Police,City of London Police,-0.108450,51.514202,On or near Fleet Street,E01032740,City of London 001G,Theft from the person,Status update unavailable,
991a5553979ccaed66947a5030d8d70c8af9563e9d61f7bba565e98d32c2e694,2025-06,City of London Police,City of London Police,-0.108450,51.514202,On or near Fleet Street,E01032740,City of London 001G,Theft from the person,Status update unavailable,
af8d70860cc2274f27048c4fe3f268f90ea5a4662d0b33673b00936bd3e06636,2025-06,City of London Police,City of London Police,-0.109164,51.517846,On or near Holborn,E01032740,City of London 001G,Theft from the person,Status update unavailable,
348982b853a25fc9dcaf4fd43fbf77e02a40ba82791daeeebb478cfa213bf57a,2025-06,City of London Police,City of London Police,-0.102726,51.513911,On or near Pageantmaster Court,E01032740,City of London 001G,Theft from the person,Status update unavailable,
9f447a0ecfabaf34f8a08c90cd50782b841be640831643e5ddef60f23b626854,2025-06,City of London Police,City of London Police,-0.108450,51.514202,On or near Fleet Street,E01032740,City of London 001G,Theft from the person,Status update unavailable,
cc8aaad146a1c8acb202cc5f65683915d57aa7cf24855f3bfd99d484689f3634,2025-06,City of London Police,City of London Police,-0.108450,51.514202,On or near Fleet Street,E01032740,City of London 001G,Theft from the person,Status update unavailable,
5a12f9c48f3e72d6bce2377dd8be0df04bf44df5e4d851d7ad5f848905ee2eb8,2025-06,City of London Police,City of London Police,-0.107443,51.515534,On or near Printer Street,E01032740,City of London 001G,Theft from the person,Investigation complete; no suspect identified,
e0b8724f5586e04656ed762dadb639c2f94fdee8feb3a7e18458b47f686a469a,2025-06,City of London Police,City of London Police,-0.108027,51.511884,On or near Temple Avenue,E01032740,City of London 001G,Theft from the person,Status update unavailable,
7357e3e142f59a60c4b51dff783dc269003c6b879ed9ebd3a6da242c1c2937ac,2025-06,City of London Police,City of London Police,-0.108450,51.514202,On or near Fleet Street,E01032740,City of London 001G,Theft from the person,Status update unavailable,
08e3b99bb429092ca843335dc0b54f712a0ad78471a5d47ac661cabf50bf07a8,2025-06,City of London Police,City of London Police,-0.108450,51.514202,On or near Fleet Street,E01032740,City of London 001G,Theft from the person,Status update unavailable,
4abca670f9b1aa41f3ee6432f658d9a20f36c9665a0e02ac3f7f14e998dece1a,2025-06,City of London Police,City of London Police,-0.108450,51.514202,On or near Fleet Street,E01032740,City of London 001G,Theft from the person,Unable to prosecute suspect,
6ead7f602af5afe1d65f11e666d31584c29be8efcd3efed954e0551f6bc2d122,2025-06,City of London Police,City of London Police,-0.099803,51.519026,On or near Cloth Fair,E01032740,City of London 001G,Theft from the person,Status update unavailable,
898c8088022556e62e047d025f22f949fb5873d99609d19e6d1880772ac07a75,2025-06,City of London Police,City of London Police,-0.108450,51.514202,On or near Fleet Street,E01032740,City of London 001G,Theft from the person,Status update unavailable,
a75f830075b83d197b9428261a6e08a6a2026325804340c31e13abd596d97e0c,2025-06,City of London Police,City of London Police,-0.111296,51.516136,On or near Further/Higher Educational Building,E01032740,City of London 001G,Theft from the person,Status update unavailable,
f61cb4cebf49472d869b23d53799d02a322df3c69946fd5f6bb2fa6777961809,2025-06,City of London Police,City of London Police,-0.101621,51.516906,On or near Giltspur Street,E01032740,City of London 001G,Theft from the person,Status update unavailable,
fddbb8f611ac4f1266ca00440730e55e81044756f7d1ba7ec34928dac61bf83c,2025-06,City of London Police,City of London Police,-0.108027,51.511884,On or near Temple Avenue,E01032740,City of London 001G,Theft from the person,Status update unavailable,
b54d65e6b6475ad8a8e63b6c641cbaf1e22335263372a741abb4b737de1a9f16,2025-06,City of London Police,City of London Police,-0.102726,51.513911,On or near Pageantmaster Court,E01032740,City of London 001G,Theft from the person,Status update unavailable,
4e06e0a919f7f64379d95db5ff491bc9cb3bd87ab0e0931833924ab27b82939f,2025-06,City of London Police,City of London Police,-0.102726,51.513911,On or near Pageantmaster Court,E01032740,City of London 001G,Theft from the person,Status update unavailable,
5beccdb502ce26a76126832ee94291c1e71756091e9a8a6aad8e5894762be325,2025-06,City of London Police,City of London Police,-0.106076,51.517239,On or near Conference/Exhibition Centre,E01032740,City of London 001G,Theft from the person,Status update unavailable,
dfec707c51e11820989711a30b55996e2a5d3f8bc3b61d0b69bab99af5ccee39,2025-06,City of London Police,City of London Police,-0.108027,51.511884,On or near Temple Avenue,E01032740,City of London 001G,Theft from the person,Status update unavailable,
f358561ea9b34a1084974c43420824e51168cb712be31d5fb7540a0304ef18a8,2025-06,City of London Police,City of London Police,-0.101359,51.518700,On or near Parking Area,E01032740,City of London 001G,Vehicle crime,Status update unavailable,
576817190ce765f7fe4d2bb0441a210b8d05fba3e50b5c56fb24157bb6fe64df,2025-06,City of London Police,City of London Police,-0.104980,51.512033,On or near Kingscote Street,E01032740,City of London 001G,Violence and sexual offences,Unable to prosecute suspect,
18fdff869a1de4f055190595787b52738b3cd1c173927f76d8b63651aa323f78,2025-06,City of London Police,City of London Police,-0.107979,51.515480,On or near East Harding Street,E01032740,City of London 001G,Violence and sexual offences,Investigation complete; no suspect identified,
e03a053f3fe120c768ea216d6a8379e910448a208974ddfc7dcb6d1bbee8541c,2025-06,City of London Police,City of London Police,-0.109913,51.516806,On or near Norwich Street,E01032740,City of London 001G,Violence and sexual offences,Investigation complete; no suspect identified,
1e7848c587d48831cccd05eb23f3a380d05ed679ec6c7a3625c49652df5f7e79,2025-06,City of London Police,City of London Police,-0.102812,51.517051,On or near Police Station,E01032740,City of London 001G,Violence and sexual offences,Status update unavailable,
fd5f45eaf92f8b94531cf48b1829e36cf70daf8826af685736c8e819c5bd5200,2025-06,City of London Police,City of London Police,-0.104980,51.512033,On or near Kingscote Street,E01032740,City of London 001G,Violence and sexual offences,Status update unavailable,
e2b5252b26fb13c68f0c9a5ef43213e2fbc8d7d2dcda35b7916b6d6ca1642158,2025-06,City of London Police,City of London Police,-0.104980,51.512033,On or near Kingscote Street,E01032740,City of London 001G,Violence and sexual offences,Court result unavailable,
8e81476e4680b8ed77f8281d07a91b0fdf82e670a172714857159d305910def8,2025-06,City of London Police,City of London Police,-0.104980,51.512033,On or near Kingscote Street,E01032740,City of London 001G,Violence and sexual offences,Status update unavailable,
cb6d505f137b8219510520070a54801f34a7db77f87cee2165de0fac40bffc6c,2025-06,City of London Police,City of London Police,-0.103393,51.517978,On or near Smithfield Street,E01032740,City of London 001G,Violence and sexual offences,Investigation complete; no suspect identified,
5bc5064365784d0d72720d31709eabe5ff74e3aa01945dfe94548d9a4393c14c,2025-06,City of London Police,City of London Police,-0.107201,51.514092,On or near Conference/Exhibition Centre,E01032740,City of London 001G,Violence and sexual offences,Awaiting court outcome,
3dd1977485c478cb46f52761aff88eef60510972aa37c63499a0a6bc9cd5ac28,2025-06,City of London Police,City of London Police,-0.106076,51.517239,On or near Conference/Exhibition Centre,E01032740,City of London 001G,Violence and sexual offences,Unable to prosecute suspect,
196a88f5491d321f8359ae2b8096d497c3dc043d6a8a50f0e00c18660e395a3b,2025-06,City of London Police,City of London Police,-0.107201,51.514092,On or near Conference/Exhibition Centre,E01032740,City of London 001G,Violence and sexual offences,Status update unavailable,
e9cc8551d20f5f4c6fe2ca62f08eb811f250caff008fe650543b4f81024f7c07,2025-06,City of London Police,City of London Police,-0.103490,51.513897,On or near City Thameslink,E01032740,City of London 001G,Violence and sexual offences,Unable to prosecute suspect,
da3d54c6f36c8f8ef1824e076db70c07264f3be9407cd264b063dafaa492afdc,2025-06,City of London Police,City of London Police,-0.099709,51.519906,On or near Farringdon,E01032740,City of London 001G,Violence and sexual offences,Unable to prosecute suspect,
1bc41c866bfd67ca4e81aa3cb77d8b97c26e4e4cc43296e24187ab7638b6e79a,2025-06,City of London Police,City of London Police,-0.108017,51.514213,On or near Fleet Street,E01032740,City of London 001G,Violence and sexual offences,Status update unavailable,
da85188a10fddb3a37ae91b5fbdf6aedd9749f90b56aff10e8946093b2291352,2025-06,City of London Police,City of London Police,-0.099803,51.519026,On or near Cloth Fair,E01032740,City of London 001G,Violence and sexual offences,Status update unavailable,
e16cbbea511b7381d6f0334f673ea142a285b2f7dba6c8c2a5ea6081a7ac7e5a,2025-06,City of London Police,City of London Police,-0.099803,51.519026,On or near Cloth Fair,E01032740,City of London 001G,Violence and sexual offences,Unable to prosecute suspect,
a0067dcb911e9d4165a5dd01f1d6f5341202e9602d44ec09dfacf36fffec6af1,2025-06,City of London Police,City of London Police,-0.045933,51.550118,On or near Hospital,E01001729,Hackney 019A,Violence and sexual offences,Status update unavailable,
13f64cd23fff4e693f7c9d2d96654bdf119b8fd0cfb2e21c9dbeab854f4c86b3,2025-06,City of London Police,City of London Police,-0.121236,51.608307,On or near Eleanor Road,E01001974,Haringey 001C,Drugs,Status update unavailable,
4576f470121aacc2b27393b4a22bb9ca5161cf2f6cb8d9963b814388292825d4,2025-06,City of London Police,City of London Police,-0.115775,51.583922,On or near Harvey Mews,E01002016,Haringey 028A,Other crime,Status update unavailable,
0f15f38f2fd91b51c9a8597f11f130c370993652fa496351560a24745a17047b,2025-06,City of London Police,City of London Police,0.164044,51.584580,On or near Susan Close,E01002329,Havering 011D,Violence and sexual offences,Status update unavailable,
2baae4cc2992e054f51e4a0e4f26a0dcb073ad2a3b5b2b59c67fbfe1a16cfb3e,2025-06,City of London Police,City of London Police,-0.129441,51.550967,On or near Hilldrop Crescent,E01002783,Islington 010B,Drugs,Court result unavailable,
bd226113c3e0a054621a406bd793ab86e031df363a7fac7a2e269b4d65cded80,2025-06,City of London Police,City of London Police,-0.109967,51.525251,On or near Pine Street,E01002726,Islington 022F,Theft from the person,Status update unavailable,
826439eb8c83332786753636b65fc7617f182038092430a867aa1b8cc9aec9be,2025-06,City of London Police,City of London Police,-0.099096,51.520435,On or near Charterhouse Square,E01033490,Islington 022H,Public order,Status update unavailable,
f4fe88ba918f694fde9f14f4fe45bb34e6b17346912dab7d36407b56c241ce7e,2025-06,City of London Police,City of London Police,-0.092120,51.524899,On or near Tilney Court,E01002706,Islington 023E,Theft from the person,Status update unavailable,
6e7e43d4dc8db45ef50805e063460326b5aa3494ec80a720dd8a0c4beb339498,2025-06,City of London Police,City of London Police,-0.118410,51.499488,On or near Hospital,E01003013,Lambeth 036A,Violence and sexual offences,Status update unavailable,
939c6eb80f3c78132297368d75e8ebd13c5db0430f02aa854fc7c9552e9095f4,2025-06,City of London Police,City of London Police,0.085390,51.565097,On or near Vicarage Lane,E01003756,Redbridge 023C,Other crime,Further action is not in the public interest,
d83678eb60680f7bf0e32d910db10c15d483c49ebfb929a45f46f8f08ac708c4,2025-06,City of London Police,City of London Police,-0.059930,51.500478,On or near Bermondsey Wall East,E01004034,Southwark 007D,Other crime,Status update unavailable,
e927a00deaaed62f570476de92a91e6052005cb3d2a16dec759474565ab25082,2025-06,City of London Police,City of London Police,-0.076142,51.518200,On or near Tenter Ground,E01004307,Tower Hamlets 015B,Theft from the person,Status update unavailable,
f9aaa74a691b7d1324442f010e66bf9e0e3f753cbc451bbc634b4ca02f4c6814,2025-06,City of London Police,City of London Police,-0.072542,51.513100,On or near Further/Higher Educational Building,E01032767,Tower Hamlets 021F,Robbery,Investigation complete; no suspect identified,
f90f61c1e2f97f3ea4697300afc9e1720fb558300522bbccef082406715041dd,2025-06,City of London Police,City of London Police,-0.071708,51.506463,On or near St Katharine'S Way,E01004293,Tower Hamlets 027B,Other crime,Status update unavailable,
11fcf4a2b81ed8cdd17ee3e1512c6b6d74e3a6c7904091fc5c1a6b2f40b4419a,2025-06,City of London Police,City of London Police,,,No Location,,,Bicycle theft,Investigation complete; no suspect identified,
f5aefb4a36041f1c5f93fc22508e0d5a637b25d7e54e0fa42fee3dd4572487bf,2025-06,City of London Police,City of London Police,,,No Location,,,Burglary,Investigation complete; no suspect identified,
164749a3c7c91925b8f18a7043c0c3779a7e93db39742e6485023d8675e09337,2025-06,City of London Police,City of London Police,,,No Location,,,Burglary,Investigation complete; no suspect identified,
eb61462d39e610c161b5660643e69103fe88f0792c657a03995aa1d907592779,2025-06,City of London Police,City of London Police,,,No Location,,,Criminal damage and arson,Unable to prosecute suspect,
1f634a5a1cd36b04991dc05287b31bc178e80c91a66dd990243a81212709e753,2025-06,City of London Police,City of London Police,,,No Location,,,Criminal damage and arson,Investigation complete; no suspect identified,
6992bad58a054ffb0a31d41a78c3af604ee779bdb7f3b74878e67b2d161b701c,2025-06,City of London Police,City of London Police,,,No Location,,,Drugs,Unable to prosecute suspect,
f4c752818b211da59c6d326c86f084420e2508bf81f189a2bf7aa8dd4c712ad4,2025-06,City of London Police,City of London Police,,,No Location,,,Drugs,Court result unavailable,
e61c67f50cf6d10abce076488df6ea0d312fdda7fef9d65a4f99c0260074bf5a,2025-06,City of London Police,City of London Police,,,No Location,,,Other theft,Status update unavailable,
08df796156b94e1a3790688e97e29f7854abc7850c49e31c99c8db6b7e97c334,2025-06,City of London Police,City of London Police,,,No Location,,,Other theft,Status update unavailable,
52bc0218cd804ac409d2063a5dc3b15dbd8048e3dcfde79a31ba4fd29c6383fa,2025-06,City of London Police,City of London Police,,,No Location,,,Other theft,Status update unavailable,
908baa21038775a42ec88cacbaf6362ad694e29e9df65a5932efa8f29e55bf64,2025-06,City of London Police,City of London Police,,,No Location,,,Other theft,Status update unavailable,
4f82b850e7bf1617d56cc3a7d5ba30bf6b3f58f3a4bec311190bfb36fa51a4ca,2025-06,City of London Police,City of London Police,,,No Location,,,Public order,Unable to prosecute suspect,
66fa1c74ebf529255a74999ff96a63a02c8f820959ac5ba1dcc2b32f15acca79,2025-06,City of London Police,City of London Police,,,No Location,,,Public order,Awaiting court outcome,
90495dcfd67a333c4ad1ce6a43ffd591543a30274622663666f38c3208d112d8,2025-06,City of London Police,City of London Police,,,No Location,,,Robbery,Status update unavailable,
69e2b8d1ab1f5e647539bfdeb8ed3decba35ada5e61eaa27b367b40c71ede6b7,2025-06,City of London Police,City of London Police,,,No Location,,,Robbery,Investigation complete; no suspect identified,
e89329a7ffdcaa861863f9d2a49e77531cb5809c3089abcf4e6517d188db25b8,2025-06,City of London Police,City of London Police,,,No Location,,,Robbery,Investigation complete; no suspect identified,
bdc8f8b97ee87be973d2f94fc866a2d7b99034c17d961a0b11f3549d33b15245,2025-06,City of London Police,City of London Police,,,No Location,,,Shoplifting,Status update unavailable,
d508576ca83a59575a6c41a274bcd9cd1e4d6d68fa927bef9aceb3cbc9df136c,2025-06,City of London Police,City of London Police,,,No Location,,,Shoplifting,Court result unavailable,
1e6b3c5f9f3d4216516ced856748f6ce0a9e6b7331ecdbd47b54fe953f127835,2025-06,City of London Police,City of London Police,,,No Location,,,Shoplifting,Status update unavailable,
a93b52a27fec6a41b440ef64ea2f965e8f2a2128fe032bd011f58d1eababf687,2025-06,City of London Police,City of London Police,,,No Location,,,Shoplifting,Status update unavailable,
de37fabbfc00573a903e3b8b35006e116ff7836054340d5e716b878af4d9dfcf,2025-06,City of London Police,City of London Police,,,No Location,,,Shoplifting,Status update unavailable,
e29be9a509594e634fb44554a6edeeaf85925a5fb4608376c0bf79c8928c7b56,2025-06,City of London Police,City of London Police,,,No Location,,,Shoplifting,Unable to prosecute suspect,
c82046a5fde467bb2450db531b6cf3715da3f7f871c29e401148f9d0d676f549,2025-06,City of London Police,City of London Police,,,No Location,,,Theft from the person,Status update unavailable,
a078239fe7d1820b64729626eee258c865c176301c85741bb57caed4aebe535b,2025-06,City of London Police,City of London Police,,,No Location,,,Theft from the person,Status update unavailable,
5f4d0b643f8dc7d1a1c989344f2ba4bfc0dcfa508b9bb438840558f083f94c16,2025-06,City of London Police,City of London Police,,,No Location,,,Theft from the person,Status update unavailable,
dc44d5a1bad45c39dd2feb502453d64d15643d34bf468f30953566c0d7682547,2025-06,City of London Police,City of London Police,,,No Location,,,Theft from the person,Status update unavailable,
fb2145341103996224ee77b116a2c2d37a71e4c6733acaefb5393ce1e1618787,2025-06,City of London Police,City of London Police,,,No Location,,,Theft from the person,Status update unavailable,
0d7eebc1d4ab2d5f76db2212782991cb2c2db9988c1311d2fd0a8c59ae1faf47,2025-06,City of London Police,City of London Police,,,No Location,,,Theft from the person,Status update unavailable,
a27dabedd03b058d34f49d8699196dbc858a545f99e22f1160f0df0f71993773,2025-06,City of London Police,City of London Police,,,No Location,,,Vehicle crime,Investigation complete; no suspect identified,
0e8affc4e22748cffad91af06b6e1fcf4d0f966270884a66904c400e5178cca3,2025-06,City of London Police,City of London Police,,,No Location,,,Violence and sexual offences,Unable to prosecute suspect,
6cbd50f2110acc953aef0fe76e324d06b89f5b756aa1c429cb962401b4a878f3,2025-06,City of London Police,City of London Police,,,No Location,,,Violence and sexual offences,Investigation complete; no suspect identified,
bd30ec4ca1775b9e331f2b42b34f940b4aca5dc941730fd1da142d0cd8ac977e,2025-06,City of London Police,City of London Police,,,No Location,,,Violence and sexual offences,Status update unavailable,
ece06734c049a401289e9c07f1fa013daffa58eb0b427088d514abddb7957375,2025-06,City of London Police,City of London Police,,,No Location,,,Violence and sexual offences,Status update unavailable,
056a6e6c946fd0f4323e19bbcabd3dca5e63c8a3864016c4d4fbebc6638afb92,2025-06,City of London Police,City of London Police,,,No Location,,,Violence and sexual offences,Status update unavailable,
a14da7ef3f63657550f5bfd9370eb8e03ff2b5c78fd9e4c46b0890a6cb3b00f5,2025-06,City of London Police,City of London Police,,,No Location,,,Violence and sexual offences,Unable to prosecute suspect,
