Crime ID,Month,Reported by,Falls within,Longitude,Latitude,Location,LSOA code,LSOA name,Crime type,Last outcome category,Context
abba0d5e053ae306b0a9ac911f148f477b7fd54e89f6ea34fde286799f2409fa,2025-07,City of London Police,City of London Police,-0.107682,51.517786,On or near B521,E01000917,Camden 027C,Drugs,Local resolution,
93da727affc03d3a9c4c3128dbc6224da36420cd8291570b80fca5670e84bd5c,2025-07,City of London Police,City of London Police,-0.111596,51.518281,On or near Chancery Lane,E01000914,Camden 028B,Public order,Formal action is not in the public interest,
4189e274eb0bc4713ddbcbbc548826b4578f84b7dbce6262d60e34160a9f5e5e,2025-07,City of London Police,City of London Police,-0.111596,51.518281,On or near Chancery Lane,E01000914,Camden 028B,Violence and sexual offences,Unable to prosecute suspect,
ae68afc7f8702fb6f516394365289eca6f8fd44a36556f7ffaabf2f12e1a7e93,2025-07,City of London Police,City of London Police,-0.096367,51.515355,On or near Foster Lane,E01000001,City of London 001A,Burglary,Court result unavailable,
37e9e95473e03d5c6fb7a3a43523467f2e7c7b312f70e38fe2c08cd1165b542f,2025-07,City of London Police,City of London Police,-0.098519,51.517332,On or near Little Britain,E01000001,City of London 001A,Criminal damage and arson,Investigation complete; no suspect identified,
6a22557c3a42516147b8c472488b808c053edd1c625a3d8bc1a7d064a9652fcc,2025-07,City of London Police,City of London Police,-0.097078,51.519045,On or near A1,E01000001,City of London 001A,Theft from the person,Investigation complete; no suspect identified,
bd54298152512d547d70602ebd97a0c271403873282a25a23f8e8a07f013835c,2025-07,City of London Police,City of London Police,-0.097078,51.519045,On or near A1,E01000001,City of London 001A,Theft from the person,Investigation complete; no suspect identified,
e8e8043f5b3a1be0285c8ac62c5e1902c6b143a54634888c6e5b6af777519857,2025-07,City of London Police,City of London Police,-0.096718,51.515511,On or near Conference/Exhibition Centre,E01000001,City of London 001A,Theft from the person,Investigation complete; no suspect identified,
4aa97679928969c8de317aa2ac7587da7c2586ac54fb5f80abc7533481820ca6,2025-07,City of London Police,City of London Police,-0.097103,51.518461,On or near Aldersgate Street,E01000001,City of London 001A,Theft from the person,Investigation complete; no suspect identified,
,2025-07,City of London Police,City of London Police,-0.095026,51.518499,On or near Park/Open Space,E01000002,City of London 001B,Anti-social behaviour,,
53e326116179c42bc661cfc51f07ade3353b7f414ab337cce43682a009545990,2025-07,City of London Police,City of London Police,-0.092374,51.519517,On or near Further/Higher Educational Building,E01000002,City of London 001B,Bicycle theft,Investigation complete; no suspect identified,
ad775b27a55272c1690fced6ee7625071721aa4589792420a6ffa95c795af81d,2025-07,City of London Police,City of London Police,-0.090105,51.520001,On or near Milton Court,E01000002,City of London 001B,Bicycle theft,Investigation complete; no suspect identified,
15c4215df9792ed0c77ee4abbffaca31f3c946b898a4ebc2370758c43a8792c7,2025-07,City of London Police,City of London Police,-0.092488,51.520598,On or near Silk Street,E01000002,City of London 001B,Bicycle theft,Investigation complete; no suspect identified,
b3ad274fd912a46ff7abde228bd1c8a73e7bf2abacd060dd102a9496b6ba6881,2025-07,City of London Police,City of London Police,-0.094130,51.519961,On or near Theatre/Concert Hall,E01000002,City of London 001B,Bicycle theft,Investigation complete; no suspect identified,
fb5c1e154ed208b441f3f4d26766fca9479dac54d72b1ce0f8f5abe142b60bdc,2025-07,City of London Police,City of London Police,-0.092488,51.520598,On or near Silk Street,E01000002,City of London 001B,Bicycle theft,Investigation complete; no suspect identified,
c823aec3889dc3010d2b9e0d54d605167bb3b7ad7e2e398ca38293d62acc9c23,2025-07,City of London Police,City of London Police,-0.094130,51.519961,On or near Theatre/Concert Hall,E01000002,City of London 001B,Criminal damage and arson,Local resolution,
23ddcb6090c268a58ec73d16a002c62b5a0326307cf8b5dd1d61d0074498991e,2025-07,City of London Police,City of London Police,-0.091495,51.518145,On or near Fore Street,E01000002,City of London 001B,Drugs,Investigation complete; no suspect identified,
a92798efafcbefa9c8db543d068ee2585ee281f2e196f4cb1341141651e9f689,2025-07,City of London Police,City of London Police,-0.092971,51.516271,On or near Aldermanbury,E01000002,City of London 001B,Other theft,Investigation complete; no suspect identified,
129a6dda67708d4fe71d4ed0b0761260dd337f56a824cf8b6484506d9930b450,2025-07,City of London Police,City of London Police,-0.090105,51.520001,On or near Milton Court,E01000002,City of London 001B,Other theft,Investigation complete; no suspect identified,
1d059b682dc060aef1334337f20ec6e4acabaf62aafc9de410ae8054ea601f88,2025-07,City of London Police,City of London Police,-0.091495,51.518145,On or near Fore Street,E01000002,City of London 001B,Other theft,Investigation complete; no suspect identified,
7dcdda105adc0d576c5cbc00c9c04f480564706cf37326abe9f91aedd28e6263,2025-07,City of London Police,City of London Police,-0.092971,51.516271,On or near Aldermanbury,E01000002,City of London 001B,Other theft,Status update unavailable,
639bd9eb401a81e5c868b1e825cccc114b14c3e631961adc1714043572673630,2025-07,City of London Police,City of London Police,-0.094130,51.519961,On or near Theatre/Concert Hall,E01000002,City of London 001B,Public order,Unable to prosecute suspect,
2c14ea1d6b81e5874cc969965882327a7ae1d33c8484b603fa033bf161864e64,2025-07,City of London Police,City of London Police,-0.093969,51.519300,On or near Park/Open Space,E01000002,City of London 001B,Public order,Unable to prosecute suspect,
2671fa31bf19a331b24d052371bd099c89f010ef91f7ac5ca8a73d0c78020acd,2025-07,City of London Police,City of London Police,-0.090105,51.520001,On or near Milton Court,E01000002,City of London 001B,Public order,Investigation complete; no suspect identified,
3c61bbce9358bd40cd19d643cc13d2190a98d96b039d96cc3c3cb5da00d52aa2,2025-07,City of London Police,City of London Police,-0.094130,51.519961,On or near Theatre/Concert Hall,E01000002,City of London 001B,Public order,Investigation complete; no suspect identified,
c93f49f6b5183d1c98324d5756ee268bd86d5b272d2cdd13cf556a16383c8913,2025-07,City of London Police,City of London Police,-0.090553,51.518948,On or near Moor Lane,E01000002,City of London 001B,Shoplifting,Investigation complete; no suspect identified,
7b8b22242c192bd1ba8ba8fc6d3dc3ea25c15f76a438d0a723cba0d211b33a31,2025-07,City of London Police,City of London Police,-0.090553,51.518948,On or near Moor Lane,E01000002,City of London 001B,Shoplifting,Investigation complete; no suspect identified,
553de2d6471455a4dd09a0d388ead0ce1c03bb4ea94b17ddf4e31ac17e6b9b10,2025-07,City of London Police,City of London Police,-0.090553,51.518948,On or near Moor Lane,E01000002,City of London 001B,Shoplifting,Court result unavailable,
6d352064e6e101c7d8f9b0de13db6f21190156598ebc0289e562a2757237fb80,2025-07,City of London Police,City of London Police,-0.090553,51.518948,On or near Moor Lane,E01000002,City of London 001B,Shoplifting,Investigation complete; no suspect identified,
96e3b3780c0adf0e7beffeb8467e2354e4c4f90b365b2faec0052975e866d669,2025-07,City of London Police,City of London Police,-0.090553,51.518948,On or near Moor Lane,E01000002,City of London 001B,Shoplifting,Investigation complete; no suspect identified,
df094bea536d835a6ead35c3015cfc07826c733b1fe430d6c0d2a44d45156cd1,2025-07,City of London Police,City of London Police,-0.090553,51.518948,On or near Moor Lane,E01000002,City of London 001B,Shoplifting,Unable to prosecute suspect,
ed13cac9b6da5adb8e9bbbe6afd1a6d718603fd37eb03abbc0160b269c6b88d2,2025-07,City of London Police,City of London Police,-0.090553,51.518948,On or near Moor Lane,E01000002,City of London 001B,Shoplifting,Investigation complete; no suspect identified,
d9e2a9b422b1fe51afd4ca7e82eea6c8380738657422d453f1bfdd405d9889cf,2025-07,City of London Police,City of London Police,-0.090553,51.518948,On or near Moor Lane,E01000002,City of London 001B,Shoplifting,Court result unavailable,
e093793e3dd2cee37f674f7a3b44687272cef2070eeab3f7a0b68e6d079144e9,2025-07,City of London Police,City of London Police,-0.090553,51.518948,On or near Moor Lane,E01000002,City of London 001B,Shoplifting,Unable to prosecute suspect,
f55ba833d1cb9a7052c4e989aa53f9d07c3edcecb81f2d98754939fd72c431c8,2025-07,City of London Police,City of London Police,-0.090553,51.518948,On or near Moor Lane,E01000002,City of London 001B,Shoplifting,Court result unavailable,
629fbef8317a1376da7e7aea382c59ba80ecd52cd526f6e462db2776c4d5c0ab,2025-07,City of London Police,City of London Police,-0.090553,51.518948,On or near Moor Lane,E01000002,City of London 001B,Shoplifting,Investigation complete; no suspect identified,
6c5835645d9860ac1b678f0ee93f0f1759e87bdc92b16892df3fdfdc917674a0,2025-07,City of London Police,City of London Police,-0.090553,51.518948,On or near Moor Lane,E01000002,City of London 001B,Shoplifting,Awaiting court outcome,
9071032d3d8bbd6304801900eee3e3c814758295aab4841302ca62cd631d6fa7,2025-07,City of London Police,City of London Police,-0.090553,51.518948,On or near Moor Lane,E01000002,City of London 001B,Shoplifting,Court result unavailable,
3c1275d7b38c74668657a9c7209745d44b3d03e81015043c47db396828ac161c,2025-07,City of London Police,City of London Police,-0.090553,51.518948,On or near Moor Lane,E01000002,City of London 001B,Shoplifting,Court result unavailable,
692de369fa1898fb3d1c299bdba0bca49f261d453aa938a8f7954b73c33b948e,2025-07,City of London Police,City of London Police,-0.090553,51.518948,On or near Moor Lane,E01000002,City of London 001B,Shoplifting,Court result unavailable,
768fd4979fec75c4758a983d23dafe18a2e51a1fd664082d763f2f895175d62a,2025-07,City of London Police,City of London Police,-0.090553,51.518948,On or near Moor Lane,E01000002,City of London 001B,Shoplifting,Court result unavailable,
cd2d59afa407ab01836bf9bc7e2e415b0ddad1671e03f37b650e933614ba6d19,2025-07,City of London Police,City of London Police,-0.090553,51.518948,On or near Moor Lane,E01000002,City of London 001B,Shoplifting,Court result unavailable,
a79ab34fa02bcdd60c4def2be9f3797bd1643836b2a735618c3776336ae26a07,2025-07,City of London Police,City of London Police,-0.090553,51.518948,On or near Moor Lane,E01000002,City of London 001B,Shoplifting,Investigation complete; no suspect identified,
1c92df85bb453235d03170962ff1a3f30819f3886355429e8dbf0ed4b1d5a401,2025-07,City of London Police,City of London Police,-0.090553,51.518948,On or near Moor Lane,E01000002,City of London 001B,Shoplifting,Court result unavailable,
bb77c26541453cd4c8e690c93225a5bdab62ca370df1edd29aecac288b205c37,2025-07,City of London Police,City of London Police,-0.090553,51.518948,On or near Moor Lane,E01000002,City of London 001B,Shoplifting,Court result unavailable,
aafce31a4f89ad2162a9f9b7b9b6da0d2ef2440326c2d3a5c54990a01b77922c,2025-07,City of London Police,City of London Police,-0.090553,51.518948,On or near Moor Lane,E01000002,City of London 001B,Shoplifting,Court result unavailable,
296be95859c2776a13bba6e4a344dc406911b2f994c6cae5ad157027a0c7d585,2025-07,City of London Police,City of London Police,-0.094130,51.519961,On or near Theatre/Concert Hall,E01000002,City of London 001B,Theft from the person,Investigation complete; no suspect identified,
ee8765197d4973eb5a8d9fbe39b3aeaaaaeee87afe583dbe8f07d6593daf709a,2025-07,City of London Police,City of London Police,-0.094130,51.519961,On or near Theatre/Concert Hall,E01000002,City of London 001B,Theft from the person,Unable to prosecute suspect,
e79889fcb82344bb05b2353ffd405ae0eea7f051108cffc9b44962b6ed23baa3,2025-07,City of London Police,City of London Police,-0.095026,51.518499,On or near Park/Open Space,E01000002,City of London 001B,Violence and sexual offences,Unable to prosecute suspect,
90c0620875f309f62081119f5d817786b9bf9926532d0b94b1443c19d0b20f1c,2025-07,City of London Police,City of London Police,-0.090105,51.520001,On or near Milton Court,E01000002,City of London 001B,Violence and sexual offences,Unable to prosecute suspect,
6580d1085dccab409fbf0aaed5d49f5d164dd63429550676a228ca0e4f29af01,2025-07,City of London Police,City of London Police,-0.092971,51.516271,On or near Aldermanbury,E01000002,City of London 001B,Violence and sexual offences,Unable to prosecute suspect,
468543fcca8a51297c2a26997589200e457a9d5ddb15a36ec7e5d55532349b97,2025-07,City of London Police,City of London Police,-0.091498,51.520483,On or near Conference/Exhibition Centre,E01000002,City of London 001B,Violence and sexual offences,Unable to prosecute suspect,
d27366ebbf508552ccfddd28f1be081fa99d1da912ea42ff0f77367792c923d1,2025-07,City of London Police,City of London Police,-0.090105,51.520001,On or near Milton Court,E01000002,City of London 001B,Violence and sexual offences,Unable to prosecute suspect,
ec5e0928d7e1e036dcbdf5722e8171f681213ddd8241d33fe219850a7e3c0a7e,2025-07,City of London Police,City of London Police,-0.094130,51.519961,On or near Theatre/Concert Hall,E01000002,City of London 001B,Violence and sexual offences,Unable to prosecute suspect,
3a80c8461334e4494c0b376b0afe2f506ebfcec7ebf85623d64053ce6e46fb22,2025-07,City of London Police,City of London Police,-0.095758,51.521667,On or near Fann Street,E01000003,City of London 001C,Drugs,Investigation complete; no suspect identified,
aa7080f6571c7dfef939a371b6a412bc7104c4a0c4992523c983cf733c6df4f8,2025-07,City of London Police,City of London Police,-0.096984,51.522426,On or near Sports/Recreation Area,E01000003,City of London 001C,Drugs,Local resolution,
8610e8600c4b89f9bf357e4d26a9faf6b9ce2c0ab893e87ddab4e173922e7246,2025-07,City of London Police,City of London Police,-0.096984,51.522426,On or near Sports/Recreation Area,E01000003,City of London 001C,Drugs,Investigation complete; no suspect identified,
a2c84972ab0c549a54d1b17f7c5edbad91df1219d8ea731b9fa8efc99598c6b6,2025-07,City of London Police,City of London Police,-0.095758,51.521667,On or near Fann Street,E01000003,City of London 001C,Drugs,Investigation complete; no suspect identified,
09df0df5c4c2f850abb21878efdb01b416a6871223ea8148883275e72916a95f,2025-07,City of London Police,City of London Police,-0.094759,51.521435,On or near Brackley Street,E01000003,City of London 001C,Drugs,Investigation complete; no suspect identified,
2c8e75cc9e3223afe879c9836d434e9c381a2b9136d2e67da86454d07f96bfa7,2025-07,City of London Police,City of London Police,-0.095758,51.521667,On or near Fann Street,E01000003,City of London 001C,Other theft,Investigation complete; no suspect identified,
b3a7bc06ac7d2c53305861d3a9267bf91b7556ab3148d673ab2fa2b3a8adef06,2025-07,City of London Police,City of London Police,-0.094759,51.521435,On or near Brackley Street,E01000003,City of London 001C,Other theft,Unable to prosecute suspect,
334cd30203d079103b97df3d8b6ac52c438ffddd2779c55e026a4096f816f35f,2025-07,City of London Police,City of London Police,-0.095258,51.520526,On or near Beech Street,E01000003,City of London 001C,Theft from the person,Investigation complete; no suspect identified,
6b1ec58010c3a78f8474713dc58852c01fdacf8b6fb17cba0d307a5fd5f665d6,2025-07,City of London Police,City of London Police,-0.095258,51.520526,On or near Beech Street,E01000003,City of London 001C,Theft from the person,Investigation complete; no suspect identified,
27a5835ca5fdd80c52e81b5afa9ba34cb8026c3f4a8be18c6b7836726438072b,2025-07,City of London Police,City of London Police,-0.095258,51.520526,On or near Beech Street,E01000003,City of London 001C,Theft from the person,Investigation complete; no suspect identified,
3d9a48e417a8960b8a7882a25909e296e6a5f5bb5d1361c5f374f12b85b326b4,2025-07,City of London Police,City of London Police,-0.094017,51.520901,On or near Theatre/Concert Hall,E01000003,City of London 001C,Violence and sexual offences,Unable to prosecute suspect,
64fbc92b5c1b04ff431ee7ce9a869b17fb6acf208611fcbfb1b796a74aad4e99,2025-07,City of London Police,City of London Police,-0.096984,51.522426,On or near Sports/Recreation Area,E01000003,City of London 001C,Violence and sexual offences,Court result unavailable,
,2025-07,City of London Police,City of London Police,-0.076038,51.511759,On or near Hospital,E01000005,City of London 001E,Anti-social behaviour,,
,2025-07,City of London Police,City of London Police,-0.073530,51.510405,On or near Parking Area,E01000005,City of London 001E,Anti-social behaviour,,
,2025-07,City of London Police,City of London Police,-0.076038,51.511759,On or near Hospital,E01000005,City of London 001E,Anti-social behaviour,,
03ef5a7bbf418d1e901da5eda40f3442ff9eb8293cca8a7814d7d92206ba1d93,2025-07,City of London Police,City of London Police,-0.076145,51.512642,On or near India Street,E01000005,City of London 001E,Bicycle theft,Investigation complete; no suspect identified,
a9b75a8907f35ea7f58b4c16146d75ae4859d38f49961ba3b4b407db2f4e6782,2025-07,City of London Police,City of London Police,-0.075453,51.511965,On or near Minories,E01000005,City of London 001E,Bicycle theft,Investigation complete; no suspect identified,
1b43956ca0d88dab713fa195e9136d832ea2193c1ccef314310972ff001442c1,2025-07,City of London Police,City of London Police,-0.074330,51.513647,On or near Little Somerset Street,E01000005,City of London 001E,Bicycle theft,Investigation complete; no suspect identified,
c7e42b2f8a12347dd95f6b2715dce027ad1fa81c7e5baf4b3bdb32f331d25210,2025-07,City of London Police,City of London Police,-0.075080,51.512625,On or near St Clare Street,E01000005,City of London 001E,Burglary,Investigation complete; no suspect identified,
56b0bf7d6fbbb6e46aa3cc90a381ad193f7c3682f0445b02de07e30065779aef,2025-07,City of London Police,City of London Police,-0.075401,51.511164,On or near Supermarket,E01000005,City of London 001E,Burglary,Court result unavailable,
081a297615b2dbd446f063661074b30a5888115db5b5aa74455207b29470ebac,2025-07,City of London Police,City of London Police,-0.076038,51.511759,On or near Hospital,E01000005,City of London 001E,Burglary,Investigation complete; no suspect identified,
3c27d446172797d7d8c86179eca92d662a4017501cec24fb28ea264652299a21,2025-07,City of London Police,City of London Police,-0.076145,51.512642,On or near India Street,E01000005,City of London 001E,Burglary,Investigation complete; no suspect identified,
083f9c40bbaca101f6714252d6251f93b842694c04c24ac1dc32695185e189ea,2025-07,City of London Police,City of London Police,-0.075080,51.512625,On or near St Clare Street,E01000005,City of London 001E,Burglary,Investigation complete; no suspect identified,
0a79a8f7dc9113556d6dda52cbc8ebe93a34ca2089f4a2572eb7c85a4a77a316,2025-07,City of London Police,City of London Police,-0.076038,51.511759,On or near Hospital,E01000005,City of London 001E,Criminal damage and arson,Investigation complete; no suspect identified,
03fd20d30325406a77519d21da0dfbe7a94578608eace0251c8b641da1d77e85,2025-07,City of London Police,City of London Police,-0.073456,51.513542,On or near Little Somerset Street,E01000005,City of London 001E,Criminal damage and arson,Investigation complete; no suspect identified,
e5d5256506d232f0f738b5e7e3c61d2a327d3c8148820087e063fc5edd0b4210,2025-07,City of London Police,City of London Police,-0.073530,51.510405,On or near Parking Area,E01000005,City of London 001E,Criminal damage and arson,Investigation complete; no suspect identified,
da9489226e8cd5e2280e435889a05a563c5a70473b55946896e3d1e1a6002607,2025-07,City of London Police,City of London Police,-0.076038,51.511759,On or near Hospital,E01000005,City of London 001E,Criminal damage and arson,Unable to prosecute suspect,
289752326f3d7a97f043c9050de79fc529edfdab5a30fac7bb2575c604f42e4f,2025-07,City of London Police,City of London Police,-0.076145,51.512642,On or near India Street,E01000005,City of London 001E,Drugs,Local resolution,
ed22c45fb352557fe243def973efae2ceec2bc3382a3a0f72d0fe7a12ad86cd4,2025-07,City of London Police,City of London Police,-0.076145,51.512642,On or near India Street,E01000005,City of London 001E,Drugs,Unable to prosecute suspect,
933e32504e8a40a281c98cf2f8caf9a166044a2b14298f1f400210b1c03bf54b,2025-07,City of London Police,City of London Police,-0.075401,51.511164,On or near Supermarket,E01000005,City of London 001E,Other theft,Investigation complete; no suspect identified,
0a13a9ae3f8b9e4a12d9726c347a67a76f7642c4147058d144165b94d1393aa0,2025-07,City of London Police,City of London Police,-0.075866,51.511406,On or near America Square,E01000005,City of London 001E,Other theft,Investigation complete; no suspect identified,
45a457a9cbfec997a630051b6c758d7216e4070832c9a2e16649a078db3d747c,2025-07,City of London Police,City of London Police,-0.073103,51.511981,On or near A1210,E01000005,City of London 001E,Other theft,Unable to prosecute suspect,
c83b08d4994bee243f3d74f7d4ad813ae55f114d76a309a3dc3faced45b83156,2025-07,City of London Police,City of London Police,-0.076145,51.512642,On or near India Street,E01000005,City of London 001E,Other theft,Investigation complete; no suspect identified,
c08c793e0961dba0614b18cbf257da6b37aee2191409a1a2d2e09d6488d73df3,2025-07,City of London Police,City of London Police,-0.078783,51.515383,On or near Houndsditch,E01000005,City of London 001E,Possession of weapons,Awaiting court outcome,
04e4aeb7b9662a8241c6e21f9b79af39dd2f7fd3fb2e0dc320ceaae4e4fcff47,2025-07,City of London Police,City of London Police,-0.074483,51.512066,On or near Haydon Street,E01000005,City of London 001E,Public order,Unable to prosecute suspect,
a0975d9d1d899fd5117f320135f36d3be99828cae7b1a18ac143cd6ebab79740,2025-07,City of London Police,City of London Police,-0.074330,51.513647,On or near Little Somerset Street,E01000005,City of London 001E,Public order,Investigation complete; no suspect identified,
ba5c5ce7887203419b6a030e5cf9b6cd33dc71b5620ad241a593cc3eb6a29b1b,2025-07,City of London Police,City of London Police,-0.076145,51.512642,On or near India Street,E01000005,City of London 001E,Public order,Investigation complete; no suspect identified,
a7733625059c033757d806b0a3e06330dcc51772f1ea1ff208ea737460f1acef,2025-07,City of London Police,City of London Police,-0.077511,51.515812,On or near Artizan Street,E01000005,City of London 001E,Public order,Unable to prosecute suspect,
3db91e703f5c87f1c49f530f9b2a10b2d3e9ab0a82840cd5958e907885609afa,2025-07,City of London Police,City of London Police,-0.074330,51.513647,On or near Little Somerset Street,E01000005,City of London 001E,Public order,Unable to prosecute suspect,
49d73afee3364719f8ebb5fe543a34bc7d7e4f30c5cb63a29c42685ffcfcf22f,2025-07,City of London Police,City of London Police,-0.074330,51.513647,On or near Little Somerset Street,E01000005,City of London 001E,Robbery,Unable to prosecute suspect,
87113dffe2410277901d09493dc449dbd2fd982bc2cfadc6333140575b033bc6,2025-07,City of London Police,City of London Police,-0.075401,51.511164,On or near Supermarket,E01000005,City of London 001E,Shoplifting,Investigation complete; no suspect identified,
0aba75613b1744df116c7c9d22817bc5dea380bcd6dba9d7e62d14efb8862bb6,2025-07,City of London Police,City of London Police,-0.075401,51.511164,On or near Supermarket,E01000005,City of London 001E,Shoplifting,Investigation complete; no suspect identified,
22b81ad3a312e6e034b1d761a71515b75adf765641d12fc79d9863995970c6f2,2025-07,City of London Police,City of London Police,-0.076145,51.512642,On or near India Street,E01000005,City of London 001E,Shoplifting,Unable to prosecute suspect,
020e50df36505fe875b1db3099eccdb4a906be36234ee6f6dad077a2087d22c5,2025-07,City of London Police,City of London Police,-0.074330,51.513647,On or near Little Somerset Street,E01000005,City of London 001E,Shoplifting,Unable to prosecute suspect,
5b41574b185c3be9db8b4daf8c3dffcccee6a54f61c97b536691d557c80b3ee2,2025-07,City of London Police,City of London Police,-0.076145,51.512642,On or near India Street,E01000005,City of London 001E,Shoplifting,Unable to prosecute suspect,
1eb11694590c4e5d6a549a87aa1f7f314d96d675c902a5f95be16696a22dec0d,2025-07,City of London Police,City of London Police,-0.075401,51.511164,On or near Supermarket,E01000005,City of London 001E,Theft from the person,Investigation complete; no suspect identified,
bf9b7e44cf01fede6f13758383e08596c3471de1f73cdcea2a34c732b648eed3,2025-07,City of London Police,City of London Police,-0.076716,51.515178,On or near Gravel Lane,E01000005,City of London 001E,Theft from the person,Investigation complete; no suspect identified,
20574ce5b00db54fa5a9486db842ba8a71a2ade589d0a08fa07460cdcd679e25,2025-07,City of London Police,City of London Police,-0.074330,51.513647,On or near Little Somerset Street,E01000005,City of London 001E,Theft from the person,Investigation complete; no suspect identified,
dcb558f95a6bbae542f42a3fb8ded860dc5264ac8591245fc06542baeb834b11,2025-07,City of London Police,City of London Police,-0.074330,51.513647,On or near Little Somerset Street,E01000005,City of London 001E,Theft from the person,Investigation complete; no suspect identified,
8ea3395ef7534458b12b823a9f87392a65ba1880f02ac26a9e99aced2582dc90,2025-07,City of London Police,City of London Police,-0.074330,51.513647,On or near Little Somerset Street,E01000005,City of London 001E,Theft from the person,Investigation complete; no suspect identified,
83cd00e3b6d796b9ee186122f173d812bbb331f3c3c962ee7a1cef7c813c8967,2025-07,City of London Police,City of London Police,-0.078783,51.515383,On or near Houndsditch,E01000005,City of London 001E,Theft from the person,Investigation complete; no suspect identified,
cfc1374402b6096f68ec67ab72f3aac38d165ff913de41e38823e5b4267a78fb,2025-07,City of London Police,City of London Police,-0.074330,51.513647,On or near Little Somerset Street,E01000005,City of London 001E,Theft from the person,Investigation complete; no suspect identified,
4d5ad0daaed049bfcb859ac28a34d7c208e4ea725e4459eb57b011dc1279046b,2025-07,City of London Police,City of London Police,-0.074330,51.513647,On or near Little Somerset Street,E01000005,City of London 001E,Theft from the person,Investigation complete; no suspect identified,
771a2fd501c88ce9d1d29ba94b839414a818169f265138809c40ca11216b4d47,2025-07,City of London Police,City of London Police,-0.077511,51.515812,On or near Artizan Street,E01000005,City of London 001E,Theft from the person,Investigation complete; no suspect identified,
c75931494ca224dd33440fe72fd938e0e8cd0f945a6c34d501a9c5a840b3deb7,2025-07,City of London Police,City of London Police,-0.078839,51.515753,On or near Cutler Street,E01000005,City of London 001E,Theft from the person,Investigation complete; no suspect identified,
39e8edb5f330fd09084de0ef0436c6520c1bcb96667eb78257659112e24fdd97,2025-07,City of London Police,City of London Police,-0.073456,51.513542,On or near Little Somerset Street,E01000005,City of London 001E,Violence and sexual offences,Status update unavailable,
15add9618785954b8f4c288823a95c71e930fadc860ee2cd0660b0f5a8fe65d2,2025-07,City of London Police,City of London Police,-0.076145,51.512642,On or near India Street,E01000005,City of London 001E,Violence and sexual offences,Unable to prosecute suspect,
153f361eec90d2360cf79ef75b57b997bebb0521aea92b7945d5bc870ac2ea62,2025-07,City of London Police,City of London Police,-0.075922,51.515894,On or near New Goulston Street,E01000005,City of London 001E,Violence and sexual offences,Investigation complete; no suspect identified,
9ba967b940b457db3fbacc3e8e084c551358395a3495f2220cb37a78442d4505,2025-07,City of London Police,City of London Police,-0.074925,51.514924,On or near St Botolph Street,E01000005,City of London 001E,Violence and sexual offences,Investigation complete; no suspect identified,
fd47fcf10f52b19d245098596b43d5361f7b69e6bcaf3b37331e9d55b3a0ee9e,2025-07,City of London Police,City of London Police,-0.074925,51.514924,On or near St Botolph Street,E01000005,City of London 001E,Violence and sexual offences,Unable to prosecute suspect,
33e5a8afbc5886187461d3905f5b162fdb480deb3fa962a958affcdf27c44c63,2025-07,City of London Police,City of London Police,-0.075453,51.511965,On or near Minories,E01000005,City of London 001E,Violence and sexual offences,Status update unavailable,
e8d20a2f514ed917968b3d1c9b13416486af77e2b03e0106082af95afc0b412e,2025-07,City of London Police,City of London Police,-0.076145,51.512642,On or near India Street,E01000005,City of London 001E,Violence and sexual offences,Awaiting court outcome,
7244c83a7c5c4f582844e5131195f58761085d3c3c839ccd874f3f13b9e81436,2025-07,City of London Police,City of London Police,-0.076145,51.512642,On or near India Street,E01000005,City of London 001E,Violence and sexual offences,Awaiting court outcome,
3b7426401ddb74d7078c59c1f016c07af73356aa5fdc1a8fcd2ac3de3ca7fe34,2025-07,City of London Police,City of London Police,-0.074925,51.514924,On or near St Botolph Street,E01000005,City of London 001E,Violence and sexual offences,Unable to prosecute suspect,
ac5216a5bf6f731e3841d84e17d202e303f1e7da028c2007561d97e2814fd063,2025-07,City of London Police,City of London Police,-0.078783,51.515383,On or near Houndsditch,E01000005,City of London 001E,Violence and sexual offences,Unable to prosecute suspect,
ed1c6a787ed0ac4d864763b863331bda6b5a6b3065b37a5713dc018c5d8618aa,2025-07,City of London Police,City of London Police,-0.076145,51.512642,On or near India Street,E01000005,City of London 001E,Violence and sexual offences,Unable to prosecute suspect,
48c7bebb7345ec6dd8aa2317651dac9ba320af86061ac5b6cadf41cbee699f1e,2025-07,City of London Police,City of London Police,-0.078783,51.515383,On or near Houndsditch,E01000005,City of London 001E,Violence and sexual offences,Investigation complete; no suspect identified,
4fe0711322f7d515a9ba2c1c0788f4f4bf477f73bdfdaa7124877ccc492dd469,2025-07,City of London Police,City of London Police,-0.075453,51.511965,On or near Minories,E01000005,City of London 001E,Violence and sexual offences,Investigation complete; no suspect identified,
,2025-07,City of London Police,City of London Police,-0.089808,51.517461,On or near London Wall,E01032739,City of London 001F,Anti-social behaviour,,
,2025-07,City of London Police,City of London Police,-0.077563,51.517656,On or near Sandy'S Row,E01032739,City of London 001F,Anti-social behaviour,,
4f5bb1b1df40219c7eb6f0f4dd137d22a11db273936d1f132bb02a91bb6acf78,2025-07,City of London Police,City of London Police,-0.081643,51.510070,On or near Great Tower Street,E01032739,City of London 001F,Bicycle theft,Investigation complete; no suspect identified,
2927f36c9a70cf6a104d355b5a6bac62c86d48c52b7b4baf80c15094f80a2c5f,2025-07,City of London Police,City of London Police,-0.079521,51.511196,On or near New London Street,E01032739,City of London 001F,Bicycle theft,Investigation complete; no suspect identified,
f4ee0e5e274bd2adcd352de656df283aa750eee0a6644605cca23ae2748e9d60,2025-07,City of London Police,City of London Police,-0.081643,51.510070,On or near Great Tower Street,E01032739,City of London 001F,Bicycle theft,Investigation complete; no suspect identified,
15b9fbf397dae868a77c4c6ac07d55fea7f4adeed3605898cf68246025d993e7,2025-07,City of London Police,City of London Police,-0.090798,51.510328,On or near London Cannon Street,E01032739,City of London 001F,Bicycle theft,Investigation complete; no suspect identified,
fedd1545b184d087779b86a0c642231f62a3bcf777c84077f8e0a7db395bb741,2025-07,City of London Police,City of London Police,-0.086815,51.517007,On or near Circus Place,E01032739,City of London 001F,Bicycle theft,Investigation complete; no suspect identified,
9c0fe5731c09f316e1ce616b030b15ed724740fc4f434cc2ca582e55c6fb83dd,2025-07,City of London Police,City of London Police,-0.078755,51.518440,On or near Artillery Lane,E01032739,City of London 001F,Bicycle theft,Unable to prosecute suspect,
779e3e3cc5609d56c395cd799c92f6b677337cf491b31be00b33316627aafe8c,2025-07,City of London Police,City of London Police,-0.079907,51.517785,On or near Victoria Avenue,E01032739,City of London 001F,Bicycle theft,Investigation complete; no suspect identified,
bb3707409fbabf10494a08e9087d4d079c50b7ddacc2adf19caae0cff4b08b20,2025-07,City of London Police,City of London Police,-0.079907,51.517785,On or near Victoria Avenue,E01032739,City of London 001F,Bicycle theft,Investigation complete; no suspect identified,
730322faede965b8a15b385cbf557cf5853741c94ba878bb94385c3dc56203c2,2025-07,City of London Police,City of London Police,-0.087157,51.512624,On or near Lombard Street,E01032739,City of London 001F,Bicycle theft,Investigation complete; no suspect identified,
6dea47d96266b3a91ef121fb2edd338be1fbf7583b490393929038335a9ba576,2025-07,City of London Police,City of London Police,-0.091823,51.514427,On or near Ironmonger Lane,E01032739,City of London 001F,Bicycle theft,Investigation complete; no suspect identified,
a1112147d6e8c290c81548a8189f545520e5a66bd4cbf7221b1904705d0ce370,2025-07,City of London Police,City of London Police,-0.084754,51.512882,On or near Corbet Court,E01032739,City of London 001F,Bicycle theft,Investigation complete; no suspect identified,
40b6fce295cde256a961ede77ab26d8b91520b01727c3d68ec63088df7a92026,2025-07,City of London Police,City of London Police,-0.079196,51.513789,On or near Creechurch Lane,E01032739,City of London 001F,Bicycle theft,Investigation complete; no suspect identified,
df37261564127753b4d21dbbd3a04d03ee7331f995e285847d0bdded6f0b35fb,2025-07,City of London Police,City of London Police,-0.081113,51.516869,On or near Bishopsgate,E01032739,City of London 001F,Bicycle theft,Investigation complete; no suspect identified,
0dac2c66f1168c3fa050ba562212d2875ea05082a4d4ce26a6bcd5788817fb01,2025-07,City of London Police,City of London Police,-0.084910,51.512588,On or near Bell Inn Yard,E01032739,City of London 001F,Burglary,Unable to prosecute suspect,
0d6b7128653af0c63b8f3335f6392e16d12282fb0f30801a32d8cf4e03704bc8,2025-07,City of London Police,City of London Police,-0.086019,51.513631,On or near Finch Lane,E01032739,City of London 001F,Burglary,Unable to prosecute suspect,
bc21a2d2621eaf84ac4e937f2a1d9d9c9b93497980d997570ff5bdf5ac5b2935,2025-07,City of London Police,City of London Police,-0.084559,51.510316,On or near Botolph Lane,E01032739,City of London 001F,Burglary,Unable to prosecute suspect,
21cdd7cde5db6b3db55d98e6a3d01f989621fde1b9a4ae5ceb67160e1ff77569,2025-07,City of London Police,City of London Police,-0.079120,51.514912,On or near Bevis Marks,E01032739,City of London 001F,Burglary,Investigation complete; no suspect identified,
1b3070983b4b1f49d9b3de55ba5077b927c8a1cf6801e287d5c8df2797020307,2025-07,City of London Police,City of London Police,-0.083600,51.509797,On or near St Mary At Hill,E01032739,City of London 001F,Burglary,Investigation complete; no suspect identified,
488d4b9ca10403396e5238e78d0ad708d2f0dda74e5e6502e6e950bac810ae1a,2025-07,City of London Police,City of London Police,-0.086815,51.517007,On or near Circus Place,E01032739,City of London 001F,Burglary,Court result unavailable,
e8babe1d2b838b4a0bed4714079debcb485bf8ec7a2c928a9d5925b508079200,2025-07,City of London Police,City of London Police,-0.091540,51.511896,On or near Cannon Street,E01032739,City of London 001F,Burglary,Investigation complete; no suspect identified,
4a7d4b172d88a903acd7b6f76171830531dfe0bb1d36ac69c441305c5c7b0599,2025-07,City of London Police,City of London Police,-0.085228,51.511190,On or near Talbot Court,E01032739,City of London 001F,Burglary,Investigation complete; no suspect identified,
39472eefb27d0687627a18d1d14234d08330d3ca94ad1bb651f6c5120b55f836,2025-07,City of London Police,City of London Police,-0.084754,51.512882,On or near Corbet Court,E01032739,City of London 001F,Burglary,Unable to prosecute suspect,
bd880b1a5b2119eb716dba2dcc93bb55602690ba4841103c5a4c5c7a4602f4fc,2025-07,City of London Police,City of London Police,-0.091410,51.510167,On or near Cousin Lane,E01032739,City of London 001F,Burglary,Unable to prosecute suspect,
5fd9fd1bea0d1028d483128f30c7b26024442e6d3391775efbd42b2f65783544,2025-07,City of London Police,City of London Police,-0.100888,51.514448,On or near Amen Corner,E01032739,City of London 001F,Burglary,Investigation complete; no suspect identified,
b6f496b51ad7ba8aa5cd810eadbd740bebfc51c9a82af214f8c4c559d34c7652,2025-07,City of London Police,City of London Police,-0.088785,51.517102,On or near Moorgate,E01032739,City of London 001F,Burglary,Investigation complete; no suspect identified,
83fa344f270ee35900d3f4af6b00ff509a9855cf85f6416b833a93871a9fabe8,2025-07,City of London Police,City of London Police,-0.094070,51.513079,On or near Watling Street,E01032739,City of London 001F,Burglary,Court result unavailable,
51da48359c203bb247674d641d3a3749f7195c62467ab5f1486d5f0cdc0b70a2,2025-07,City of London Police,City of London Police,-0.086019,51.513631,On or near Finch Lane,E01032739,City of London 001F,Burglary,Court result unavailable,
bd5828888ee62f76dabdddd64f4ba826afa7bc0028a8ff7b176061fa09785ae3,2025-07,City of London Police,City of London Police,-0.094070,51.513079,On or near Watling Street,E01032739,City of London 001F,Burglary,Investigation complete; no suspect identified,
6d36ab35bac7f9c0f7feed84fe8efefaa3f559ce78b9ef9a9a0813723282aa1e,2025-07,City of London Police,City of London Police,-0.079127,51.509607,On or near Byward Street,E01032739,City of London 001F,Burglary,Unable to prosecute suspect,
570b263b3ed8c93faacf11747c32149b70578d5e34c538ccaf2c3fa4e8bf0249,2025-07,City of London Police,City of London Police,-0.079521,51.511196,On or near New London Street,E01032739,City of London 001F,Burglary,Unable to prosecute suspect,
608f653963cf071dfa39aa50c22044b3ddb45152fd0992aba3731db2e9f35787,2025-07,City of London Police,City of London Police,-0.084754,51.512882,On or near Corbet Court,E01032739,City of London 001F,Burglary,Investigation complete; no suspect identified,
dec7d30d3e8f6068f39a6f190212906656bd95bf4f46c571c4dafc893bb601c7,2025-07,City of London Police,City of London Police,-0.081643,51.510070,On or near Great Tower Street,E01032739,City of London 001F,Burglary,Investigation complete; no suspect identified,
9f368a7ae788031220fdcda0c2ddbc18e71e06039ac84c4d88fa844af52b1943,2025-07,City of London Police,City of London Police,-0.084559,51.510316,On or near Botolph Lane,E01032739,City of London 001F,Burglary,Investigation complete; no suspect identified,
1f8369fbfcb8708a1fd5b1ca10e942a92a9745781dbae17d542e6da9cd6cfe37,2025-07,City of London Police,City of London Police,-0.100888,51.514448,On or near Amen Corner,E01032739,City of London 001F,Burglary,Investigation complete; no suspect identified,
115610815efbe08da785ba829694ee5d1c03eab11b0fb5f245a393cebcfabe37,2025-07,City of London Police,City of London Police,-0.097291,51.514626,On or near Supermarket,E01032739,City of London 001F,Burglary,Court result unavailable,
fae8a32991c89a0143ad2a636fda73ab07f8655ae8b1889e9f3b82b969e9e6dd,2025-07,City of London Police,City of London Police,-0.078278,51.513666,On or near Mitre Street,E01032739,City of London 001F,Burglary,Investigation complete; no suspect identified,
e02ff2f34503608dd42a5abfe9778c0aea05bfa98783ee169c86eaf2669b4907,2025-07,City of London Police,City of London Police,-0.079838,51.514267,On or near Bury Street,E01032739,City of London 001F,Criminal damage and arson,Investigation complete; no suspect identified,
26ba5cb6834619ad36e77920845abc0f92163c4a1e72bf536df4c5b585bbe1cb,2025-07,City of London Police,City of London Police,-0.086019,51.513631,On or near Finch Lane,E01032739,City of London 001F,Criminal damage and arson,Investigation complete; no suspect identified,
60c9c7f662736922cfe97608904b5ceb1d950d2b7e87b6f61cd3895f095d30da,2025-07,City of London Police,City of London Police,-0.091823,51.514427,On or near Ironmonger Lane,E01032739,City of London 001F,Criminal damage and arson,Unable to prosecute suspect,
ffa09765022713b7fbae3d56c7000140b9ae79e3f35f23160f8c028d0959fea1,2025-07,City of London Police,City of London Police,-0.085089,51.512105,On or near Gracechurch Street,E01032739,City of London 001F,Criminal damage and arson,Investigation complete; no suspect identified,
76e94343d11f5a520448428c369a0bb54517ec288375e4b54cbc2469e34a8676,2025-07,City of London Police,City of London Police,-0.081643,51.510070,On or near Great Tower Street,E01032739,City of London 001F,Criminal damage and arson,Investigation complete; no suspect identified,
33a0cbf40c800148c18bf0b2c3da4e0ea36047f54bb729d94cce6a4cfb02b14c,2025-07,City of London Police,City of London Police,-0.086019,51.513631,On or near Finch Lane,E01032739,City of London 001F,Criminal damage and arson,Investigation complete; no suspect identified,
a243501cfbd88406bef789cf3fb84681498991fd7180b874150a9cc41e4bb82f,2025-07,City of London Police,City of London Police,-0.104276,51.513712,On or near A201,E01032739,City of London 001F,Criminal damage and arson,Investigation complete; no suspect identified,
c01a0e5b53695216725560cfe76aeb0774e4797a8ad6f25b69fca11d930f4b83,2025-07,City of London Police,City of London Police,-0.084844,51.510725,On or near Eastcheap,E01032739,City of London 001F,Criminal damage and arson,Unable to prosecute suspect,
3c923f5741af2021c1c38f53d1afc19b758870137f2a3da8376ddec8992c0e70,2025-07,City of London Police,City of London Police,-0.083600,51.509797,On or near St Mary At Hill,E01032739,City of London 001F,Criminal damage and arson,Investigation complete; no suspect identified,
2fbe70db708333eb895d061c3d16d072b5fba8db4b02352a1797a22368d17d17,2025-07,City of London Police,City of London Police,-0.101475,51.511077,On or near A3211,E01032739,City of London 001F,Criminal damage and arson,Investigation complete; no suspect identified,
2f6bafd69c6dfc5bbc79a49f51bae83c146d899c0539114d35842ba968b9f337,2025-07,City of London Police,City of London Police,-0.077070,51.510877,On or near Cooper'S Row,E01032739,City of London 001F,Criminal damage and arson,Unable to prosecute suspect,
cb00d24e7eb602bd51fb754b40f9aa04d5fb9bdc1c993c494676d54159f876e8,2025-07,City of London Police,City of London Police,-0.087772,51.510665,On or near Martin Lane,E01032739,City of London 001F,Criminal damage and arson,Investigation complete; no suspect identified,
8677401158d7d3f0f7056a51bc7d2d415dfd38c4ac3706050858fe2574b77f22,2025-07,City of London Police,City of London Police,-0.101292,51.514770,On or near Amen Court,E01032739,City of London 001F,Criminal damage and arson,Court result unavailable,
45cdccab5c15621fc8db3a4c42aa854d696fddd9334ca64ce6442e9ae7dc4f95,2025-07,City of London Police,City of London Police,-0.092633,51.509872,On or near Bell Wharf Lane,E01032739,City of London 001F,Criminal damage and arson,Investigation complete; no suspect identified,
2b76dbce0f694532d773e1cf961e7cff6ebc9ae10c4abb8ec86335a8cdbe23c3,2025-07,City of London Police,City of London Police,-0.081902,51.517296,On or near Liverpool Street,E01032739,City of London 001F,Criminal damage and arson,Awaiting court outcome,
a0eb0c7e5ee0b134d82266f09f9efd74a3fc5b4b7a46b3b58c445750299e420b,2025-07,City of London Police,City of London Police,-0.086019,51.513631,On or near Finch Lane,E01032739,City of London 001F,Criminal damage and arson,Investigation complete; no suspect identified,
7e0b75ea6a503799c0f0ee169ef03de3ecc41af1853421053df271c66d00dd17,2025-07,City of London Police,City of London Police,-0.081113,51.516869,On or near Bishopsgate,E01032739,City of London 001F,Criminal damage and arson,Unable to prosecute suspect,
4e8b59d708c9fa2e6d9cd6f782dc26ee1369a8ef55099de7ddff7e5daa4d2d97,2025-07,City of London Police,City of London Police,-0.086019,51.513631,On or near Finch Lane,E01032739,City of London 001F,Criminal damage and arson,Investigation complete; no suspect identified,
bb538347837f6e1b90f77fdc76bfe57517e28c56ff84eb1b4719b39a58a03531,2025-07,City of London Police,City of London Police,-0.085228,51.511190,On or near Talbot Court,E01032739,City of London 001F,Drugs,Court result unavailable,
901f24cb71eabb333baae00bf4061534a1b65a3dde2e95d151ad95651d5d9754,2025-07,City of London Police,City of London Police,-0.078755,51.518440,On or near Artillery Lane,E01032739,City of London 001F,Drugs,Court result unavailable,
4899e96ebfe5834eb07ac58c9d64fdc71136b6cc03ffa7d36feec6bd71e2ee01,2025-07,City of London Police,City of London Police,-0.079907,51.517785,On or near Victoria Avenue,E01032739,City of London 001F,Drugs,Court result unavailable,
1acafbf8f60a38a536320e05a66e73781676ebaaf1e1774b3c2a9f97d8fd2ae4,2025-07,City of London Police,City of London Police,-0.087157,51.512624,On or near Lombard Street,E01032739,City of London 001F,Drugs,Investigation complete; no suspect identified,
be3d8226a545edf8e5fd2b0b2a6a4aebdb8500a20248baacc385f5b957472496,2025-07,City of London Police,City of London Police,-0.078278,51.513666,On or near Mitre Street,E01032739,City of London 001F,Drugs,Local resolution,
57469a6f90e038c95a6b1da7bd0190f3c8d6b6e51c7227d886c2af51881d2733,2025-07,City of London Police,City of London Police,-0.078278,51.513666,On or near Mitre Street,E01032739,City of London 001F,Drugs,Court result unavailable,
2ca47e51bed08084874961b4cf814a19528b217b32b3fd33fe092f488e5fc300,2025-07,City of London Police,City of London Police,-0.095764,51.512549,On or near Friday Street,E01032739,City of London 001F,Drugs,Unable to prosecute suspect,
e3a8fda2839091255438d754c7d97ce6067d63d348232ddd699f119015d15e74,2025-07,City of London Police,City of London Police,-0.083600,51.509797,On or near St Mary At Hill,E01032739,City of London 001F,Drugs,Local resolution,
b935dca254fa373e230a0ba6342ba4f98946efd59c40d73da3383645f3189660,2025-07,City of London Police,City of London Police,-0.101292,51.514770,On or near Amen Court,E01032739,City of London 001F,Drugs,Status update unavailable,
9ea5a131b7b82b4f04f0d819647c7f719fbb3d9fffd4f22282e2af41022e1d87,2025-07,City of London Police,City of London Police,-0.079907,51.517785,On or near Victoria Avenue,E01032739,City of London 001F,Drugs,Further investigation is not in the public interest,
d00f96f23832940ceecfc70e1cb5befa6b8157874d7ab1649aacdceb54c26f06,2025-07,City of London Police,City of London Police,-0.081512,51.518692,On or near London Liverpool Street,E01032739,City of London 001F,Drugs,Court result unavailable,
66c2b4a939895fe6df6f46cc73c2c844d4597faab6848b4643173cf8fa627b9b,2025-07,City of London Police,City of London Police,-0.086815,51.517007,On or near Circus Place,E01032739,City of London 001F,Drugs,Local resolution,
b4e5a358db475d7fc7ff8b80e7ee9e68b485c77caefe1c04b43c715ee42a4960,2025-07,City of London Police,City of London Police,-0.101292,51.514770,On or near Amen Court,E01032739,City of London 001F,Drugs,Unable to prosecute suspect,
2ef629bbf6f1af67344db64b34b7a33d7acbb2828f37940c3862c63bbd7630ca,2025-07,City of London Police,City of London Police,-0.092531,51.512658,On or near Queen Street,E01032739,City of London 001F,Drugs,Local resolution,
ec4d38bc328561e4b753c8b5895f2f71cffa1c97058a7395b9405f0b0c8bddca,2025-07,City of London Police,City of London Police,-0.083600,51.509797,On or near St Mary At Hill,E01032739,City of London 001F,Drugs,Local resolution,
53c2a6a1e0b6fbdbcb7021ba5d8ca9962e4a28f7165d1847831e8dc1e6cb3ea6,2025-07,City of London Police,City of London Police,-0.091823,51.514427,On or near Ironmonger Lane,E01032739,City of London 001F,Drugs,Court result unavailable,
7707f6c98a81c150e6ba6c0c471b387f6926fe374e97f4028325ee2a039ba729,2025-07,City of London Police,City of London Police,-0.079521,51.511196,On or near New London Street,E01032739,City of London 001F,Drugs,Local resolution,
6db306b85dc8e27ea7cfe4927b81f273394949630d7579682ebe9f40136b8643,2025-07,City of London Police,City of London Police,-0.089808,51.517461,On or near London Wall,E01032739,City of London 001F,Drugs,Local resolution,
17639ec44d97b728fd3805beb20f828bdacef7c257178e5ecda1488400f3aceb,2025-07,City of London Police,City of London Police,-0.079907,51.517785,On or near Victoria Avenue,E01032739,City of London 001F,Drugs,Local resolution,
9daa2b1c6f11c0d323702369f22db20d1035a42a4939232f5ae3482e52a99d2c,2025-07,City of London Police,City of London Police,-0.092531,51.512658,On or near Queen Street,E01032739,City of London 001F,Other theft,Investigation complete; no suspect identified,
8a7ec94889518ec7899c87d76b1f9e5c4be9e1074b9cb3e081a1e4e7fee8e04d,2025-07,City of London Police,City of London Police,-0.088785,51.517102,On or near Moorgate,E01032739,City of London 001F,Other theft,Investigation complete; no suspect identified,
2f07d0cf5e2989d002a2d2c33e65975f141b9be716bab6913756c704d9b5f5bc,2025-07,City of London Police,City of London Police,-0.090578,51.509722,On or near Allhallows Lane,E01032739,City of London 001F,Other theft,Investigation complete; no suspect identified,
9419d9264bd78b8c2caee64e12b29b6cdcc49c7c4655cd88486e84553cd0cc37,2025-07,City of London Police,City of London Police,-0.077563,51.517656,On or near Sandy'S Row,E01032739,City of London 001F,Other theft,Investigation complete; no suspect identified,
18b646c24ce03babbbee1ee33411b16b593ec2ced542482136b61f16fee5ec72,2025-07,City of London Police,City of London Police,-0.091947,51.513188,On or near Pancras Lane,E01032739,City of London 001F,Other theft,Unable to prosecute suspect,
46615549f9806684146abe75d53694a07107e6f8d11a8a633ad8378f8096da2b,2025-07,City of London Police,City of London Police,-0.080769,51.520236,On or near Further/Higher Educational Building,E01032739,City of London 001F,Other theft,Investigation complete; no suspect identified,
46a93f8550735e36a90e12e8ad98f04a6102c833312d67932de69f2b1de95232,2025-07,City of London Police,City of London Police,-0.081643,51.510070,On or near Great Tower Street,E01032739,City of London 001F,Other theft,Investigation complete; no suspect identified,
50fbe7b51c142d8112573247962c0a6e4299ce7aac0325174c218e6101c6132c,2025-07,City of London Police,City of London Police,-0.102272,51.511656,On or near Puddle Dock,E01032739,City of London 001F,Other theft,Investigation complete; no suspect identified,
8a48821ae859a39ee1dbf6d338a04d3ceea307636aa46c4396285a28f65f6e80,2025-07,City of London Police,City of London Police,-0.078755,51.518440,On or near Artillery Lane,E01032739,City of London 001F,Other theft,Investigation complete; no suspect identified,
aff0bd82671eaf8c11dab437b3cc5d034a435b78915b87e58fa25a3001d635b0,2025-07,City of London Police,City of London Police,-0.078755,51.518440,On or near Artillery Lane,E01032739,City of London 001F,Other theft,Unable to prosecute suspect,
ec1525b184a512322d01e2065048d7d53e47160dc0da93fc2a5e82c6e648471b,2025-07,City of London Police,City of London Police,-0.089808,51.517461,On or near London Wall,E01032739,City of London 001F,Other theft,Court result unavailable,
73504443c809b246a6b69a4a7c2fa3c73116e2cb5b07202c2be7d49902da2096,2025-07,City of London Police,City of London Police,-0.084754,51.512882,On or near Corbet Court,E01032739,City of London 001F,Other theft,Investigation complete; no suspect identified,
f7d833363bf91368c3104bafd3f7291e2a0824b1cd7dde4e6574fef404aa3dc5,2025-07,City of London Police,City of London Police,-0.081902,51.517296,On or near Liverpool Street,E01032739,City of London 001F,Other theft,Investigation complete; no suspect identified,
b31df727a60d0e5187b95ba9366c48bdd5f8cdb0ccb3b6bee1aff6595b6ac860,2025-07,City of London Police,City of London Police,-0.089822,51.516103,On or near Coleman Street,E01032739,City of London 001F,Other theft,Investigation complete; no suspect identified,
21485cac4279eaf811bc18fc7f619ba5a07fd9772bed845a47a1cccc3391f498,2025-07,City of London Police,City of London Police,-0.102134,51.513929,On or near Ludgate Hill,E01032739,City of London 001F,Other theft,Investigation complete; no suspect identified,
397a5e84e310ad2fe329f7c2f550e511c5af5ca349247c154ead497ceafe75fd,2025-07,City of London Police,City of London Police,-0.083349,51.514830,On or near Shopping Area,E01032739,City of London 001F,Other theft,Investigation complete; no suspect identified,
3c38f83abf0e19115e8929348d1afb842f977e2d1d39b4106f202476e3f57f83,2025-07,City of London Police,City of London Police,-0.081113,51.516869,On or near Bishopsgate,E01032739,City of London 001F,Other theft,Investigation complete; no suspect identified,
d81cb9a7170ca60be233bdb33ba90ef5713118b9e105f574a077cc60fe6e3294,2025-07,City of London Police,City of London Police,-0.088903,51.510836,On or near Laurence Pountney Hill,E01032739,City of London 001F,Other theft,Investigation complete; no suspect identified,
5702681db85b9f89389a73dce6ae2d4f6766b7637ccbae5e86f216ae6129ab26,2025-07,City of London Police,City of London Police,-0.086019,51.513631,On or near Finch Lane,E01032739,City of London 001F,Other theft,Formal action is not in the public interest,
40f180083259a8f5d9109cafbf6a90073ac353e3ba7c11d5a79b7a3c784b3130,2025-07,City of London Police,City of London Police,-0.079138,51.508312,On or near Lower Thames Street,E01032739,City of London 001F,Other theft,Investigation complete; no suspect identified,
54f86b3b7005ef291280927188e17636da9359e58c4a3144042bea05d2ffd268,2025-07,City of London Police,City of London Police,-0.077372,51.512590,On or near Carlisle Avenue,E01032739,City of London 001F,Other theft,Investigation complete; no suspect identified,
59984c7867c966451f98b28c45ddfeb680e59fea6c27f336d00630476096e0ce,2025-07,City of London Police,City of London Police,-0.084754,51.512882,On or near Corbet Court,E01032739,City of London 001F,Other theft,Unable to prosecute suspect,
20ea33bcab306b54fe22859e23ec839ebd658393e22bef232ccd296ab8b0abf5,2025-07,City of London Police,City of London Police,-0.091947,51.513188,On or near Pancras Lane,E01032739,City of London 001F,Other theft,Investigation complete; no suspect identified,
4fd5291e098cae5b3d26fc598f223df405d809220bd255e1ba31f7307f06f855,2025-07,City of London Police,City of London Police,-0.084910,51.512588,On or near Bell Inn Yard,E01032739,City of London 001F,Other theft,Investigation complete; no suspect identified,
3707ac3efeeb6110d3c4c1e5b3e52ceb608273a020926f606e4ca7bab7dfe092,2025-07,City of London Police,City of London Police,-0.101292,51.514770,On or near Amen Court,E01032739,City of London 001F,Other theft,Unable to prosecute suspect,
2447596705adb1724a4eb728f52b604a7dcf8e9b334f327c3f815a6990b2a3d1,2025-07,City of London Police,City of London Police,-0.094900,51.513209,On or near Bread Street,E01032739,City of London 001F,Other theft,Investigation complete; no suspect identified,
026a68f4163dee190df537fa68944833f4f1b6683faea5a7c2088e60da702d80,2025-07,City of London Police,City of London Police,-0.086815,51.517007,On or near Circus Place,E01032739,City of London 001F,Other theft,Investigation complete; no suspect identified,
d1d7e6f56e41b11c99fa9fc3c350792ca5d76eb663128739c313a7366b079c72,2025-07,City of London Police,City of London Police,-0.084844,51.509700,On or near Monument Street,E01032739,City of London 001F,Other theft,Investigation complete; no suspect identified,
8e3b914da3d8bb7d76d45e4c3a1726ed8e5c45d1df36bae20f7ce1dde80eb0f0,2025-07,City of London Police,City of London Police,-0.078755,51.518440,On or near Artillery Lane,E01032739,City of London 001F,Other theft,Court result unavailable,
8d7ec9cf82c81042e5b037bb298386d90069a926f0ae8bb08e3fbddb63265bfe,2025-07,City of London Police,City of London Police,-0.088785,51.517102,On or near Moorgate,E01032739,City of London 001F,Other theft,Court result unavailable,
62d9ba965b07154934f8d38a7014205c4c5b5e7187a8d4ab69a9c82da53f9ef9,2025-07,City of London Police,City of London Police,-0.083977,51.510441,On or near Lovat Lane,E01032739,City of London 001F,Other theft,Investigation complete; no suspect identified,
47de9d9e7372aa96a36718038668c617ce85cf146fdfa574966b8227fc14082b,2025-07,City of London Police,City of London Police,-0.084844,51.509700,On or near Monument Street,E01032739,City of London 001F,Other theft,Court result unavailable,
1e36a2044e498fbc6742468f7d71f2c0d09c6fa2bd23c0729e36272e783065fb,2025-07,City of London Police,City of London Police,-0.094070,51.513079,On or near Watling Street,E01032739,City of London 001F,Other theft,Investigation complete; no suspect identified,
10e79a70e3ab046c2344851d2a74cb78eb6c0f4313711d0738bb5e34c9283359,2025-07,City of London Police,City of London Police,-0.079127,51.509607,On or near Byward Street,E01032739,City of London 001F,Other theft,Awaiting court outcome,
7a6d56c47d51b1ece3b435eba63fac8f8b2ec48b4dcd8e24fd2d77a0a44c4f8b,2025-07,City of London Police,City of London Police,-0.079138,51.508312,On or near Lower Thames Street,E01032739,City of London 001F,Other theft,Investigation complete; no suspect identified,
bf17b9aeeb518734c90c8f10e6dcccf41f8478b574af9a2a661a94309b1ac59d,2025-07,City of London Police,City of London Police,-0.081113,51.516869,On or near Bishopsgate,E01032739,City of London 001F,Other theft,Investigation complete; no suspect identified,
37f3f3754b76751b89f913068da75fb74af25c56e804d86b39e0de9ef3bafbe8,2025-07,City of London Police,City of London Police,-0.095224,51.513736,On or near Shopping Area,E01032739,City of London 001F,Other theft,Court result unavailable,
226ca3ec943cab0d0481fdf9ebf7d6fc8f1840023e1bf0a515d1fc7bc50b938d,2025-07,City of London Police,City of London Police,-0.086815,51.517007,On or near Circus Place,E01032739,City of London 001F,Other theft,Investigation complete; no suspect identified,
35dbc6eacc2c4eeea6e2804b81200b8c22b7ff8d6aad2a5202a51bd073c5d1ec,2025-07,City of London Police,City of London Police,-0.095224,51.513736,On or near Shopping Area,E01032739,City of London 001F,Other theft,Investigation complete; no suspect identified,
07b7e60925e3e95ff141125856f8378cb78112604a39b41877d339f89a575146,2025-07,City of London Police,City of London Police,-0.084844,51.509700,On or near Monument Street,E01032739,City of London 001F,Other theft,Investigation complete; no suspect identified,
7217112d26eb742bc919ce87df30a2120ad0731afac2300e08e765e6624f399a,2025-07,City of London Police,City of London Police,-0.102134,51.513929,On or near Ludgate Hill,E01032739,City of London 001F,Other theft,Investigation complete; no suspect identified,
980c682ec04806f42df7dc50b65838b42a3bdbfe2217493bce78f7b38952c82d,2025-07,City of London Police,City of London Police,-0.080448,51.520689,On or near Primrose Street,E01032739,City of London 001F,Other theft,Investigation complete; no suspect identified,
6c52c39d23a9866ea017bb2aa2c610adc1ee5b2db8c5fbee77d4a8245651ff7b,2025-07,City of London Police,City of London Police,-0.084844,51.509700,On or near Monument Street,E01032739,City of London 001F,Other theft,Investigation complete; no suspect identified,
918400d349ea770018597a3399611f6f857d6dc08189b41813c5d2dc0df08dcd,2025-07,City of London Police,City of London Police,-0.079907,51.517785,On or near Victoria Avenue,E01032739,City of London 001F,Other theft,Investigation complete; no suspect identified,
ee613ded4be68a8217d2fc7e0f0f520c9e7a1804ee6a3590dbf9d614bdeb46ce,2025-07,City of London Police,City of London Police,-0.081643,51.510070,On or near Great Tower Street,E01032739,City of London 001F,Other theft,Investigation complete; no suspect identified,
21e3534cad8379ae24f5a3656a9a9d4ff16b91478a536ec61cc039d3ddd93afe,2025-07,City of London Police,City of London Police,-0.084844,51.510725,On or near Eastcheap,E01032739,City of London 001F,Other theft,Investigation complete; no suspect identified,
469e18cf061976547f7ed54252fcfec476c1cb27edda0acdb3758ebd13af4dd4,2025-07,City of London Police,City of London Police,-0.087772,51.510665,On or near Martin Lane,E01032739,City of London 001F,Other theft,Investigation complete; no suspect identified,
2641b0e9002faaf6ca6f8ac1610529edc9839c5c9ce17c38e6da4729970cf377,2025-07,City of London Police,City of London Police,-0.079907,51.517785,On or near Victoria Avenue,E01032739,City of London 001F,Other theft,Unable to prosecute suspect,
cfa53432ba2b63ad0073052ec4bd0d0c4dd4e78b9db6aba95619cbf42cf70fac,2025-07,City of London Police,City of London Police,-0.102134,51.513929,On or near Ludgate Hill,E01032739,City of London 001F,Other theft,Investigation complete; no suspect identified,
75f99cc617f6367c63b30af1c3b2cee29c7e4a6051896aeaa7f5548fd5b43433,2025-07,City of London Police,City of London Police,-0.078477,51.509965,On or near Muscovy Street,E01032739,City of London 001F,Other theft,Unable to prosecute suspect,
c95e56f860f01880481312d7ef2773eb64921eafe6604f6ef08c6b938897050f,2025-07,City of London Police,City of London Police,-0.102134,51.513929,On or near Ludgate Hill,E01032739,City of London 001F,Other theft,Awaiting court outcome,
a758d130333b26136f4648de01ebd1d7444a10cb7c2da39253a21de36174c154,2025-07,City of London Police,City of London Police,-0.082133,51.515222,On or near St Helen'S Place,E01032739,City of London 001F,Other theft,Investigation complete; no suspect identified,
529ba3d695e15677c67c864935033609f462101af59e81bf527476c3643cb78a,2025-07,City of London Police,City of London Police,-0.081902,51.517296,On or near Liverpool Street,E01032739,City of London 001F,Other theft,Investigation complete; no suspect identified,
f57383a3c201c8e76ca19eab0fdd1bc054e90578cde8530c6eab317ec00606cf,2025-07,City of London Police,City of London Police,-0.078477,51.509965,On or near Muscovy Street,E01032739,City of London 001F,Other theft,Unable to prosecute suspect,
7392cf92b0c0e9ae7ab7babe75908e1e71ce455436171549b68e6740bc9b961c,2025-07,City of London Police,City of London Police,-0.079838,51.514267,On or near Bury Street,E01032739,City of London 001F,Other theft,Investigation complete; no suspect identified,
83d1cd5015e3cb94a5cf9c5e30ca3f6efacbbd16885aa37e9c755d40435b01a3,2025-07,City of London Police,City of London Police,-0.084844,51.510725,On or near Eastcheap,E01032739,City of London 001F,Other theft,Investigation complete; no suspect identified,
a291bfa7165fbfb68d1ffdcefc64a34e1a7f5572e6dda093c13a42de8eb5eb74,2025-07,City of London Police,City of London Police,-0.091540,51.511896,On or near Cannon Street,E01032739,City of London 001F,Other theft,Unable to prosecute suspect,
3ddff96a6e6ea92898f65bfa0940e24c9172819ee55a4b49be4d01211d5f2393,2025-07,City of London Police,City of London Police,-0.097291,51.514626,On or near Supermarket,E01032739,City of London 001F,Other theft,Investigation complete; no suspect identified,
b47217096f7ca06ac781ee301515908fb47c210b6c70abc8b87b9c442fe6e53f,2025-07,City of London Police,City of London Police,-0.100201,51.513286,On or near Dean'S Court,E01032739,City of London 001F,Other theft,Investigation complete; no suspect identified,
b2df2d795e8b692acbed078b6264de1e6682c7284cc10c8ad859b285f6b08f19,2025-07,City of London Police,City of London Police,-0.079196,51.513789,On or near Creechurch Lane,E01032739,City of London 001F,Other theft,Investigation complete; no suspect identified,
d570cfa5037ffa9339902325957dc324e5aa369ae5716da38c4490b400b2cbc3,2025-07,City of London Police,City of London Police,-0.077372,51.512590,On or near Carlisle Avenue,E01032739,City of London 001F,Other theft,Investigation complete; no suspect identified,
4836cfed8fb477d4ab134181ea4a728dc6ce361514205d7cca0c59b47e03e0e6,2025-07,City of London Police,City of London Police,-0.084559,51.510316,On or near Botolph Lane,E01032739,City of London 001F,Other theft,Unable to prosecute suspect,
5decea23171d0b886e0cba5a048f1b6985ec9cc0637f09ab97a7ec5ee6583c09,2025-07,City of London Police,City of London Police,-0.078755,51.518440,On or near Artillery Lane,E01032739,City of London 001F,Other theft,Investigation complete; no suspect identified,
983681108257e236575f7662c1e148879d241437de1e623629c401741087dff4,2025-07,City of London Police,City of London Police,-0.095924,51.513882,On or near Shopping Area,E01032739,City of London 001F,Other theft,Unable to prosecute suspect,
f9dc50660adb10b0aa0430f47b277d1175ce40bcef8ee2c6be9c3ac22c5b35d3,2025-07,City of London Police,City of London Police,-0.095924,51.513882,On or near Shopping Area,E01032739,City of London 001F,Other theft,Investigation complete; no suspect identified,
d3e93cd1155b3fc4e3421a61574b0c20726b34d6513c5187853cfb2829d93cdf,2025-07,City of London Police,City of London Police,-0.083977,51.510441,On or near Lovat Lane,E01032739,City of London 001F,Other theft,Investigation complete; no suspect identified,
7b23edd104164131ad222120de91b7b0bf0171ac6200fa86d3b7675542039d71,2025-07,City of London Police,City of London Police,-0.088785,51.517102,On or near Moorgate,E01032739,City of London 001F,Other theft,Investigation complete; no suspect identified,
2abb62d0bb03ed94b2b0968a41899d7184a39fb2059f9b24c737fa3e5e2a9401,2025-07,City of London Police,City of London Police,-0.077959,51.511332,On or near Crutched Friars,E01032739,City of London 001F,Other theft,Investigation complete; no suspect identified,
8737a8b4b63961aae275aec3f1278246b012ef0a348dba1d79895da72a1a8866,2025-07,City of London Police,City of London Police,-0.081091,51.508820,On or near Water Lane,E01032739,City of London 001F,Other theft,Unable to prosecute suspect,
b6db13b2156d00344bbfbe64ed1c54daa3e5d1afdbcf8cdf6632552124debd63,2025-07,City of London Police,City of London Police,-0.089208,51.509744,On or near Angel Lane,E01032739,City of London 001F,Other theft,Investigation complete; no suspect identified,
a35cb5187afbc997ae6b0ca0fd7804fa37b64c94fa65471d585f13168301bc85,2025-07,City of London Police,City of London Police,-0.077070,51.510877,On or near Cooper'S Row,E01032739,City of London 001F,Other theft,Awaiting court outcome,
45ad1ad2e12059756e2c18279912ffb7afb8c01a59dbdd84bd7fc50f3ccbe8d5,2025-07,City of London Police,City of London Police,-0.083349,51.514830,On or near Shopping Area,E01032739,City of London 001F,Other theft,Investigation complete; no suspect identified,
c75a8c6b87504efd491d5d75b5896cd1dd9f671cfba987ad8749957fb9ec15b7,2025-07,City of London Police,City of London Police,-0.078495,51.517770,On or near Further/Higher Educational Building,E01032739,City of London 001F,Other theft,Unable to prosecute suspect,
c948a8c841d6bf3760d71ebfeb83dcad28ecc8bb28ae92c9053009b177aa3b88,2025-07,City of London Police,City of London Police,-0.082993,51.516360,On or near Wormwood Street,E01032739,City of London 001F,Other theft,Investigation complete; no suspect identified,
9020995db4e63628fb705307693258e4eb922aa69f8891510a0d53e3b7b33122,2025-07,City of London Police,City of London Police,-0.094070,51.513079,On or near Watling Street,E01032739,City of London 001F,Other theft,Investigation complete; no suspect identified,
6ba14b95cc34471e7b3dbbb3675684eeae057b144d9cce3e534064fedead3824,2025-07,City of London Police,City of London Police,-0.100201,51.513286,On or near Dean'S Court,E01032739,City of London 001F,Other theft,Unable to prosecute suspect,
7a904e4984fcc5709d53d70d35ceaecbe9e14b140174d070315beba8f50a758c,2025-07,City of London Police,City of London Police,-0.081512,51.518692,On or near London Liverpool Street,E01032739,City of London 001F,Other theft,Investigation complete; no suspect identified,
bd74af509778e36f0f51bc5f0e3df4d9191ca090df8fac8834a35416cf0d9d79,2025-07,City of London Police,City of London Police,-0.094070,51.513079,On or near Watling Street,E01032739,City of London 001F,Other theft,Investigation complete; no suspect identified,
8b04809ec01011764313453ffdc628077c17f86502b09a8badb424c28767ff56,2025-07,City of London Police,City of London Police,-0.088303,51.510728,On or near Laurence Pountney Lane,E01032739,City of London 001F,Other theft,Unable to prosecute suspect,
53c583c8b70798efe1c4891737fadc661719cee243a1a36a9f30e683858f7310,2025-07,City of London Police,City of London Police,-0.080291,51.514814,On or near Bury Court,E01032739,City of London 001F,Other theft,Investigation complete; no suspect identified,
311d8980c17457a37829ac440cdc4c8ff565013a4fa38729345f9b41dbd41928,2025-07,City of London Police,City of London Police,-0.084836,51.511939,On or near Shopping Area,E01032739,City of London 001F,Other theft,Investigation complete; no suspect identified,
d3b71d2c7b31a160cd70591375b6b1addd0fae92b5a4102b8600948202b66578,2025-07,City of London Police,City of London Police,-0.085228,51.511190,On or near Talbot Court,E01032739,City of London 001F,Other theft,Unable to prosecute suspect,
d0a606257a26addea933921567b4b9c23dbe22def595f251b8b01a6425910dea,2025-07,City of London Police,City of London Police,-0.077070,51.510877,On or near Cooper'S Row,E01032739,City of London 001F,Other theft,Investigation complete; no suspect identified,
7be4e4728983686c2d1aac0702ace816e9c9177746dde6e61d94a71ea15a869c,2025-07,City of London Police,City of London Police,-0.088303,51.510728,On or near Laurence Pountney Lane,E01032739,City of London 001F,Other theft,Court result unavailable,
ec786ea6b65787cc337c7dae514b38c7dc6d0aea1ca56e47b58aab49a1e5a890,2025-07,City of London Police,City of London Police,-0.092531,51.512658,On or near Queen Street,E01032739,City of London 001F,Other theft,Investigation complete; no suspect identified,
d0e7e2b29819964c8a4c3644ac4ca16d37da98a0d61bd7bf6e3617217375b8fd,2025-07,City of London Police,City of London Police,-0.084754,51.512882,On or near Corbet Court,E01032739,City of London 001F,Other theft,Investigation complete; no suspect identified,
049d0061ab3840fdb39e16e99826c2cfa0b91e6ba485f7b191afe96d14226269,2025-07,City of London Police,City of London Police,-0.081113,51.516869,On or near Bishopsgate,E01032739,City of London 001F,Other theft,Investigation complete; no suspect identified,
b1a0db876dff9739fbf23d60f2a7a792e0b11addbd4c06a7d0826baecb099578,2025-07,City of London Police,City of London Police,-0.077070,51.510877,On or near Cooper'S Row,E01032739,City of London 001F,Other theft,Unable to prosecute suspect,
15392d35f3e5a297fd07e22ef897fc617dcae8c8e74c20060b62fa591cfe5b7b,2025-07,City of London Police,City of London Police,-0.078477,51.509965,On or near Muscovy Street,E01032739,City of London 001F,Other theft,Investigation complete; no suspect identified,
44974a92afeb4ae6ff9c6bca3a953fb50866001cc6ee81347923a0c1522df247,2025-07,City of London Police,City of London Police,-0.078477,51.509965,On or near Muscovy Street,E01032739,City of London 001F,Other theft,Investigation complete; no suspect identified,
a4ed2e4855f2e152a35ac4e1d6c890e21cde2efcda0b1584cf6d3acf83f24683,2025-07,City of London Police,City of London Police,-0.084844,51.509700,On or near Monument Street,E01032739,City of London 001F,Other theft,Unable to prosecute suspect,
2f908fa3eba41117753139b616d5a32166d3adfea5dc567724404156da83427c,2025-07,City of London Police,City of London Police,-0.091540,51.511896,On or near Cannon Street,E01032739,City of London 001F,Other theft,Investigation complete; no suspect identified,
bdea36e768ba3f65d274e32b42d4cc6e5dbed30653336b8786ed0dd37e090d7c,2025-07,City of London Police,City of London Police,-0.094070,51.513079,On or near Watling Street,E01032739,City of London 001F,Other theft,Court result unavailable,
29a5a8d50e4555927e29e55d7b3543c71462c5c337d8b0efed3c9ee16e683f61,2025-07,City of London Police,City of London Police,-0.079127,51.509607,On or near Byward Street,E01032739,City of London 001F,Other theft,Court result unavailable,
bd3afe78970a3791830f8eac77388fdfb0c683faeb7bdf081837049ae064a115,2025-07,City of London Police,City of London Police,-0.081902,51.517296,On or near Liverpool Street,E01032739,City of London 001F,Other theft,Unable to prosecute suspect,
bb47f03eb29e7b88b5b2099c6107958443d9e9be6259fe528a6ce039868f4fdf,2025-07,City of London Police,City of London Police,-0.084836,51.511939,On or near Shopping Area,E01032739,City of London 001F,Other theft,Investigation complete; no suspect identified,
9db5f42b444562b61c1352a7bf68d50e68c8053341557a699f0c1fbac26a5bac,2025-07,City of London Police,City of London Police,-0.079907,51.517785,On or near Victoria Avenue,E01032739,City of London 001F,Other theft,Status update unavailable,
080cc771c534c9700e70eb5e54f71567b44018b115789c3492f4d4d26634479a,2025-07,City of London Police,City of London Police,-0.079521,51.511196,On or near New London Street,E01032739,City of London 001F,Possession of weapons,Investigation complete; no suspect identified,
dcbfc83bab927dca78233fd9c2e17f81aef6ce8b8d42daceb1abc06066ae7a4b,2025-07,City of London Police,City of London Police,-0.079883,51.517326,On or near New Street,E01032739,City of London 001F,Possession of weapons,Court result unavailable,
9cb87dc470eef9eb104f5c3e590cd9d18c55795774dffe478a7cfb38aa055a46,2025-07,City of London Police,City of London Police,-0.079907,51.517785,On or near Victoria Avenue,E01032739,City of London 001F,Public order,Unable to prosecute suspect,
45c7671d4b8ef0e97498039d1e2604b127c8a78c5931f64b7e03839c9ab38410,2025-07,City of London Police,City of London Police,-0.079883,51.517326,On or near New Street,E01032739,City of London 001F,Public order,Unable to prosecute suspect,
67e0c8ce6aa9d49729b3019c099686fa54dba368352a7a73c332e272284f20fb,2025-07,City of London Police,City of London Police,-0.091540,51.511896,On or near Cannon Street,E01032739,City of London 001F,Public order,Local resolution,
f12de2d87adafee7ed98c87dcefed92f645de2973126f66d99c6e8b53f01e73e,2025-07,City of London Police,City of London Police,-0.079907,51.517785,On or near Victoria Avenue,E01032739,City of London 001F,Public order,Investigation complete; no suspect identified,
80a57f40977b241c29e0ac5e11d5c8f8f0643790e25dc87005dd184d2209178b,2025-07,City of London Police,City of London Police,-0.078755,51.518440,On or near Artillery Lane,E01032739,City of London 001F,Public order,Investigation complete; no suspect identified,
313352f3db6c53acdefb71cd411c15688388de203265de0cc3dde2d90d333aa6,2025-07,City of London Police,City of London Police,-0.077959,51.511332,On or near Crutched Friars,E01032739,City of London 001F,Public order,Investigation complete; no suspect identified,
37065c310fd885b82eda014ccdc2f613f48e9128d47f5f8dec02d567adcac236,2025-07,City of London Police,City of London Police,-0.089808,51.517461,On or near London Wall,E01032739,City of London 001F,Public order,Unable to prosecute suspect,
25533cbeb8325d8980a5a3d25a8a16369ce9b64a03a7aeadddd14374d182641e,2025-07,City of London Police,City of London Police,-0.079907,51.517785,On or near Victoria Avenue,E01032739,City of London 001F,Public order,Court result unavailable,
5a83cb69fbdf24f39f35dfcd3de02eaf3888ff7c09ad099cf91d8b7e52c61d78,2025-07,City of London Police,City of London Police,-0.084910,51.512588,On or near Bell Inn Yard,E01032739,City of London 001F,Public order,Investigation complete; no suspect identified,
cda3f69fc691d0fa806a145090cc91f03f70f3de58f825e41ea417cb501b0427,2025-07,City of London Police,City of London Police,-0.090578,51.509722,On or near Allhallows Lane,E01032739,City of London 001F,Public order,Investigation complete; no suspect identified,
f33d21df76af9e0745ae38ab4e3ce4d046f62567b1230e85a8eb4f781e1f162e,2025-07,City of London Police,City of London Police,-0.100201,51.513286,On or near Dean'S Court,E01032739,City of London 001F,Public order,Court result unavailable,
56db6cd2303f0e0f180a51b53eaa9b8cbc18abf6bd5b1d26f0696a7f5e8c5022,2025-07,City of London Police,City of London Police,-0.078755,51.518440,On or near Artillery Lane,E01032739,City of London 001F,Public order,Investigation complete; no suspect identified,
26dd0e8b466c4f29a9278b0dc22d15f99fd2b7ab91b454d6dc0b090d9e5a538b,2025-07,City of London Police,City of London Police,-0.084844,51.509700,On or near Monument Street,E01032739,City of London 001F,Public order,Investigation complete; no suspect identified,
e4a110e70314b5bcfb27f11c6a9937c7426599921f9ed572e995889c48f1f64b,2025-07,City of London Police,City of London Police,-0.079883,51.517326,On or near New Street,E01032739,City of London 001F,Public order,Court result unavailable,
d5f1d29e0ce8bb1cd69161d19726a728df275db2750a59de92890bee19ef0b44,2025-07,City of London Police,City of London Police,-0.100201,51.513286,On or near Dean'S Court,E01032739,City of London 001F,Public order,Investigation complete; no suspect identified,
6db42c392086fe40ea8978807595469a7dbaa52657cfbebb537aacbe0aa09a5b,2025-07,City of London Police,City of London Police,-0.095764,51.512549,On or near Friday Street,E01032739,City of London 001F,Public order,Court result unavailable,
9017e1b17a0db2ba0d61f5002c9967e4bce1c77c456b611d52b36596c5872bae,2025-07,City of London Police,City of London Police,-0.079907,51.517785,On or near Victoria Avenue,E01032739,City of London 001F,Public order,Unable to prosecute suspect,
9123abe90992dc00140a24dada31fb4c4053d1dc5514d508c60f0b13ff720375,2025-07,City of London Police,City of London Police,-0.084844,51.510725,On or near Eastcheap,E01032739,City of London 001F,Public order,Unable to prosecute suspect,
a90371e74b0bf053f2904be8add7ebc6e80bbdc0d182614d8c7d3de76e063a64,2025-07,City of London Police,City of London Police,-0.078477,51.509965,On or near Muscovy Street,E01032739,City of London 001F,Public order,Unable to prosecute suspect,
5753af663674831da7209dbb5477db6920e64c451ed4915846d71786c4b6c15f,2025-07,City of London Police,City of London Police,-0.095924,51.513882,On or near Shopping Area,E01032739,City of London 001F,Public order,Investigation complete; no suspect identified,
057827b7689eea25d9bf6a24b6cb148677d3eee3ccc7674786a0a58e7aa37571,2025-07,City of London Police,City of London Police,-0.079838,51.514267,On or near Bury Street,E01032739,City of London 001F,Public order,Investigation complete; no suspect identified,
d05916a106b34ff2a72fe56b48d68cbeb4ef7f5e4ed2008b49a99c3420a48dba,2025-07,City of London Police,City of London Police,-0.078755,51.518440,On or near Artillery Lane,E01032739,City of London 001F,Public order,Investigation complete; no suspect identified,
9935f5e423023d48cd8d6e4b68008de5840639d393ac990a825f7a4e86a70943,2025-07,City of London Police,City of London Police,-0.081902,51.517296,On or near Liverpool Street,E01032739,City of London 001F,Public order,Investigation complete; no suspect identified,
0d15cf709a15b9bc638716acab18df225e09cda3345915b6ef073248f39a1399,2025-07,City of London Police,City of London Police,-0.081643,51.510070,On or near Great Tower Street,E01032739,City of London 001F,Public order,Unable to prosecute suspect,
0295465ac85dfa7c4f7db2970cc40a818f0d9744c83279588cbea9817aac85a1,2025-07,City of London Police,City of London Police,-0.084754,51.512882,On or near Corbet Court,E01032739,City of London 001F,Public order,Unable to prosecute suspect,
ea8fa9274f456107eba3ba65b162859389fc49d9935304eb37f09e133dc5b246,2025-07,City of London Police,City of London Police,-0.079907,51.517785,On or near Victoria Avenue,E01032739,City of London 001F,Public order,Unable to prosecute suspect,
011a329fb51bd57c435f4df4478a68252f43c455039a74bf804cce74a5e2ec18,2025-07,City of London Police,City of London Police,-0.097291,51.514626,On or near Supermarket,E01032739,City of London 001F,Public order,Unable to prosecute suspect,
49774de17f8afc471b3c3f2d219de4e1aa24ea0efdaeb28563f601cb1ef522cf,2025-07,City of London Police,City of London Police,-0.102134,51.513929,On or near Ludgate Hill,E01032739,City of London 001F,Public order,Further action is not in the public interest,
f69e500206bea12c4ccb944e9d3d46de8009de0f6f220e1b2e11248bb16197b9,2025-07,City of London Police,City of London Police,-0.079907,51.517785,On or near Victoria Avenue,E01032739,City of London 001F,Public order,Unable to prosecute suspect,
a3bd5003065ec2d6eb9dbe80bbdef1da809298e45f15ffdbb5eeda48a9c148be,2025-07,City of London Police,City of London Police,-0.084559,51.510316,On or near Botolph Lane,E01032739,City of London 001F,Public order,Unable to prosecute suspect,
146bd1f927691592ebabf9895b0c9fc66ddbcb7150ce6a9d8c6f60898ed77b12,2025-07,City of London Police,City of London Police,-0.095924,51.513882,On or near Shopping Area,E01032739,City of London 001F,Public order,Unable to prosecute suspect,
732375e8b29afe88b3eed47b154873603bb92e8903120b1bc23a6f8a13d64314,2025-07,City of London Police,City of London Police,-0.078278,51.513666,On or near Mitre Street,E01032739,City of London 001F,Public order,Unable to prosecute suspect,
ae2f86e79ec3904fba3d90fdf7ddd87ff04f6b12c2d839858a97b1d75c2f8bd3,2025-07,City of London Police,City of London Police,-0.095054,51.510559,On or near Queenhithe,E01032739,City of London 001F,Public order,Unable to prosecute suspect,
47078c58a1138356a15fdaa5ed1531654da6cffa91bd21a2cfcc3d4e55e43916,2025-07,City of London Police,City of London Police,-0.095924,51.513882,On or near Shopping Area,E01032739,City of London 001F,Public order,Unable to prosecute suspect,
432bd1da17646c9751622a15b26550d4378d891f56f0ddb8f444164cd6c94ffb,2025-07,City of London Police,City of London Police,-0.088785,51.517102,On or near Moorgate,E01032739,City of London 001F,Public order,Investigation complete; no suspect identified,
99e94334e3b47aa2cbb2d2670d2a3bc7f148717326be02ba415252395e2fd647,2025-07,City of London Police,City of London Police,-0.089808,51.517461,On or near London Wall,E01032739,City of London 001F,Public order,Unable to prosecute suspect,
a00986efe91a4c8e86592542fa39807ae06345bb57fb45da4a25c174476bde94,2025-07,City of London Police,City of London Police,-0.091947,51.513188,On or near Pancras Lane,E01032739,City of London 001F,Public order,Unable to prosecute suspect,
7b469b787942644281a8573d3e46690ab8ac71ec0cba7b25105019de2fb8513a,2025-07,City of London Police,City of London Police,-0.091540,51.511896,On or near Cannon Street,E01032739,City of London 001F,Public order,Unable to prosecute suspect,
abf9de6971b97d7ea06b990a74f59291a433f2bc305e24302533c5d424a6837a,2025-07,City of London Police,City of London Police,-0.087157,51.512624,On or near Lombard Street,E01032739,City of London 001F,Public order,Formal action is not in the public interest,
c79e45d4b0c1ddd258038eaea56bfaf83ccfef8e4f4051f7a3f5a9391b7e8d81,2025-07,City of London Police,City of London Police,-0.079907,51.517785,On or near Victoria Avenue,E01032739,City of London 001F,Public order,Local resolution,
610a8f1d5cc6ae885655b4f3a3d0b1844d11162d23213009eb80087da998a8cf,2025-07,City of London Police,City of London Police,-0.096274,51.511037,On or near Gardners Lane,E01032739,City of London 001F,Public order,Unable to prosecute suspect,
da635b6341b579be2547d1767dae47f073176d1881d5874c8f269e5f1d23ab5e,2025-07,City of London Police,City of London Police,-0.079907,51.517785,On or near Victoria Avenue,E01032739,City of London 001F,Public order,Unable to prosecute suspect,
bb4b6f912c552230d8be3844e9868d6272a4062153a3dc703cd51eba557c7165,2025-07,City of London Police,City of London Police,-0.081113,51.516869,On or near Bishopsgate,E01032739,City of London 001F,Public order,Unable to prosecute suspect,
79aa22ba25f34832aebe527e84a74f0abcf8adeb3c089a0f21f2b8e546d4afb4,2025-07,City of London Police,City of London Police,-0.081512,51.518692,On or near London Liverpool Street,E01032739,City of London 001F,Public order,Awaiting court outcome,
6d61d2fc064514d2e4466cbc25f1685b90e13a4e9e0dfebd1b4533b4dc5b9ba4,2025-07,City of London Police,City of London Police,-0.086815,51.517007,On or near Circus Place,E01032739,City of London 001F,Robbery,Investigation complete; no suspect identified,
b0aa40999e96747e3ae4bbbd34a394516e71bd8a5f04aa863424a157ccd83f8b,2025-07,City of London Police,City of London Police,-0.088785,51.517102,On or near Moorgate,E01032739,City of London 001F,Robbery,Status update unavailable,
10635fe14cb45c74623f37c5e71750ffcafff2bcafb262d9e4854a7e66869823,2025-07,City of London Police,City of London Police,-0.081902,51.517296,On or near Liverpool Street,E01032739,City of London 001F,Robbery,Investigation complete; no suspect identified,
3e2e6f7d5ac31922304701aafc9d6a9e1ac5b54be52d3e088112de4aade43846,2025-07,City of London Police,City of London Police,-0.084754,51.512882,On or near Corbet Court,E01032739,City of London 001F,Robbery,Unable to prosecute suspect,
adef5f5e886540fa340e4802dac379d4621149407306a5b84020b7f7622494c0,2025-07,City of London Police,City of London Police,-0.100201,51.513286,On or near Dean'S Court,E01032739,City of London 001F,Robbery,Unable to prosecute suspect,
0316c5e2704d18a8677075a586d3b63e93e958139927f0e4db33441dbde25e46,2025-07,City of London Police,City of London Police,-0.091947,51.513188,On or near Pancras Lane,E01032739,City of London 001F,Robbery,Investigation complete; no suspect identified,
c7b69906dbd678051ad6dbe028c6798c8d81bb7104814cac5abd796d67e4f8de,2025-07,City of London Police,City of London Police,-0.088785,51.517102,On or near Moorgate,E01032739,City of London 001F,Robbery,Investigation complete; no suspect identified,
12b2f6638c1681f03ecd56ab42d4fd97059f6b2b761f8ed8a18dbc8d759070d9,2025-07,City of London Police,City of London Police,-0.085089,51.512105,On or near Gracechurch Street,E01032739,City of London 001F,Robbery,Investigation complete; no suspect identified,
98f8192e55fffe7cca22bf9c0b178a87968360ef0794ced66a21678160456de9,2025-07,City of London Police,City of London Police,-0.095224,51.513736,On or near Shopping Area,E01032739,City of London 001F,Robbery,Unable to prosecute suspect,
7151953ba096eea91d796b696064fdd1420e498e5ea191fd87d8f81d6bfc84e5,2025-07,City of London Police,City of London Police,-0.079907,51.517785,On or near Victoria Avenue,E01032739,City of London 001F,Robbery,Investigation complete; no suspect identified,
1b20e744a508b096649ce3f7679402fd0fc671ecd63161879db46affadc158ab,2025-07,City of London Police,City of London Police,-0.082993,51.516360,On or near Wormwood Street,E01032739,City of London 001F,Robbery,Investigation complete; no suspect identified,
58862ae37e3e43651ed6dd3e6693cda49526124ae0fb274415bb1f12e9c42a90,2025-07,City of London Police,City of London Police,-0.089808,51.517461,On or near London Wall,E01032739,City of London 001F,Robbery,Investigation complete; no suspect identified,
5bff865776f839b355947bc787503cadaefeb793b0cd96bf2e096733c14e790a,2025-07,City of London Police,City of London Police,-0.078278,51.513666,On or near Mitre Street,E01032739,City of London 001F,Robbery,Unable to prosecute suspect,
48635084cda10d01800f37cfa1edbf0b34a9593ecb549083aadb23b4b54beb8d,2025-07,City of London Police,City of London Police,-0.084836,51.511939,On or near Shopping Area,E01032739,City of London 001F,Shoplifting,Court result unavailable,
9da1daf9767d039fa05f112f2f69989c04bbb6feab02101ccda813d4d812183c,2025-07,City of London Police,City of London Police,-0.094070,51.513079,On or near Watling Street,E01032739,City of London 001F,Shoplifting,Court result unavailable,
66735a26be718a492b753611a47ce87f0929cd286f34577e62fcf58e411401f0,2025-07,City of London Police,City of London Police,-0.079883,51.517326,On or near New Street,E01032739,City of London 001F,Shoplifting,Further action is not in the public interest,
912e0b4ba4eb9a0c5af742efd96eecd6c304748656d9c22926ad0a179397a402,2025-07,City of London Police,City of London Police,-0.084836,51.511939,On or near Shopping Area,E01032739,City of London 001F,Shoplifting,Unable to prosecute suspect,
04f352cfd1c3f04175dd9f819575921a05aca86d912904c676755f55fc4ef400,2025-07,City of London Police,City of London Police,-0.094070,51.513079,On or near Watling Street,E01032739,City of London 001F,Shoplifting,Investigation complete; no suspect identified,
2578e2fd2ddc1285243e752695de50edfc9bcea8c956bc7780c2e5e1df7935ab,2025-07,City of London Police,City of London Police,-0.079907,51.517785,On or near Victoria Avenue,E01032739,City of London 001F,Shoplifting,Unable to prosecute suspect,
634442e320e30bfba6ccf3743557b123f6bc3b67b877526a78117c96df60a34c,2025-07,City of London Police,City of London Police,-0.097291,51.514626,On or near Supermarket,E01032739,City of London 001F,Shoplifting,Investigation complete; no suspect identified,
bfa4c8b159492c41a00e38259f2893c28d13a75c9afa85d68291c27d0b70326c,2025-07,City of London Police,City of London Police,-0.086815,51.517007,On or near Circus Place,E01032739,City of London 001F,Shoplifting,Investigation complete; no suspect identified,
f3be7caf195a4765a2dc5743907b7611d0b640aab2dae0cbd0380c35904ebdcf,2025-07,City of London Police,City of London Police,-0.084836,51.511939,On or near Shopping Area,E01032739,City of London 001F,Shoplifting,Investigation complete; no suspect identified,
1e0bdf1339b0f635d550239aae2c1c5323378445974470dd7360305288a1eaa3,2025-07,City of London Police,City of London Police,-0.084836,51.511939,On or near Shopping Area,E01032739,City of London 001F,Shoplifting,Investigation complete; no suspect identified,
12ff06281adf7f1737996ec8cb6286c899aaf366d9dd97ea656372fbabcb84c9,2025-07,City of London Police,City of London Police,-0.095924,51.513882,On or near Shopping Area,E01032739,City of London 001F,Shoplifting,Investigation complete; no suspect identified,
405ae0de3679332afca089035749d7651776a226a720345bfce92001498adcbb,2025-07,City of London Police,City of London Police,-0.094070,51.513079,On or near Watling Street,E01032739,City of London 001F,Shoplifting,Court result unavailable,
ffa2025f517e9338e988b5d5f170a91315878a22990bebf5916491059ce43ce1,2025-07,City of London Police,City of London Police,-0.084836,51.511939,On or near Shopping Area,E01032739,City of London 001F,Shoplifting,Investigation complete; no suspect identified,
b057d2b15785dedcb68c8949f6e2e8770e7fb8d0c1bc3fbd458b7e247c6cdfeb,2025-07,City of London Police,City of London Police,-0.094070,51.513079,On or near Watling Street,E01032739,City of London 001F,Shoplifting,Court result unavailable,
7ba466066d0c3b2efd974058ecd18d8a00a4727e402e2be8a97250d7f91b37ec,2025-07,City of London Police,City of London Police,-0.084836,51.511939,On or near Shopping Area,E01032739,City of London 001F,Shoplifting,Investigation complete; no suspect identified,
e94221f44e6ae9e6377264a8f887fdf59bc8008a7a3d19890ac1b809b120faf0,2025-07,City of London Police,City of London Police,-0.084836,51.511939,On or near Shopping Area,E01032739,City of London 001F,Shoplifting,Court result unavailable,
f0f74e2abc68d9e55df1f09460fd99f5926758089a9b7572ea76ce5b2d283e90,2025-07,City of London Police,City of London Police,-0.095924,51.513882,On or near Shopping Area,E01032739,City of London 001F,Shoplifting,Investigation complete; no suspect identified,
738a5f6729cc97e0323863f04fc3af9565f3477398bcad6ecb486452e0542e2c,2025-07,City of London Police,City of London Police,-0.079883,51.517326,On or near New Street,E01032739,City of London 001F,Shoplifting,Unable to prosecute suspect,
7fe8129a7bcee842e7d79f6af7ff8782f61b31704b59a76e7f3e4f380d635bf5,2025-07,City of London Police,City of London Police,-0.081902,51.517296,On or near Liverpool Street,E01032739,City of London 001F,Shoplifting,Investigation complete; no suspect identified,
249c363109c8bc62fa170333f59dda8635ffa635cd9727799cac383d200274c6,2025-07,City of London Police,City of London Police,-0.095924,51.513882,On or near Shopping Area,E01032739,City of London 001F,Shoplifting,Investigation complete; no suspect identified,
69a83ad3ba53f8cd8eccd10c96e074ffecb4a31a9a3d28e62edbc5d245440301,2025-07,City of London Police,City of London Police,-0.085089,51.512105,On or near Gracechurch Street,E01032739,City of London 001F,Shoplifting,Offender given a caution,
2e065d73ae441ba7fe74b3169acbe602d0a82fbcbb9a337752151bee503ef859,2025-07,City of London Police,City of London Police,-0.084836,51.511939,On or near Shopping Area,E01032739,City of London 001F,Shoplifting,Investigation complete; no suspect identified,
49add7cbdadea2778032d5ebc3eff6866730758ad959564f3d03cade837fcf52,2025-07,City of London Police,City of London Police,-0.095924,51.513882,On or near Shopping Area,E01032739,City of London 001F,Shoplifting,Court result unavailable,
a2c93c092f56c3a637bce79a4b610b303f95dc84e3278a38c1bbb65f45d5cc85,2025-07,City of London Police,City of London Police,-0.079883,51.517326,On or near New Street,E01032739,City of London 001F,Shoplifting,Court result unavailable,
6398f11c4d0b6214d98e6dd7ad5a2cf00a3c582c46b229ba4064791b2aa7e1b6,2025-07,City of London Police,City of London Police,-0.084836,51.511939,On or near Shopping Area,E01032739,City of London 001F,Shoplifting,Investigation complete; no suspect identified,
64336b86fdd42622aa389921675b053a80643ed8599fb9fb83945b659952566f,2025-07,City of London Police,City of London Police,-0.088903,51.510836,On or near Laurence Pountney Hill,E01032739,City of London 001F,Shoplifting,Unable to prosecute suspect,
d9f87869795be9cfda176dce98c275fb6d7c24eb0ee65dbacbe7904bce36a2be,2025-07,City of London Police,City of London Police,-0.094070,51.513079,On or near Watling Street,E01032739,City of London 001F,Shoplifting,Court result unavailable,
9723e9c4de962c104bea233ee23bdce647c1ff5b307f5196c7d206367a9ff077,2025-07,City of London Police,City of London Police,-0.078278,51.513666,On or near Mitre Street,E01032739,City of London 001F,Shoplifting,Investigation complete; no suspect identified,
d6a10e8765ce97ed6946383755adcd0cd0742ab04a32ad0245e8e7c8460648c0,2025-07,City of London Police,City of London Police,-0.086815,51.517007,On or near Circus Place,E01032739,City of London 001F,Shoplifting,Investigation complete; no suspect identified,
94ed64badd5d5eb1b03a9ab0e0f7fdc021ba118be549c8cfe8133093fe94b89b,2025-07,City of London Police,City of London Police,-0.086815,51.517007,On or near Circus Place,E01032739,City of London 001F,Shoplifting,Unable to prosecute suspect,
8c48181c5111b745e26e0a5318dca7bde83f687dc48f5b5fc5b1350712b4f623,2025-07,City of London Police,City of London Police,-0.081902,51.517296,On or near Liverpool Street,E01032739,City of London 001F,Shoplifting,Investigation complete; no suspect identified,
934fdcda897e6bffeba73565ab30fb0813c4e12e148c46353658926f9eddf93d,2025-07,City of London Police,City of London Police,-0.082993,51.516360,On or near Wormwood Street,E01032739,City of London 001F,Shoplifting,Investigation complete; no suspect identified,
4da4c78ee30449be649c367a13b2d4c74bc6c1f1efa535fbeb97f9bb4fe6cbc4,2025-07,City of London Police,City of London Police,-0.079883,51.517326,On or near New Street,E01032739,City of London 001F,Shoplifting,Unable to prosecute suspect,
d213d99d3100923b0d37be66eff7e07c34d2b3948401def4b3b5d4be575c2a04,2025-07,City of London Police,City of London Police,-0.095924,51.513882,On or near Shopping Area,E01032739,City of London 001F,Shoplifting,Court result unavailable,
1aa740e0e21547e05270dd7ca1769d2e6fb96d10938fa0976b322e359fac819e,2025-07,City of London Police,City of London Police,-0.095924,51.513882,On or near Shopping Area,E01032739,City of London 001F,Shoplifting,Investigation complete; no suspect identified,
c04c034a0354202de6d8b8108795dad34b9a062b0fab273a53ac2b1e99a9d028,2025-07,City of London Police,City of London Police,-0.085089,51.512105,On or near Gracechurch Street,E01032739,City of London 001F,Shoplifting,Court result unavailable,
ecc849c8dac27f15a06b392e325e97db7aeac1c6ea3ffa9b2eca142222e0db86,2025-07,City of London Police,City of London Police,-0.081902,51.517296,On or near Liverpool Street,E01032739,City of London 001F,Shoplifting,Investigation complete; no suspect identified,
9e8c88b771bf1f5b7cb9400d44ad3cb8bef1639b5a0b6e7b546121aa24ef7531,2025-07,City of London Police,City of London Police,-0.102732,51.513426,On or near Ludgate Broadway,E01032739,City of London 001F,Shoplifting,Investigation complete; no suspect identified,
e83671af516d7d51a913192b5d00ea5db7e5ac0a26ecbe97b65ba8427b56a21b,2025-07,City of London Police,City of London Police,-0.079883,51.517326,On or near New Street,E01032739,City of London 001F,Shoplifting,Unable to prosecute suspect,
249f0ee5c89d14707a31ffd2f8fda31e7e11239a2d80d8e21873d807f4c2b41d,2025-07,City of London Police,City of London Police,-0.079883,51.517326,On or near New Street,E01032739,City of London 001F,Shoplifting,Further action is not in the public interest,
abd019e99048d7936e0143284cc8013b4bbe23a616e0fbd97e770ea099ee7a8c,2025-07,City of London Police,City of London Police,-0.084910,51.512588,On or near Bell Inn Yard,E01032739,City of London 001F,Shoplifting,Investigation complete; no suspect identified,
1133d3a7d291bd25b8843a6b12a7c0d8c47bbd0caff1ed289eb150fe309d5ff0,2025-07,City of London Police,City of London Police,-0.088903,51.510836,On or near Laurence Pountney Hill,E01032739,City of London 001F,Shoplifting,Unable to prosecute suspect,
ea9b7ad29eb67a37ff5287713ad3fcb10f10ed6b46fc651e89f7cd95b192ed89,2025-07,City of London Police,City of London Police,-0.084836,51.511939,On or near Shopping Area,E01032739,City of London 001F,Shoplifting,Court result unavailable,
cf42cd46f31d32494549b64f86cd7eea7a4d3e0bc20bf732a72749c9d06cc5c8,2025-07,City of London Police,City of London Police,-0.086815,51.517007,On or near Circus Place,E01032739,City of London 001F,Shoplifting,Unable to prosecute suspect,
ef461adf7df1d639a4099a538a1155f29c505f611523dae8dd4a9f7242818f74,2025-07,City of London Police,City of London Police,-0.079883,51.517326,On or near New Street,E01032739,City of London 001F,Shoplifting,Court result unavailable,
e487e0f1096dc242d43964a205d908661e1c2e6cdb284f524339f32461705d46,2025-07,City of London Police,City of London Police,-0.078278,51.513666,On or near Mitre Street,E01032739,City of London 001F,Shoplifting,Local resolution,
1ef1bd24967dadd37573918113bb88ea5395a10def7922d28854448765dbd82d,2025-07,City of London Police,City of London Police,-0.084836,51.511939,On or near Shopping Area,E01032739,City of London 001F,Shoplifting,Investigation complete; no suspect identified,
4a1d292d303d501c42afbaab6f28c122763936137bf0b19a5c227f2403574c01,2025-07,City of London Police,City of London Police,-0.078278,51.513666,On or near Mitre Street,E01032739,City of London 001F,Shoplifting,Court result unavailable,
884da0bc6b7068aad4168b6d2d07723a7406b7102692e93bc396fd59a8f21c87,2025-07,City of London Police,City of London Police,-0.084844,51.509700,On or near Monument Street,E01032739,City of London 001F,Shoplifting,Investigation complete; no suspect identified,
9da6531b9135423a3036ad4c01fb37989bb0bbdcc1ae20c0e7f209368d796ee4,2025-07,City of London Police,City of London Police,-0.086815,51.517007,On or near Circus Place,E01032739,City of London 001F,Shoplifting,Investigation complete; no suspect identified,
21e151192464905108c0f1c29665c18e4d3860a8b5094536b4f64378e708771a,2025-07,City of London Police,City of London Police,-0.081113,51.516869,On or near Bishopsgate,E01032739,City of London 001F,Shoplifting,Unable to prosecute suspect,
2887294121f39463a8678fd22a8065ec827a1c226de8ea5d83698de714a77414,2025-07,City of London Police,City of London Police,-0.102847,51.512717,On or near Playhouse Yard,E01032739,City of London 001F,Shoplifting,Investigation complete; no suspect identified,
b3bc74b8bde1bb81219d41c5bcffaeb86a670b11f06fd61ca15196c94b591856,2025-07,City of London Police,City of London Police,-0.084754,51.512882,On or near Corbet Court,E01032739,City of London 001F,Shoplifting,Unable to prosecute suspect,
f6351e485e48d0367ad8110df22f831b66fb4764bc8a9009d7769e04e6eb5fc9,2025-07,City of London Police,City of London Police,-0.084910,51.512588,On or near Bell Inn Yard,E01032739,City of London 001F,Shoplifting,Unable to prosecute suspect,
1234577bc3da0352255fce6b0089c5b3b99061ec2f00919a9e3796a705d1f4d4,2025-07,City of London Police,City of London Police,-0.079883,51.517326,On or near New Street,E01032739,City of London 001F,Shoplifting,Local resolution,
fe636f1416dbf3ca63e6e575d9766c4c3e8664cc37c64ebd11104a7a444a9eac,2025-07,City of London Police,City of London Police,-0.091947,51.513188,On or near Pancras Lane,E01032739,City of London 001F,Shoplifting,Investigation complete; no suspect identified,
84189c0ac40680d60ca16d61d2ec9ea68eb7356d14a58d74b9d1e10c9839afc0,2025-07,City of London Police,City of London Police,-0.097291,51.514626,On or near Supermarket,E01032739,City of London 001F,Shoplifting,Investigation complete; no suspect identified,
d4da3be311e26d215e714f5f8a071001feb297f7497bb2672b2a860593c0a4ea,2025-07,City of London Police,City of London Police,-0.085089,51.512105,On or near Gracechurch Street,E01032739,City of London 001F,Shoplifting,Investigation complete; no suspect identified,
a5f1930c2dbded968d41627aef8d7edfdb8fceca7ff70b9f4f7c268948029098,2025-07,City of London Police,City of London Police,-0.079907,51.517785,On or near Victoria Avenue,E01032739,City of London 001F,Shoplifting,Court result unavailable,
aeac8909b974ea24a1317299ca1964195432b3d202e35f81faa9dcd3a55872bb,2025-07,City of London Police,City of London Police,-0.088903,51.510836,On or near Laurence Pountney Hill,E01032739,City of London 001F,Shoplifting,Court result unavailable,
1f52a6e05a616cc3084af3547bc45bdbb4fa59356d9d8835fef6a0187eb563ab,2025-07,City of London Police,City of London Police,-0.084836,51.511939,On or near Shopping Area,E01032739,City of London 001F,Shoplifting,Court result unavailable,
3d7d556c6e2d98c4f52aec8cf9cf6a928ee9f0b6e3d041a2bb2339bdd922f091,2025-07,City of London Police,City of London Police,-0.081902,51.517296,On or near Liverpool Street,E01032739,City of London 001F,Shoplifting,Investigation complete; no suspect identified,
f398c500c7796095ddac6ffb52555dcf09f434644680e9896f661a619585b772,2025-07,City of London Police,City of London Police,-0.097291,51.514626,On or near Supermarket,E01032739,City of London 001F,Shoplifting,Unable to prosecute suspect,
5cb7ce0863e7dfae6260b35984b73fda1a88ecfd3f7fc5a91eb47ff17e818511,2025-07,City of London Police,City of London Police,-0.079907,51.517785,On or near Victoria Avenue,E01032739,City of London 001F,Shoplifting,Court result unavailable,
399b913870cf460f395da6279abffe2c925f45918e84d4afaff0bf7b5c8bd574,2025-07,City of London Police,City of London Police,-0.084836,51.511939,On or near Shopping Area,E01032739,City of London 001F,Shoplifting,Unable to prosecute suspect,
6d1e2bd60113399125c38e211369ca2c96b0c4c8207041ad72a969d1bf49315a,2025-07,City of London Police,City of London Police,-0.086815,51.517007,On or near Circus Place,E01032739,City of London 001F,Shoplifting,Court result unavailable,
fec9daf371610fc81b82183b3803229f73819d4a377a88826f538a5958f699ee,2025-07,City of London Police,City of London Police,-0.084836,51.511939,On or near Shopping Area,E01032739,City of London 001F,Shoplifting,Court result unavailable,
0f8b7e57014725f7f40f79cad63bdb1bff9a9665d85818cbb218f4d158574fef,2025-07,City of London Police,City of London Police,-0.094070,51.513079,On or near Watling Street,E01032739,City of London 001F,Shoplifting,Unable to prosecute suspect,
d4e0b5916ae7adf59774a068eb586bf88bf999696680feea3cd9c94fca3c0318,2025-07,City of London Police,City of London Police,-0.084836,51.511939,On or near Shopping Area,E01032739,City of London 001F,Shoplifting,Investigation complete; no suspect identified,
5678969738e280e072b4eb58c9cc87060bc00f4ce535f6f2ba589eceb9a388c6,2025-07,City of London Police,City of London Police,-0.097291,51.514626,On or near Supermarket,E01032739,City of London 001F,Shoplifting,Investigation complete; no suspect identified,
5bc3d1a2c21fbbfb1da4ce0234c827fae3ffc6b8d3a79096b47ad899488373c2,2025-07,City of London Police,City of London Police,-0.094070,51.513079,On or near Watling Street,E01032739,City of London 001F,Shoplifting,Investigation complete; no suspect identified,
4ea4892edd57527fa510ace4aa512330a1857042ff75cf8ab8a0aa76f5754aa7,2025-07,City of London Police,City of London Police,-0.084836,51.511939,On or near Shopping Area,E01032739,City of London 001F,Shoplifting,Investigation complete; no suspect identified,
8b247eae03aafc453262fb7bbfa3fc7de1bdb668d2987e2dcff199d707c0e026,2025-07,City of London Police,City of London Police,-0.084836,51.511939,On or near Shopping Area,E01032739,City of London 001F,Shoplifting,Investigation complete; no suspect identified,
83763489f0c73dba9e5bc2567b3c3b1a63f74e4c32ee447dce88813968d76fc1,2025-07,City of London Police,City of London Police,-0.079883,51.517326,On or near New Street,E01032739,City of London 001F,Shoplifting,Local resolution,
753c381ba8fe56c0c714bf8f0971496cc006f6119aadfb206c89ca9d251b1966,2025-07,City of London Police,City of London Police,-0.097291,51.514626,On or near Supermarket,E01032739,City of London 001F,Shoplifting,Court result unavailable,
d5d65a65d0198f7c3dd78cf8c662feaa19aad190b665c00bdb5d555ef734165e,2025-07,City of London Police,City of London Police,-0.079907,51.517785,On or near Victoria Avenue,E01032739,City of London 001F,Shoplifting,Unable to prosecute suspect,
8819ffb3f7e89989754033351e884dee23f68c5ae71ec7cf8cba89686592daff,2025-07,City of London Police,City of London Police,-0.084754,51.512882,On or near Corbet Court,E01032739,City of London 001F,Shoplifting,Investigation complete; no suspect identified,
be7814c957d54434e7b389c3650fd868446322166d86f80e016f44c373bdfdee,2025-07,City of London Police,City of London Police,-0.084836,51.511939,On or near Shopping Area,E01032739,City of London 001F,Shoplifting,Unable to prosecute suspect,
29803e5e43498d28cb3992e95fe871e0a1c752e99fa96714627bbf31b05191a0,2025-07,City of London Police,City of London Police,-0.095924,51.513882,On or near Shopping Area,E01032739,City of London 001F,Shoplifting,Investigation complete; no suspect identified,
ec875d493ab56bbd88af41ab452a2bbd863f93b5fc6daf7135dd49c1f7d54536,2025-07,City of London Police,City of London Police,-0.079907,51.517785,On or near Victoria Avenue,E01032739,City of London 001F,Shoplifting,Investigation complete; no suspect identified,
6bd5fc064516955e77d5040bb58f790c9678d1cb0128c6f54f556c123d262289,2025-07,City of London Police,City of London Police,-0.078278,51.513666,On or near Mitre Street,E01032739,City of London 001F,Shoplifting,Unable to prosecute suspect,
09f1d7ce9cd4c27d74ae4486f012eaa987dc0db30c7776c4c3e535734271f161,2025-07,City of London Police,City of London Police,-0.084836,51.511939,On or near Shopping Area,E01032739,City of London 001F,Shoplifting,Court result unavailable,
d08711e6920956f49438e55ebec3a4ecdbb9ae026958994e18501ad39bc04fa4,2025-07,City of London Police,City of London Police,-0.085089,51.512105,On or near Gracechurch Street,E01032739,City of London 001F,Shoplifting,Court result unavailable,
50b890bb3b623f84257897a670ad1e7f31dead10a73f104d63c82b8f9f475ea7,2025-07,City of London Police,City of London Police,-0.091947,51.513188,On or near Pancras Lane,E01032739,City of London 001F,Shoplifting,Unable to prosecute suspect,
f2599298a2f59152aacddf7fafcad8982518dccefe1dbc1f440a29a2f0d536ae,2025-07,City of London Police,City of London Police,-0.084836,51.511939,On or near Shopping Area,E01032739,City of London 001F,Shoplifting,Investigation complete; no suspect identified,
39b9e8b7df8c4cb6b36a7c00e14cf6920303c5ce71b22387b85ed9acad562871,2025-07,City of London Police,City of London Police,-0.091947,51.513188,On or near Pancras Lane,E01032739,City of London 001F,Shoplifting,Investigation complete; no suspect identified,
9b5d1adf8da20efe4c3e91390f480b239d94e4b4589f9a71767b53f8b7273a99,2025-07,City of London Police,City of London Police,-0.086815,51.517007,On or near Circus Place,E01032739,City of London 001F,Shoplifting,Court result unavailable,
805830a58aa08e801a51befbed14d3ea5556efa13246f51d8dcecd0227d15e23,2025-07,City of London Police,City of London Police,-0.084836,51.511939,On or near Shopping Area,E01032739,City of London 001F,Shoplifting,Court result unavailable,
9d4b08cd8ea3517722d3b8f8aa23ebf79f51f9e4db213aa1024d888314fd0e71,2025-07,City of London Police,City of London Police,-0.078278,51.513666,On or near Mitre Street,E01032739,City of London 001F,Shoplifting,Investigation complete; no suspect identified,
b1983ef2e87dc653f66685e61fb4a28bd44513fce5111f63fa52f9765ab63d6e,2025-07,City of London Police,City of London Police,-0.081902,51.517296,On or near Liverpool Street,E01032739,City of London 001F,Shoplifting,Unable to prosecute suspect,
433f8132046e0f894aba4a4399d8b26025440c982388e93e8929bec875bacb69,2025-07,City of London Police,City of London Police,-0.081113,51.516869,On or near Bishopsgate,E01032739,City of London 001F,Shoplifting,Unable to prosecute suspect,
3600e1fecd82f373c88f7fdce6a1d09809c820de692907ebceba9e26564e8b0b,2025-07,City of London Police,City of London Police,-0.094070,51.513079,On or near Watling Street,E01032739,City of London 001F,Shoplifting,Investigation complete; no suspect identified,
a1d5e556cacea812291036b29d6cceded1a911737c07f53e95ff6aff0ea150e5,2025-07,City of London Police,City of London Police,-0.095224,51.513736,On or near Shopping Area,E01032739,City of London 001F,Shoplifting,Investigation complete; no suspect identified,
14720fc730de9f956478ed87be189e7570eb645ac0f1559cde0b124c6c6a0baf,2025-07,City of London Police,City of London Police,-0.078278,51.513666,On or near Mitre Street,E01032739,City of London 001F,Shoplifting,Investigation complete; no suspect identified,
3de4caa0f2c5b6bd24f2b569c9c0b2b7db88e6b074d8d7ddc6266208a3db7f15,2025-07,City of London Police,City of London Police,-0.082993,51.516360,On or near Wormwood Street,E01032739,City of London 001F,Shoplifting,Investigation complete; no suspect identified,
db81c63419ea831697ee5fc696ffe00c84fc28a6f7b712040a9423d681dee02c,2025-07,City of London Police,City of London Police,-0.086815,51.517007,On or near Circus Place,E01032739,City of London 001F,Shoplifting,Court result unavailable,
c18b4afba056dc32394ec7d062011af34ad3fc8f2775abd4041255a1d5664954,2025-07,City of London Police,City of London Police,-0.097291,51.514626,On or near Supermarket,E01032739,City of London 001F,Shoplifting,Investigation complete; no suspect identified,
c1a25a08e6268388217f203febd06c2c046c73a98ed3074f3e7c8c8181efc055,2025-07,City of London Police,City of London Police,-0.084754,51.512882,On or near Corbet Court,E01032739,City of London 001F,Shoplifting,Investigation complete; no suspect identified,
ea5835b035fe2d50a71f4412df1ec37612f4da15d71680df5921344acc07d4f8,2025-07,City of London Police,City of London Police,-0.087772,51.510665,On or near Martin Lane,E01032739,City of London 001F,Shoplifting,Court result unavailable,
cc8ce7d70778287ff92c1774e4c0d7f59aa117c9e92176ce69383c219f28a2b8,2025-07,City of London Police,City of London Police,-0.088785,51.517102,On or near Moorgate,E01032739,City of London 001F,Shoplifting,Investigation complete; no suspect identified,
87c4bcff2a403f171c517370205b1ad2d7495b20df7389160c75dedfdc526b42,2025-07,City of London Police,City of London Police,-0.086815,51.517007,On or near Circus Place,E01032739,City of London 001F,Shoplifting,Investigation complete; no suspect identified,
2a0896e5695764fca369e5652fea0fdfa11c8ef02b48e2019c0f0264e33d8f86,2025-07,City of London Police,City of London Police,-0.078278,51.513666,On or near Mitre Street,E01032739,City of London 001F,Shoplifting,Investigation complete; no suspect identified,
d5837565e4d6773a3fae27e8e1929ac3388e8d479a58bee0cf160dcde80c160d,2025-07,City of London Police,City of London Police,-0.086815,51.517007,On or near Circus Place,E01032739,City of London 001F,Shoplifting,Court result unavailable,
a5f188a135794efea4e6bcf59f37e3aa5011c10469de801faff6eae3ffc061f7,2025-07,City of London Police,City of London Police,-0.079907,51.517785,On or near Victoria Avenue,E01032739,City of London 001F,Shoplifting,Local resolution,
f3cae1f2255060932f4ab7371d38f4ee12643e091221572a2308a2bf87cfd58f,2025-07,City of London Police,City of London Police,-0.094070,51.513079,On or near Watling Street,E01032739,City of London 001F,Shoplifting,Court result unavailable,
671ece898fa857976e61eb9227c87715172089d9158f75de94ec803c28261722,2025-07,City of London Police,City of London Police,-0.081902,51.517296,On or near Liverpool Street,E01032739,City of London 001F,Theft from the person,Investigation complete; no suspect identified,
ef4d5e4c9dcfb1aca906162d9c0c8ed26e6c452d501ccf4d9d44b7decffd4c6b,2025-07,City of London Police,City of London Police,-0.078477,51.509965,On or near Muscovy Street,E01032739,City of London 001F,Theft from the person,Investigation complete; no suspect identified,
f3da3d803c4bf00354a98915eb5bb345a88a04e92f736bc4172a7786f62daebe,2025-07,City of London Police,City of London Police,-0.081643,51.510070,On or near Great Tower Street,E01032739,City of London 001F,Theft from the person,Investigation complete; no suspect identified,
5e7e26119c01dd3ce6a037703e368992ab8f1b2425ae84d586a76a8ac2c29ac5,2025-07,City of London Police,City of London Police,-0.100201,51.513286,On or near Dean'S Court,E01032739,City of London 001F,Theft from the person,Investigation complete; no suspect identified,
ae701e33a9ec19a510466b98e8e684ba26d0ea4b6781ae62ce5f77ff9ff1d1b1,2025-07,City of London Police,City of London Police,-0.088785,51.517102,On or near Moorgate,E01032739,City of London 001F,Theft from the person,Investigation complete; no suspect identified,
f05a949ff2f21286ef1970c77bbfb66a616255b6c0323e16b0a502da088a80b0,2025-07,City of London Police,City of London Police,-0.081902,51.517296,On or near Liverpool Street,E01032739,City of London 001F,Theft from the person,Investigation complete; no suspect identified,
a29d3b14f1b4fda5052220b521c57f81eea880f998685af456b3d1b37b8955f3,2025-07,City of London Police,City of London Police,-0.078495,51.517770,On or near Further/Higher Educational Building,E01032739,City of London 001F,Theft from the person,Investigation complete; no suspect identified,
5cfbff3deca9fcf00c54f3edbafa0cfaec4487869ed2a38fd1628bc6289544c2,2025-07,City of London Police,City of London Police,-0.077563,51.517656,On or near Sandy'S Row,E01032739,City of London 001F,Theft from the person,Investigation complete; no suspect identified,
00be16ee15ff66e7f684e99182307477038efb252a008eef410e486fafefa6e5,2025-07,City of London Police,City of London Police,-0.085228,51.511190,On or near Talbot Court,E01032739,City of London 001F,Theft from the person,Investigation complete; no suspect identified,
2dc1552790136b4b0c32609eda5a002fb556b7a7c9518ceff905ee76793b740b,2025-07,City of London Police,City of London Police,-0.077563,51.517656,On or near Sandy'S Row,E01032739,City of London 001F,Theft from the person,Investigation complete; no suspect identified,
184467dab76c365001a4ce0346d474180350aae224c5cb1400ad632b171b52a2,2025-07,City of London Police,City of London Police,-0.089808,51.517461,On or near London Wall,E01032739,City of London 001F,Theft from the person,Investigation complete; no suspect identified,
5e38e97b2d1817b102f2c00a6caa1f5e7306fcbc8e37af112abaa53830388c3f,2025-07,City of London Police,City of London Police,-0.084844,51.510725,On or near Eastcheap,E01032739,City of London 001F,Theft from the person,Investigation complete; no suspect identified,
de21754171612b25d3eff3811696c2fb5e38fe2af6f0285808965ddb61527759,2025-07,City of London Police,City of London Police,-0.101589,51.513515,On or near Ludgate Square,E01032739,City of London 001F,Theft from the person,Investigation complete; no suspect identified,
e5fc1a14a6e8b95efb6b29d1d5fd5e541dbc920ada9b44af8a0e5393cbcdf131,2025-07,City of London Police,City of London Police,-0.081113,51.516869,On or near Bishopsgate,E01032739,City of London 001F,Theft from the person,Unable to prosecute suspect,
c743053a04d67324629e8c967b9da3f2732cc0274ed9400f753f31592a0d7081,2025-07,City of London Police,City of London Police,-0.102134,51.513929,On or near Ludgate Hill,E01032739,City of London 001F,Theft from the person,Investigation complete; no suspect identified,
b506dba15bfb6f85091b4e0cfeebcc9d67217e73f0008ddf0c82cd86ddacde73,2025-07,City of London Police,City of London Police,-0.081902,51.517296,On or near Liverpool Street,E01032739,City of London 001F,Theft from the person,Unable to prosecute suspect,
0c7a09f3bbe2f966a0934d6a2e1b8818821ccff71301cf757dceaf0de200b335,2025-07,City of London Police,City of London Police,-0.101963,51.510761,On or near Ferry Terminal,E01032739,City of London 001F,Theft from the person,Investigation complete; no suspect identified,
50ecf70c8384a2be8bfbd30daa0385437774e217068cb3ce4fcb8045c7144188,2025-07,City of London Police,City of London Police,-0.088456,51.514975,On or near Tokenhouse Yard,E01032739,City of London 001F,Theft from the person,Court result unavailable,
530ae92bd6ace4875b22c6103980ff4e8b6f7e034b7471c8b682075534f0bdab,2025-07,City of London Police,City of London Police,-0.081113,51.516869,On or near Bishopsgate,E01032739,City of London 001F,Theft from the person,Investigation complete; no suspect identified,
7eaf2f80f87894f25a38ca895a0e14097e1ef32ab7771b40905a5923c424e5dc,2025-07,City of London Police,City of London Police,-0.083977,51.510441,On or near Lovat Lane,E01032739,City of London 001F,Theft from the person,Investigation complete; no suspect identified,
79edbfd736aa3f2eef94a2a6d319a82eb47b4b278ae7b190feb5b67a2625ed16,2025-07,City of London Police,City of London Police,-0.104276,51.513712,On or near A201,E01032739,City of London 001F,Theft from the person,Investigation complete; no suspect identified,
995f7573ac3d547051331aeb94ad3cc8e82e6922484b991051fb3703e9826119,2025-07,City of London Police,City of London Police,-0.101589,51.513515,On or near Ludgate Square,E01032739,City of London 001F,Theft from the person,Investigation complete; no suspect identified,
ffb982d88739095d7abf146206c106beede96229043ecc76867906e2b58cce75,2025-07,City of London Police,City of London Police,-0.081113,51.516869,On or near Bishopsgate,E01032739,City of London 001F,Theft from the person,Investigation complete; no suspect identified,
9c62180cc3bf3ebb58527da9a39644e033c6e9a2047a778e73260ff57065b423,2025-07,City of London Police,City of London Police,-0.078937,51.514109,On or near Heneage Place,E01032739,City of London 001F,Theft from the person,Investigation complete; no suspect identified,
c861a384a80e5f6109d315874f14aa7936a0ac1755b6b380e33b2a8c981b4187,2025-07,City of London Police,City of London Police,-0.088456,51.514975,On or near Tokenhouse Yard,E01032739,City of London 001F,Theft from the person,Court result unavailable,
07c61c99cd08dd1c55f7d9f01f87ebb8537d4febd689f8d13a26b755f981d90a,2025-07,City of London Police,City of London Police,-0.079138,51.508312,On or near Lower Thames Street,E01032739,City of London 001F,Theft from the person,Investigation complete; no suspect identified,
aff3c5384bf85a05b5557ca10f21fb75a0998d50291d347136bd2e4d14be625e,2025-07,City of London Police,City of London Police,-0.077804,51.518083,On or near Sandy'S Row,E01032739,City of London 001F,Theft from the person,Investigation complete; no suspect identified,
4d976c82faccf50537b81c26b48a6559e379c806e6209f7f9a11082c313ecb8c,2025-07,City of London Police,City of London Police,-0.084844,51.509700,On or near Monument Street,E01032739,City of London 001F,Theft from the person,Investigation complete; no suspect identified,
304fc1c87e4a2ab05e0f28c72d72afcc1b3f8e41d0f70be172db6b7fb80ccf6a,2025-07,City of London Police,City of London Police,-0.095224,51.513736,On or near Shopping Area,E01032739,City of London 001F,Theft from the person,Awaiting court outcome,
1e370c3f97db8486d15a8d152e741048d2e4be3071caacca9185a0ecabb56632,2025-07,City of London Police,City of London Police,-0.087772,51.510665,On or near Martin Lane,E01032739,City of London 001F,Theft from the person,Investigation complete; no suspect identified,
9232c4d76ec2ba102f7cc5b04a495032aa0b44c3957a8456fa5e9f8161614456,2025-07,City of London Police,City of London Police,-0.079127,51.509607,On or near Byward Street,E01032739,City of London 001F,Theft from the person,Investigation complete; no suspect identified,
3c23aec108742b9b9cfab281dc87f206184307b2eac8ba8822f88db5e05f4efe,2025-07,City of London Police,City of London Police,-0.084754,51.512882,On or near Corbet Court,E01032739,City of London 001F,Theft from the person,Unable to prosecute suspect,
ee6c8430d497741a5b779079feffa7a11bd0d1747c7ff39ba2ac216bdc082ae5,2025-07,City of London Police,City of London Police,-0.095924,51.513882,On or near Shopping Area,E01032739,City of London 001F,Theft from the person,Investigation complete; no suspect identified,
4f8c1d755ccc424de6b675730242bdf9fdf1fc62276d058d5e41bed1f2696365,2025-07,City of London Police,City of London Police,-0.096501,51.513874,On or near New Change,E01032739,City of London 001F,Theft from the person,Investigation complete; no suspect identified,
12d255b8eeb20a22bda0278cc5bd741aa93b53d3af6b6858b373f0ec7b5dff13,2025-07,City of London Police,City of London Police,-0.092036,51.511049,On or near College Street,E01032739,City of London 001F,Theft from the person,Investigation complete; no suspect identified,
5322ee2ac8d61f9ef99d655e81115765ce0bc552f694b6867d9593e1231d39fb,2025-07,City of London Police,City of London Police,-0.085089,51.512105,On or near Gracechurch Street,E01032739,City of London 001F,Theft from the person,Investigation complete; no suspect identified,
6c58fa9e657aeaeaec9bc092fb543094527f4ab5f7c8465a39598a77e176e393,2025-07,City of London Police,City of London Police,-0.089808,51.517461,On or near London Wall,E01032739,City of London 001F,Theft from the person,Investigation complete; no suspect identified,
4eb2a3ce8dc449f4c8eea90a01d74be9600c083c88de29b247c42a35641db023,2025-07,City of London Police,City of London Police,-0.091823,51.514427,On or near Ironmonger Lane,E01032739,City of London 001F,Theft from the person,Investigation complete; no suspect identified,
67486a6e6a654beb845efd66e1a4b52157d7d17ee539946cd3f970cd6f1582f2,2025-07,City of London Police,City of London Police,-0.079907,51.517785,On or near Victoria Avenue,E01032739,City of London 001F,Theft from the person,Unable to prosecute suspect,
8e7498c0f1330ae44c630d6d60595a2454db74c0b6c7f1efe3bff23abfc3fdb7,2025-07,City of London Police,City of London Police,-0.097176,51.510836,On or near Trig Lane,E01032739,City of London 001F,Theft from the person,Investigation complete; no suspect identified,
f3c31d3c434448397503964210b2dbc717b4378c1dd9f691292cd9b3a5e2e711,2025-07,City of London Police,City of London Police,-0.081512,51.518692,On or near London Liverpool Street,E01032739,City of London 001F,Theft from the person,Investigation complete; no suspect identified,
add4fce041793098403cf39cb551ab163e32f4bc626e32f9d67b9ae1d9857c03,2025-07,City of London Police,City of London Police,-0.089808,51.517461,On or near London Wall,E01032739,City of London 001F,Theft from the person,Investigation complete; no suspect identified,
10ebaffac3af6060563a3b6888fc458ab500a48134360e9e32d661e0c3e2a049,2025-07,City of London Police,City of London Police,-0.089822,51.516103,On or near Coleman Street,E01032739,City of London 001F,Theft from the person,Investigation complete; no suspect identified,
4f05339149b83942db138b6d567731f62b6d4e898335a6031590692004bd6a51,2025-07,City of London Police,City of London Police,-0.101589,51.513515,On or near Ludgate Square,E01032739,City of London 001F,Theft from the person,Investigation complete; no suspect identified,
28b14ed9f38fd08835128b5928c095d768890c5d68428f08248739fee8c61603,2025-07,City of London Police,City of London Police,-0.081113,51.516869,On or near Bishopsgate,E01032739,City of London 001F,Theft from the person,Investigation complete; no suspect identified,
f09f2e6641cd31e30fe71a5e2ab4bbd6c11d00bc662b09d942e8af77b78ed056,2025-07,City of London Police,City of London Police,-0.085228,51.511190,On or near Talbot Court,E01032739,City of London 001F,Theft from the person,Investigation complete; no suspect identified,
90f38a60b8e79ad90685427f7d4c991527938923c6009b4459c4bfeb124fa247,2025-07,City of London Police,City of London Police,-0.091947,51.513188,On or near Pancras Lane,E01032739,City of London 001F,Theft from the person,Investigation complete; no suspect identified,
335207b1d7b799c8c59a683ba599aa59584ee48cb702417a05c1b0aa3396b0fc,2025-07,City of London Police,City of London Police,-0.087157,51.512624,On or near Lombard Street,E01032739,City of London 001F,Theft from the person,Investigation complete; no suspect identified,
f949b64d056dce43cc2b9964255f631326f357afd2e35075261f16777efb8272,2025-07,City of London Police,City of London Police,-0.101906,51.511794,On or near Theatre/Concert Hall,E01032739,City of London 001F,Theft from the person,Investigation complete; no suspect identified,
7a63d9fd40ca2f74e39d1576bf36889b7d248aa8a19de4d5433566c2550a969c,2025-07,City of London Police,City of London Police,-0.089808,51.517461,On or near London Wall,E01032739,City of London 001F,Theft from the person,Investigation complete; no suspect identified,
168d8a48b9d168bc919ac16462ba4c0777bf596a39913008651879f607e5db3b,2025-07,City of London Police,City of London Police,-0.088785,51.517102,On or near Moorgate,E01032739,City of London 001F,Theft from the person,Investigation complete; no suspect identified,
2ea5f0f5f8705b5402f0f7e48fd276d742a929276a4277eb5500d5f7e5a2703f,2025-07,City of London Police,City of London Police,-0.086019,51.513631,On or near Finch Lane,E01032739,City of London 001F,Theft from the person,Unable to prosecute suspect,
11caf042770620ca32059f2cad44abcb0a2e3c28c022cebaf5b4ac2dd49b7d08,2025-07,City of London Police,City of London Police,-0.081902,51.517296,On or near Liverpool Street,E01032739,City of London 001F,Theft from the person,Investigation complete; no suspect identified,
0f29317ad3aa3c01a490b312471d806421f0fd40d98b01113bbb47c3ce65c1d7,2025-07,City of London Police,City of London Police,-0.081113,51.516869,On or near Bishopsgate,E01032739,City of London 001F,Theft from the person,Investigation complete; no suspect identified,
4b08b2391a1e7de500cf8df91d566476d6cc56443a8f29b08a4064955d5a37ae,2025-07,City of London Police,City of London Police,-0.089808,51.517461,On or near London Wall,E01032739,City of London 001F,Theft from the person,Investigation complete; no suspect identified,
bb136615af6d69a820380a5b4253c88d15b49df7aaa2453f926435eae3a644c1,2025-07,City of London Police,City of London Police,-0.079138,51.508312,On or near Lower Thames Street,E01032739,City of London 001F,Theft from the person,Investigation complete; no suspect identified,
86b3c159d80a1de71fb93ed70f6d5576301bb217914ca66ee476356d154b3cee,2025-07,City of London Police,City of London Police,-0.089808,51.517461,On or near London Wall,E01032739,City of London 001F,Vehicle crime,Unable to prosecute suspect,
e3e689155018326f22f143403864b11b6ac96aacc279f7c6d526344d7b0327a3,2025-07,City of London Police,City of London Police,-0.077372,51.512590,On or near Carlisle Avenue,E01032739,City of London 001F,Vehicle crime,Investigation complete; no suspect identified,
7ab133e95d84d50e6a995529bc3afdab84bb0a5b4f473823f0c59990b39eb977,2025-07,City of London Police,City of London Police,-0.092633,51.509872,On or near Bell Wharf Lane,E01032739,City of London 001F,Vehicle crime,Investigation complete; no suspect identified,
5001f645f4f594b1d48f51bfd3b5aabf8e0e0531dbcecf3ae422ada023fdfa96,2025-07,City of London Police,City of London Police,-0.086815,51.517007,On or near Circus Place,E01032739,City of London 001F,Vehicle crime,Investigation complete; no suspect identified,
14b592a3627bfc85bdd601dd845fca4b855e28c3a6175410b172c01f9385f004,2025-07,City of London Police,City of London Police,-0.092633,51.509872,On or near Bell Wharf Lane,E01032739,City of London 001F,Vehicle crime,Investigation complete; no suspect identified,
0e95ceab679f0f9c5e211664f22ef9e36201097f04acfa0c0b3c857c4f330fa5,2025-07,City of London Police,City of London Police,-0.081902,51.517296,On or near Liverpool Street,E01032739,City of London 001F,Violence and sexual offences,Unable to prosecute suspect,
09df8e397ce5e1ee85100a8826cf2cd3729c50b378b08030d6e280a90aafc1b6,2025-07,City of London Police,City of London Police,-0.100201,51.513286,On or near Dean'S Court,E01032739,City of London 001F,Violence and sexual offences,Investigation complete; no suspect identified,
2cd7974ab121c49c8ad2b1d5cb64269ee504ad0569dd018de61ab32124f73427,2025-07,City of London Police,City of London Police,-0.100201,51.513286,On or near Dean'S Court,E01032739,City of London 001F,Violence and sexual offences,Unable to prosecute suspect,
784d9ab2537e9a60dc76ad4be2dbbb5ccb7e0f5586a15b0ed31b57de6aab3820,2025-07,City of London Police,City of London Police,-0.092531,51.512658,On or near Queen Street,E01032739,City of London 001F,Violence and sexual offences,Unable to prosecute suspect,
d61af4cc652291d334e981a380f3d106f65d910b8539b07fbd0e5c4c372ab666,2025-07,City of London Police,City of London Police,-0.095764,51.512549,On or near Friday Street,E01032739,City of London 001F,Violence and sexual offences,Unable to prosecute suspect,
0fd978476e9e2de35cddb66318cbe56e9339ab8cd5c25ee78879f61ac249a860,2025-07,City of London Police,City of London Police,-0.079907,51.517785,On or near Victoria Avenue,E01032739,City of London 001F,Violence and sexual offences,Unable to prosecute suspect,
4ad5dc6fff30c4a564cca2888dbe3884794606bf6b7dd32b702d4f2fffe06b3b,2025-07,City of London Police,City of London Police,-0.084844,51.509700,On or near Monument Street,E01032739,City of London 001F,Violence and sexual offences,Investigation complete; no suspect identified,
bc794a57ae56803a5f82bbeaf0c2cee44782454e606dc4a32681800c7c9797fa,2025-07,City of London Police,City of London Police,-0.091947,51.513188,On or near Pancras Lane,E01032739,City of London 001F,Violence and sexual offences,Investigation complete; no suspect identified,
a79963b65852757e40cde8a6b6944ade984120e7017bc50716012f8b9a3e6277,2025-07,City of London Police,City of London Police,-0.079521,51.511196,On or near New London Street,E01032739,City of London 001F,Violence and sexual offences,Unable to prosecute suspect,
422d8b24642a2e1a7d74bbbe1ed53187298e5ef690bc5f24c96291efe0717b4e,2025-07,City of London Police,City of London Police,-0.101589,51.513515,On or near Ludgate Square,E01032739,City of London 001F,Violence and sexual offences,Unable to prosecute suspect,
4169a6dc5253475c3f550055b5823342fe06ebd321de50493fda2675df999f33,2025-07,City of London Police,City of London Police,-0.080291,51.514814,On or near Bury Court,E01032739,City of London 001F,Violence and sexual offences,Unable to prosecute suspect,
8abe35d5d1c4245d5ccd0eb904748dbbfa7f0f1047ce708ed97fc420f2be17b3,2025-07,City of London Police,City of London Police,-0.078755,51.518440,On or near Artillery Lane,E01032739,City of London 001F,Violence and sexual offences,Unable to prosecute suspect,
64c9a36c69b9d106a8bb4eae6ea2907d43154a043cb90e4f40d5a1739dce7f7c,2025-07,City of London Police,City of London Police,-0.101292,51.514770,On or near Amen Court,E01032739,City of London 001F,Violence and sexual offences,Court result unavailable,
5d22a1fb8973b5f15bdcfc230ebaca26a802c1e5a9461e9963e1f936f87d5ed0,2025-07,City of London Police,City of London Police,-0.079907,51.517785,On or near Victoria Avenue,E01032739,City of London 001F,Violence and sexual offences,Unable to prosecute suspect,
6df01a24308e18fb34be1aaa29ff8ab23d35b3e711f47035c33ecb13e2c45655,2025-07,City of London Police,City of London Police,-0.079521,51.511196,On or near New London Street,E01032739,City of London 001F,Violence and sexual offences,Unable to prosecute suspect,
6416eee301788de42b81c3280c7beba94f111a3b2b88368052c2feb69144d3f0,2025-07,City of London Police,City of London Police,-0.089208,51.509744,On or near Angel Lane,E01032739,City of London 001F,Violence and sexual offences,Investigation complete; no suspect identified,
73a4fa0623fa16f29a2389f0ba6dc692516ff13df1b43f35c0e21230e0ca811e,2025-07,City of London Police,City of London Police,-0.083977,51.510441,On or near Lovat Lane,E01032739,City of London 001F,Violence and sexual offences,Local resolution,
827d7a923c4f84be097f08294b730fd1fb91174d6a43c37f83dab67f0153ce46,2025-07,City of London Police,City of London Police,-0.101292,51.514770,On or near Amen Court,E01032739,City of London 001F,Violence and sexual offences,Investigation complete; no suspect identified,
e02d7fbefa1414a382892911d41baa4b2058e1aeceaa038dfe4c04bc9255b6ca,2025-07,City of London Police,City of London Police,-0.084844,51.510725,On or near Eastcheap,E01032739,City of London 001F,Violence and sexual offences,Investigation complete; no suspect identified,
cc2ed82045870ffdca75534738f37d1d38b0b7976773e3b9254e80078e4e91ff,2025-07,City of London Police,City of London Police,-0.077959,51.511332,On or near Crutched Friars,E01032739,City of London 001F,Violence and sexual offences,Unable to prosecute suspect,
74949df3922d322b4597426865bb423c1ddc33894ab5f70da8a5e8be9872c951,2025-07,City of London Police,City of London Police,-0.081512,51.518692,On or near London Liverpool Street,E01032739,City of London 001F,Violence and sexual offences,Unable to prosecute suspect,
39baaa17d38248313823c4311b20c2b983f127bf9cb19c1cbecc0ca30546a88d,2025-07,City of London Police,City of London Police,-0.081512,51.518692,On or near London Liverpool Street,E01032739,City of London 001F,Violence and sexual offences,Unable to prosecute suspect,
65448775127b3e16f2dc1b75f7ebff1718c5ca7c9df7e2f9a708a9014fead6a5,2025-07,City of London Police,City of London Police,-0.078755,51.518440,On or near Artillery Lane,E01032739,City of London 001F,Violence and sexual offences,Unable to prosecute suspect,
ff87c0f0dcdc39403f4ec2c77d3302637a4b78565989148df669669cf45328e4,2025-07,City of London Police,City of London Police,-0.083349,51.514830,On or near Shopping Area,E01032739,City of London 001F,Violence and sexual offences,Unable to prosecute suspect,
cac3d67f219bdc3d99f5187e17be97e49ee4879ea205002b5c267ba7aa06a0b2,2025-07,City of London Police,City of London Police,-0.079907,51.517785,On or near Victoria Avenue,E01032739,City of London 001F,Violence and sexual offences,Court result unavailable,
d37942144445196c6526eefd5c04a2c98e23a35881d1d8422b06131de34c9598,2025-07,City of London Police,City of London Police,-0.079883,51.517326,On or near New Street,E01032739,City of London 001F,Violence and sexual offences,Unable to prosecute suspect,
d848748457b01d4ca5e08bca529841bc84ffc0cdcbd64611dba54782a2540a6d,2025-07,City of London Police,City of London Police,-0.087157,51.512624,On or near Lombard Street,E01032739,City of London 001F,Violence and sexual offences,Investigation complete; no suspect identified,
cdd6734394fe60e3e09eb5dfa1d15ec7d15cba589d6cde6a6ca6dabc9bbba4f0,2025-07,City of London Police,City of London Police,-0.081643,51.510070,On or near Great Tower Street,E01032739,City of London 001F,Violence and sexual offences,Unable to prosecute suspect,
21e2fb316625745920aea69ad7fd89f5a207ab9bed68da3e30ec4fb5cabd0505,2025-07,City of London Police,City of London Police,-0.079196,51.513789,On or near Creechurch Lane,E01032739,City of London 001F,Violence and sexual offences,Status update unavailable,
ccdfc2f9240ed8f02e8faa7e0c5638ad3b7d9d853294896b2b837a50f7ae15fe,2025-07,City of London Police,City of London Police,-0.078278,51.513666,On or near Mitre Street,E01032739,City of London 001F,Violence and sexual offences,Unable to prosecute suspect,
8a2e34f77f033583a833c5bfc8a24e0900738ce37e7548013c728968956fcd04,2025-07,City of London Police,City of London Police,-0.090578,51.509722,On or near Allhallows Lane,E01032739,City of London 001F,Violence and sexual offences,Unable to prosecute suspect,
8dfe7eaf636eeb84b1041ac3153dbf191c84fabe8781663af2712fe2152b5356,2025-07,City of London Police,City of London Police,-0.082133,51.515222,On or near St Helen'S Place,E01032739,City of London 001F,Violence and sexual offences,Unable to prosecute suspect,
3bd4cf415fe06f7fb71a199cc4fda99f14eac0d787d25b7f5aa9a57f1f8d2710,2025-07,City of London Police,City of London Police,-0.085228,51.511190,On or near Talbot Court,E01032739,City of London 001F,Violence and sexual offences,Investigation complete; no suspect identified,
6f9b9d840d435f09ac09f7e7428dbf973ad666ce9d7b242ea5bf6b41c8ae4e71,2025-07,City of London Police,City of London Police,-0.079907,51.517785,On or near Victoria Avenue,E01032739,City of London 001F,Violence and sexual offences,Investigation complete; no suspect identified,
142b975014caeb14bab453067037fa5e6461de768a37734d01f482ab5a367776,2025-07,City of London Police,City of London Police,-0.091947,51.513188,On or near Pancras Lane,E01032739,City of London 001F,Violence and sexual offences,Investigation complete; no suspect identified,
4c1da7f0ef1e681ab0a1d5b86418bd26f7f3524a2662e90e66cbf4204b9accf3,2025-07,City of London Police,City of London Police,-0.079907,51.517785,On or near Victoria Avenue,E01032739,City of London 001F,Violence and sexual offences,Unable to prosecute suspect,
9ffce6f271d5ce63ef88fbd3e2c49bb9e4ae86483e57c6befe4f5ba933c87514,2025-07,City of London Police,City of London Police,-0.078755,51.518440,On or near Artillery Lane,E01032739,City of London 001F,Violence and sexual offences,Unable to prosecute suspect,
e49610d37a83d7544c02d51fb0e8633e2dc37b99c44d06c346cc40a6c01e83be,2025-07,City of London Police,City of London Police,-0.088785,51.517102,On or near Moorgate,E01032739,City of London 001F,Violence and sexual offences,Investigation complete; no suspect identified,
52377d64a289b63cc3957431a4fc3d25e03b289613396167f6830865170ad8da,2025-07,City of London Police,City of London Police,-0.078755,51.518440,On or near Artillery Lane,E01032739,City of London 001F,Violence and sexual offences,Unable to prosecute suspect,
3596814437ff921ec6fd3703faab21ed11b4ef562fe74db294bb5d8dbabcde4d,2025-07,City of London Police,City of London Police,-0.081512,51.518692,On or near London Liverpool Street,E01032739,City of London 001F,Violence and sexual offences,Unable to prosecute suspect,
4894b6e31ca936edb1280e86e056850c2ebb2caf370f1f4ebe84811957e0094a,2025-07,City of London Police,City of London Police,-0.101906,51.511794,On or near Theatre/Concert Hall,E01032739,City of London 001F,Violence and sexual offences,Status update unavailable,
e1b3f25523069e7aaa680672f5b08c61a1ae9739e99651c69c3efaaf949c4a9d,2025-07,City of London Police,City of London Police,-0.079907,51.517785,On or near Victoria Avenue,E01032739,City of London 001F,Violence and sexual offences,Unable to prosecute suspect,
82a88f8b5408f9ab163ad019ccf7b444d0adc2bd89f5bebfc1b9ea5fa473fef2,2025-07,City of London Police,City of London Police,-0.081902,51.517296,On or near Liverpool Street,E01032739,City of London 001F,Violence and sexual offences,Unable to prosecute suspect,
4aea140c1238bb24087d718fcd6c5512492848237ca597441ef0dda7b286c4d1,2025-07,City of London Police,City of London Police,-0.080769,51.520236,On or near Further/Higher Educational Building,E01032739,City of London 001F,Violence and sexual offences,Unable to prosecute suspect,
0ff87d990167bbef7bd14f1d3ffd06ef417658b783f10126cc2fa6f4cfdee561,2025-07,City of London Police,City of London Police,-0.104276,51.513712,On or near A201,E01032739,City of London 001F,Violence and sexual offences,Investigation complete; no suspect identified,
1e959086fc360447d094a49fc8b5f0be3c70e8893a2b91aff80a58df065c0702,2025-07,City of London Police,City of London Police,-0.084836,51.511939,On or near Shopping Area,E01032739,City of London 001F,Violence and sexual offences,Awaiting court outcome,
c81c9c632a451974c11892c24c16c182b0be36b3362ec76fbd77871179dd0eb5,2025-07,City of London Police,City of London Police,-0.087772,51.510665,On or near Martin Lane,E01032739,City of London 001F,Violence and sexual offences,Court result unavailable,
4e7ddda7a7df0fe05647b2f79e3d48fa9258117f26cb574b8d7d1f405bb0540b,2025-07,City of London Police,City of London Police,-0.079907,51.517785,On or near Victoria Avenue,E01032739,City of London 001F,Violence and sexual offences,Unable to prosecute suspect,
91fa2337bb7a13445e768663f7ae9e3751d40acccce93d1c692c7b88b4cccba2,2025-07,City of London Police,City of London Police,-0.101906,51.511794,On or near Theatre/Concert Hall,E01032739,City of London 001F,Violence and sexual offences,Unable to prosecute suspect,
13a6108604a309e1aed42440efdf7335ad2698ad8a2d8fc34f8a08885de063b8,2025-07,City of London Police,City of London Police,-0.080291,51.514814,On or near Bury Court,E01032739,City of London 001F,Violence and sexual offences,Unable to prosecute suspect,
8e96b60688d1600ce19b9e67e2e69802f13b38520586483c1103c41a47f8f1d8,2025-07,City of London Police,City of London Police,-0.101292,51.514770,On or near Amen Court,E01032739,City of London 001F,Violence and sexual offences,Unable to prosecute suspect,
68d67201866856a7dcdc5a1756f2b6a590710c2f219074e1d65d458e7a2f038a,2025-07,City of London Police,City of London Police,-0.079907,51.517785,On or near Victoria Avenue,E01032739,City of London 001F,Violence and sexual offences,Unable to prosecute suspect,
2d3e1cb0958520932030df7343c377b440c88f45957b3ed816cfc5f2c37db3df,2025-07,City of London Police,City of London Police,-0.087157,51.512624,On or near Lombard Street,E01032739,City of London 001F,Violence and sexual offences,Investigation complete; no suspect identified,
5d194895de736f2fa95c6af07ca6861565de6cda6859190ff83ef0d38c0d2c0f,2025-07,City of London Police,City of London Police,-0.097291,51.514626,On or near Supermarket,E01032739,City of London 001F,Violence and sexual offences,Investigation complete; no suspect identified,
d307308cb2a14c0d51bf3500b6e50db9f401f31a01d20013acbed10b02f8eb3f,2025-07,City of London Police,City of London Police,-0.097291,51.514626,On or near Supermarket,E01032739,City of London 001F,Violence and sexual offences,Investigation complete; no suspect identified,
0748773023e542ef7aa5a3ac3da5d9e7a0b972606fd234526d26abab89367008,2025-07,City of London Police,City of London Police,-0.078278,51.513666,On or near Mitre Street,E01032739,City of London 001F,Violence and sexual offences,Status update unavailable,
76491d15bd8eae49fe5333a59c1daff200cae9aa51c26ba724d796a9402eb7f7,2025-07,City of London Police,City of London Police,-0.081113,51.516869,On or near Bishopsgate,E01032739,City of London 001F,Violence and sexual offences,Investigation complete; no suspect identified,
3bff2e874b4c560a81efc9ce3b9afd7406913417835e961680049b2283577bbe,2025-07,City of London Police,City of London Police,-0.081512,51.518692,On or near London Liverpool Street,E01032739,City of London 001F,Violence and sexual offences,Unable to prosecute suspect,
96bb29f51864d2ee18c285482128e8ced180e8d7c398ac7fdc62b7c0b6b2a052,2025-07,City of London Police,City of London Police,-0.079138,51.508312,On or near Lower Thames Street,E01032739,City of London 001F,Violence and sexual offences,Unable to prosecute suspect,
8dd3f87b5add4b5ab8b09c7329e5bf271e58d04ebb47394e1de7370dfea4beb2,2025-07,City of London Police,City of London Police,-0.087157,51.512624,On or near Lombard Street,E01032739,City of London 001F,Violence and sexual offences,Further investigation is not in the public interest,
513e7e3912a32f180dd7be7f02f02d822ff4197310e4cfa6c296fdbfe88dd704,2025-07,City of London Police,City of London Police,-0.081113,51.516869,On or near Bishopsgate,E01032739,City of London 001F,Violence and sexual offences,Investigation complete; no suspect identified,
c077f14186ebeaa91e9a1afc4f8721dccd3155141b2d3fda4c4729f1865cd7fd,2025-07,City of London Police,City of London Police,-0.092531,51.512658,On or near Queen Street,E01032739,City of London 001F,Violence and sexual offences,Unable to prosecute suspect,
a5cafcf3c5537b2021071524686ee704dc071649dd6d73dd6c29dfb0e3b15758,2025-07,City of London Police,City of London Police,-0.081902,51.517296,On or near Liverpool Street,E01032739,City of London 001F,Violence and sexual offences,Unable to prosecute suspect,
359cacf2ae5688b042e668b5071feb841bb374c519c29062c7d5530519300761,2025-07,City of London Police,City of London Police,-0.083349,51.514830,On or near Shopping Area,E01032739,City of London 001F,Violence and sexual offences,Unable to prosecute suspect,
01cf7147e3e4cd1331c8f3a2751c6b5dc7a5ffb076086bc811c547e0becb5658,2025-07,City of London Police,City of London Police,-0.097291,51.514626,On or near Supermarket,E01032739,City of London 001F,Violence and sexual offences,Unable to prosecute suspect,
9d07c6996db00533b85182624123abda98026a77525d3576ecb1eb70c8f4de5c,2025-07,City of London Police,City of London Police,-0.087157,51.512624,On or near Lombard Street,E01032739,City of London 001F,Violence and sexual offences,Further investigation is not in the public interest,
d7b2c1fc1c962629fd370e29420b8bbcf43237d76bb6860151e856cd2365c9df,2025-07,City of London Police,City of London Police,-0.091540,51.511896,On or near Cannon Street,E01032739,City of London 001F,Violence and sexual offences,Investigation complete; no suspect identified,
b5a3a6795bc92d2e60e2f62728c6a8aa37ab8b2f864811050e1aa8612e68b9bc,2025-07,City of London Police,City of London Police,-0.104276,51.513712,On or near A201,E01032739,City of London 001F,Violence and sexual offences,Investigation complete; no suspect identified,
fbaa5be2ae0f11644b9416550d018ee874568884d560de1c8d00ceb8a29a34c1,2025-07,City of London Police,City of London Police,-0.083977,51.510441,On or near Lovat Lane,E01032739,City of London 001F,Violence and sexual offences,Unable to prosecute suspect,
d2662f98068c9d7e99f51bb8d1ee3fc8633232ba71bab4cd696918abfacc9765,2025-07,City of London Police,City of London Police,-0.081902,51.517296,On or near Liverpool Street,E01032739,City of London 001F,Violence and sexual offences,Unable to prosecute suspect,
f75700163b986e3d7a325f3ea2ddeccd6fd742372738476546edded7231a9e8d,2025-07,City of London Police,City of London Police,-0.078755,51.518440,On or near Artillery Lane,E01032739,City of London 001F,Violence and sexual offences,Unable to prosecute suspect,
60b9e84f38aa53963c9f5580882b6b1cba06412dfd8639d17c0dab0e061503ee,2025-07,City of London Police,City of London Police,-0.079907,51.517785,On or near Victoria Avenue,E01032739,City of London 001F,Violence and sexual offences,Court result unavailable,
2547a876024bd0c919931b0afc7a06fcd9d090a628c44e2dba7bf967f7e3fa6e,2025-07,City of London Police,City of London Police,-0.081902,51.517296,On or near Liverpool Street,E01032739,City of London 001F,Violence and sexual offences,Investigation complete; no suspect identified,
93866d9d0d27a1c927af93e32ba4973656caff180fc50bb1b234becf6ae23e18,2025-07,City of London Police,City of London Police,-0.082133,51.515222,On or near St Helen'S Place,E01032739,City of London 001F,Violence and sexual offences,Unable to prosecute suspect,
9e1812453db4a6f18c516ae9b9a1c6de768d9fe654a62390cdf1d6b8f7bb6aef,2025-07,City of London Police,City of London Police,-0.081512,51.518692,On or near London Liverpool Street,E01032739,City of London 001F,Violence and sexual offences,Unable to prosecute suspect,
98ce36f990c4ae974cfc53458479a11e33bae2da0a83a5d2fb0f8c03f5ce1088,2025-07,City of London Police,City of London Police,-0.087772,51.510665,On or near Martin Lane,E01032739,City of London 001F,Violence and sexual offences,Court result unavailable,
27e86b1bf46da10d44cc800d49134dfc7eb1d8623d5ee992fbad8626371f141d,2025-07,City of London Police,City of London Police,-0.079907,51.517785,On or near Victoria Avenue,E01032739,City of London 001F,Violence and sexual offences,Unable to prosecute suspect,
0b2ad6a0ec3760dc9514c89e58f0fc2c35a5b329dbf96d77b2388a925b381296,2025-07,City of London Police,City of London Police,-0.091410,51.510167,On or near Cousin Lane,E01032739,City of London 001F,Violence and sexual offences,Unable to prosecute suspect,
896fd5f073eebeeac7f00c1f8f13a143e8b000ea7e60d7b85d807d24b693c91d,2025-07,City of London Police,City of London Police,-0.079907,51.517785,On or near Victoria Avenue,E01032739,City of London 001F,Violence and sexual offences,Court result unavailable,
664419f71e3dedae3950bb0f451a2ca243c8f632006eb3967df288d800fb6750,2025-07,City of London Police,City of London Police,-0.082993,51.516360,On or near Wormwood Street,E01032739,City of London 001F,Violence and sexual offences,Unable to prosecute suspect,
57ffd608a5a80580c4cb8171b47ef57f7f48662480e629bb7abad5ce61570f49,2025-07,City of London Police,City of London Police,-0.082993,51.516360,On or near Wormwood Street,E01032739,City of London 001F,Violence and sexual offences,Unable to prosecute suspect,
6872d1d0e81913f65edc98f4d151a3d9c1c99e1d8c7bd80dbeac7d88ee087a22,2025-07,City of London Police,City of London Police,-0.101963,51.510761,On or near Ferry Terminal,E01032739,City of London 001F,Violence and sexual offences,Investigation complete; no suspect identified,
49fd30d509114654e9b77f9248878c57fbdc4064f0c94222db6cddbf18afe151,2025-07,City of London Police,City of London Police,-0.088785,51.517102,On or near Moorgate,E01032739,City of London 001F,Violence and sexual offences,Unable to prosecute suspect,
5514d0b032c007307f5750791972d726a50160580756a769d865bb556dd5f947,2025-07,City of London Police,City of London Police,-0.082993,51.516360,On or near Wormwood Street,E01032739,City of London 001F,Violence and sexual offences,Unable to prosecute suspect,
bc6cc45b9fa6e29918e090a7b84df00f89c411b641cd5637f02e0a11c1dcb840,2025-07,City of London Police,City of London Police,-0.094460,51.512024,On or near Great Trinity Lane,E01032739,City of London 001F,Violence and sexual offences,Investigation complete; no suspect identified,
b1dfd9c72004d6c0a51133ee30a0e0d2aacf4afe1b4354478cd248a3d1a0d306,2025-07,City of London Police,City of London Police,-0.078755,51.518440,On or near Artillery Lane,E01032739,City of London 001F,Violence and sexual offences,Court result unavailable,
544d10185bb386523255e78a00a87b7fbce0881f6ba0086dc5aaca57ebb0fd79,2025-07,City of London Police,City of London Police,-0.085228,51.511190,On or near Talbot Court,E01032739,City of London 001F,Violence and sexual offences,Unable to prosecute suspect,
253a347a3142181ba7571b33cfc92c8e329af79abaddcac04e7e3360258368d7,2025-07,City of London Police,City of London Police,-0.085228,51.511190,On or near Talbot Court,E01032739,City of London 001F,Violence and sexual offences,Unable to prosecute suspect,
d37bb92c8c0f014a57bd31b4926e9b86dc853718b01a3f0b00a724278ca151c4,2025-07,City of London Police,City of London Police,-0.089208,51.509744,On or near Angel Lane,E01032739,City of London 001F,Violence and sexual offences,Investigation complete; no suspect identified,
4359ad8348a7b6a032a60695c3c4891ddb3840327536a0aeed8ab10a0ce2e80a,2025-07,City of London Police,City of London Police,-0.082993,51.516360,On or near Wormwood Street,E01032739,City of London 001F,Violence and sexual offences,Unable to prosecute suspect,
68645b144df20469dbb362716b02a12d283abe8db92d1bae7e530529f4fe1145,2025-07,City of London Police,City of London Police,-0.077959,51.511332,On or near Crutched Friars,E01032739,City of London 001F,Other crime,Investigation complete; no suspect identified,
,2025-07,City of London Police,City of London Police,-0.110474,51.517193,On or near Furnival Street,E01032740,City of London 001G,Anti-social behaviour,,
,2025-07,City of London Police,City of London Police,-0.098875,51.518831,On or near Bartholomew Close,E01032740,City of London 001G,Anti-social behaviour,,
6bfd0fe7e2be87799a15176eeb0d07ceb91a03a6e91fb182c72c8acb6a73097d,2025-07,City of London Police,City of London Police,-0.108027,51.511884,On or near Temple Avenue,E01032740,City of London 001G,Bicycle theft,Investigation complete; no suspect identified,
5b8aa85aabaa6f09b687357487acbeb041fd23d82b7824c30dc5ddd8272eab49,2025-07,City of London Police,City of London Police,-0.101359,51.518700,On or near Parking Area,E01032740,City of London 001G,Bicycle theft,Investigation complete; no suspect identified,
fd254cd64a7a6f8661b5f73f10492223451f4218328ceb63454a6d1a80115afc,2025-07,City of London Police,City of London Police,-0.108909,51.515297,On or near West Harding Street,E01032740,City of London 001G,Burglary,Offender given a caution,
376d8b7893b9fba2e50f18a86bbc2d3fefa9e3def863205c52cf8d0e6ec8ace8,2025-07,City of London Police,City of London Police,-0.099803,51.519026,On or near Cloth Fair,E01032740,City of London 001G,Burglary,Investigation complete; no suspect identified,
f03b376503015e6b16ccd369cec8396b2d754a3e6dc41c47f93c69ce39d11553,2025-07,City of London Police,City of London Police,-0.102585,51.517308,On or near Cock Lane,E01032740,City of London 001G,Burglary,Investigation complete; no suspect identified,
3f6319b8e8f9ad6e93a20bedb38c84f72edd4faeae8fb58fdc127e703bc27031,2025-07,City of London Police,City of London Police,-0.104980,51.512033,On or near Kingscote Street,E01032740,City of London 001G,Criminal damage and arson,Investigation complete; no suspect identified,
adb876ca7f0f83fab94fe2ef65a45c93ab4f465a1e3c05e69de314d6cee5e0be,2025-07,City of London Police,City of London Police,-0.101359,51.518700,On or near Parking Area,E01032740,City of London 001G,Criminal damage and arson,Investigation complete; no suspect identified,
b25f417cd3280b0354f2fd8a23d938ee166355305613128509a3803351a356c1,2025-07,City of London Police,City of London Police,-0.108450,51.514202,On or near Fleet Street,E01032740,City of London 001G,Criminal damage and arson,Unable to prosecute suspect,
b4bd6e2eab8eeb7b6684374bd3b07cc6a5ddcc81accda065bbeb21adcc5e85bd,2025-07,City of London Police,City of London Police,-0.108450,51.514202,On or near Fleet Street,E01032740,City of London 001G,Criminal damage and arson,Investigation complete; no suspect identified,
6de0c40189665b12a56a60adc8443488827f7f986e3763de9203ee70ee62d7b4,2025-07,City of London Police,City of London Police,-0.104980,51.512033,On or near Kingscote Street,E01032740,City of London 001G,Other theft,Investigation complete; no suspect identified,
f22adbbbf10fc422545cb43a603460c30f37f46095ea6a45d7ced1f7a6994ed2,2025-07,City of London Police,City of London Police,-0.109540,51.515721,On or near Rolls Buildings,E01032740,City of London 001G,Other theft,Investigation complete; no suspect identified,
392432514d588f23de46367a5648869256145264da84975cee4e98a0818631fa,2025-07,City of London Police,City of London Police,-0.098017,51.519689,On or near Cloth Street,E01032740,City of London 001G,Other theft,Investigation complete; no suspect identified,
4b322322f74b0020fe51fa1467c9f8ed44056e4ea441ba2e1bbaf4a1dd7d2319,2025-07,City of London Police,City of London Police,-0.110690,51.517916,On or near Further/Higher Educational Building,E01032740,City of London 001G,Other theft,Investigation complete; no suspect identified,
723a2dff53a1f587906d770d1749b9c80931ffea29b0a6a76b1c0653eddcbe70,2025-07,City of London Police,City of London Police,-0.101359,51.518700,On or near Parking Area,E01032740,City of London 001G,Other theft,Investigation complete; no suspect identified,
41a813eb3f2a3c6ff9e07b196205d51c201df13b0885848078e6293e0a44dfc0,2025-07,City of London Police,City of London Police,-0.104980,51.512033,On or near Kingscote Street,E01032740,City of London 001G,Other theft,Investigation complete; no suspect identified,
8befbd5efea51b01b139de29542617bafda85b53e040e0524614cb85a3e63b85,2025-07,City of London Police,City of London Police,-0.101621,51.516906,On or near Giltspur Street,E01032740,City of London 001G,Other theft,Unable to prosecute suspect,
4675e2fa5ceb6fee82ce273b8835d165ff6f78675a43f44952258dd527b62f01,2025-07,City of London Police,City of London Police,-0.112111,51.517687,On or near Parking Area,E01032740,City of London 001G,Other theft,Investigation complete; no suspect identified,
12c8cf8c402eeabf7a789e55a945d4016ad897a00739c834dc6dfac1e24fc0cb,2025-07,City of London Police,City of London Police,-0.108909,51.515297,On or near West Harding Street,E01032740,City of London 001G,Other theft,Investigation complete; no suspect identified,
7777a54f192deba789423f2e4f0581409bb80e59a1e48a364f0a2b42993b04b5,2025-07,City of London Police,City of London Police,-0.102812,51.517051,On or near Police Station,E01032740,City of London 001G,Other theft,Investigation complete; no suspect identified,
23d6c1934cac34eb124d48ec00e41c93238663c3cb213a34fe04f7812090cdbf,2025-07,City of London Police,City of London Police,-0.101621,51.516906,On or near Giltspur Street,E01032740,City of London 001G,Public order,Unable to prosecute suspect,
f4a8262d94d1009d6a4619d5e4358dec7af69f4f002f21bf6a1ca2664a80fdfa,2025-07,City of London Police,City of London Police,-0.108450,51.514202,On or near Fleet Street,E01032740,City of London 001G,Public order,Further investigation is not in the public interest,
449107357c7184fe7c8f852a3c893e8e44dcf562470823f8ab85473b8ce6afd4,2025-07,City of London Police,City of London Police,-0.106076,51.517239,On or near Conference/Exhibition Centre,E01032740,City of London 001G,Public order,Investigation complete; no suspect identified,
c83d2e1ed171f9b88877350f8440aaa56b7d8a43a2ee00cf36f77ffbe492b2cb,2025-07,City of London Police,City of London Police,-0.101621,51.516906,On or near Giltspur Street,E01032740,City of London 001G,Public order,Unable to prosecute suspect,
7f72268fa5aaa733a735e4e921de27fcfefbb4cf78de9b9cea16d046d06f4022,2025-07,City of London Police,City of London Police,-0.109164,51.517846,On or near Holborn,E01032740,City of London 001G,Public order,Unable to prosecute suspect,
e2b43b3dd4527e8987f35e3e321ad6495fbe6e56e6d9ab7c416ca8eef6f67abc,2025-07,City of London Police,City of London Police,-0.098017,51.519689,On or near Cloth Street,E01032740,City of London 001G,Public order,Status update unavailable,
6fb238d065b36fe9210f1b3e945894c620932d1157119c1551ed3ee9335f26e7,2025-07,City of London Police,City of London Police,-0.105131,51.513941,On or near Bride Lane,E01032740,City of London 001G,Robbery,Unable to prosecute suspect,
f7278c9a0494ccfed5e41092fb2e280c2e35cb0600b025b9b41be750ed187fa2,2025-07,City of London Police,City of London Police,-0.103393,51.517978,On or near Smithfield Street,E01032740,City of London 001G,Robbery,Unable to prosecute suspect,
65ee4797699a28ece430f6a94362178b2256291ef0265dc29ebe4c95f78ee919,2025-07,City of London Police,City of London Police,-0.104980,51.512033,On or near Kingscote Street,E01032740,City of London 001G,Shoplifting,Investigation complete; no suspect identified,
9a1421cc45791d2fae6c12aabee2b2f2adb584ec14ef9a52e4e554cb8127d50c,2025-07,City of London Police,City of London Police,-0.103393,51.517978,On or near Smithfield Street,E01032740,City of London 001G,Shoplifting,Court result unavailable,
7adca6b5a9a1cc762e0cd14f7e02d4a9217991463bcdd1c428ae1ed17e20fc78,2025-07,City of London Police,City of London Police,-0.112953,51.518231,On or near Southampton Buildings,E01032740,City of London 001G,Shoplifting,Investigation complete; no suspect identified,
21ad0d53de3829fff11926ac0ac1114013dd1d49e62c43f988bff90d9d13937c,2025-07,City of London Police,City of London Police,-0.112953,51.518231,On or near Southampton Buildings,E01032740,City of London 001G,Shoplifting,Investigation complete; no suspect identified,
6f8654406de91b6423017a29b49466763d76141e1bc6f7f619cfbd476471fef4,2025-07,City of London Police,City of London Police,-0.104980,51.512033,On or near Kingscote Street,E01032740,City of London 001G,Shoplifting,Court result unavailable,
e01588457057256fdc59436f8fa9a7b5b9672d6f7775b4a04510e81e0b86288b,2025-07,City of London Police,City of London Police,-0.104980,51.512033,On or near Kingscote Street,E01032740,City of London 001G,Shoplifting,Investigation complete; no suspect identified,
c21125b2d1a717043f47b60bc8c7fb7c5d9a1abb6fe72f9a91deb1b27252486a,2025-07,City of London Police,City of London Police,-0.112953,51.518231,On or near Southampton Buildings,E01032740,City of London 001G,Shoplifting,Investigation complete; no suspect identified,
e0dd6ce19eaedfcd093b1e71176a8af15729260a0e5644e88842281cced11326,2025-07,City of London Police,City of London Police,-0.112953,51.518231,On or near Southampton Buildings,E01032740,City of London 001G,Shoplifting,Investigation complete; no suspect identified,
3b1362c77d0699e66ec1d0a66ef1394fc2b9681d7768f5fa4ab9752072538194,2025-07,City of London Police,City of London Police,-0.112953,51.518231,On or near Southampton Buildings,E01032740,City of London 001G,Shoplifting,Investigation complete; no suspect identified,
e79ddcfa660ac1a88de0a98396fa56a43385b9d13d2f3d5c10b463315f7fede5,2025-07,City of London Police,City of London Police,-0.112953,51.518231,On or near Southampton Buildings,E01032740,City of London 001G,Shoplifting,Investigation complete; no suspect identified,
9fc0880211abf2232bd510b86ee0c444b1ea2767a2af6568feef7f4f4dc0cf52,2025-07,City of London Police,City of London Police,-0.112953,51.518231,On or near Southampton Buildings,E01032740,City of London 001G,Shoplifting,Investigation complete; no suspect identified,
7401a008b963e22e02c614c1888dfa2e5261fd51eabd6928bc9afc16da19f63d,2025-07,City of London Police,City of London Police,-0.105131,51.513941,On or near Bride Lane,E01032740,City of London 001G,Shoplifting,Investigation complete; no suspect identified,
ebef252b2f236e437d6e5bcf8af9c8327cc468c122baf0de36fe0ae076429589,2025-07,City of London Police,City of London Police,-0.112953,51.518231,On or near Southampton Buildings,E01032740,City of London 001G,Shoplifting,Investigation complete; no suspect identified,
674d5396fca0ae483f21c9c296413de421e183d1d75fb37500185f9f59420061,2025-07,City of London Police,City of London Police,-0.102538,51.517739,On or near Hosier Lane,E01032740,City of London 001G,Shoplifting,Investigation complete; no suspect identified,
9bd3a51d05c943a8a9da8cd4088dc7d334dabcf5cbbc0110b8725093e115fdfc,2025-07,City of London Police,City of London Police,-0.105131,51.513941,On or near Bride Lane,E01032740,City of London 001G,Shoplifting,Unable to prosecute suspect,
05cd2c54e9ad077cebf3cd812f2c89a2592f26a8cd14781c29087c1c20fb7192,2025-07,City of London Police,City of London Police,-0.112953,51.518231,On or near Southampton Buildings,E01032740,City of London 001G,Shoplifting,Court result unavailable,
3362e5822324259ee9b674daf70bbca4492459a5aad7d4c0893bec2eb6ec7c54,2025-07,City of London Police,City of London Police,-0.104980,51.512033,On or near Kingscote Street,E01032740,City of London 001G,Shoplifting,Investigation complete; no suspect identified,
643dbcfc4364143f5b62c4f992c8267fdc00a17c2142386f3220ca0d7ed3f8c5,2025-07,City of London Police,City of London Police,-0.108450,51.514202,On or near Fleet Street,E01032740,City of London 001G,Theft from the person,Investigation complete; no suspect identified,
c74e88dd253ad206dec5ef5b07a9221adba6fe0b9eb5dc3b368380c7852ecf04,2025-07,City of London Police,City of London Police,-0.106076,51.517239,On or near Conference/Exhibition Centre,E01032740,City of London 001G,Theft from the person,Investigation complete; no suspect identified,
b062e1b91fa567585c5522990ec831b19790ac616c47695bdbf89100d0aa5d23,2025-07,City of London Police,City of London Police,-0.101621,51.516906,On or near Giltspur Street,E01032740,City of London 001G,Theft from the person,Investigation complete; no suspect identified,
9fb09add818f5d5797accaaf2e31eb5a868242ca05e5886b804dcba654f4acb4,2025-07,City of London Police,City of London Police,-0.102726,51.513911,On or near Pageantmaster Court,E01032740,City of London 001G,Theft from the person,Investigation complete; no suspect identified,
25252c52f2a75f5fca060d102e8fea1aac16ba87c18ca554e3fe4207914986ec,2025-07,City of London Police,City of London Police,-0.107443,51.515534,On or near Printer Street,E01032740,City of London 001G,Theft from the person,Investigation complete; no suspect identified,
8ae4edaad0772e36bdddc13e4e9352da5d82818d56af47c57dc406aca2da9bf2,2025-07,City of London Police,City of London Police,-0.106076,51.517239,On or near Conference/Exhibition Centre,E01032740,City of London 001G,Theft from the person,Investigation complete; no suspect identified,
562c855150f9a66e5d35d4cf9dbf6feb82cf38f497bf6f2069bd993ac0c183ac,2025-07,City of London Police,City of London Police,-0.099803,51.519026,On or near Cloth Fair,E01032740,City of London 001G,Theft from the person,Investigation complete; no suspect identified,
2cdb95591258768aa34b989a5729d0ef7557b6a54c963707a313f0679151eb70,2025-07,City of London Police,City of London Police,-0.109164,51.517846,On or near Holborn,E01032740,City of London 001G,Theft from the person,Investigation complete; no suspect identified,
9e300af72b51c55b383759d78588dbbe858723a9e0b8b6e2466a91cf43805a36,2025-07,City of London Police,City of London Police,-0.112953,51.518231,On or near Southampton Buildings,E01032740,City of London 001G,Theft from the person,Unable to prosecute suspect,
f4e1c7b114b0d5ef84b3a653928948cc1c49b126e5ae7562ac6bb8f23b775fca,2025-07,City of London Police,City of London Police,-0.108027,51.511884,On or near Temple Avenue,E01032740,City of London 001G,Theft from the person,Investigation complete; no suspect identified,
c2c09c0aca85247dd618b0d813d30d859bae71353528050dd83baeea9b61f4e8,2025-07,City of London Police,City of London Police,-0.109164,51.517846,On or near Holborn,E01032740,City of London 001G,Theft from the person,Investigation complete; no suspect identified,
7b34a118c3889ad32707d1ec72d5a8d4b273d3b68fcbe404ce960e740296e160,2025-07,City of London Police,City of London Police,-0.105131,51.513941,On or near Bride Lane,E01032740,City of London 001G,Theft from the person,Investigation complete; no suspect identified,
a1da0da190837aaba920571a68b3bd2817a43166eead05c21673b0e1e2966746,2025-07,City of London Police,City of London Police,-0.106076,51.517239,On or near Conference/Exhibition Centre,E01032740,City of London 001G,Theft from the person,Investigation complete; no suspect identified,
d43ea0f9994c114209e5eff0a23880ad4439c46b2e0f3a4ac56413b3826a12fe,2025-07,City of London Police,City of London Police,-0.102726,51.513911,On or near Pageantmaster Court,E01032740,City of London 001G,Theft from the person,Investigation complete; no suspect identified,
86c9ec2fc9ee0c60549ed3f0b4faa6b216b50233699d3166ef542e8bbe9cf155,2025-07,City of London Police,City of London Police,-0.102726,51.513911,On or near Pageantmaster Court,E01032740,City of London 001G,Theft from the person,Investigation complete; no suspect identified,
4512db6fc572763569e1679a3efa48a19de67943e6825c703ba6b694336116ec,2025-07,City of London Police,City of London Police,-0.108909,51.515297,On or near West Harding Street,E01032740,City of London 001G,Theft from the person,Investigation complete; no suspect identified,
3b96fc6ffdac813db4cb917771dc628c8225bfb7bf248f788eb6d1268886f887,2025-07,City of London Police,City of London Police,-0.102726,51.513911,On or near Pageantmaster Court,E01032740,City of London 001G,Theft from the person,Investigation complete; no suspect identified,
539ed244864b0d7dcd939ddc0b712385426324b77db1ae41cd6cd68dc62549bc,2025-07,City of London Police,City of London Police,-0.101359,51.518700,On or near Parking Area,E01032740,City of London 001G,Theft from the person,Investigation complete; no suspect identified,
0fdf812ee00f2510fff033f064a695b09ce07d7e12d233bd33b9abbcff63c9ab,2025-07,City of London Police,City of London Police,-0.109297,51.515681,On or near Fetter Lane,E01032740,City of London 001G,Violence and sexual offences,Unable to prosecute suspect,
6490e9d75ab548afb10be4e1afeeb30ed211eec2f54383d492e7f9b45a7344bf,2025-07,City of London Police,City of London Police,-0.097959,51.517629,On or near Montague Street,E01032740,City of London 001G,Violence and sexual offences,Court result unavailable,
51e884100c6b4e36cabb6bc5c07ddb0e19181ad384105c89f8db33007dc8800a,2025-07,City of London Police,City of London Police,-0.109297,51.515681,On or near Fetter Lane,E01032740,City of London 001G,Violence and sexual offences,Unable to prosecute suspect,
e24018f3b728dab66d720344deaa07500ad84d0571522a56c515a2655df6ce30,2025-07,City of London Police,City of London Police,-0.101621,51.516906,On or near Giltspur Street,E01032740,City of London 001G,Violence and sexual offences,Unable to prosecute suspect,
865bba4c24c405cb4a85dc6c212e948eae88a74db78ecaec6105c4491093cb17,2025-07,City of London Police,City of London Police,-0.098017,51.519689,On or near Cloth Street,E01032740,City of London 001G,Violence and sexual offences,Investigation complete; no suspect identified,
708b4a66fe2827725f4ac0f3471ab08ea0818e977664691685729c48d04004aa,2025-07,City of London Police,City of London Police,-0.098017,51.519689,On or near Cloth Street,E01032740,City of London 001G,Violence and sexual offences,Unable to prosecute suspect,
cb624507f6d84d86c313de447745a84dad269855245755f31091415aee841040,2025-07,City of London Police,City of London Police,-0.104980,51.512033,On or near Kingscote Street,E01032740,City of London 001G,Violence and sexual offences,Investigation complete; no suspect identified,
4e239363f7d02d4e4aabe456298f7dfa5200847a1c59fa60d109f10ebb9120fb,2025-07,City of London Police,City of London Police,-0.099803,51.519026,On or near Cloth Fair,E01032740,City of London 001G,Violence and sexual offences,Action to be taken by another organisation,
439760504f86f74268769e9412d48da7390b82c345ea443addffef1e78e78dd2,2025-07,City of London Police,City of London Police,-0.112953,51.518231,On or near Southampton Buildings,E01032740,City of London 001G,Violence and sexual offences,Unable to prosecute suspect,
3d87dd1fe9c441939916d1e185cf48d2c8437b75ba9f23bdcd314b88c3a0f859,2025-07,City of London Police,City of London Police,-0.108027,51.511884,On or near Temple Avenue,E01032740,City of London 001G,Violence and sexual offences,Unable to prosecute suspect,
be2a8939c6bab1c379eda4c7edb1c8c976c55446b3f29c203b1bbf7014d1b654,2025-07,City of London Police,City of London Police,-0.108450,51.514202,On or near Fleet Street,E01032740,City of London 001G,Violence and sexual offences,Unable to prosecute suspect,
9a626d185a43463daa0596a155a7dbba43311877416a10444a35684ff3ba4911,2025-07,City of London Police,City of London Police,-0.108450,51.514202,On or near Fleet Street,E01032740,City of London 001G,Violence and sexual offences,Status update unavailable,
ea647ab2b68f566a01acd5d86da75fd6017830291f135a12a88cfef2e47daf77,2025-07,City of London Police,City of London Police,-0.099803,51.519026,On or near Cloth Fair,E01032740,City of London 001G,Violence and sexual offences,Unable to prosecute suspect,
bb2b1419c9c54c2428ab900ebc4496814141353136680107480d77e39b52a819,2025-07,City of London Police,City of London Police,0.029827,51.690735,On or near Conybury Close,E01021814,Epping Forest 007C,Other crime,Formal action is not in the public interest,
ea9788ac019ff5e38bd81cb885dfc863f9bd4f64d3fbea27f4af4c781d870e1b,2025-07,City of London Police,City of London Police,-0.045933,51.550118,On or near Hospital,E01001729,Hackney 019A,Violence and sexual offences,Unable to prosecute suspect,
0ce1af22d6cda764c3aafb32623b8a4b83af4c52573258c0c06279db3f984869,2025-07,City of London Police,City of London Police,-0.045933,51.550118,On or near Hospital,E01001729,Hackney 019A,Violence and sexual offences,Unable to prosecute suspect,
0009e83b69516f8c2ec5a7809b2654c0b1f163db179df2d40b752208226ec446,2025-07,City of London Police,City of London Police,-0.082648,51.520455,On or near Earl Street,E01033708,Hackney 033C,Criminal damage and arson,Unable to prosecute suspect,
750fe6270d1774a9096f460c5fb800d1c70920bc17ac40e737333d3db4e88bb0,2025-07,City of London Police,City of London Police,-0.082648,51.520455,On or near Earl Street,E01033708,Hackney 033C,Theft from the person,Investigation complete; no suspect identified,
902489ec9e2fa11e485c9de29781bbf89e92f3e6d9e91efafb5cf799c8326e52,2025-07,City of London Police,City of London Police,-0.418016,51.577999,On or near Eastcote Road,E01002435,Hillingdon 007C,Theft from the person,Unable to prosecute suspect,
4461e3adeab3d76cbedce8dc42300900b069ac6f171cadc76c8d5fd9bfa54bb8,2025-07,City of London Police,City of London Police,-0.098500,51.520551,On or near Carthusian Street,E01033490,Islington 022H,Shoplifting,Unable to prosecute suspect,
42203d2f4f87650e831141d34cab6865976a0c1f50f40d295e49ab6194554721,2025-07,City of London Police,City of London Police,-0.214445,51.518822,On or near Bassett Road,E01002909,Kensington and Chelsea 003E,Violence and sexual offences,Court result unavailable,
60a8eec461fc312ab023bdc16488dca0d74d61d9d12d0214912abf76d9d3efe7,2025-07,City of London Police,City of London Police,-0.113999,51.463942,On or near Further/Higher Educational Building,E01003047,Lambeth 011B,Violence and sexual offences,Investigation complete; no suspect identified,
70e9f17328516503b07fb968c89ec4dfd45e5e47897b80afa86082f16619922a,2025-07,City of London Police,City of London Police,-1.126737,52.920429,On or near Whitcliffe Gardens,E01028397,Rushcliffe 006E,Other crime,Status update unavailable,
5d72942ff131c33ef0fb0defc6ece62250cead15283b1c1ff9212bd52669f257,2025-07,City of London Police,City of London Police,-0.104666,51.498772,On or near A3202,E01032584,Southwark 034E,Theft from the person,Investigation complete; no suspect identified,
303d5bec78b5276ea5f65f5e820c986f9c965aea586cc66f9d7c31abe08d0a72,2025-07,City of London Police,City of London Police,-0.061215,51.519078,On or near Shopping Area,E01004208,Tower Hamlets 013C,Public order,Unable to prosecute suspect,
1771cd9e22576d1663c785af3749a5a08584c79c61b7e3941568c21aa19b04f0,2025-07,City of London Police,City of London Police,-0.061215,51.519078,On or near Shopping Area,E01004208,Tower Hamlets 013C,Violence and sexual offences,Court result unavailable,
1de43dcc96cb9cd21cb30e4635e7352695cd63447c99266f75ba7b6f60905a22,2025-07,City of London Police,City of London Police,-0.072542,51.513100,On or near Further/Higher Educational Building,E01032767,Tower Hamlets 021F,Public order,Unable to prosecute suspect,
0266e237f8cca5e83489aa1bfe025773278e869643b90682b3a299ca65a450f5,2025-07,City of London Police,City of London Police,-0.061319,51.513567,On or near Kinder Street,E01004304,Tower Hamlets 022C,Other theft,Investigation complete; no suspect identified,
8efbc0d4caa657c0e7389fb61d997cc4101bd6de18fedf16bb70208e98ac33eb,2025-07,City of London Police,City of London Police,-0.074039,51.508588,On or near Tower Bridge Approach,E01004293,Tower Hamlets 027B,Criminal damage and arson,Offender given a caution,
e372069792087e1fcb66c009455693a2991dac0bdb3627dcd4c623c0480330f3,2025-07,City of London Police,City of London Police,-0.074039,51.508588,On or near Tower Bridge Approach,E01004293,Tower Hamlets 027B,Drugs,Court result unavailable,
458fcb125f3be27bfe11e090aeb0f9778f01296c847d3f502162e1c335e86825,2025-07,City of London Police,City of London Police,-0.074039,51.508588,On or near Tower Bridge Approach,E01004293,Tower Hamlets 027B,Other theft,Investigation complete; no suspect identified,
0a8e081db8479b131139af8319c7000619a3afc211a62396ff8969da86a5b0fd,2025-07,City of London Police,City of London Police,-0.074039,51.508588,On or near Tower Bridge Approach,E01004293,Tower Hamlets 027B,Other theft,Unable to prosecute suspect,
ccbcba9559b2e2c2dd87da0fd94a7d03c263324c2453bd3dc771874234992cbb,2025-07,City of London Police,City of London Police,-0.074039,51.508588,On or near Tower Bridge Approach,E01004293,Tower Hamlets 027B,Public order,Investigation complete; no suspect identified,
d4a6037d80f85e307c0bf3576a2a9663242fa19124008447291bb4923e9ca602,2025-07,City of London Police,City of London Police,-0.074039,51.508588,On or near Tower Bridge Approach,E01004293,Tower Hamlets 027B,Violence and sexual offences,Unable to prosecute suspect,
7efa6f4a748b5580d78ebb223ff2ff049eca7a54c88b4a5f19e7156bbf2f6ae7,2025-07,City of London Police,City of London Police,-0.074039,51.508588,On or near Tower Bridge Approach,E01004293,Tower Hamlets 027B,Violence and sexual offences,Unable to prosecute suspect,
e293baf8764c8e2a9d573e5ae0354083634bc741485d342bc157b28bbcbf78a7,2025-07,City of London Police,City of London Police,-0.138803,51.513114,On or near Ganton Street,E01035716,Westminster 013G,Other theft,Investigation complete; no suspect identified,
ac3f97fc4746568e61caf1040035c691630e5ca8a26d076dea3f5582151245b8,2025-07,City of London Police,City of London Police,-0.111567,51.513757,On or near Middle Temple Lane,E01004735,Westminster 018B,Burglary,Investigation complete; no suspect identified,
91f0a255a35648848fed2fce52df6166df55a39084ab78f4ebe0103f9e9bb7d0,2025-07,City of London Police,City of London Police,-0.111756,51.513724,On or near Fleet Street,E01004735,Westminster 018B,Violence and sexual offences,Unable to prosecute suspect,
ce116754eb4ed1c13936731ef6f27e978970c5bf8d64837fac10b131fbf38114,2025-07,City of London Police,City of London Police,-0.111756,51.513724,On or near Fleet Street,E01004735,Westminster 018B,Violence and sexual offences,Unable to prosecute suspect,
,2025-07,City of London Police,City of London Police,,,No Location,,,Anti-social behaviour,,
,2025-07,City of London Police,City of London Police,,,No Location,,,Anti-social behaviour,,
f9330a2d5ce48b7b12a68c6426bdc3c199db51fac3a3c3e0654a1782c72b8f7f,2025-07,City of London Police,City of London Police,,,No Location,,,Burglary,Investigation complete; no suspect identified,
fb6a0d847c3cc1766b3e8fb7664d7f8e1bf384efbb1a4f08cdeb3b4ac8deaff4,2025-07,City of London Police,City of London Police,,,No Location,,,Drugs,Offender given a caution,
9cbd11f09b42a3334c52898e70a3d937d6c1098227699d875c4950b327c662f5,2025-07,City of London Police,City of London Police,,,No Location,,,Drugs,Status update unavailable,
ff5ee82b7a882c6983c78232b599d11444037f01bf095bbb0fd4ae4aad3c7161,2025-07,City of London Police,City of London Police,,,No Location,,,Other theft,Court result unavailable,
300a57887dc2761bb12f4f9f4af228d3b0fb49a5c6957f4280a7192ffe5e2e67,2025-07,City of London Police,City of London Police,,,No Location,,,Other theft,Court result unavailable,
479f3c88d07a1168fb38f1a76a991bcd539662476030a9062ca34abf5cd874e5,2025-07,City of London Police,City of London Police,,,No Location,,,Other theft,Investigation complete; no suspect identified,
37d14e7280566a044fd10f94a87180148a0ff7254c3d283a8994dc3230539244,2025-07,City of London Police,City of London Police,,,No Location,,,Other theft,Investigation complete; no suspect identified,
6ea2888cb1562af979a4e79d7ceca2fa1ab35197a8c6c7be8c06f85580022471,2025-07,City of London Police,City of London Police,,,No Location,,,Other theft,Unable to prosecute suspect,
06f81ba4098fe91ebf6114f7a03c825dc26e9d1d7cda273d181f93725896a17e,2025-07,City of London Police,City of London Police,,,No Location,,,Other theft,Court result unavailable,
d90fd7012c123a81615a4f92c47f9a161f525c3fbc6d88c675b58869d294939a,2025-07,City of London Police,City of London Police,,,No Location,,,Other theft,Investigation complete; no suspect identified,
76e383ceb7865551ba8f518959c9a21935c9150b44781539cbb2880badd7ad8b,2025-07,City of London Police,City of London Police,,,No Location,,,Other theft,Unable to prosecute suspect,
c4bf478ee175e964c97178e86ef651e72a088607875033d8aa29520964bbda1f,2025-07,City of London Police,City of London Police,,,No Location,,,Other theft,Investigation complete; no suspect identified,
880f4dfa99b1a1317599e741a93a78ab4830208fa6d3213fc2b8fe6ec6d99267,2025-07,City of London Police,City of London Police,,,No Location,,,Other theft,Investigation complete; no suspect identified,
18c8a6c9a6ff7084cba657e9d0d335633f718cfa09ac8b0ca967982c5979b7c7,2025-07,City of London Police,City of London Police,,,No Location,,,Other theft,Investigation complete; no suspect identified,
d5a9c48c8ff1a08f110502c330588e081bee2c3cb856a556ecb1cdf783376d00,2025-07,City of London Police,City of London Police,,,No Location,,,Other theft,Investigation complete; no suspect identified,
5cb1d9e09aadf63d14d9629c1f3f28724075d92dc178153d9d97c8096fef7344,2025-07,City of London Police,City of London Police,,,No Location,,,Public order,Investigation complete; no suspect identified,
c4d82faee0b63ff4ee8429c497d7477178cc3dd97fe45881ac6aa01cf70b6593,2025-07,City of London Police,City of London Police,,,No Location,,,Public order,Investigation complete; no suspect identified,
3d663c59f5ddda737c5e5048b754303a5181d222c1936be4c4dfb553cee0c4c3,2025-07,City of London Police,City of London Police,,,No Location,,,Public order,Unable to prosecute suspect,
4aa7742cf349d474a5f7b32e4f479577c9a6dffa798a0052982ec1162e13e46b,2025-07,City of London Police,City of London Police,,,No Location,,,Public order,Investigation complete; no suspect identified,
d89c14e0772e7759901aa8844711191c8597179e371e37ec6d9b793144aa1a0d,2025-07,City of London Police,City of London Police,,,No Location,,,Shoplifting,Investigation complete; no suspect identified,
0af121a4c8049654f43acb16a4b95a38c0cd46b50bb805e1b87bbdca9909094c,2025-07,City of London Police,City of London Police,,,No Location,,,Shoplifting,Unable to prosecute suspect,
f6e03282e0a6c1833415ababa05a6c11042835100e2907c44fca19244d532602,2025-07,City of London Police,City of London Police,,,No Location,,,Shoplifting,Court result unavailable,
77a291fa1c48c19280194e0ff19b70a90948eeabb404222bf8424da913d623ee,2025-07,City of London Police,City of London Police,,,No Location,,,Shoplifting,Investigation complete; no suspect identified,
d7d758017d99e308e4d1c6e645a0f9641ea1e84def0c8becd9475364aee71f1c,2025-07,City of London Police,City of London Police,,,No Location,,,Shoplifting,Investigation complete; no suspect identified,
02cd873ae671b6f5b83bed83ea3990a061d8b6342cecb5a2ecb86c4d2a726530,2025-07,City of London Police,City of London Police,,,No Location,,,Shoplifting,Unable to prosecute suspect,
71bea4cda7201221f21b1d1bac89b8b8b0d3e2b9f7292a55bc44bd1b761eed84,2025-07,City of London Police,City of London Police,,,No Location,,,Theft from the person,Investigation complete; no suspect identified,
dae94431ffeedc4e7939e718aa5bc6380001a703c91ead73ad2157055318bc99,2025-07,City of London Police,City of London Police,,,No Location,,,Theft from the person,Investigation complete; no suspect identified,
f8dc8afed031e4450f84877442f5fc9bdb1db7016a7c05f6292e87493a5f1cdc,2025-07,City of London Police,City of London Police,,,No Location,,,Theft from the person,Investigation complete; no suspect identified,
25b20898bafa216533d6fadeee4ef13577073b7a518a5ee1aaa946fd5f814da6,2025-07,City of London Police,City of London Police,,,No Location,,,Theft from the person,Investigation complete; no suspect identified,
4150aa01016eec71f881fbcf36d9faf93ea4e8e0671f295b7295e9d29a53fb6d,2025-07,City of London Police,City of London Police,,,No Location,,,Theft from the person,Investigation complete; no suspect identified,
13958d78c2b5f5134f4e9df412080fe2f861a50f3530df14529019c100b789a9,2025-07,City of London Police,City of London Police,,,No Location,,,Theft from the person,Investigation complete; no suspect identified,
8d2029b8bbacafd3503cb4c2de1dd899e2c949a8ea14f1abaaf18061e3b4c5d9,2025-07,City of London Police,City of London Police,,,No Location,,,Theft from the person,Investigation complete; no suspect identified,
3bb49bd862db257c321609138d9edb1447045bfa8b83dd06d16c834efc0ec039,2025-07,City of London Police,City of London Police,,,No Location,,,Theft from the person,Investigation complete; no suspect identified,
b31d235ebdcbafbb0184b04b46134582060edd2ed317d26a4847660d3889997b,2025-07,City of London Police,City of London Police,,,No Location,,,Theft from the person,Investigation complete; no suspect identified,
65ff5e1893d71e540fc025ed6ff81e23cd722530766719d5fcb903b5581a971e,2025-07,City of London Police,City of London Police,,,No Location,,,Theft from the person,Investigation complete; no suspect identified,
e527533b31116e176f27dbb359d16403d7d29db59313dab77f3a162575734689,2025-07,City of London Police,City of London Police,,,No Location,,,Theft from the person,Investigation complete; no suspect identified,
f4530e01b0d3917914aafc3884708cdbab48f9da415d5078e0054243cfcff14d,2025-07,City of London Police,City of London Police,,,No Location,,,Theft from the person,Investigation complete; no suspect identified,
8c9aa141d57b4af74188d88a1576ec8718436dbd67592c8120b9f7a0ae65e144,2025-07,City of London Police,City of London Police,,,No Location,,,Violence and sexual offences,Unable to prosecute suspect,
5a5207914fa564603a89f4b36a7613f1505bf88508c3359fca92b242d2ce8d31,2025-07,City of London Police,City of London Police,,,No Location,,,Violence and sexual offences,Investigation complete; no suspect identified,
e9fbbf147cdb5e763d13d5382a0dcf5d722be140534112f99ba4a83a87d10c7c,2025-07,City of London Police,City of London Police,,,No Location,,,Violence and sexual offences,Unable to prosecute suspect,
cacabc3fdae0bc91ea4d09b798a3293499f6a2b449464d2e3cd13a7c6b2632ed,2025-07,City of London Police,City of London Police,,,No Location,,,Violence and sexual offences,Unable to prosecute suspect,
8efb1a551b1a6623378b64d5f7c87bce52d8481b329ae46cd3a0ccb14464d9ff,2025-07,City of London Police,City of London Police,,,No Location,,,Violence and sexual offences,Awaiting court outcome,
fc4ee88fb62ba764be223c5440a205cffbe5f1aa48d1772abcac0d23fea04468,2025-07,City of London Police,City of London Police,,,No Location,,,Violence and sexual offences,Investigation complete; no suspect identified,
5b190638c9ee0d70ef476345475633febf9fac980faafe42a6cf4f18c9ff8310,2025-07,City of London Police,City of London Police,,,No Location,,,Violence and sexual offences,Status update unavailable,
bb0aef5963377a3b8eda68b5f43f7c494d96503fdd7c49cd74ae85191ab99d04,2025-07,City of London Police,City of London Police,,,No Location,,,Violence and sexual offences,Investigation complete; no suspect identified,
594618370c28ed44feabd944e0e60969d9de9cabbad62ffed791d89c5c7e65e0,2025-07,City of London Police,City of London Police,,,No Location,,,Violence and sexual offences,Unable to prosecute suspect,
c61cd7b9b19a7807f7df296c571e1e0a21c5e34dcbb24274b0431068b3acb9f7,2025-07,City of London Police,City of London Police,,,No Location,,,Other crime,Unable to prosecute suspect,
745b534152b4e9ed35e9efdb3f13794c6a7aa2898641dc38006cf72d4b01c9be,2025-07,City of London Police,City of London Police,,,No Location,,,Other crime,Status update unavailable,
