Crime ID,Month,Reported by,Falls within,Longitude,Latitude,Location,LSOA code,LSOA name,Crime type,Last outcome category,Context
eca2a00953f4cdd75a71d9cb1b74441c510c098a5fdb2d39afc77f274557db2b,2025-11,City of London Police,City of London Police,0.109901,51.446484,On or near Ramillies Road,E01000347,Bexley 021B,Violence and sexual offences,Status update unavailable,
e56561f431605a5ef917473dbb9c9111d58c76a549da40ce974338df95396e3e,2025-11,City of London Police,City of London Police,0.096589,51.395580,On or near Kevington Close,E01000731,Bromley 023C,Other crime,Status update unavailable,
985c0f9968880071971a11336b14be4265d23410c3a97a4d5e4f13c75b10e003,2025-11,City of London Police,City of London Police,-1.890182,53.728557,On or near Reservoir Road,E01010930,Calderdale 010B,Other crime,Status update unavailable,
42c24260a70b4f0c18899d0a48fbc2f181200aeb05485be63204b0aacf275393,2025-11,City of London Police,City of London Police,-0.109842,51.522012,On or near White Bear Yd,E01000916,Camden 027B,Drugs,Local resolution,
397e3dc2bd660baff1c051a72f7b52997ead69e847d2290fd9b5fb26746ac289,2025-11,City of London Police,City of London Police,-0.105965,51.518514,On or near Further/Higher Educational Building,E01000916,Camden 027B,Robbery,Status update unavailable,
bb1340c889ffb868084ac8e0b5023ae556e1b76903cb972a4dccf57d6e767925,2025-11,City of London Police,City of London Police,-0.106220,51.518275,On or near B500,E01000916,Camden 027B,Violence and sexual offences,Status update unavailable,
d98ad2c3a8e58f7651c35be59314139230805bf224a3faa12ae7ac0c373207a2,2025-11,City of London Police,City of London Police,-0.107682,51.517786,On or near B521,E01000917,Camden 027C,Drugs,Formal action is not in the public interest,
2565af20e3bf47a725e6facbccf48cf0509a56a4653ce297e5f56c66aca11a04,2025-11,City of London Police,City of London Police,-0.107682,51.517786,On or near B521,E01000917,Camden 027C,Other theft,Investigation complete; no suspect identified,
7002e9566c641389de7fad30dcd7e93b253c09e7c5813c651c348d9cbbbe1153,2025-11,City of London Police,City of London Police,-0.107682,51.517786,On or near B521,E01000917,Camden 027C,Violence and sexual offences,Unable to prosecute suspect,
efa63fd708c1ab8d38f761061e124bf73f9ae042f8c331204ef1fd861d4294dd,2025-11,City of London Police,City of London Police,-0.111596,51.518281,On or near Chancery Lane,E01000914,Camden 028B,Criminal damage and arson,Investigation complete; no suspect identified,
a9c49340df465d2fe683e385d2475772b7a69e36ae5c4c1dc6709069173fa529,2025-11,City of London Police,City of London Police,-0.111596,51.518281,On or near Chancery Lane,E01000914,Camden 028B,Other theft,Investigation complete; no suspect identified,
75ed7b3aafebb181822b90f51bef518b0b995a15d10a0b713ae5736f083a300a,2025-11,City of London Police,City of London Police,-0.111596,51.518281,On or near Chancery Lane,E01000914,Camden 028B,Other theft,Investigation complete; no suspect identified,
bbb561317f82c95717fea746227659e2637eaa9df9bf1dbdb6be64d199fa4e98,2025-11,City of London Police,City of London Police,-0.097103,51.518461,On or near Aldersgate Street,E01000001,City of London 001A,Burglary,Unable to prosecute suspect,
23fa48b837cca952ebd1ea9d9b4d4b67a4aa0e8646b9b94d9dc7c59335e7891b,2025-11,City of London Police,City of London Police,-0.097290,51.521575,On or near Fann Street,E01000001,City of London 001A,Other theft,Investigation complete; no suspect identified,
ee73596d177211daad9e54bfd177339dcd2df043a3ff23848bc5a137087fa3fa,2025-11,City of London Police,City of London Police,-0.098519,51.517332,On or near Little Britain,E01000001,City of London 001A,Other theft,Investigation complete; no suspect identified,
2ad95ebd15a84b227847fd21ebb163af877f97da87a9e2c2761abe6757a786ea,2025-11,City of London Police,City of London Police,-0.097144,51.515062,On or near St Paul'S,E01000001,City of London 001A,Other theft,Awaiting court outcome,
2a826dd0a22ae2ff8f219bc48ce8b80c2679df3afb2e52faa7a6becd284ab154,2025-11,City of London Police,City of London Police,-0.097245,51.515387,On or near St Martin'S Le Grand,E01000001,City of London 001A,Public order,Unable to prosecute suspect,
44534a063316b92c5a2c9acc8471dc49712b8e5176a4a931f951e10791aa027e,2025-11,City of London Police,City of London Police,-0.097245,51.515387,On or near St Martin'S Le Grand,E01000001,City of London 001A,Shoplifting,Local resolution,
ff6017e2de7041d9a2d72f399c51b46ddc8e90eec2ec2f95b32c32f20f0119b0,2025-11,City of London Police,City of London Police,-0.097245,51.515387,On or near St Martin'S Le Grand,E01000001,City of London 001A,Shoplifting,Court result unavailable,
a347112ae5045c7b1ea74e36052c2c417bce72d2b9bd074dcf0ba5c9e9c979e1,2025-11,City of London Police,City of London Police,-0.097078,51.519045,On or near A1,E01000001,City of London 001A,Theft from the person,Investigation complete; no suspect identified,
9605b2a8df64ccb2c679348344c1400561be10ad95fa309123153134e62325fe,2025-11,City of London Police,City of London Police,-0.096718,51.515511,On or near Conference/Exhibition Centre,E01000001,City of London 001A,Violence and sexual offences,Status update unavailable,
5b841dd9ba55f11cdb8f8b107a724395f9dc337fe321a045c7f23b408c23a8c8,2025-11,City of London Police,City of London Police,-0.097144,51.515062,On or near St Paul'S,E01000001,City of London 001A,Other crime,Court result unavailable,
,2025-11,City of London Police,City of London Police,-0.091495,51.518145,On or near Fore Street,E01000002,City of London 001B,Anti-social behaviour,,
8924dadca883b0890f9ce97a24d7e4a08a5c7765827d90be48aa93c7c47cb32b,2025-11,City of London Police,City of London Police,-0.092488,51.520598,On or near Silk Street,E01000002,City of London 001B,Bicycle theft,Investigation complete; no suspect identified,
ef9870f423ddf99ccfdcc5744ef6992c199fbb0027dd2301db88d357334c4355,2025-11,City of London Police,City of London Police,-0.092488,51.520598,On or near Silk Street,E01000002,City of London 001B,Bicycle theft,Investigation complete; no suspect identified,
fa64e7aecf40809cddf06e049983c090d1c3189ee067c9d46bf30c341240ad89,2025-11,City of London Police,City of London Police,-0.092488,51.520598,On or near Silk Street,E01000002,City of London 001B,Bicycle theft,Investigation complete; no suspect identified,
c971ca0b8d3c80668d513dccc6f28a91ee77d6e7d4cb64d558b3e545f96c5ce5,2025-11,City of London Police,City of London Police,-0.092374,51.519517,On or near Further/Higher Educational Building,E01000002,City of London 001B,Bicycle theft,Investigation complete; no suspect identified,
21477bd42d722ae33a2a9f9329bec970ede2bb8f88d95ff36b5b898d34d17aee,2025-11,City of London Police,City of London Police,-0.092488,51.520598,On or near Silk Street,E01000002,City of London 001B,Bicycle theft,Status update unavailable,
a93a4ab66e5865daca293822214cdaca81865a974888b4c85b6b768462ca26ec,2025-11,City of London Police,City of London Police,-0.094130,51.519961,On or near Theatre/Concert Hall,E01000002,City of London 001B,Bicycle theft,Awaiting court outcome,
c8682499ec988932f1fcaa2dd77283ebdd5d2438ab35b23f4bc09b7e566dd0fb,2025-11,City of London Police,City of London Police,-0.092374,51.519517,On or near Further/Higher Educational Building,E01000002,City of London 001B,Bicycle theft,Investigation complete; no suspect identified,
bc07886fc5eb90f5e63a7814caffa2d3e13628c8925f86d07e36475a497bcf7c,2025-11,City of London Police,City of London Police,-0.092488,51.520598,On or near Silk Street,E01000002,City of London 001B,Bicycle theft,Investigation complete; no suspect identified,
b75c5353b1382877a6c212779c2d99375f5c79a77cceb6e2adbf4dbc88061f88,2025-11,City of London Police,City of London Police,-0.090648,51.520127,On or near Milton Court,E01000002,City of London 001B,Bicycle theft,Investigation complete; no suspect identified,
b524e057c9097548657e37a4736a1b6da37ab3dbdbbbe3627bdd57e1a68a62e3,2025-11,City of London Police,City of London Police,-0.092971,51.516271,On or near Aldermanbury,E01000002,City of London 001B,Burglary,Investigation complete; no suspect identified,
cb522a4d328e2c2c61b7f1094a290e89e9c84f6eec1f9844309b5704113ba0ce,2025-11,City of London Police,City of London Police,-0.091498,51.520483,On or near Conference/Exhibition Centre,E01000002,City of London 001B,Burglary,Investigation complete; no suspect identified,
3929469c9a7cfb316d5ddddb870af29db6b462b272feeaa7e53b6ed38d3f4ba5,2025-11,City of London Police,City of London Police,-0.093886,51.518166,On or near Monkwell Square,E01000002,City of London 001B,Other theft,Investigation complete; no suspect identified,
73c3caa233d45250363e8b6507f922d87a2cf8c5f64cb26b5ab8535b54989ff9,2025-11,City of London Police,City of London Police,-0.090105,51.520001,On or near Milton Court,E01000002,City of London 001B,Other theft,Investigation complete; no suspect identified,
27ef1dbea5eca4c53d10c5679c95985c1a43309ac694d4fe2ff1f1b8f1debc8a,2025-11,City of London Police,City of London Police,-0.095026,51.518499,On or near Park/Open Space,E01000002,City of London 001B,Other theft,Investigation complete; no suspect identified,
23fc83dac9cf2abf050e0e3bf44ee5aea593869376aca370e163baa1b0945084,2025-11,City of London Police,City of London Police,-0.094130,51.519961,On or near Theatre/Concert Hall,E01000002,City of London 001B,Other theft,Investigation complete; no suspect identified,
3482874303f3891f79a0771cfe669547ba7bdad8eed1258816d41ca127e31802,2025-11,City of London Police,City of London Police,-0.091498,51.520483,On or near Conference/Exhibition Centre,E01000002,City of London 001B,Other theft,Investigation complete; no suspect identified,
f428da51a99cd7039e42c261f47136a0afa72d134c1ff2cfb31bbdf03e5cfc59,2025-11,City of London Police,City of London Police,-0.090553,51.518948,On or near Moor Lane,E01000002,City of London 001B,Other theft,Investigation complete; no suspect identified,
3fed4531059680443604a453fc3f99d66ca89f10581f0c2df54438e4e7208092,2025-11,City of London Police,City of London Police,-0.093271,51.518066,On or near St Alphage Garden,E01000002,City of London 001B,Other theft,Investigation complete; no suspect identified,
f74cf5170664f36b08e3c6cf9db937853dc5cda908e0eb2e6e8d277ea18205ad,2025-11,City of London Police,City of London Police,-0.091668,51.519865,On or near Silk Street,E01000002,City of London 001B,Public order,Investigation complete; no suspect identified,
f610be799e614a0effd0cfce9e75bea4f49e1ead9b04f075a6b9a193c4e1935b,2025-11,City of London Police,City of London Police,-0.090553,51.518948,On or near Moor Lane,E01000002,City of London 001B,Public order,Unable to prosecute suspect,
63972aaed753a4ebe318dc5cf4e50493730c14c7528c4357beadf0df57716804,2025-11,City of London Police,City of London Police,-0.094130,51.519961,On or near Theatre/Concert Hall,E01000002,City of London 001B,Public order,Investigation complete; no suspect identified,
8fae1f5f7d2877e74b3dfec6abf6565ee873de5932301d7cdc788333ade5319f,2025-11,City of London Police,City of London Police,-0.090553,51.518948,On or near Moor Lane,E01000002,City of London 001B,Shoplifting,Unable to prosecute suspect,
6186fd20221ed6d9a283d3ccbe5887dc2ed8ccef6d102f8f00d95c88574edcb3,2025-11,City of London Police,City of London Police,-0.090553,51.518948,On or near Moor Lane,E01000002,City of London 001B,Shoplifting,Awaiting court outcome,
8d718f9e54f05588a09248ceec91055d490d48f08a508e11d9e7f917a432f6ba,2025-11,City of London Police,City of London Police,-0.090553,51.518948,On or near Moor Lane,E01000002,City of London 001B,Shoplifting,Investigation complete; no suspect identified,
005bd38ce484ebab417220f7301b93d96381be134855480ac4d91f16b670d46f,2025-11,City of London Police,City of London Police,-0.090553,51.518948,On or near Moor Lane,E01000002,City of London 001B,Shoplifting,Awaiting court outcome,
1dbfd7062b134fb8a5127005a1eb516048266beed811616976a2624829341839,2025-11,City of London Police,City of London Police,-0.094130,51.519961,On or near Theatre/Concert Hall,E01000002,City of London 001B,Theft from the person,Investigation complete; no suspect identified,
4a21281278e396266d047ff896bb9339f8c7ceda5a5b88fbf91d5206cb32fda1,2025-11,City of London Police,City of London Police,-0.091082,51.519730,On or near Silk Street,E01000002,City of London 001B,Violence and sexual offences,Unable to prosecute suspect,
c554355be9fefa6647c55655a7acd0f3d621c2eaf5a8840f94fb9692e66bd678,2025-11,City of London Police,City of London Police,-0.094130,51.519961,On or near Theatre/Concert Hall,E01000002,City of London 001B,Violence and sexual offences,Unable to prosecute suspect,
,2025-11,City of London Police,City of London Police,-0.095258,51.520526,On or near Beech Street,E01000003,City of London 001C,Anti-social behaviour,,
90efed1c564643cd1865a9cdb216b1a96c8fc471b2eb77695a6568d3cd3302d8,2025-11,City of London Police,City of London Police,-0.094759,51.521435,On or near Brackley Street,E01000003,City of London 001C,Bicycle theft,Investigation complete; no suspect identified,
c7db4b81187ab23dc7ed897207db0c598fddc92b814a6a8818202e785c82faf8,2025-11,City of London Police,City of London Police,-0.094017,51.520901,On or near Theatre/Concert Hall,E01000003,City of London 001C,Bicycle theft,Investigation complete; no suspect identified,
b3c18ff54ac2f4e498725d19df18eefc71e9b8917b08db899140a7fe49648851,2025-11,City of London Police,City of London Police,-0.094932,51.522823,On or near Golden Lane,E01000003,City of London 001C,Burglary,Investigation complete; no suspect identified,
ae303eb4c7b7783d678e0df0a57d0090da6c2bf5a696f467cfcffcb0562d7648,2025-11,City of London Police,City of London Police,-0.096114,51.520747,On or near Park/Open Space,E01000003,City of London 001C,Burglary,Investigation complete; no suspect identified,
38a7d7761868491138015dd3ac28a6d2e47c1bc32fefa25f2c77365fff59ff2f,2025-11,City of London Police,City of London Police,-0.095758,51.521667,On or near Fann Street,E01000003,City of London 001C,Drugs,Investigation complete; no suspect identified,
656e6d17ca214c223cac69cc65e34850444949ca2c7abe89c971ac2a29a39825,2025-11,City of London Police,City of London Police,-0.095648,51.521198,On or near Bridgewater Square,E01000003,City of London 001C,Other theft,Investigation complete; no suspect identified,
b5e41b7f1281e32ebf2005f7a022898e9de56dcc99bc5574c0cc9baceb9d54b8,2025-11,City of London Police,City of London Police,-0.095648,51.521198,On or near Bridgewater Square,E01000003,City of London 001C,Other theft,Investigation complete; no suspect identified,
602f616c7b6e96e114656a37aa9952b85ec016d558b0f82114747453f45a0e33,2025-11,City of London Police,City of London Police,-0.095648,51.521198,On or near Bridgewater Square,E01000003,City of London 001C,Other theft,Investigation complete; no suspect identified,
91e024c9ffcb7ad6b83d3ddddcd3d79347e3b6cfc4c9a4f4977fdb1ba63190b7,2025-11,City of London Police,City of London Police,-0.096984,51.522426,On or near Sports/Recreation Area,E01000003,City of London 001C,Other theft,Investigation complete; no suspect identified,
486fdd1113fa0051a8ad00911785703aa4c0e1b40ba52c3ece32f80eaa0ce716,2025-11,City of London Police,City of London Police,-0.095648,51.521198,On or near Bridgewater Square,E01000003,City of London 001C,Other theft,Investigation complete; no suspect identified,
8269536ee5373cc8c4231339dc9d7776cb283eb6916204a4b7a391adf60abd94,2025-11,City of London Police,City of London Police,-0.095648,51.521198,On or near Bridgewater Square,E01000003,City of London 001C,Other theft,Investigation complete; no suspect identified,
e2b86e04d74fa8393130d20014a6154beb3cafb08c30e436d93244f43823b5c6,2025-11,City of London Police,City of London Police,-0.094017,51.520901,On or near Theatre/Concert Hall,E01000003,City of London 001C,Violence and sexual offences,Investigation complete; no suspect identified,
e715689d242bd267736aac5d0aa0998c81795f8cc300d2cf61cf0b15e0f96a63,2025-11,City of London Police,City of London Police,-0.075922,51.515894,On or near New Goulston Street,E01000005,City of London 001E,Burglary,Investigation complete; no suspect identified,
79089a7a88e27e707bc4b2a138290dcea268a931ccbf655dcb8c57cb8c715a1d,2025-11,City of London Police,City of London Police,-0.075453,51.511965,On or near Minories,E01000005,City of London 001E,Burglary,Investigation complete; no suspect identified,
6369bbf573d685e9340d1fd4f532fe80d6a3427c585a1f3566afff5faecceeee,2025-11,City of London Police,City of London Police,-0.076145,51.512642,On or near India Street,E01000005,City of London 001E,Burglary,Investigation complete; no suspect identified,
a023c4b1870a1a2c3aaaeba99f11a0c393d6241d652283f7c8f0848e5ad861c2,2025-11,City of London Police,City of London Police,-0.076038,51.511759,On or near Hospital,E01000005,City of London 001E,Burglary,Unable to prosecute suspect,
a5863ff16881af1eaefd886efd0d6cbd1fc70c6d10451c1b74d9a105c7f42175,2025-11,City of London Police,City of London Police,-0.075401,51.511164,On or near Supermarket,E01000005,City of London 001E,Burglary,Awaiting court outcome,
20f119c209c8da6491802bdab76486f48664e6f0724162d17eb74cc39220159b,2025-11,City of London Police,City of London Police,-0.075453,51.511965,On or near Minories,E01000005,City of London 001E,Burglary,Awaiting court outcome,
ba7f4b3472eb01e13688992a34664a790e8531860035d6161cbe805d782e54bd,2025-11,City of London Police,City of London Police,-0.074330,51.513647,On or near Little Somerset Street,E01000005,City of London 001E,Burglary,Unable to prosecute suspect,
f1a116adf6bd4c053803281210a94fc632afc889c0e57749cfa3b52687199ff4,2025-11,City of London Police,City of London Police,-0.076038,51.511759,On or near Hospital,E01000005,City of London 001E,Criminal damage and arson,Investigation complete; no suspect identified,
0e75af3cb6c5a579473db85116d5710e02a7d36c9ade76b72379f419d274545c,2025-11,City of London Police,City of London Police,-0.076038,51.511759,On or near Hospital,E01000005,City of London 001E,Criminal damage and arson,Investigation complete; no suspect identified,
c862dfaa362aa954dbf82f57334049ab9c4e9fe38d4da2956d9c38c9506223c2,2025-11,City of London Police,City of London Police,-0.073727,51.511218,On or near Goodman'S Yard,E01000005,City of London 001E,Criminal damage and arson,Local resolution,
e8ad7b95aeebd1299596ed1c96b0927cb5cd60188fc0b55867fa63beb730b3c0,2025-11,City of London Police,City of London Police,-0.075401,51.511164,On or near Supermarket,E01000005,City of London 001E,Drugs,Further investigation is not in the public interest,
bb9701daa8c135cda1dacba5118bc84204e931a55ef8fe8cab2c5f76cca63c32,2025-11,City of London Police,City of London Police,-0.075453,51.511965,On or near Minories,E01000005,City of London 001E,Drugs,Awaiting court outcome,
c2f22ecc9695e7b23bfe73393beea71f2f12acaf0c6ad0730909e2f85f775cee,2025-11,City of London Police,City of London Police,-0.076038,51.511759,On or near Hospital,E01000005,City of London 001E,Drugs,Awaiting court outcome,
77e741eb55b778eaf5cd40865e623e1bef1bbc8194045002d8113a7a2bbead8c,2025-11,City of London Police,City of London Police,-0.076145,51.512642,On or near India Street,E01000005,City of London 001E,Drugs,Unable to prosecute suspect,
74a09903fc33614f237f186d404222a6672a057baa1230c512457b0c5c79d79d,2025-11,City of London Police,City of London Police,-0.077511,51.515812,On or near Artizan Street,E01000005,City of London 001E,Other theft,Investigation complete; no suspect identified,
6bbfadc3a102da048c13504fa2666543a73a51d2c23672bbd4f4d30d4c9db130,2025-11,City of London Police,City of London Police,-0.074330,51.513647,On or near Little Somerset Street,E01000005,City of London 001E,Other theft,Unable to prosecute suspect,
e18766b5b1674ffedd28fcc507b74615e64fbebd998a61f61a040ad740a2fdd0,2025-11,City of London Police,City of London Police,-0.075401,51.511164,On or near Supermarket,E01000005,City of London 001E,Other theft,Investigation complete; no suspect identified,
eb77d5cb12b7bcf5705cbe5c6f2a5fad58de68b8098a0d4501e55e01374684c4,2025-11,City of London Police,City of London Police,-0.078849,51.516212,On or near Devonshire Square,E01000005,City of London 001E,Other theft,Investigation complete; no suspect identified,
2e2e6e7ec74ddb581f69d8e8fd7434dcfdf33031327ac8c42553055af5fe3405,2025-11,City of London Police,City of London Police,-0.074925,51.514924,On or near St Botolph Street,E01000005,City of London 001E,Other theft,Unable to prosecute suspect,
2c61f83c56a07af86e57fafaa50940e237382a9d86608cca48fcc49e24164842,2025-11,City of London Police,City of London Police,-0.074330,51.513647,On or near Little Somerset Street,E01000005,City of London 001E,Other theft,Investigation complete; no suspect identified,
28c50a793547deda57622bf5038a3fe4c3af07cc57d5083aa8dcc28a3d412a79,2025-11,City of London Police,City of London Police,-0.074330,51.513647,On or near Little Somerset Street,E01000005,City of London 001E,Other theft,Unable to prosecute suspect,
3a716e0c0d074c9320fe9acc597b4ef72ab7293a2c9045d16a0c1cd32bcf3535,2025-11,City of London Police,City of London Police,-0.078849,51.516212,On or near Devonshire Square,E01000005,City of London 001E,Other theft,Investigation complete; no suspect identified,
9a98cdbeed8a9d4aa9b9ed041f2ca98476f734c66776b7a87a39e6b5b4c5f967,2025-11,City of London Police,City of London Police,-0.077407,51.516215,On or near Harrow Place,E01000005,City of London 001E,Other theft,Investigation complete; no suspect identified,
bd601480242e643a45e142e4a84113f143a06cd843fb1f5beeafb57ff2e59502,2025-11,City of London Police,City of London Police,-0.075401,51.511164,On or near Supermarket,E01000005,City of London 001E,Other theft,Investigation complete; no suspect identified,
cf5681e602ce7fcd9ba943f8f826929699fb9eae71b3407ea6a528259245f5d3,2025-11,City of London Police,City of London Police,-0.075401,51.511164,On or near Supermarket,E01000005,City of London 001E,Other theft,Investigation complete; no suspect identified,
96696102c6e03fde5eebab989e68616e37f3ba37d782d55f7f541ca94733beac,2025-11,City of London Police,City of London Police,-0.078839,51.515753,On or near Cutler Street,E01000005,City of London 001E,Other theft,Investigation complete; no suspect identified,
7cdca433c213d2a1d11317984c6ff0ed9ff299d281b37290711b2d3949f73533,2025-11,City of London Police,City of London Police,-0.076145,51.512642,On or near India Street,E01000005,City of London 001E,Other theft,Investigation complete; no suspect identified,
65dcb0cfe8dd3f28f2da8d8654c24a278dff27942dfe057412fcc4075441ef8b,2025-11,City of London Police,City of London Police,-0.074330,51.513647,On or near Little Somerset Street,E01000005,City of London 001E,Other theft,Investigation complete; no suspect identified,
710bd779175146c48eac4627a126423e131b8827aa998ec153edaecdd6a05838,2025-11,City of London Police,City of London Police,-0.075401,51.511164,On or near Supermarket,E01000005,City of London 001E,Public order,Investigation complete; no suspect identified,
862ffa56daeffebb11ee8b7de5a428dc298fdb05325919560cc69f9318a2e5dc,2025-11,City of London Police,City of London Police,-0.074330,51.513647,On or near Little Somerset Street,E01000005,City of London 001E,Public order,Unable to prosecute suspect,
308a027bd1f7acdf25cd1128830c8020e0862f7aef09de6408dad94a1f61529d,2025-11,City of London Police,City of London Police,-0.075401,51.511164,On or near Supermarket,E01000005,City of London 001E,Public order,Investigation complete; no suspect identified,
944e699412305f24593d70d3b42b36da71ded6d2b3b65b3680f07f87dd9d2b3c,2025-11,City of London Police,City of London Police,-0.075401,51.511164,On or near Supermarket,E01000005,City of London 001E,Public order,Investigation complete; no suspect identified,
cd3627e11882667fdfb8605be647ae211c277a57e4f0825e32872d7ded30fedc,2025-11,City of London Police,City of London Police,-0.076145,51.512642,On or near India Street,E01000005,City of London 001E,Public order,Investigation complete; no suspect identified,
23b2ccc6ac1f5d6b5805a9cd81a23db8c9e70d8db6240f142fd3a3b398df0d5a,2025-11,City of London Police,City of London Police,-0.073727,51.511218,On or near Goodman'S Yard,E01000005,City of London 001E,Public order,Unable to prosecute suspect,
d0757eabcd6432cda96c0f4af3c18ed6827ce19cb4c5bc02d0cbf55e833a165d,2025-11,City of London Police,City of London Police,-0.076145,51.512642,On or near India Street,E01000005,City of London 001E,Shoplifting,Unable to prosecute suspect,
e732d0fcabb78a4cc181f0956ee7da735e8c0d4964644c7ca8673c9ecadcad42,2025-11,City of London Police,City of London Police,-0.075401,51.511164,On or near Supermarket,E01000005,City of London 001E,Shoplifting,Investigation complete; no suspect identified,
b12baa3c4c90b364c8add1fd377af9ed8783979251856fc20d456652f07f1df8,2025-11,City of London Police,City of London Police,-0.076145,51.512642,On or near India Street,E01000005,City of London 001E,Shoplifting,Unable to prosecute suspect,
6f84ebecb7e18d1fe3d1ad596ecaa72aba13921d161e4bf9cfb5eb69d90ec336,2025-11,City of London Police,City of London Police,-0.075401,51.511164,On or near Supermarket,E01000005,City of London 001E,Theft from the person,Investigation complete; no suspect identified,
f6ab1528ef4c9fa7d890bdaa795c8a23a561a78b546b4f157287b0d7cf686ecc,2025-11,City of London Police,City of London Police,-0.074330,51.513647,On or near Little Somerset Street,E01000005,City of London 001E,Theft from the person,Investigation complete; no suspect identified,
ef0a5c54da0c4fa4c5eb8da308a1a6e638d0b72aa0c8f197af47ae710d4214e8,2025-11,City of London Police,City of London Police,-0.076145,51.512642,On or near India Street,E01000005,City of London 001E,Violence and sexual offences,Unable to prosecute suspect,
aa45b4a4145173baab0a56c0a5ac7e30793ea0d396275b52b07ca7c2a721a21b,2025-11,City of London Police,City of London Police,-0.073456,51.513542,On or near Little Somerset Street,E01000005,City of London 001E,Violence and sexual offences,Unable to prosecute suspect,
d55dbc0a4400b0a521aba07f4f3d1fc57b3abfc03293a2b05187a6d672677798,2025-11,City of London Police,City of London Police,-0.077407,51.516215,On or near Harrow Place,E01000005,City of London 001E,Violence and sexual offences,Unable to prosecute suspect,
1ca1d95538faaaefbcc2d8ca3d5bc2dd0669e67c9b95a99f8956dd693a59ab4b,2025-11,City of London Police,City of London Police,-0.075401,51.511164,On or near Supermarket,E01000005,City of London 001E,Violence and sexual offences,Unable to prosecute suspect,
995aadfd5646c1a6c7f41f490eedec3e408571b27bed3393127c229db3e6ec7f,2025-11,City of London Police,City of London Police,-0.074925,51.514924,On or near St Botolph Street,E01000005,City of London 001E,Violence and sexual offences,Investigation complete; no suspect identified,
7220dae325c81ba7ebb141b14e550db1df81ccfb892af94c790d4122efc1829e,2025-11,City of London Police,City of London Police,-0.076145,51.512642,On or near India Street,E01000005,City of London 001E,Violence and sexual offences,Unable to prosecute suspect,
dcba0db0db1fe07741ad77b332f5cfc11234414a5a3915410617a0c790f584a7,2025-11,City of London Police,City of London Police,-0.074925,51.514924,On or near St Botolph Street,E01000005,City of London 001E,Violence and sexual offences,Investigation complete; no suspect identified,
14fdd0c9c0dfb79f35a695839f8495692bc702bfa082b2e8968098d549755c7d,2025-11,City of London Police,City of London Police,-0.073456,51.513542,On or near Little Somerset Street,E01000005,City of London 001E,Violence and sexual offences,Unable to prosecute suspect,
00899f479156850d398001d9212b6ca588bf6a23f3ab9c33529e88922d609061,2025-11,City of London Police,City of London Police,-0.073456,51.513542,On or near Little Somerset Street,E01000005,City of London 001E,Violence and sexual offences,Unable to prosecute suspect,
3dc336d033cc977ba5fed4b39d827c1140b5050dc659e966f225d07d1fb0ae96,2025-11,City of London Police,City of London Police,-0.076145,51.512642,On or near India Street,E01000005,City of London 001E,Violence and sexual offences,Unable to prosecute suspect,
4646f03eca5844fbd8158a03dd72dfe15e7a98964c2cc30c295e59dcf18b7eb8,2025-11,City of London Police,City of London Police,-0.078783,51.515383,On or near Houndsditch,E01000005,City of London 001E,Violence and sexual offences,Investigation complete; no suspect identified,
,2025-11,City of London Police,City of London Police,-0.089479,51.510864,On or near Gophir Lane,E01032739,City of London 001F,Anti-social behaviour,,
,2025-11,City of London Police,City of London Police,-0.097176,51.510836,On or near Trig Lane,E01032739,City of London 001F,Anti-social behaviour,,
,2025-11,City of London Police,City of London Police,-0.084844,51.509700,On or near Monument Street,E01032739,City of London 001F,Anti-social behaviour,,
824fab6b03e002f7d36acaf5bd7f3194daa15336aecbbe2172e3c4387c01f112,2025-11,City of London Police,City of London Police,-0.101292,51.514770,On or near Amen Court,E01032739,City of London 001F,Bicycle theft,Investigation complete; no suspect identified,
0e2cc7e0504dd0b7ae3e233b4d90ba3ddb194bc797825c91eff7e3a4ee64d985,2025-11,City of London Police,City of London Police,-0.079521,51.511196,On or near New London Street,E01032739,City of London 001F,Bicycle theft,Investigation complete; no suspect identified,
a6939c4a875e05fdcdd4239eb33d63bd3c36cce859ef1b0b4787b0d276884216,2025-11,City of London Police,City of London Police,-0.078894,51.520951,On or near Norton Folgate,E01032739,City of London 001F,Bicycle theft,Investigation complete; no suspect identified,
e9d76df65ddb95315646b99ab140a6216be27026a73b87afd72bff466f9811e3,2025-11,City of London Police,City of London Police,-0.085228,51.511190,On or near Talbot Court,E01032739,City of London 001F,Bicycle theft,Investigation complete; no suspect identified,
55c70bb320bbb9611c6b45464aa09765a9b37206581ae9e18bee56e9a715e2b3,2025-11,City of London Police,City of London Police,-0.081512,51.518692,On or near London Liverpool Street,E01032739,City of London 001F,Bicycle theft,Investigation complete; no suspect identified,
759697571595ef62eee703d89028e8e0b8c7a3111a16535bddd1d265bda16c0b,2025-11,City of London Police,City of London Police,-0.094070,51.513079,On or near Watling Street,E01032739,City of London 001F,Bicycle theft,Court result unavailable,
72165deac07ae34f795bd5a0d437a9b743df85d25e482cf117f1033c6b7350c5,2025-11,City of London Police,City of London Police,-0.079521,51.511196,On or near New London Street,E01032739,City of London 001F,Bicycle theft,Investigation complete; no suspect identified,
d425279ca7dd3a668a9159769233a32f64153a349ff00804997a4da4e7bd5d6f,2025-11,City of London Police,City of London Police,-0.101906,51.511794,On or near Theatre/Concert Hall,E01032739,City of London 001F,Bicycle theft,Court result unavailable,
fd24b9d4a8982a6af4bcad44414fa9bd0b36f03b8acc12ab5be89a5e6b04a265,2025-11,City of London Police,City of London Police,-0.082133,51.515222,On or near St Helen'S Place,E01032739,City of London 001F,Bicycle theft,Investigation complete; no suspect identified,
a3c90d0cb10ccd436048f3194ce52aafceb54453853aef2ac4d985b79576a6f7,2025-11,City of London Police,City of London Police,-0.079329,51.514052,On or near Further/Higher Educational Building,E01032739,City of London 001F,Bicycle theft,Investigation complete; no suspect identified,
5290637c5f14e2b6e174ace4a96649e1d5ead9a5d4391edd235d27adecbf637f,2025-11,City of London Police,City of London Police,-0.091540,51.511896,On or near Cannon Street,E01032739,City of London 001F,Bicycle theft,Investigation complete; no suspect identified,
b03464dbb0be4d84892e6bbb82baeab8cca0d96e3e1bd24062cb08f75a5a851c,2025-11,City of London Police,City of London Police,-0.087157,51.512624,On or near Lombard Street,E01032739,City of London 001F,Burglary,Investigation complete; no suspect identified,
75c18f6081049eb648bfd30132e784890959b1e2ca994b6ce1496eaac768f7bd,2025-11,City of London Police,City of London Police,-0.087157,51.512624,On or near Lombard Street,E01032739,City of London 001F,Burglary,Investigation complete; no suspect identified,
7b064471cd85b1fee6a1d373b5c7e57b104f3aec1cf5685a90fc49fb31e19aeb,2025-11,City of London Police,City of London Police,-0.077959,51.511332,On or near Crutched Friars,E01032739,City of London 001F,Burglary,Awaiting court outcome,
f5e973859f3c8b6c6ee57eeeeaef88eaeeea489ece98cbfffdd62afc0552d45f,2025-11,City of London Police,City of London Police,-0.084836,51.511939,On or near Shopping Area,E01032739,City of London 001F,Burglary,Awaiting court outcome,
8f0d7890345d2f003f6ce93b7b0f5c14e20179180a910b79cfa7d1eb80686a16,2025-11,City of London Police,City of London Police,-0.087157,51.512624,On or near Lombard Street,E01032739,City of London 001F,Burglary,Investigation complete; no suspect identified,
733a00597e4dd63b464196e8593875a18d67cdc6895760ceaaf066c4a16bced1,2025-11,City of London Police,City of London Police,-0.078937,51.514109,On or near Heneage Place,E01032739,City of London 001F,Burglary,Court result unavailable,
458f70c8331c998fe0a56e5fb69049f3aa0a60cc97b8d003737840af79460c5f,2025-11,City of London Police,City of London Police,-0.079838,51.514267,On or near Bury Street,E01032739,City of London 001F,Burglary,Awaiting court outcome,
7cd320aead91fa8cab4f5d44bdbdf02cb22631c0da68b3edadf5db565e0687d4,2025-11,City of London Police,City of London Police,-0.077070,51.510877,On or near Cooper'S Row,E01032739,City of London 001F,Burglary,Unable to prosecute suspect,
aeedd98cbb9a29546c9264a496370cb4ed98a12c898a1890817f41ef2c030a30,2025-11,City of London Police,City of London Police,-0.084910,51.512588,On or near Bell Inn Yard,E01032739,City of London 001F,Burglary,Awaiting court outcome,
c192302c52415af05b1b7765373a7dd1811551e654bae916367b8775c50e6d12,2025-11,City of London Police,City of London Police,-0.104276,51.513712,On or near A201,E01032739,City of London 001F,Burglary,Awaiting court outcome,
35a685d1d8cb88efb90edcafff187bd002318e30d90fb7022a548fb4afbd5742,2025-11,City of London Police,City of London Police,-0.079907,51.517785,On or near Victoria Avenue,E01032739,City of London 001F,Burglary,Unable to prosecute suspect,
febc50226dbdc22121ab4b76385c1cf35bd13e662aee4f99efa5106f2a71ea1c,2025-11,City of London Police,City of London Police,-0.088785,51.517102,On or near Moorgate,E01032739,City of London 001F,Burglary,Status update unavailable,
610bcf9f3856f0e420db67439f35bfe108f1272e02bce2002bb8ec7b2904d61a,2025-11,City of London Police,City of London Police,-0.088785,51.517102,On or near Moorgate,E01032739,City of London 001F,Burglary,Awaiting court outcome,
8dd4f5072fac5f90dadc0277efc072f0d1150a810cc43f7b54d3c53dd107bc11,2025-11,City of London Police,City of London Police,-0.084559,51.510316,On or near Botolph Lane,E01032739,City of London 001F,Burglary,Unable to prosecute suspect,
f38bdf71e6d4aa851ce6b2d6f986d1177c8bb378f291eeeb72c6a1e3712fdfb1,2025-11,City of London Police,City of London Police,-0.086815,51.517007,On or near Circus Place,E01032739,City of London 001F,Burglary,Awaiting court outcome,
a74855c9251f9b247444b5e8630ddb237f9b857b0b01539cece937bea8f4ec80,2025-11,City of London Police,City of London Police,-0.077959,51.511332,On or near Crutched Friars,E01032739,City of London 001F,Burglary,Awaiting court outcome,
c7c9e2c374bf037fa07b8d8aa642c49230680b22d96c8c4ca3b6fb2cfcb84db1,2025-11,City of London Police,City of London Police,-0.083349,51.514830,On or near Shopping Area,E01032739,City of London 001F,Burglary,Status update unavailable,
8d6db1031d3c723ec49b26ad35d4cfbae3d92655150314239312393789aec9b6,2025-11,City of London Police,City of London Police,-0.077070,51.510877,On or near Cooper'S Row,E01032739,City of London 001F,Burglary,Status update unavailable,
53b6ee247d54dbdaf218e031474edb6e5f402abc6886464f30b02ce0ec88bbcd,2025-11,City of London Police,City of London Police,-0.084910,51.512588,On or near Bell Inn Yard,E01032739,City of London 001F,Burglary,Unable to prosecute suspect,
221c01ca37a854ccc3d8e28168e89306d2c2e9ece7c2a485712c78a163afc7c6,2025-11,City of London Police,City of London Police,-0.083349,51.514830,On or near Shopping Area,E01032739,City of London 001F,Burglary,Unable to prosecute suspect,
e6f257877e85a39df30b4509e85e5936a7fd6b76d5d9ed0b2391d91b3c4c02ab,2025-11,City of London Police,City of London Police,-0.084910,51.512588,On or near Bell Inn Yard,E01032739,City of London 001F,Burglary,Awaiting court outcome,
2f205e2f201f6c82ee1b47fb9497747cd567c09979d7b830bbb384de6e8b998c,2025-11,City of London Police,City of London Police,-0.084910,51.512588,On or near Bell Inn Yard,E01032739,City of London 001F,Burglary,Awaiting court outcome,
6e891f9225e42043c6f0047e2859c0297bf858cf95a0d559528fa9b64fba6550,2025-11,City of London Police,City of London Police,-0.087772,51.510665,On or near Martin Lane,E01032739,City of London 001F,Burglary,Court result unavailable,
ffe58f2f8eb6066698bdbb5947db3f48f2d955f31fe54891fadd682a1d851b98,2025-11,City of London Police,City of London Police,-0.101589,51.513515,On or near Ludgate Square,E01032739,City of London 001F,Burglary,Investigation complete; no suspect identified,
2059858c5be124a22b8deafd2c20a354a68519d1d37e82e6d8a4351fde2b2aa0,2025-11,City of London Police,City of London Police,-0.092633,51.509872,On or near Bell Wharf Lane,E01032739,City of London 001F,Criminal damage and arson,Unable to prosecute suspect,
207d9a09559034e531437419c851df9dbe9feee5f547bd7117eb5c6c36e361c5,2025-11,City of London Police,City of London Police,-0.097291,51.514626,On or near Supermarket,E01032739,City of London 001F,Criminal damage and arson,Investigation complete; no suspect identified,
86b78444dfcf140e316a9a4979c686f1e6e641db40e022038340fe9beffbd4c6,2025-11,City of London Police,City of London Police,-0.092531,51.512658,On or near Queen Street,E01032739,City of London 001F,Criminal damage and arson,Local resolution,
880f014f521e1932ed75ba491f958bcd5b6c4a55f1155c909d1d1615a5f0988a,2025-11,City of London Police,City of London Police,-0.079838,51.514267,On or near Bury Street,E01032739,City of London 001F,Criminal damage and arson,Investigation complete; no suspect identified,
c65254642911e2b7a1c605fea742249efab2b863ed37cbe055a5decb44adbf12,2025-11,City of London Police,City of London Police,-0.092633,51.509872,On or near Bell Wharf Lane,E01032739,City of London 001F,Criminal damage and arson,Investigation complete; no suspect identified,
8cd0488a7c3869a10c5940c4cb4105f9cfad57d7a4e59469e474393829df78de,2025-11,City of London Police,City of London Police,-0.081902,51.517296,On or near Liverpool Street,E01032739,City of London 001F,Criminal damage and arson,Investigation complete; no suspect identified,
2585f194a58a43782ccfe1d2062ad26030f51ed06c364da5a91e019440b14c8d,2025-11,City of London Police,City of London Police,-0.081512,51.518692,On or near London Liverpool Street,E01032739,City of London 001F,Criminal damage and arson,Investigation complete; no suspect identified,
7f22b9cd2e7c289047a57bb6f31fb9a83b4dcd4f7b6c933c0cfc3cfbb3c367fd,2025-11,City of London Police,City of London Police,-0.086019,51.513631,On or near Finch Lane,E01032739,City of London 001F,Criminal damage and arson,Local resolution,
c886e5335682ef0439509e9a53fac6b776c8eea1935b80d60e3d5532e82205f2,2025-11,City of London Police,City of London Police,-0.095224,51.513736,On or near Shopping Area,E01032739,City of London 001F,Criminal damage and arson,Local resolution,
446131d0a9fa30c9c6e6e00a53df047b271a7269e7331e3b36871fd384585190,2025-11,City of London Police,City of London Police,-0.088903,51.510836,On or near Laurence Pountney Hill,E01032739,City of London 001F,Criminal damage and arson,Investigation complete; no suspect identified,
8a5815d4f09cc0a8016d826273afa6770f59982a721709f4776d704bf7487481,2025-11,City of London Police,City of London Police,-0.101393,51.512685,On or near St Andrew'S Hill,E01032739,City of London 001F,Criminal damage and arson,Investigation complete; no suspect identified,
5e63d7445dcfc3d354774b7ab3d87478a936628af36dc9a2f89598ea5b95c2fd,2025-11,City of London Police,City of London Police,-0.083349,51.514830,On or near Shopping Area,E01032739,City of London 001F,Criminal damage and arson,Investigation complete; no suspect identified,
b057b7778ea98e4df0792d3f4e730aa691229efcebf7d3e9bf916c399cea9ddc,2025-11,City of London Police,City of London Police,-0.082993,51.516360,On or near Wormwood Street,E01032739,City of London 001F,Criminal damage and arson,Investigation complete; no suspect identified,
97fd01e0fa129dcac3157a15f3a12d9cbb74e2c757de4d22497b5d05c54d48c1,2025-11,City of London Police,City of London Police,-0.083349,51.514830,On or near Shopping Area,E01032739,City of London 001F,Criminal damage and arson,Investigation complete; no suspect identified,
20322afdfb0241da039c2100f556a02274c7db6e8d1767a171bec745f1067c80,2025-11,City of London Police,City of London Police,-0.092633,51.509872,On or near Bell Wharf Lane,E01032739,City of London 001F,Criminal damage and arson,Investigation complete; no suspect identified,
2ac19718042bea9a90421b3c9ea499a6d6b60533639545524f800100805558e0,2025-11,City of London Police,City of London Police,-0.092633,51.509872,On or near Bell Wharf Lane,E01032739,City of London 001F,Criminal damage and arson,Investigation complete; no suspect identified,
65bd5d54cb1523d3419e35a2ac3883fe524f04c9de5badbfacc26b52e9be5eea,2025-11,City of London Police,City of London Police,-0.092633,51.509872,On or near Bell Wharf Lane,E01032739,City of London 001F,Drugs,Local resolution,
6e628ca02732bfe4e8bbda7fa7d2088db45ebf68744ceec4c4aacdfdcd8dba15,2025-11,City of London Police,City of London Police,-0.085228,51.511190,On or near Talbot Court,E01032739,City of London 001F,Drugs,Offender given a caution,
89dff2b19b5cfd61038e95fffa19741bc110db61c96574fadc303e897f3175ab,2025-11,City of London Police,City of London Police,-0.078278,51.513666,On or near Mitre Street,E01032739,City of London 001F,Drugs,Court result unavailable,
1e47a5f091d3db9a4953c33ffd74424bd79de300ecacd4fa7295cdceb7340679,2025-11,City of London Police,City of London Police,-0.078278,51.513666,On or near Mitre Street,E01032739,City of London 001F,Drugs,Awaiting court outcome,
1357c53e565affbdc3bed7869ba9d779709c168c31d526778e1159c1cf8cd13e,2025-11,City of London Police,City of London Police,-0.081113,51.516869,On or near Bishopsgate,E01032739,City of London 001F,Drugs,Local resolution,
bc9577d62ec5d91a421eadca1cbcbd39aae67d815b991d35c5cbed86c877d077,2025-11,City of London Police,City of London Police,-0.079907,51.517785,On or near Victoria Avenue,E01032739,City of London 001F,Drugs,Court result unavailable,
8b175b79c7b1cf435c560fed4107b23265406fb27698b04abbdb34ce7a9cfcd3,2025-11,City of London Police,City of London Police,-0.086815,51.517007,On or near Circus Place,E01032739,City of London 001F,Drugs,Local resolution,
df0d5836994a5430001699ed1ea24a0acae605fe2bcca5a8ffaef61601fef7c1,2025-11,City of London Police,City of London Police,-0.101963,51.510761,On or near Ferry Terminal,E01032739,City of London 001F,Drugs,Status update unavailable,
70c41f7d33c36e519678e1f573a871129def01aa1113aacad754c1d330a7bb21,2025-11,City of London Police,City of London Police,-0.078278,51.513666,On or near Mitre Street,E01032739,City of London 001F,Drugs,Court result unavailable,
0ce2192cdc9e8af7579daf1ee9e62c155530ac9d65313965060a01e35832c4c1,2025-11,City of London Police,City of London Police,-0.087157,51.512624,On or near Lombard Street,E01032739,City of London 001F,Drugs,Status update unavailable,
34783cff3d0290614c7c2946207ebf557d0e8ce6610ed185d147b3d08de5a6b2,2025-11,City of London Police,City of London Police,-0.092531,51.512658,On or near Queen Street,E01032739,City of London 001F,Drugs,Local resolution,
e2f28dcf062677127a63567fb19e9fc8ab791f07609a7374f0937eeae11fd0ae,2025-11,City of London Police,City of London Police,-0.077959,51.511332,On or near Crutched Friars,E01032739,City of London 001F,Drugs,Awaiting court outcome,
8e25f9324ccef86b290530a6a1b323dfcca03f5655b59ee0b440d2ee39b19ffa,2025-11,City of London Police,City of London Police,-0.081902,51.517296,On or near Liverpool Street,E01032739,City of London 001F,Drugs,Local resolution,
6a48067ca85b9691c0fcd35499f709b6225675822983da56c9f0b07b478b71bb,2025-11,City of London Police,City of London Police,-0.096501,51.513874,On or near New Change,E01032739,City of London 001F,Drugs,Local resolution,
67f1a62ecb28508c5581063d161c8dc9ae9756d21824e6a1a23901cdc536bcd3,2025-11,City of London Police,City of London Police,-0.079883,51.517326,On or near New Street,E01032739,City of London 001F,Drugs,Awaiting court outcome,
8e0049df9c0f6e274c9e00fad105bd678b502042604cb99e5daea763bc30150b,2025-11,City of London Police,City of London Police,-0.084844,51.509700,On or near Monument Street,E01032739,City of London 001F,Other theft,Investigation complete; no suspect identified,
b86a890bd92410a053093eb7645b4a6d405611e7eb9756e9f2c02cefda2b8987,2025-11,City of London Police,City of London Police,-0.079127,51.509607,On or near Byward Street,E01032739,City of London 001F,Other theft,Awaiting court outcome,
113021787416f22b0e9cc6242ba7e453fc45edcadbbdc9ca8e7e5b44adc00900,2025-11,City of London Police,City of London Police,-0.095224,51.513736,On or near Shopping Area,E01032739,City of London 001F,Other theft,Investigation complete; no suspect identified,
e22b7af7162bf929774e85c6a59beb2de11801ed1f06e4fd42ff12603e8659b9,2025-11,City of London Police,City of London Police,-0.077563,51.517656,On or near Sandy'S Row,E01032739,City of London 001F,Other theft,Investigation complete; no suspect identified,
9f5a3cbb290cdcf6d174716c0f16e08438d4db853d41f90526563917ebaa026c,2025-11,City of London Police,City of London Police,-0.101589,51.513515,On or near Ludgate Square,E01032739,City of London 001F,Other theft,Investigation complete; no suspect identified,
0cfc975359b4ee535eaba55194d015bfeead265d30d1118dfabc4bd142edf6d8,2025-11,City of London Police,City of London Police,-0.085228,51.511190,On or near Talbot Court,E01032739,City of London 001F,Other theft,Investigation complete; no suspect identified,
987333b4a3501757a273272d086a80df755a09269593d0ce529e979965cdc2a4,2025-11,City of London Police,City of London Police,-0.081902,51.517296,On or near Liverpool Street,E01032739,City of London 001F,Other theft,Investigation complete; no suspect identified,
aeee9bd68df87ab155a5fb323b53474d26f2d616e58360293ee3ffcbe9e6a8f2,2025-11,City of London Police,City of London Police,-0.081113,51.516869,On or near Bishopsgate,E01032739,City of London 001F,Other theft,Investigation complete; no suspect identified,
02cc78b608cf9b31e3223e8f511cfc9f7c4bcc35f4264b4f9f37982b583dbd69,2025-11,City of London Police,City of London Police,-0.081113,51.516869,On or near Bishopsgate,E01032739,City of London 001F,Other theft,Investigation complete; no suspect identified,
358c1bdac72143b5c5bc3cc649db091bb00254be52246edff7c8fa27a85e9e7d,2025-11,City of London Police,City of London Police,-0.094900,51.513209,On or near Bread Street,E01032739,City of London 001F,Other theft,Investigation complete; no suspect identified,
ca5ea63c21d7fe75a4d8bfb03c08bdb8687101a21595a67859a06b8734ab6809,2025-11,City of London Police,City of London Police,-0.081113,51.516869,On or near Bishopsgate,E01032739,City of London 001F,Other theft,Investigation complete; no suspect identified,
28edb536cfe139b24d2d7570ca68439e1e95f134bb74fbd68264cd59839cf4a1,2025-11,City of London Police,City of London Police,-0.081902,51.517296,On or near Liverpool Street,E01032739,City of London 001F,Other theft,Investigation complete; no suspect identified,
b8cef73efb0961d225e5d50c47fcd79705c28f6af615fd69db6df3dbdb1b5c93,2025-11,City of London Police,City of London Police,-0.079907,51.517785,On or near Victoria Avenue,E01032739,City of London 001F,Other theft,Unable to prosecute suspect,
5d17eccab543f209ac032f388ce5ba8895c438f5a1f18eb832e579bc10e8e6ed,2025-11,City of London Police,City of London Police,-0.089479,51.510864,On or near Gophir Lane,E01032739,City of London 001F,Other theft,Investigation complete; no suspect identified,
cc4fbd51fee5dc5738cb268070ffb04a2832351c91480e1cd81ccccf3eb47307,2025-11,City of London Police,City of London Police,-0.091947,51.513188,On or near Pancras Lane,E01032739,City of London 001F,Other theft,Investigation complete; no suspect identified,
e08cb6c2751f7254cf8c7f7d4811cb2a532f8dd4ad2fea1929aec339750192af,2025-11,City of London Police,City of London Police,-0.083600,51.509797,On or near St Mary At Hill,E01032739,City of London 001F,Other theft,Investigation complete; no suspect identified,
a4f41ee53c766f08a67fc78013a0ea08389787afd7c10c429a0df143a5f27a25,2025-11,City of London Police,City of London Police,-0.081512,51.518692,On or near London Liverpool Street,E01032739,City of London 001F,Other theft,Investigation complete; no suspect identified,
f6c16a6f2450053582709497e14bdeb7e3cd9c1a3af3097832a999acde976ff9,2025-11,City of London Police,City of London Police,-0.091823,51.514427,On or near Ironmonger Lane,E01032739,City of London 001F,Other theft,Investigation complete; no suspect identified,
ac3b033ddc235699c8e24e8b4bae6f92c9cf2c5e1c5153936cf1ec7bfc42a0ff,2025-11,City of London Police,City of London Police,-0.083977,51.510441,On or near Lovat Lane,E01032739,City of London 001F,Other theft,Investigation complete; no suspect identified,
e02a6ba0851ad4ec5025d8a5c9a9f6d2e18efdb29594b1a675fc7c32e8e9a47e,2025-11,City of London Police,City of London Police,-0.079907,51.517785,On or near Victoria Avenue,E01032739,City of London 001F,Other theft,Investigation complete; no suspect identified,
97b5f6f295ad82b6e4cb2ceecbddc5ab337c74ad539c71870dd9bdedd8318ea4,2025-11,City of London Police,City of London Police,-0.094070,51.513079,On or near Watling Street,E01032739,City of London 001F,Other theft,Investigation complete; no suspect identified,
bb922a5fb83ed26c4fe0d82837b90a811882bf1dfafa5c348e6c5377f6c76e4b,2025-11,City of London Police,City of London Police,-0.104276,51.513712,On or near A201,E01032739,City of London 001F,Other theft,Investigation complete; no suspect identified,
4903bf5e6cb5e94a117066d350f16472407bbbb9cf3edd63c6ddc03e9797d601,2025-11,City of London Police,City of London Police,-0.094070,51.513079,On or near Watling Street,E01032739,City of London 001F,Other theft,Unable to prosecute suspect,
3f3d9fdbc0b4ebfdbc551432a81e8283d78a3c5f243066c1fc45e817ddbd608c,2025-11,City of London Police,City of London Police,-0.090578,51.509722,On or near Allhallows Lane,E01032739,City of London 001F,Other theft,Investigation complete; no suspect identified,
76ad9219b50fc3a341aca847f84916fabcf6683714d29f990dffa647f5c3893a,2025-11,City of London Police,City of London Police,-0.088785,51.517102,On or near Moorgate,E01032739,City of London 001F,Other theft,Investigation complete; no suspect identified,
3839481bebc0129e1853020cd687b2150c5ed3f10f18518d10ae4842f32f6a1b,2025-11,City of London Police,City of London Police,-0.079196,51.513789,On or near Creechurch Lane,E01032739,City of London 001F,Other theft,Investigation complete; no suspect identified,
a00d547b4b9a5df8926c3ec672fd6f6daadb84bfd6e96059e11979456d34e8a0,2025-11,City of London Police,City of London Police,-0.095054,51.510559,On or near Queenhithe,E01032739,City of London 001F,Other theft,Investigation complete; no suspect identified,
9ed30748918fdcd7f66eaf977810b7e9f02a639fdac986c3155e82c766721bc2,2025-11,City of London Police,City of London Police,-0.084844,51.509700,On or near Monument Street,E01032739,City of London 001F,Other theft,Investigation complete; no suspect identified,
930fdf9b7a74d034dd475b9c307f48eea846d957cc35fff00316b2773544acee,2025-11,City of London Police,City of London Police,-0.082993,51.516360,On or near Wormwood Street,E01032739,City of London 001F,Other theft,Awaiting court outcome,
480aec8d336611b899cec836d0fd7acb169a4975de4eb0faa35bda68a9200408,2025-11,City of London Police,City of London Police,-0.077959,51.511332,On or near Crutched Friars,E01032739,City of London 001F,Other theft,Investigation complete; no suspect identified,
3f735d70d66fb163315c833ba61d0e32bd825af2248b15932d3b9cd4bb4f9e4c,2025-11,City of London Police,City of London Police,-0.088785,51.517102,On or near Moorgate,E01032739,City of London 001F,Other theft,Investigation complete; no suspect identified,
a8a885a8cfe053a0ecad08c6c4814de18c066a633b2558a033cd13cc582570ac,2025-11,City of London Police,City of London Police,-0.102272,51.511656,On or near Puddle Dock,E01032739,City of London 001F,Other theft,Investigation complete; no suspect identified,
f603cd6d653c203a79a8a159002a2baeaf6bc278433c90a639392d09dff943e3,2025-11,City of London Police,City of London Police,-0.094070,51.513079,On or near Watling Street,E01032739,City of London 001F,Other theft,Investigation complete; no suspect identified,
f52027682e5b7039a86c7b003f76e69e05303e619b567b3703ac179054a019be,2025-11,City of London Police,City of London Police,-0.092531,51.512658,On or near Queen Street,E01032739,City of London 001F,Other theft,Investigation complete; no suspect identified,
8fdda9362f5fe1deeb65a3d2382206a733ae168fb3f4fbbcc7949d374a5ea299,2025-11,City of London Police,City of London Police,-0.092531,51.512658,On or near Queen Street,E01032739,City of London 001F,Other theft,Unable to prosecute suspect,
71dd0f7eee7796cb57ee4e56294f1bcaca42079380f3891f75d18b91c05bd63f,2025-11,City of London Police,City of London Police,-0.086815,51.517007,On or near Circus Place,E01032739,City of London 001F,Other theft,Investigation complete; no suspect identified,
93270415a68c114ffc06a392250733663990a828d999fb1d4a203f3297e6bfa4,2025-11,City of London Police,City of London Police,-0.101963,51.510761,On or near Ferry Terminal,E01032739,City of London 001F,Other theft,Unable to prosecute suspect,
3b5b384ff1707adb384b8bc1a458d1ac4c42ce110ab7056649ba9e9e914ab78a,2025-11,City of London Police,City of London Police,-0.079907,51.517785,On or near Victoria Avenue,E01032739,City of London 001F,Other theft,Investigation complete; no suspect identified,
11308b87c16ee3e4b9262c2e62f2f3553aecd371ff6f3b0386584fb42df45074,2025-11,City of London Police,City of London Police,-0.079883,51.517326,On or near New Street,E01032739,City of London 001F,Other theft,Court result unavailable,
fa4562d5ae3b892defb05c84b0b5249eee8950a536f845be7fdbca0e3a247b61,2025-11,City of London Police,City of London Police,-0.085228,51.511190,On or near Talbot Court,E01032739,City of London 001F,Other theft,Awaiting court outcome,
815ec3385db9c5bcb36485bed43c4bc50f040c94963c2728cf6144eb37a27f7f,2025-11,City of London Police,City of London Police,-0.094070,51.513079,On or near Watling Street,E01032739,City of London 001F,Other theft,Investigation complete; no suspect identified,
2b114a92355766de7f47c6a0aaa8935ad1d5cf81907036e905ac6467faa73dc3,2025-11,City of London Police,City of London Police,-0.100201,51.513286,On or near Dean'S Court,E01032739,City of London 001F,Other theft,Unable to prosecute suspect,
fd97d1deed52e035b99b46883d8f3aa5766861604b57e601a68368df768ef30c,2025-11,City of London Police,City of London Police,-0.086815,51.517007,On or near Circus Place,E01032739,City of London 001F,Other theft,Investigation complete; no suspect identified,
71f8271ee657ab5cb730a2724a87ea9387f069fe1bec4f010d8ab209bbc919ad,2025-11,City of London Police,City of London Police,-0.077959,51.511332,On or near Crutched Friars,E01032739,City of London 001F,Other theft,Investigation complete; no suspect identified,
6b6ca60890e4ff5ea23148c6585847e982453d8888a78ce686e09dfba8e3be16,2025-11,City of London Police,City of London Police,-0.091947,51.513188,On or near Pancras Lane,E01032739,City of London 001F,Other theft,Unable to prosecute suspect,
7aa5aec3c2a788386fd82029e9434a8ebd0ecb7aed1f5f1cb81afaf7d5b9aa38,2025-11,City of London Police,City of London Police,-0.097176,51.510836,On or near Trig Lane,E01032739,City of London 001F,Other theft,Investigation complete; no suspect identified,
c44bcaf079f6f732fd03b793bfe23998c9d714946351576f42fdaa5967d2bb22,2025-11,City of London Police,City of London Police,-0.078495,51.517770,On or near Further/Higher Educational Building,E01032739,City of London 001F,Other theft,Investigation complete; no suspect identified,
fefa125e86427e5952672704e4bc522285b39f558ee4bb90ec7be27fb09acff6,2025-11,City of London Police,City of London Police,-0.084754,51.512882,On or near Corbet Court,E01032739,City of London 001F,Other theft,Investigation complete; no suspect identified,
de7a75c3f46e804914f74186c129c5396f30b0ad7ebbd8961447c4dd8a3b8037,2025-11,City of London Police,City of London Police,-0.085228,51.511190,On or near Talbot Court,E01032739,City of London 001F,Other theft,Investigation complete; no suspect identified,
aa03122dab1243851df6ee5c5725feebf2d2159978a54cc0b658b613b1139543,2025-11,City of London Police,City of London Police,-0.078424,51.518093,On or near Widegate Street,E01032739,City of London 001F,Other theft,Investigation complete; no suspect identified,
6d2d4c06771e5dedd275be8136bfcb28c581224b341ae5f165fe72cce1e4cbdb,2025-11,City of London Police,City of London Police,-0.085228,51.511190,On or near Talbot Court,E01032739,City of London 001F,Other theft,Investigation complete; no suspect identified,
857159a596a1c6b1222763e416a739eb6f98da570620479cda4f6a125b1774cd,2025-11,City of London Police,City of London Police,-0.084836,51.511939,On or near Shopping Area,E01032739,City of London 001F,Other theft,Investigation complete; no suspect identified,
7adaf064c45e0465a272d5238475b7382135c784d97495800d7c8695e0de0b04,2025-11,City of London Police,City of London Police,-0.079883,51.517326,On or near New Street,E01032739,City of London 001F,Other theft,Investigation complete; no suspect identified,
292959dfe055b8be1eaf871a9d275d085a4f2ee02626bf8f9751436b8babf0fc,2025-11,City of London Police,City of London Police,-0.094900,51.513209,On or near Bread Street,E01032739,City of London 001F,Other theft,Investigation complete; no suspect identified,
5a709d9a5b703ad013befd29420b837beaef1f5137cec6b9fb352a80b3c1c76f,2025-11,City of London Police,City of London Police,-0.086815,51.517007,On or near Circus Place,E01032739,City of London 001F,Other theft,Investigation complete; no suspect identified,
49e2b978d9fd18b0dd5433f355ac01710d3c115ba1e8005627696d1ec89bbfe5,2025-11,City of London Police,City of London Police,-0.088785,51.517102,On or near Moorgate,E01032739,City of London 001F,Other theft,Unable to prosecute suspect,
66c6b7bfd8ab296ab421d7668bccc2ed57f63e6dd95ddcff0fd10e037a716efb,2025-11,City of London Police,City of London Police,-0.092531,51.512658,On or near Queen Street,E01032739,City of London 001F,Other theft,Investigation complete; no suspect identified,
7b1f82527a318a8fb9fc563cf37eeecf4cecf1fe57723eadf27a8921f2bfe6f8,2025-11,City of London Police,City of London Police,-0.082993,51.516360,On or near Wormwood Street,E01032739,City of London 001F,Other theft,Investigation complete; no suspect identified,
b234086f85306f34cdc72813cb73da208a029be7a0d857761e2e37d22f524a12,2025-11,City of London Police,City of London Police,-0.079883,51.517326,On or near New Street,E01032739,City of London 001F,Other theft,Investigation complete; no suspect identified,
dadad9d232ff7ab5f5885d04db5e286262fe067410e1206f41e40b3ed74474f2,2025-11,City of London Police,City of London Police,-0.094070,51.513079,On or near Watling Street,E01032739,City of London 001F,Other theft,Investigation complete; no suspect identified,
605e7a3f27403dd9015989e9e2b960c1196d26ecf36dbf32b1c7a7c9f96f9e4b,2025-11,City of London Police,City of London Police,-0.084910,51.512588,On or near Bell Inn Yard,E01032739,City of London 001F,Other theft,Investigation complete; no suspect identified,
aefca72268878ba611c681e019747b253c91b036f7cd4bb0f0964db906d7d791,2025-11,City of London Police,City of London Police,-0.100201,51.513286,On or near Dean'S Court,E01032739,City of London 001F,Other theft,Investigation complete; no suspect identified,
44ec4d09465b351564764ebd4d2774374bf737bc7382150bb772ccecb8b3921a,2025-11,City of London Police,City of London Police,-0.085228,51.511190,On or near Talbot Court,E01032739,City of London 001F,Other theft,Investigation complete; no suspect identified,
1f147b9bef11fc5f4856f1f06a2f6e87243cbf0fe8bea4d221e0cdec0318aafe,2025-11,City of London Police,City of London Police,-0.077563,51.517656,On or near Sandy'S Row,E01032739,City of London 001F,Other theft,Investigation complete; no suspect identified,
809e556dbbe34cb871f56a1824f6207e27d43cd05ae3c07257216742a877218b,2025-11,City of London Police,City of London Police,-0.092633,51.509872,On or near Bell Wharf Lane,E01032739,City of London 001F,Other theft,Unable to prosecute suspect,
2e23fe2fd0d20db3f2ef0fe2074e265700ba8892f9a53880af3803ab36e4a915,2025-11,City of London Police,City of London Police,-0.091947,51.513188,On or near Pancras Lane,E01032739,City of London 001F,Other theft,Investigation complete; no suspect identified,
c3d2904810ef41788a29403dd10542ff32b76c8e5179abf2293d8ae01773265f,2025-11,City of London Police,City of London Police,-0.079907,51.517785,On or near Victoria Avenue,E01032739,City of London 001F,Other theft,Investigation complete; no suspect identified,
e36f1269cda0d95cf64f8089cd9488bfbe0568f468e8e11e0cc1603073eccf8f,2025-11,City of London Police,City of London Police,-0.086019,51.513631,On or near Finch Lane,E01032739,City of London 001F,Other theft,Investigation complete; no suspect identified,
3f42148ff8f1968e198fb474bc9c0d1bbbe2307fed47f9745921d748b5b3bb0a,2025-11,City of London Police,City of London Police,-0.092531,51.512658,On or near Queen Street,E01032739,City of London 001F,Other theft,Investigation complete; no suspect identified,
5746a6c0bffddee537981644b1c99ede07ca8940040c0d8a1919a804a16a94de,2025-11,City of London Police,City of London Police,-0.078755,51.518440,On or near Artillery Lane,E01032739,City of London 001F,Other theft,Investigation complete; no suspect identified,
d8cb31cd7512211d50070e8624b2bca7f3c321da3a841cbfec01b31de2b7971e,2025-11,City of London Police,City of London Police,-0.081512,51.518692,On or near London Liverpool Street,E01032739,City of London 001F,Other theft,Investigation complete; no suspect identified,
66f2e2064a9407163a3562dfffe7d9cff02ae6445822f093b5993a94c33e4732,2025-11,City of London Police,City of London Police,-0.079521,51.511196,On or near New London Street,E01032739,City of London 001F,Other theft,Investigation complete; no suspect identified,
12531100f15ba40137182982f866fab14d6cc209781dc517d45e01f3a5067f69,2025-11,City of London Police,City of London Police,-0.094070,51.513079,On or near Watling Street,E01032739,City of London 001F,Other theft,Investigation complete; no suspect identified,
0f36f86366654cf95de8444ca48a2a6374fa267994ebf838eba1cd47c37c72e5,2025-11,City of London Police,City of London Police,-0.078477,51.509965,On or near Muscovy Street,E01032739,City of London 001F,Other theft,Investigation complete; no suspect identified,
a6bf2c48044aa1c8ecae2b6ede02b1eb4ea3e1f848a527939de376075e611fbf,2025-11,City of London Police,City of London Police,-0.092531,51.512658,On or near Queen Street,E01032739,City of London 001F,Other theft,Awaiting court outcome,
8078f4a7b9ee2f72c7aa718acafced2efcd88522a85796af0e54b46eea8fd3ef,2025-11,City of London Police,City of London Police,-0.080365,51.508943,On or near Parking Area,E01032739,City of London 001F,Other theft,Unable to prosecute suspect,
890dabd48dd5bb5819663b0decab40ea7eda92866f36c1c67ffe1a2fb5cd2d91,2025-11,City of London Police,City of London Police,-0.079138,51.508312,On or near Lower Thames Street,E01032739,City of London 001F,Other theft,Investigation complete; no suspect identified,
54f9f5e3fe91177f7055429ba226c36dc941d8e5caece645be006f07a0518854,2025-11,City of London Police,City of London Police,-0.078477,51.509965,On or near Muscovy Street,E01032739,City of London 001F,Other theft,Status update unavailable,
cd4f61d6afe0fa079ccf90375daaab8f263b7b4380de96d875352c122d0f8870,2025-11,City of London Police,City of London Police,-0.081512,51.518692,On or near London Liverpool Street,E01032739,City of London 001F,Other theft,Investigation complete; no suspect identified,
7a8458d613bbefe18ee72ad383e5a3abfb77cc7a3a488a1969569da6fc7995cb,2025-11,City of London Police,City of London Police,-0.077563,51.517656,On or near Sandy'S Row,E01032739,City of London 001F,Other theft,Investigation complete; no suspect identified,
3ec49883e432233ec884b9f4356961f6089d7901a67797a47f8fd7ee434e8b76,2025-11,City of London Police,City of London Police,-0.088903,51.510836,On or near Laurence Pountney Hill,E01032739,City of London 001F,Other theft,Investigation complete; no suspect identified,
6dd26db42f5824d2ac202eea8078290ffbc603e6c41258c56c11c687c31cfaf1,2025-11,City of London Police,City of London Police,-0.086019,51.513631,On or near Finch Lane,E01032739,City of London 001F,Other theft,Status update unavailable,
1653eb3973aa9c0739518a43939ffab7ebab34b5dd7a74134ddf0f2119038e5e,2025-11,City of London Police,City of London Police,-0.091540,51.511896,On or near Cannon Street,E01032739,City of London 001F,Other theft,Investigation complete; no suspect identified,
101b8587c4b97172b400ddb1acf905d60204d430777cab99f34f7eefbb33d14f,2025-11,City of London Police,City of London Police,-0.081643,51.510070,On or near Great Tower Street,E01032739,City of London 001F,Other theft,Unable to prosecute suspect,
8696076b357895ea0cec8840df29945404a5d2537ad493155cf2e1c825ec79a6,2025-11,City of London Police,City of London Police,-0.086815,51.517007,On or near Circus Place,E01032739,City of London 001F,Other theft,Investigation complete; no suspect identified,
1afea105f4d92f25507faeb63e13008520396d8d205ff538316380e583773998,2025-11,City of London Police,City of London Police,-0.081902,51.517296,On or near Liverpool Street,E01032739,City of London 001F,Other theft,Awaiting court outcome,
3836c68721593c4fb3bfbfe48fbf8d12244aed9a2ecf484d3a5dec08d18485df,2025-11,City of London Police,City of London Police,-0.078755,51.518440,On or near Artillery Lane,E01032739,City of London 001F,Other theft,Investigation complete; no suspect identified,
a25addc9973dae8d45bfc4e8144ec8bbf044d6c2e7d451a0f217030d035ed6f3,2025-11,City of London Police,City of London Police,-0.084754,51.512882,On or near Corbet Court,E01032739,City of London 001F,Other theft,Awaiting court outcome,
414c8c718c47aa0c1886fe6d9e564cbfa25d8e551b9b29fc1888fe568879997a,2025-11,City of London Police,City of London Police,-0.084754,51.512882,On or near Corbet Court,E01032739,City of London 001F,Other theft,Awaiting court outcome,
bb980abf24439d77e6d7d3956a4e20263f46316588df1ef275f16a63c083940d,2025-11,City of London Police,City of London Police,-0.079521,51.511196,On or near New London Street,E01032739,City of London 001F,Other theft,Status update unavailable,
25f76111cfc53e7b14f541bbff198041bbe4f61c80f10fb7d7f37488fa9ece41,2025-11,City of London Police,City of London Police,-0.102134,51.513929,On or near Ludgate Hill,E01032739,City of London 001F,Other theft,Investigation complete; no suspect identified,
60e62b9a5f12509f1c84a660e7effedfcf872a914e9eecb3986d8e700bea8adf,2025-11,City of London Police,City of London Police,-0.082993,51.516360,On or near Wormwood Street,E01032739,City of London 001F,Other theft,Investigation complete; no suspect identified,
028da1bafa91dfebf8a775b6895b9c95a14bc3659a095aba4837b2a87d4e7ee5,2025-11,City of London Police,City of London Police,-0.094070,51.513079,On or near Watling Street,E01032739,City of London 001F,Other theft,Investigation complete; no suspect identified,
66762a678df1e0574225e7922ef427bc8711fed8d5192c3faedc07b76139f14c,2025-11,City of London Police,City of London Police,-0.086019,51.513631,On or near Finch Lane,E01032739,City of London 001F,Other theft,Investigation complete; no suspect identified,
ff0befbe62814ee3f4dbf8fe5b585a1d66d2c173ea2e1ccdb1f05403fb2a6dbf,2025-11,City of London Police,City of London Police,-0.084910,51.512588,On or near Bell Inn Yard,E01032739,City of London 001F,Other theft,Awaiting court outcome,
2b57a6d38ad9ad3658d08bf6736ec9c112fa15a1fb58b5e20074f69131ec73c0,2025-11,City of London Police,City of London Police,-0.080365,51.508943,On or near Parking Area,E01032739,City of London 001F,Other theft,Investigation complete; no suspect identified,
85100b54ecc33c262386d8a60c470a1a985f42012547a438b9468977196c008c,2025-11,City of London Police,City of London Police,-0.086019,51.513631,On or near Finch Lane,E01032739,City of London 001F,Other theft,Investigation complete; no suspect identified,
5966e04f5581fc5571ada4ad69039e1426acc5b6f0a810d7ba7629505232b644,2025-11,City of London Police,City of London Police,-0.085089,51.512105,On or near Gracechurch Street,E01032739,City of London 001F,Other theft,Investigation complete; no suspect identified,
73f37490c2ef21076f3815f4ff7cc58e1d68cbc5f5101b339bb864909e4a5055,2025-11,City of London Police,City of London Police,-0.093339,51.511557,On or near Conference/Exhibition Centre,E01032739,City of London 001F,Other theft,Investigation complete; no suspect identified,
9f4053bc8f0eb51f0041e66fa52fd415f26e7fab3ae3e3f5e37d9a9bb4201946,2025-11,City of London Police,City of London Police,-0.081113,51.516869,On or near Bishopsgate,E01032739,City of London 001F,Other theft,Investigation complete; no suspect identified,
46530da6c030f42db080df49f1cdc1761cb68cbc55dfec24dc86085d3be5fd9c,2025-11,City of London Police,City of London Police,-0.078477,51.509965,On or near Muscovy Street,E01032739,City of London 001F,Other theft,Investigation complete; no suspect identified,
f7889c158b75f91edbe2c5f9a217985e85262642151c049e0093b25d70da3299,2025-11,City of London Police,City of London Police,-0.081512,51.518692,On or near London Liverpool Street,E01032739,City of London 001F,Other theft,Investigation complete; no suspect identified,
c4f43771bb2379b6ef5d960d2a1d537b26e860bcdfc39a96900c71f64909e5fd,2025-11,City of London Police,City of London Police,-0.081902,51.517296,On or near Liverpool Street,E01032739,City of London 001F,Other theft,Investigation complete; no suspect identified,
106226b6cf61cc9ae59ed397ccde623ad5e7334c9407c6999d29ac9f79edeb5f,2025-11,City of London Police,City of London Police,-0.088785,51.517102,On or near Moorgate,E01032739,City of London 001F,Other theft,Investigation complete; no suspect identified,
d0e32b9d9dfd8645bcec3007fc1c1283b1326c717d1dc9143ffbff1c30b8455f,2025-11,City of London Police,City of London Police,-0.077804,51.518083,On or near Sandy'S Row,E01032739,City of London 001F,Other theft,Unable to prosecute suspect,
fba31c7465a115c4098219141ae8e1f16d60f56bb7ce3d6ada5e6d5b244fea8f,2025-11,City of London Police,City of London Police,-0.088785,51.517102,On or near Moorgate,E01032739,City of London 001F,Other theft,Investigation complete; no suspect identified,
52719f37d4f48ff926fec58807d58efd8c68926a41bdfa1362602eb596921f5b,2025-11,City of London Police,City of London Police,-0.084754,51.512882,On or near Corbet Court,E01032739,City of London 001F,Other theft,Awaiting court outcome,
4d08a9605978dc3939c4808b565b5040841e70f9df54ee81be70ab6e4a3e7514,2025-11,City of London Police,City of London Police,-0.085228,51.511190,On or near Talbot Court,E01032739,City of London 001F,Other theft,Investigation complete; no suspect identified,
ab29802aaf444879e8fca7c9efd698a5d978ad170750b1dee232f1ce2353f2df,2025-11,City of London Police,City of London Police,-0.077959,51.511332,On or near Crutched Friars,E01032739,City of London 001F,Other theft,Awaiting court outcome,
bbd8f9d793007b734d461d17d0eeab0c679834093f9b1af85834abcb008c1c4b,2025-11,City of London Police,City of London Police,-0.084754,51.512882,On or near Corbet Court,E01032739,City of London 001F,Other theft,Unable to prosecute suspect,
4e11617518dda184301992df5c39d69d47ab7e469957dc661efb34af736f0540,2025-11,City of London Police,City of London Police,-0.085228,51.511190,On or near Talbot Court,E01032739,City of London 001F,Other theft,Unable to prosecute suspect,
f6df8f37e4d979fd3ae4c4b9949ccd6fd3ed7536fedbd9a0a47f905d3f44004e,2025-11,City of London Police,City of London Police,-0.092531,51.512658,On or near Queen Street,E01032739,City of London 001F,Other theft,Awaiting court outcome,
e2d8f715525cd83cb2f5ba9a6bdccb2690d874e8073cd5f702be96eeb06a7f41,2025-11,City of London Police,City of London Police,-0.081902,51.517296,On or near Liverpool Street,E01032739,City of London 001F,Other theft,Investigation complete; no suspect identified,
66be5dfdc72438e3de163b5ad2c939d8d35beadf99a740c53f88b0b0538cb85b,2025-11,City of London Police,City of London Police,-0.078059,51.509967,On or near Trinity Square,E01032739,City of London 001F,Other theft,Investigation complete; no suspect identified,
525dcc8b63b7f42c8c89876a3c9abcfc05de5ddb344b72dc2d92d64f5eee4f75,2025-11,City of London Police,City of London Police,-0.082133,51.515222,On or near St Helen'S Place,E01032739,City of London 001F,Other theft,Investigation complete; no suspect identified,
142e4376217df4a11163752fbecf393e049ec4fbcd16faddc991ab9da15f7025,2025-11,City of London Police,City of London Police,-0.088785,51.517102,On or near Moorgate,E01032739,City of London 001F,Other theft,Investigation complete; no suspect identified,
3f5e4a9c05c1bbe9657c7dca2c89f5c51cb8fe69f566aba7b60467351e766a62,2025-11,City of London Police,City of London Police,-0.081113,51.516869,On or near Bishopsgate,E01032739,City of London 001F,Possession of weapons,Court result unavailable,
0848d7f9e49af1e72d6a577714c04cd12e9a886c1140a4d42315ed80f4293e80,2025-11,City of London Police,City of London Police,-0.079883,51.517326,On or near New Street,E01032739,City of London 001F,Possession of weapons,Unable to prosecute suspect,
20dfa06cc3a778e4efa9cfe11e192472e75972fa68b68101269ea815917d424d,2025-11,City of London Police,City of London Police,-0.077959,51.511332,On or near Crutched Friars,E01032739,City of London 001F,Public order,Investigation complete; no suspect identified,
9a896852fef379b822492982704cd607bba12e8469197305887b0d226e63a69f,2025-11,City of London Police,City of London Police,-0.084844,51.509700,On or near Monument Street,E01032739,City of London 001F,Public order,Unable to prosecute suspect,
b167ac9b9a6afd86253c2a6041217d5612d2b74a5f3a2c51297fb29bcbd81286,2025-11,City of London Police,City of London Police,-0.085089,51.512105,On or near Gracechurch Street,E01032739,City of London 001F,Public order,Unable to prosecute suspect,
746304cce3e283e8b6d9bf73eac9c89bbfd4c252eb9d76f4d1c890ca8a7f5040,2025-11,City of London Police,City of London Police,-0.078059,51.509967,On or near Trinity Square,E01032739,City of London 001F,Public order,Unable to prosecute suspect,
6230dc17f760ad1b6872940772a003eb95c41e64ca3676041353c6e88ca2efc6,2025-11,City of London Police,City of London Police,-0.089808,51.517461,On or near London Wall,E01032739,City of London 001F,Public order,Unable to prosecute suspect,
cc55d4e3b4e0b38ca8ccf949bda6c9f08040763de2efede918ef30ef44842208,2025-11,City of London Police,City of London Police,-0.087157,51.512624,On or near Lombard Street,E01032739,City of London 001F,Public order,Local resolution,
657a57b9fe30ac9dd258d2f6726f1d2b1d097a71267e1e348e40bf81f479ab48,2025-11,City of London Police,City of London Police,-0.087157,51.512624,On or near Lombard Street,E01032739,City of London 001F,Public order,Local resolution,
fc3ac31a2cf76a17e0fc2a2265bd32da98d629b5c7a79f20594ffa4f914d8360,2025-11,City of London Police,City of London Police,-0.101292,51.514770,On or near Amen Court,E01032739,City of London 001F,Public order,Awaiting court outcome,
dbc6be1ebef4266bf558c69630d882fce4b4891157196be1a613e2edcea82fc4,2025-11,City of London Police,City of London Police,-0.086019,51.513631,On or near Finch Lane,E01032739,City of London 001F,Public order,Investigation complete; no suspect identified,
a2422a81aa95e504670b3967487565384fd6484bcb6f88addb5547a765725b07,2025-11,City of London Police,City of London Police,-0.097176,51.510836,On or near Trig Lane,E01032739,City of London 001F,Public order,Investigation complete; no suspect identified,
4c21f551ae0a02074778d06e327a3210f51de16a3081213325469020b602a9f4,2025-11,City of London Police,City of London Police,-0.084844,51.510725,On or near Eastcheap,E01032739,City of London 001F,Public order,Awaiting court outcome,
82859ca4700f024b0297dddca19739c53b03ce90c75bf3079b2915d2543e0b27,2025-11,City of London Police,City of London Police,-0.083977,51.510441,On or near Lovat Lane,E01032739,City of London 001F,Public order,Investigation complete; no suspect identified,
1c154023441ac4c1ca1b765a872b509e48ac58e72f4e7fb967e8e49f805c078c,2025-11,City of London Police,City of London Police,-0.079883,51.517326,On or near New Street,E01032739,City of London 001F,Public order,Court result unavailable,
a7fa6633fe93cbf806128493d80c9ee1311a8facec87e9770701382fbd658bab,2025-11,City of London Police,City of London Police,-0.082993,51.516360,On or near Wormwood Street,E01032739,City of London 001F,Public order,Status update unavailable,
8b86fc1ba0f7e8d27541cd394041ae77da7479eb9178c962e376a912873c3055,2025-11,City of London Police,City of London Police,-0.084836,51.511939,On or near Shopping Area,E01032739,City of London 001F,Public order,Unable to prosecute suspect,
99e86169d9372e9326966a39a7dd467257ec1557dc4934e2810da1628809b2e0,2025-11,City of London Police,City of London Police,-0.079907,51.517785,On or near Victoria Avenue,E01032739,City of London 001F,Public order,Unable to prosecute suspect,
d019236ce21b410b8b7125b833c30bbba4d926f7a41198d54a08e7519823a8a3,2025-11,City of London Police,City of London Police,-0.087157,51.512624,On or near Lombard Street,E01032739,City of London 001F,Public order,Further investigation is not in the public interest,
21551c4c7d0100845af1d8a13dd5cf55f2b1f7d574b522b861f82bd91792dc46,2025-11,City of London Police,City of London Police,-0.091540,51.511896,On or near Cannon Street,E01032739,City of London 001F,Public order,Awaiting court outcome,
763e233e5bc19f86b865a7437e047951c4da95419633f1b01492b5df94d38ce5,2025-11,City of London Police,City of London Police,-0.081113,51.516869,On or near Bishopsgate,E01032739,City of London 001F,Public order,Status update unavailable,
eb5cb909eff0760db0a1e2e82898e2d4130dfd0cc1688889f327deac97e059f7,2025-11,City of London Police,City of London Police,-0.081113,51.516869,On or near Bishopsgate,E01032739,City of London 001F,Public order,Status update unavailable,
7af792bd287920b896a2ebdb3e8b64bf0f2958a14fbd93000aa17399a09484d1,2025-11,City of London Police,City of London Police,-0.087157,51.512624,On or near Lombard Street,E01032739,City of London 001F,Public order,Local resolution,
3a7a562254cfe2babc54926b1ee3f76c24cc93537c2ec456ebcdae76b505b353,2025-11,City of London Police,City of London Police,-0.086019,51.513631,On or near Finch Lane,E01032739,City of London 001F,Public order,Investigation complete; no suspect identified,
08baafd7e97ddf17a0a520e07bea87ffc409ad1bfcbf823135c8fb0ae3da42ef,2025-11,City of London Police,City of London Police,-0.084844,51.509700,On or near Monument Street,E01032739,City of London 001F,Public order,Unable to prosecute suspect,
bb10f1a94f213e7b01c373f1dae1fa5256e7c3d7169110b0d2a4e33d9534d1e2,2025-11,City of London Police,City of London Police,-0.088456,51.514975,On or near Tokenhouse Yard,E01032739,City of London 001F,Public order,Investigation complete; no suspect identified,
1155ea695ead4e519f2cfd2c0ff5b1281c42ab5dd8e5be58348b90b8dcb8edf0,2025-11,City of London Police,City of London Police,-0.079907,51.517785,On or near Victoria Avenue,E01032739,City of London 001F,Public order,Unable to prosecute suspect,
bbad7a3ab8646f46ca072527cbc344272ecb3d831ca078f21389963e8fd87a19,2025-11,City of London Police,City of London Police,-0.104276,51.513712,On or near A201,E01032739,City of London 001F,Public order,Court result unavailable,
aa505937b72a1b0fb4dc005c5ba11506fcb1bac78b10c0f81d768377ab45ef0e,2025-11,City of London Police,City of London Police,-0.079883,51.517326,On or near New Street,E01032739,City of London 001F,Public order,Unable to prosecute suspect,
39ea4abc8fc69f11833fcc604cff7308853ddb710b350da46f9439988dcc6baf,2025-11,City of London Police,City of London Police,-0.084844,51.510725,On or near Eastcheap,E01032739,City of London 001F,Public order,Unable to prosecute suspect,
427d625616ea0f70495fa2986e7d11978cdc8621cc93888c7e404609cebf52aa,2025-11,City of London Police,City of London Police,-0.081113,51.516869,On or near Bishopsgate,E01032739,City of London 001F,Public order,Unable to prosecute suspect,
5879214beed5e97805ce44438c4dac7cb731a2a4fe05a7d44b5636ef3bbacbc6,2025-11,City of London Police,City of London Police,-0.092531,51.512658,On or near Queen Street,E01032739,City of London 001F,Public order,Unable to prosecute suspect,
c3a4871c45d040fa73204e1d80ce96c3051aaf3e2f59010a75c0d8adcb7383c7,2025-11,City of London Police,City of London Police,-0.078278,51.513666,On or near Mitre Street,E01032739,City of London 001F,Public order,Investigation complete; no suspect identified,
e3e82db174b2694fa363e7c20fd50569ef87892bc3941b0bbf78fe5cfce6eeec,2025-11,City of London Police,City of London Police,-0.081902,51.517296,On or near Liverpool Street,E01032739,City of London 001F,Public order,Investigation complete; no suspect identified,
c9922c5dee91c6ca321b9421c2a0120f440cd0152f4a57cbdf46623b15fe645a,2025-11,City of London Police,City of London Police,-0.081113,51.516869,On or near Bishopsgate,E01032739,City of London 001F,Public order,Further investigation is not in the public interest,
2642e82650e8e96bfc61c4debafe477ae8d75b295c5d724f0e50fdf399a687c8,2025-11,City of London Police,City of London Police,-0.091540,51.511896,On or near Cannon Street,E01032739,City of London 001F,Public order,Investigation complete; no suspect identified,
fc6b2143a9c8017a7d1b1ea6ff1421f1105e8341820aee40899d770ac7fbe4e3,2025-11,City of London Police,City of London Police,-0.086815,51.517007,On or near Circus Place,E01032739,City of London 001F,Robbery,Unable to prosecute suspect,
c63e4fb123d5b58a05b0deb5caf3e8af12b01938a3d0bd72b527ebfe36ea1b14,2025-11,City of London Police,City of London Police,-0.078278,51.513666,On or near Mitre Street,E01032739,City of London 001F,Robbery,Unable to prosecute suspect,
ce82634cbc705ce802cb15066c2e0d14b8c9562ea46d5a6f67591cd70abf0e37,2025-11,City of London Police,City of London Police,-0.081113,51.516869,On or near Bishopsgate,E01032739,City of London 001F,Robbery,Investigation complete; no suspect identified,
70a32d58fcefed39c858107bb3f8c46dcc7f15e812e580c75e968f20885f69b3,2025-11,City of London Police,City of London Police,-0.097291,51.514626,On or near Supermarket,E01032739,City of London 001F,Robbery,Investigation complete; no suspect identified,
49d3e506023225b803d5c72d35bfe9a345f8bffc5d7c621424740cbe56b8ca88,2025-11,City of London Police,City of London Police,-0.078278,51.513666,On or near Mitre Street,E01032739,City of London 001F,Robbery,Awaiting court outcome,
48835f629e3dafed54164fd07d893a9b9169a087f0b192241c5bc588d2c3a5fc,2025-11,City of London Police,City of London Police,-0.081902,51.517296,On or near Liverpool Street,E01032739,City of London 001F,Robbery,Status update unavailable,
6a7ce6eff5b4a118711187cbbf4dea06944cfec99d4814db5382f787c324720f,2025-11,City of London Police,City of London Police,-0.086815,51.517007,On or near Circus Place,E01032739,City of London 001F,Robbery,Unable to prosecute suspect,
bb514fe8922aca7189f8829aec35f748e666ee298dc431c7d1aa0b056835dad7,2025-11,City of London Police,City of London Police,-0.091540,51.511896,On or near Cannon Street,E01032739,City of London 001F,Robbery,Unable to prosecute suspect,
836a6d6c64a3a837160eb3cfe0e7762e1df87cb2c8da748cf702c9ec5791b7e1,2025-11,City of London Police,City of London Police,-0.087772,51.510665,On or near Martin Lane,E01032739,City of London 001F,Robbery,Unable to prosecute suspect,
9f605184085fae14494e86dcf7c5556a382455d4f9f7bce31c16c749f88a8321,2025-11,City of London Police,City of London Police,-0.084754,51.512882,On or near Corbet Court,E01032739,City of London 001F,Robbery,Investigation complete; no suspect identified,
d9f4bc661c930d6e09aff1518fc9ff571ab8d860fe1f70c8207d01e846d0556b,2025-11,City of London Police,City of London Police,-0.084844,51.510725,On or near Eastcheap,E01032739,City of London 001F,Robbery,Unable to prosecute suspect,
2815c07527c9ca30d6f67bbe734542e74cd67a4c6052344f37e14f7e0c5f93ef,2025-11,City of London Police,City of London Police,-0.079883,51.517326,On or near New Street,E01032739,City of London 001F,Robbery,Unable to prosecute suspect,
1f54a7cec73f6671340f755e359278a375c902a9e135fd6fe489a5878b066ef8,2025-11,City of London Police,City of London Police,-0.078278,51.513666,On or near Mitre Street,E01032739,City of London 001F,Robbery,Unable to prosecute suspect,
ac097bd5d27105c643df62cffd035de51e88d145c6c98a51329fd400ae2aee6b,2025-11,City of London Police,City of London Police,-0.091823,51.514427,On or near Ironmonger Lane,E01032739,City of London 001F,Robbery,Investigation complete; no suspect identified,
f9250144d72b98228bd6943157fa5f4680ce96d82c1abba72bd4d7b6438dfdf0,2025-11,City of London Police,City of London Police,-0.087772,51.510665,On or near Martin Lane,E01032739,City of London 001F,Robbery,Investigation complete; no suspect identified,
b0d15bb9b8107dd5fdfd7cc7c5b13b43967825a8ab1bb3e60dea1977c70f7159,2025-11,City of London Police,City of London Police,-0.079883,51.517326,On or near New Street,E01032739,City of London 001F,Robbery,Investigation complete; no suspect identified,
d4a348e65807969f5344dd6e9515f3f767aeea046f2431ea9df74e75c12645b0,2025-11,City of London Police,City of London Police,-0.100888,51.514448,On or near Amen Corner,E01032739,City of London 001F,Robbery,Investigation complete; no suspect identified,
424cf7437ceb650c1598978251410e6bf049785870602f47b6687040c2606b2a,2025-11,City of London Police,City of London Police,-0.078278,51.513666,On or near Mitre Street,E01032739,City of London 001F,Robbery,Court result unavailable,
3ab542be29806128cce4262583e18642a1f34906e1ed75e4825e537be4b8f2cd,2025-11,City of London Police,City of London Police,-0.091823,51.514427,On or near Ironmonger Lane,E01032739,City of London 001F,Robbery,Unable to prosecute suspect,
1512e23392bee11f39176a20b050e8aec94a94086f9cffb1b23dbb61d71b349a,2025-11,City of London Police,City of London Police,-0.081512,51.518692,On or near London Liverpool Street,E01032739,City of London 001F,Shoplifting,Investigation complete; no suspect identified,
65acdaa6813b0f8248d395ed2c30f119960427faf42672504b1be27c942eec7b,2025-11,City of London Police,City of London Police,-0.086019,51.513631,On or near Finch Lane,E01032739,City of London 001F,Shoplifting,Awaiting court outcome,
51f459f248bcdf56f51713fc864255246544ec3988aed88f1cd2bb0b4f60c258,2025-11,City of London Police,City of London Police,-0.078278,51.513666,On or near Mitre Street,E01032739,City of London 001F,Shoplifting,Court result unavailable,
72e3f14c5f083c2bb4b22ca7d46468cb495d871cd899689162e6b5119ad20517,2025-11,City of London Police,City of London Police,-0.085089,51.512105,On or near Gracechurch Street,E01032739,City of London 001F,Shoplifting,Further investigation is not in the public interest,
18d67d6b5a68980163c0cdc7cc2942e656fb99c2d0d41975a8e7067c2af37b91,2025-11,City of London Police,City of London Police,-0.084754,51.512882,On or near Corbet Court,E01032739,City of London 001F,Shoplifting,Unable to prosecute suspect,
04bb8716dce8d9bd72c43d95c5c49be539d06ad13677f2634f6f15ac26af42c2,2025-11,City of London Police,City of London Police,-0.095924,51.513882,On or near Shopping Area,E01032739,City of London 001F,Shoplifting,Investigation complete; no suspect identified,
87bf6bae85b62f4d59b81786f20a999abcf2e50ffa787255c1c2d4c070832db4,2025-11,City of London Police,City of London Police,-0.094070,51.513079,On or near Watling Street,E01032739,City of London 001F,Shoplifting,Unable to prosecute suspect,
67350fc37705964ec076923d5785c635ae759b21c7827c2bd88b73a3d58a62e9,2025-11,City of London Police,City of London Police,-0.096501,51.513874,On or near New Change,E01032739,City of London 001F,Shoplifting,Investigation complete; no suspect identified,
396956f11eb3124bd46de3fc80f72932cb23dc4c128876923b97ed9cc0537d4b,2025-11,City of London Police,City of London Police,-0.096501,51.513874,On or near New Change,E01032739,City of London 001F,Shoplifting,Investigation complete; no suspect identified,
753b9d05576da7604e88af7ff610c5663dd963d7a836f25d02d1f2315f3b0d01,2025-11,City of London Police,City of London Police,-0.095924,51.513882,On or near Shopping Area,E01032739,City of London 001F,Shoplifting,Investigation complete; no suspect identified,
574a84154ab3f2d167f1a7b402a416dbbf31c7bde4f70348e98ddd65ff012f2b,2025-11,City of London Police,City of London Police,-0.097291,51.514626,On or near Supermarket,E01032739,City of London 001F,Shoplifting,Local resolution,
762f9e90198bfeb736eee8a14f2c3fed84f27a3db117ea75aa40dceabeeeb519,2025-11,City of London Police,City of London Police,-0.081902,51.517296,On or near Liverpool Street,E01032739,City of London 001F,Shoplifting,Investigation complete; no suspect identified,
6fd2239b50470abb949c7a454df54897f84924a4dcb7d2d70a8f0123adeb0280,2025-11,City of London Police,City of London Police,-0.094070,51.513079,On or near Watling Street,E01032739,City of London 001F,Shoplifting,Awaiting court outcome,
e3ee53ea50abbd59ae4adea71432410a15592fe729245a4364de62701dfdbf10,2025-11,City of London Police,City of London Police,-0.097291,51.514626,On or near Supermarket,E01032739,City of London 001F,Shoplifting,Unable to prosecute suspect,
69dd9d16d08fa7c1598bf864c001f02a9d9dba5eca46cda915f8740325bbc9db,2025-11,City of London Police,City of London Police,-0.078278,51.513666,On or near Mitre Street,E01032739,City of London 001F,Shoplifting,Awaiting court outcome,
3c258ffa0e946dfdef658c98cb1f5599ed40446974ff881700bb6fde01d89d43,2025-11,City of London Police,City of London Police,-0.097291,51.514626,On or near Supermarket,E01032739,City of London 001F,Shoplifting,Investigation complete; no suspect identified,
e70170a8c8c2cdb4ab7da59d8a4df2a988ab720c45f30e87ec4cc58c904d6063,2025-11,City of London Police,City of London Police,-0.085089,51.512105,On or near Gracechurch Street,E01032739,City of London 001F,Shoplifting,Investigation complete; no suspect identified,
acf74200aa43da8be81c55655abfd8118c1abe84642143163f8f61bc20c0cb8a,2025-11,City of London Police,City of London Police,-0.097291,51.514626,On or near Supermarket,E01032739,City of London 001F,Shoplifting,Investigation complete; no suspect identified,
e629c5b143e04c46e4dc765747f05e6440ab842bd145234a4b71636043b1e37f,2025-11,City of London Police,City of London Police,-0.081902,51.517296,On or near Liverpool Street,E01032739,City of London 001F,Shoplifting,Unable to prosecute suspect,
308f827c4847774d8bcd4cf34d2aa8723e5178cb79e6e526e09244e77bc1b310,2025-11,City of London Police,City of London Police,-0.095924,51.513882,On or near Shopping Area,E01032739,City of London 001F,Shoplifting,Investigation complete; no suspect identified,
587dfeb2db4b34effcf5bc1ed7735b4ad7d5356ce3df76cf3a394ce84762d7be,2025-11,City of London Police,City of London Police,-0.094070,51.513079,On or near Watling Street,E01032739,City of London 001F,Shoplifting,Awaiting court outcome,
2658fee94f731748e9b6a372651f0525bb36e79dfe36465421b38e65bf9f3293,2025-11,City of London Police,City of London Police,-0.091947,51.513188,On or near Pancras Lane,E01032739,City of London 001F,Shoplifting,Unable to prosecute suspect,
eac4946903452e7a86f82c35c88424ef1d0082db1dba9c985906c24ccea5a150,2025-11,City of London Police,City of London Police,-0.091823,51.514427,On or near Ironmonger Lane,E01032739,City of London 001F,Shoplifting,Investigation complete; no suspect identified,
3f1f8abed7f2f305962ae2775898df319e4c6d1fd7d38e80075383bda82fb59e,2025-11,City of London Police,City of London Police,-0.086815,51.517007,On or near Circus Place,E01032739,City of London 001F,Shoplifting,Awaiting court outcome,
e28fe358dfb2f5802b6e857af4f4159c68929e27d7aba515f5bcd724509890af,2025-11,City of London Police,City of London Police,-0.086815,51.517007,On or near Circus Place,E01032739,City of London 001F,Shoplifting,Investigation complete; no suspect identified,
5361d5a3eee5fe44f6fd782bb0565926a73ee55eed36d583983a55f8eb2d3e5c,2025-11,City of London Police,City of London Police,-0.095924,51.513882,On or near Shopping Area,E01032739,City of London 001F,Shoplifting,Investigation complete; no suspect identified,
4af13eea4e40f335e30370d5b46f51e550a8c3a2307cfa4128f4049a357bc9dc,2025-11,City of London Police,City of London Police,-0.081902,51.517296,On or near Liverpool Street,E01032739,City of London 001F,Shoplifting,Investigation complete; no suspect identified,
7aaed528ac873e79962cbab48a261510e4b385271d8d1e35ea04428f95c7a9c6,2025-11,City of London Police,City of London Police,-0.097291,51.514626,On or near Supermarket,E01032739,City of London 001F,Shoplifting,Investigation complete; no suspect identified,
4f7b1940c661d3cebe7155104a7e87bff34396589595b66b190f030baab6d79a,2025-11,City of London Police,City of London Police,-0.097291,51.514626,On or near Supermarket,E01032739,City of London 001F,Shoplifting,Local resolution,
fd440951e7d05ce0a542c911960ca2ab3d6791a42b15bfea8f35339ee683091a,2025-11,City of London Police,City of London Police,-0.097291,51.514626,On or near Supermarket,E01032739,City of London 001F,Shoplifting,Investigation complete; no suspect identified,
b06b1f2f2dda705e74157c8ee692da117c0b03798d6a835cd93ad329dc6a2794,2025-11,City of London Police,City of London Police,-0.097291,51.514626,On or near Supermarket,E01032739,City of London 001F,Shoplifting,Investigation complete; no suspect identified,
3414a38a440f327d8f194c75a1e898d323a88ba8015267540c227f59526b334c,2025-11,City of London Police,City of London Police,-0.079907,51.517785,On or near Victoria Avenue,E01032739,City of London 001F,Shoplifting,Unable to prosecute suspect,
002eef8d79bc0be0ad546b82e2639d0ab7beeb00fe6348e5e127a5c57b745c84,2025-11,City of London Police,City of London Police,-0.100888,51.514448,On or near Amen Corner,E01032739,City of London 001F,Shoplifting,Court result unavailable,
affb975713d2a84e7a28b60277ebdd4a98db6910a16170ee90a473bce0ed8c25,2025-11,City of London Police,City of London Police,-0.084836,51.511939,On or near Shopping Area,E01032739,City of London 001F,Shoplifting,Unable to prosecute suspect,
2a7fcb7cae4a66afff14856a34dfdefc38b1c5d4f7fb6227e0260adf8556b356,2025-11,City of London Police,City of London Police,-0.078278,51.513666,On or near Mitre Street,E01032739,City of London 001F,Shoplifting,Formal action is not in the public interest,
c0ec017a123b9c5a18ee62d26902f3bfbda0618b2e6154954d70517a3a7f4f10,2025-11,City of London Police,City of London Police,-0.095224,51.513736,On or near Shopping Area,E01032739,City of London 001F,Shoplifting,Investigation complete; no suspect identified,
7de51e1c332cb1b63296ec4b4e65f20686e03a27925260149639f9e79481b36c,2025-11,City of London Police,City of London Police,-0.094460,51.512024,On or near Great Trinity Lane,E01032739,City of London 001F,Shoplifting,Awaiting court outcome,
63363283d571a436066bd466822c319d04a36dcfb9042888318231baa39e3f40,2025-11,City of London Police,City of London Police,-0.078278,51.513666,On or near Mitre Street,E01032739,City of London 001F,Shoplifting,Local resolution,
ca3f6d6cf042e83285ccf481fa0c6cd28c82b3463f72f7d9a25718caad9da4c0,2025-11,City of London Police,City of London Police,-0.078278,51.513666,On or near Mitre Street,E01032739,City of London 001F,Shoplifting,Investigation complete; no suspect identified,
1cb25b0b93f3dc2adb745a54acfd4173448e3c6dbbf3f66e2bfe0573c4f8ae51,2025-11,City of London Police,City of London Police,-0.097291,51.514626,On or near Supermarket,E01032739,City of London 001F,Shoplifting,Investigation complete; no suspect identified,
600161e2aa3d96a206c6b9c8154dd03093ffbd5b6f6c595e787d0c2e703fdaa4,2025-11,City of London Police,City of London Police,-0.079883,51.517326,On or near New Street,E01032739,City of London 001F,Shoplifting,Unable to prosecute suspect,
c81405f1ef238b46367849170caa79553ac44fc3b70b41f1abb40c6e70b312b2,2025-11,City of London Police,City of London Police,-0.100888,51.514448,On or near Amen Corner,E01032739,City of London 001F,Shoplifting,Court result unavailable,
975c3b83ca5faf79ad134b1b03f90a6a9e811f39e67cee7657c840f4d0f12349,2025-11,City of London Police,City of London Police,-0.095224,51.513736,On or near Shopping Area,E01032739,City of London 001F,Shoplifting,Further investigation is not in the public interest,
be8c527f0cb1e4bed98a19c3d5d2fd209332ca218b4af5a8466bccead01c3814,2025-11,City of London Police,City of London Police,-0.086815,51.517007,On or near Circus Place,E01032739,City of London 001F,Shoplifting,Investigation complete; no suspect identified,
d7e1e6028eb6d516a84fedd2788a8dea0b0b9c5041ccc9e720f1a243982d8dde,2025-11,City of London Police,City of London Police,-0.081512,51.518692,On or near London Liverpool Street,E01032739,City of London 001F,Shoplifting,Unable to prosecute suspect,
8ee24224bd43471d089d6547115ebd1e640183b8bdc055c8e6dfde77ea4fbb7c,2025-11,City of London Police,City of London Police,-0.085089,51.512105,On or near Gracechurch Street,E01032739,City of London 001F,Shoplifting,Investigation complete; no suspect identified,
ffff8621bab8aa80a6bfa22f4714f572e597dcd317a8ea8a4c0857b0328236c2,2025-11,City of London Police,City of London Police,-0.091947,51.513188,On or near Pancras Lane,E01032739,City of London 001F,Shoplifting,Awaiting court outcome,
63ec9d641b7d290c2b3a1736f5cf03f455a5324b6847bfd087706457eb1aca83,2025-11,City of London Police,City of London Police,-0.095924,51.513882,On or near Shopping Area,E01032739,City of London 001F,Shoplifting,Investigation complete; no suspect identified,
2a31ebdde0a72351fc95ae2f5b36aabaa6107b4b60291a824f75fd6caf1244ab,2025-11,City of London Police,City of London Police,-0.095924,51.513882,On or near Shopping Area,E01032739,City of London 001F,Shoplifting,Investigation complete; no suspect identified,
0dc50e410fd051a749c04eb6054b3893c2b019f73a94da5d6581746c36dec97e,2025-11,City of London Police,City of London Police,-0.094070,51.513079,On or near Watling Street,E01032739,City of London 001F,Shoplifting,Awaiting court outcome,
69f3bc6c15044e9c5fc808c09eff45e9d480063c54a37311068bedb28de6a904,2025-11,City of London Police,City of London Police,-0.094070,51.513079,On or near Watling Street,E01032739,City of London 001F,Shoplifting,Investigation complete; no suspect identified,
2c2c039a10ebd37dcdc806078fe34ac3f89ca6b682e19167f2ce19c912ff7ac7,2025-11,City of London Police,City of London Police,-0.100888,51.514448,On or near Amen Corner,E01032739,City of London 001F,Shoplifting,Unable to prosecute suspect,
99a856daff9bb1003b42a63761fed3374f195936b709f51bc3f1193c61f1c574,2025-11,City of London Police,City of London Police,-0.081512,51.518692,On or near London Liverpool Street,E01032739,City of London 001F,Shoplifting,Awaiting court outcome,
ddac22feec88edb7fc7f08165d620bc59793582ae47569fa6c3a13a44e42acfb,2025-11,City of London Police,City of London Police,-0.078278,51.513666,On or near Mitre Street,E01032739,City of London 001F,Shoplifting,Unable to prosecute suspect,
61c27c9e41ce70e0f7179c740aec7b0c3a530c72c75c5c828509239d2ce56487,2025-11,City of London Police,City of London Police,-0.078278,51.513666,On or near Mitre Street,E01032739,City of London 001F,Shoplifting,Investigation complete; no suspect identified,
34ee0f947299ccd0e6b12238a3aebc07c2255fd9a5fe3db8631c8fa74222995e,2025-11,City of London Police,City of London Police,-0.078278,51.513666,On or near Mitre Street,E01032739,City of London 001F,Shoplifting,Court result unavailable,
975c3b83ca5faf79ad134b1b03f90a6a9e811f39e67cee7657c840f4d0f12349,2025-11,City of London Police,City of London Police,-0.095224,51.513736,On or near Shopping Area,E01032739,City of London 001F,Shoplifting,Status update unavailable,
b672b460647681545ab92a2af07e5061c618fad722b51d3f85ce033c08732244,2025-11,City of London Police,City of London Police,-0.078278,51.513666,On or near Mitre Street,E01032739,City of London 001F,Shoplifting,Unable to prosecute suspect,
8300944bff09ba23fa7ac85f34ee1c4a936570968b1ab4858d89d21a5e4a93ff,2025-11,City of London Police,City of London Police,-0.084754,51.512882,On or near Corbet Court,E01032739,City of London 001F,Shoplifting,Court result unavailable,
a1e9ee708c037cfbbac22de813de39a17507874b41fb3d96d260c4fc19d13fe8,2025-11,City of London Police,City of London Police,-0.078278,51.513666,On or near Mitre Street,E01032739,City of London 001F,Shoplifting,Investigation complete; no suspect identified,
0b064e6b1d57e752bd09c1671fbcc382b21ae84ea8e74adcd7040ea34066ada2,2025-11,City of London Police,City of London Police,-0.095924,51.513882,On or near Shopping Area,E01032739,City of London 001F,Shoplifting,Unable to prosecute suspect,
91a69232ff2146ee0561a69dff7da700148044a32b5894684e047aa5c6015520,2025-11,City of London Police,City of London Police,-0.094070,51.513079,On or near Watling Street,E01032739,City of London 001F,Shoplifting,Investigation complete; no suspect identified,
e9bc831b42eee0272084be3e6aa290fc42ce216b03c3b182dfd542cf092d6dbe,2025-11,City of London Police,City of London Police,-0.097291,51.514626,On or near Supermarket,E01032739,City of London 001F,Shoplifting,Court result unavailable,
3dc26e74be7fedfaec88478411da7b520ce9e4f7b8a9051942d8c71e57ec697f,2025-11,City of London Police,City of London Police,-0.094070,51.513079,On or near Watling Street,E01032739,City of London 001F,Shoplifting,Awaiting court outcome,
74c84cd1ce00b8aabea11c3645642304ca1cdc26bc0d9d3455826df6825735bd,2025-11,City of London Police,City of London Police,-0.089479,51.510864,On or near Gophir Lane,E01032739,City of London 001F,Shoplifting,Investigation complete; no suspect identified,
fe3bde4021b699481b1c1a1d9f56c9c7a378b3fdf57163c71ec6a6d064d4e35d,2025-11,City of London Police,City of London Police,-0.084844,51.510725,On or near Eastcheap,E01032739,City of London 001F,Shoplifting,Further investigation is not in the public interest,
6bdb4e8e5f0c30b1bb4736f92a1295891804832405a7b6a214f1adc1ec51ae14,2025-11,City of London Police,City of London Police,-0.100888,51.514448,On or near Amen Corner,E01032739,City of London 001F,Shoplifting,Investigation complete; no suspect identified,
d56a034a016b510e9d5fd3d78206562f61385e5c8a2272712c2831c98f949307,2025-11,City of London Police,City of London Police,-0.079907,51.517785,On or near Victoria Avenue,E01032739,City of London 001F,Shoplifting,Unable to prosecute suspect,
a9ea9f4d85ffcbac95a0d0f1206286116d7125fdf72b665a2ad8198117b4bd18,2025-11,City of London Police,City of London Police,-0.081512,51.518692,On or near London Liverpool Street,E01032739,City of London 001F,Shoplifting,Status update unavailable,
a3b1f0fb607152f8591595e4432540259c6eb21a11f060bc6f4867b57028760b,2025-11,City of London Police,City of London Police,-0.097291,51.514626,On or near Supermarket,E01032739,City of London 001F,Shoplifting,Unable to prosecute suspect,
626407fb2d2b4fb0ae41df6686fe174912d2ab290e9f0ee0c44a9faf90a97242,2025-11,City of London Police,City of London Police,-0.078278,51.513666,On or near Mitre Street,E01032739,City of London 001F,Shoplifting,Unable to prosecute suspect,
c77dc646fc9a5206ae540da1aa43ca406be1a3d4130fa52769cdb13b5fd2485d,2025-11,City of London Police,City of London Police,-0.079883,51.517326,On or near New Street,E01032739,City of London 001F,Shoplifting,Unable to prosecute suspect,
2db7b1a27226af8f48315a420a9db4474e1fcf4d0ab30fd681a438d2f6f6b29a,2025-11,City of London Police,City of London Police,-0.095224,51.513736,On or near Shopping Area,E01032739,City of London 001F,Shoplifting,Investigation complete; no suspect identified,
9ed8d0d8f3b40b28fb9f34672b076d720be5a839492d52d19466190ba8fb0ec8,2025-11,City of London Police,City of London Police,-0.094070,51.513079,On or near Watling Street,E01032739,City of London 001F,Shoplifting,Court result unavailable,
5a25476799a6685ecfadb395b0876cf324c026b792eb6a8491da08e3b88f91d6,2025-11,City of London Police,City of London Police,-0.086815,51.517007,On or near Circus Place,E01032739,City of London 001F,Shoplifting,Court result unavailable,
35cef3f98b03f48d52ec2b172ee094074276956a6c509d3624080ecf98b2aa0e,2025-11,City of London Police,City of London Police,-0.078278,51.513666,On or near Mitre Street,E01032739,City of London 001F,Shoplifting,Court result unavailable,
a33c0fad81875f7a28c13fabff82e7d9d3aab1c8c8417163563d11afbe73f59c,2025-11,City of London Police,City of London Police,-0.097291,51.514626,On or near Supermarket,E01032739,City of London 001F,Shoplifting,Investigation complete; no suspect identified,
d13855139d0b3dcae87ccb37e09e3d1bbd26dee3561bb42e80e32d455115474f,2025-11,City of London Police,City of London Police,-0.088903,51.510836,On or near Laurence Pountney Hill,E01032739,City of London 001F,Shoplifting,Investigation complete; no suspect identified,
1181a7b3af4e2f229901042c96e0cf60df6eae32b00f5e723b58ef0505e062b3,2025-11,City of London Police,City of London Police,-0.094070,51.513079,On or near Watling Street,E01032739,City of London 001F,Shoplifting,Unable to prosecute suspect,
a9c673e577d6835d3b9c397637ddb68c56a325853ddb276b0deae57476b01375,2025-11,City of London Police,City of London Police,-0.095224,51.513736,On or near Shopping Area,E01032739,City of London 001F,Shoplifting,Investigation complete; no suspect identified,
ad67ac40060c1fddda447c1753fcce382106d305aadaf2db41806f113b4caf50,2025-11,City of London Police,City of London Police,-0.086815,51.517007,On or near Circus Place,E01032739,City of London 001F,Shoplifting,Investigation complete; no suspect identified,
9f4df74939a8ef1e241ad7ed3550219930a2e18f76c85d25e31b3501a06f9e77,2025-11,City of London Police,City of London Police,-0.081113,51.516869,On or near Bishopsgate,E01032739,City of London 001F,Theft from the person,Investigation complete; no suspect identified,
8cf155385606e5a691aa55fa705cb42e0e9ead0ae0fb3f34b2b670e0b857a5f9,2025-11,City of London Police,City of London Police,-0.091947,51.513188,On or near Pancras Lane,E01032739,City of London 001F,Theft from the person,Investigation complete; no suspect identified,
9c0195deca50cd01c14083e8bff17865fba97d53977a287024e3280871da0a59,2025-11,City of London Police,City of London Police,-0.084754,51.512882,On or near Corbet Court,E01032739,City of London 001F,Theft from the person,Investigation complete; no suspect identified,
1424edd5c3ae6cbca60ea12606078dfa60d4276c39da77fdff6c496819ff1f96,2025-11,City of London Police,City of London Police,-0.078424,51.518093,On or near Widegate Street,E01032739,City of London 001F,Theft from the person,Investigation complete; no suspect identified,
33c740d14ade060562bad0490b8c9f20f7001d2bc5c98c5b8f503ac99ce4d72b,2025-11,City of London Police,City of London Police,-0.079907,51.517785,On or near Victoria Avenue,E01032739,City of London 001F,Theft from the person,Investigation complete; no suspect identified,
94fd8c040b7bd4575c9cb4ddcc7cb8cac61d28794086eb82f667190dab493ff7,2025-11,City of London Police,City of London Police,-0.101906,51.511794,On or near Theatre/Concert Hall,E01032739,City of London 001F,Theft from the person,Investigation complete; no suspect identified,
d6ba8af43db480e05d59ef7d31303dcf9f393001da5b146f344c6254638d23c9,2025-11,City of London Police,City of London Police,-0.081973,51.515948,On or near A10,E01032739,City of London 001F,Theft from the person,Investigation complete; no suspect identified,
38afc77ecd647d8e98a0f9fb572352ab04c2b09db2cbba07a5614b547d02dd83,2025-11,City of London Police,City of London Police,-0.081113,51.516869,On or near Bishopsgate,E01032739,City of London 001F,Theft from the person,Investigation complete; no suspect identified,
a39ae9260a919c13f15491033ec2bd661460d564c8b53435f110e719a89b2bc6,2025-11,City of London Police,City of London Police,-0.095924,51.513882,On or near Shopping Area,E01032739,City of London 001F,Theft from the person,Investigation complete; no suspect identified,
efe6245f1a3d730d4ecfe5898da79e9f34ada9a4c8679abd15e7d14b5fe4a0e4,2025-11,City of London Police,City of London Police,-0.081512,51.518692,On or near London Liverpool Street,E01032739,City of London 001F,Theft from the person,Investigation complete; no suspect identified,
cb392759e33d6178eb19ba66c1f0399b1e3a278d5441ee00133797636039b3ee,2025-11,City of London Police,City of London Police,-0.083600,51.509797,On or near St Mary At Hill,E01032739,City of London 001F,Theft from the person,Investigation complete; no suspect identified,
b02c8d1d219bd854db6f10fccef8d80f72044cd9ebe250d5cc1a0dd32478a2fc,2025-11,City of London Police,City of London Police,-0.095830,51.510967,On or near High Timber Street,E01032739,City of London 001F,Theft from the person,Investigation complete; no suspect identified,
4678be982b0181e24b213d49680d379cf2664c2af5ce40ce87bc8139a069b9fa,2025-11,City of London Police,City of London Police,-0.082133,51.515222,On or near St Helen'S Place,E01032739,City of London 001F,Theft from the person,Investigation complete; no suspect identified,
da498c3c74dac6549887f6268a297449ec1f6479bcaea7c5a272d5809b01a751,2025-11,City of London Police,City of London Police,-0.084754,51.512882,On or near Corbet Court,E01032739,City of London 001F,Theft from the person,Status update unavailable,
313130ca46e1e3c4e260f96b3f0c353bc1f05836f398b9423684c055d7ff87b3,2025-11,City of London Police,City of London Police,-0.081091,51.508820,On or near Water Lane,E01032739,City of London 001F,Theft from the person,Investigation complete; no suspect identified,
2647d48f3542d022f2b5cf453e1c169f0eadb0467792ed9ab1838d3139a19efe,2025-11,City of London Police,City of London Police,-0.091947,51.513188,On or near Pancras Lane,E01032739,City of London 001F,Theft from the person,Investigation complete; no suspect identified,
f7cd0cb0d8f055a342cb9284b4555c9318ee4e3d6ed512f39ca2b760b7f24b5f,2025-11,City of London Police,City of London Police,-0.081113,51.516869,On or near Bishopsgate,E01032739,City of London 001F,Theft from the person,Investigation complete; no suspect identified,
fb9cf7b4e96cee9b0fb0ee871c8f41d70ccbedc7af75a3f1b5d4fe4d8d79aa5f,2025-11,City of London Police,City of London Police,-0.097176,51.510836,On or near Trig Lane,E01032739,City of London 001F,Theft from the person,Investigation complete; no suspect identified,
5d45eb1cac334ff3a73112840da88d20a512d5311559664e761eefeb19ea5cbb,2025-11,City of London Police,City of London Police,-0.100201,51.513286,On or near Dean'S Court,E01032739,City of London 001F,Theft from the person,Investigation complete; no suspect identified,
219a28aa5f6dd03c0d74640b6fd50de63d332a11fcf89526ccb0f0c3ba64f294,2025-11,City of London Police,City of London Police,-0.087157,51.512624,On or near Lombard Street,E01032739,City of London 001F,Theft from the person,Investigation complete; no suspect identified,
2a5cc8177326799247185a336611f9f879a68858f6ec4006f332b7643a56044b,2025-11,City of London Police,City of London Police,-0.081113,51.516869,On or near Bishopsgate,E01032739,City of London 001F,Theft from the person,Investigation complete; no suspect identified,
8db0847790df9654638ef0fe3e486eff7d9a5378b2c43bb46988d28443133de9,2025-11,City of London Police,City of London Police,-0.091540,51.511896,On or near Cannon Street,E01032739,City of London 001F,Theft from the person,Investigation complete; no suspect identified,
db5a0bc1dc819cd9c4c419e98228d66063ff7ca96b95273e28498189ce7e0e56,2025-11,City of London Police,City of London Police,-0.092036,51.511049,On or near College Street,E01032739,City of London 001F,Theft from the person,Investigation complete; no suspect identified,
913b7e3536e8620f75c0883582eea9538fafb8defbac39c1a10e8a0b75851d89,2025-11,City of London Police,City of London Police,-0.104276,51.513712,On or near A201,E01032739,City of London 001F,Theft from the person,Investigation complete; no suspect identified,
a583d50df6511dc840aab0bc79be558657b9125453332d94cf4fc9694013fb4d,2025-11,City of London Police,City of London Police,-0.089208,51.509744,On or near Angel Lane,E01032739,City of London 001F,Theft from the person,Investigation complete; no suspect identified,
792b148c49c54ac949e5e848de2193fae8a9026f21eef598c2887c7d2b72b265,2025-11,City of London Police,City of London Police,-0.088785,51.517102,On or near Moorgate,E01032739,City of London 001F,Theft from the person,Investigation complete; no suspect identified,
b2fddcd3bd6361e644cf5318508b0a1966905c588250baef0c625b89d2cf7f9e,2025-11,City of London Police,City of London Police,-0.104276,51.513712,On or near A201,E01032739,City of London 001F,Theft from the person,Investigation complete; no suspect identified,
664ddadd766975d241a1de89fc29dd46b4cd526fb5138f0f95e1ac71b9f2fd82,2025-11,City of London Police,City of London Police,-0.086815,51.517007,On or near Circus Place,E01032739,City of London 001F,Theft from the person,Investigation complete; no suspect identified,
68fb5ebb948b402967d8a04a05965b07c5760e2f80d1fe9efec3ea0396fb8e79,2025-11,City of London Police,City of London Police,-0.082993,51.516360,On or near Wormwood Street,E01032739,City of London 001F,Theft from the person,Unable to prosecute suspect,
a7a04e8a571a7606aa661d3f9cd9205ee70bd7a2c2cc590e99d94c50f931f86b,2025-11,City of London Police,City of London Police,-0.083600,51.509797,On or near St Mary At Hill,E01032739,City of London 001F,Theft from the person,Investigation complete; no suspect identified,
4bb31b7e27224c920dab1ff488149559704936dabe62ef7aed886f262005c614,2025-11,City of London Police,City of London Police,-0.084844,51.510725,On or near Eastcheap,E01032739,City of London 001F,Theft from the person,Investigation complete; no suspect identified,
7a08a42ea2d8d26ac8fe7a8afce0e61318e4fae7c7a9729b59ea70938d0c3a17,2025-11,City of London Police,City of London Police,-0.084754,51.512882,On or near Corbet Court,E01032739,City of London 001F,Theft from the person,Investigation complete; no suspect identified,
1bc1705583da1e50032444f40af7e7d06ef9fa1cc96845e74db72487be80c940,2025-11,City of London Police,City of London Police,-0.083977,51.510441,On or near Lovat Lane,E01032739,City of London 001F,Theft from the person,Investigation complete; no suspect identified,
ca2edb3afb5714f86b19c977bf8a2baa6805e7cb1397e0a618bf55b022aaa737,2025-11,City of London Police,City of London Police,-0.087772,51.510665,On or near Martin Lane,E01032739,City of London 001F,Theft from the person,Investigation complete; no suspect identified,
6beb4f8e22bb714cf46c08f2510a1fc327bec356e07e9bd20d2c0399157d63dd,2025-11,City of London Police,City of London Police,-0.085089,51.512105,On or near Gracechurch Street,E01032739,City of London 001F,Theft from the person,Investigation complete; no suspect identified,
8f79393b0099f30ed8c0b06f27868516738f0a4c041d23f06214f3e1cf668d63,2025-11,City of London Police,City of London Police,-0.092633,51.509872,On or near Bell Wharf Lane,E01032739,City of London 001F,Vehicle crime,Investigation complete; no suspect identified,
624fddb02f67befaa60d0b30df29812e02b241ee508044ecc659055c233156fe,2025-11,City of London Police,City of London Police,-0.092633,51.509872,On or near Bell Wharf Lane,E01032739,City of London 001F,Vehicle crime,Investigation complete; no suspect identified,
2d4e47cfe55c4a95c069ec0140e67ad11a55ab5ddea408afb8a9a5749793ddb7,2025-11,City of London Police,City of London Police,-0.092633,51.509872,On or near Bell Wharf Lane,E01032739,City of London 001F,Vehicle crime,Investigation complete; no suspect identified,
f0c245a41938fe17bcf131c2124001039b86cfd3cbbc4a18c0c4f2fd0ffb971c,2025-11,City of London Police,City of London Police,-0.081902,51.517296,On or near Liverpool Street,E01032739,City of London 001F,Violence and sexual offences,Investigation complete; no suspect identified,
4e03b1a1ad983ec5564faa059c6ba38b3e4a023884e5d47fe463787710e2ed4a,2025-11,City of London Police,City of London Police,-0.089479,51.510864,On or near Gophir Lane,E01032739,City of London 001F,Violence and sexual offences,Unable to prosecute suspect,
521c14aa248a3cce6d591e60b5c33e85995015bc4afd2813d480f0d5c5d152f6,2025-11,City of London Police,City of London Police,-0.084844,51.510725,On or near Eastcheap,E01032739,City of London 001F,Violence and sexual offences,Unable to prosecute suspect,
bdb5e29eee6ac7217fe38e25706ab518335fd0b1dae83b58dc961be340b847a7,2025-11,City of London Police,City of London Police,-0.079521,51.511196,On or near New London Street,E01032739,City of London 001F,Violence and sexual offences,Investigation complete; no suspect identified,
5ef28a39bd8877713fd83c04a336facd8f26587618fab2c9b0ec22c5db910c96,2025-11,City of London Police,City of London Police,-0.101906,51.511794,On or near Theatre/Concert Hall,E01032739,City of London 001F,Violence and sexual offences,Unable to prosecute suspect,
71a05bb20d7cd423499e81fe4cebfda14634a42dc8175cd98c044d9675ef9cb8,2025-11,City of London Police,City of London Police,-0.078059,51.509967,On or near Trinity Square,E01032739,City of London 001F,Violence and sexual offences,Court result unavailable,
a946d623469419f5890497be1119b010b7265fd3e0153b80b04810ddb160653f,2025-11,City of London Police,City of London Police,-0.081113,51.516869,On or near Bishopsgate,E01032739,City of London 001F,Violence and sexual offences,Unable to prosecute suspect,
6c1f371e3fe7e8f6e9e57f8e94573af0a913f884dc1a3ba03506a4af21d4d959,2025-11,City of London Police,City of London Police,-0.081113,51.516869,On or near Bishopsgate,E01032739,City of London 001F,Violence and sexual offences,Awaiting court outcome,
00b97b22aeed0206bbcea181c45b36fa11b1e175c804ce004dcd426d2cf66311,2025-11,City of London Police,City of London Police,-0.091540,51.511896,On or near Cannon Street,E01032739,City of London 001F,Violence and sexual offences,Local resolution,
3a257d381a5eb10c09023c3863667b2a7a1673f25a93e6b43e9227403cf400f9,2025-11,City of London Police,City of London Police,-0.079907,51.517785,On or near Victoria Avenue,E01032739,City of London 001F,Violence and sexual offences,Court result unavailable,
c0ab6a23bed0ad947f51fa334782e793e57282fb586f6e06c59bf9ae851f167b,2025-11,City of London Police,City of London Police,-0.085228,51.511190,On or near Talbot Court,E01032739,City of London 001F,Violence and sexual offences,Unable to prosecute suspect,
f4bea5050b6893c6601b333700e1d9c4998c1e43b20df615214f99c240d393ef,2025-11,City of London Police,City of London Police,-0.081973,51.515948,On or near A10,E01032739,City of London 001F,Violence and sexual offences,Investigation complete; no suspect identified,
15e5489aebcf50ec5b77fdbf43d50b1faa45f9d355ca0c4d95eb846fd479d7cd,2025-11,City of London Police,City of London Police,-0.082993,51.516360,On or near Wormwood Street,E01032739,City of London 001F,Violence and sexual offences,Investigation complete; no suspect identified,
3399909c178affe6b324650f25c400e741cbe329ba812ffd7abbefce37ce8695,2025-11,City of London Police,City of London Police,-0.083600,51.509797,On or near St Mary At Hill,E01032739,City of London 001F,Violence and sexual offences,Unable to prosecute suspect,
5e2d90cf1440d25f8e58e1d053acc95daea62ca443f4e26b32e22081cab8075b,2025-11,City of London Police,City of London Police,-0.083977,51.510441,On or near Lovat Lane,E01032739,City of London 001F,Violence and sexual offences,Unable to prosecute suspect,
cc37980d71bfa8960abe6db348ade935e4c071de4c32eb01e8b83b5d13228c3e,2025-11,City of London Police,City of London Police,-0.081902,51.517296,On or near Liverpool Street,E01032739,City of London 001F,Violence and sexual offences,Offender given a caution,
b3ee7fff57b554a36e16c1500e1ca3520fe3cad514b7a6bab76db5fc2f33dbca,2025-11,City of London Police,City of London Police,-0.081113,51.516869,On or near Bishopsgate,E01032739,City of London 001F,Violence and sexual offences,Unable to prosecute suspect,
7cdc656cd06061cb482f2bcc7350ec43074ba01aedba0db97f0799d3b0cea97e,2025-11,City of London Police,City of London Police,-0.095924,51.513882,On or near Shopping Area,E01032739,City of London 001F,Violence and sexual offences,Investigation complete; no suspect identified,
b0034f6313203c737cdfcbbd77e5665ecd03e0992e05c290ac654bc2a6bb3071,2025-11,City of London Police,City of London Police,-0.078477,51.509965,On or near Muscovy Street,E01032739,City of London 001F,Violence and sexual offences,Investigation complete; no suspect identified,
24a8ac65e99cc04fbfe688bcd59f734a3664270bb730e91b1a66b8b035752c80,2025-11,City of London Police,City of London Police,-0.081113,51.516869,On or near Bishopsgate,E01032739,City of London 001F,Violence and sexual offences,Unable to prosecute suspect,
31aed958088a5c00b2440fbd004c6d3f96fd627c8e378685171d5b8f25e30074,2025-11,City of London Police,City of London Police,-0.079883,51.517326,On or near New Street,E01032739,City of London 001F,Violence and sexual offences,Investigation complete; no suspect identified,
e5accafedb110fb2b6a4d2d145228f5e2b953242614cc437d37acb849e46a1e4,2025-11,City of London Police,City of London Police,-0.091947,51.513188,On or near Pancras Lane,E01032739,City of London 001F,Violence and sexual offences,Status update unavailable,
a84349ed60e2eeda50ed7f10679151482050402ee974295f724c4a234ec74753,2025-11,City of London Police,City of London Police,-0.087157,51.512624,On or near Lombard Street,E01032739,City of London 001F,Violence and sexual offences,Status update unavailable,
13cb004dd5df129fd6926bacaab247463fc8a5ed5c144a0e6bdec7580a07ff67,2025-11,City of London Police,City of London Police,-0.094900,51.513209,On or near Bread Street,E01032739,City of London 001F,Violence and sexual offences,Awaiting court outcome,
7f8012d688872ef870de84c732801ee59c4d7fa3935abfa9fb6eaa09d0e1b02e,2025-11,City of London Police,City of London Police,-0.079138,51.508312,On or near Lower Thames Street,E01032739,City of London 001F,Violence and sexual offences,Status update unavailable,
9544a4e9b46a718e8aa6f5db70ca618b1e1678a817f4e49985d05eeb566d9d4b,2025-11,City of London Police,City of London Police,-0.081113,51.516869,On or near Bishopsgate,E01032739,City of London 001F,Violence and sexual offences,Investigation complete; no suspect identified,
86a2ede5825edd56369b0ec53d5b414bb23c4d57c6abc9a68b00436b9e3b4297,2025-11,City of London Police,City of London Police,-0.078755,51.518440,On or near Artillery Lane,E01032739,City of London 001F,Violence and sexual offences,Investigation complete; no suspect identified,
9a9bb7a456f75888da211cc73efe9a534fd360367661a6433b77b39ec2425c39,2025-11,City of London Police,City of London Police,-0.081113,51.516869,On or near Bishopsgate,E01032739,City of London 001F,Violence and sexual offences,Court result unavailable,
f6d9bd8c49b1be655be6f8282265c62fcb9767cbbd408903b76e99efdb172786,2025-11,City of London Police,City of London Police,-0.092531,51.512658,On or near Queen Street,E01032739,City of London 001F,Violence and sexual offences,Unable to prosecute suspect,
92714b4f27ae026a1dca7a618c3146e976d2b38236730d58c1634e1a4e798850,2025-11,City of London Police,City of London Police,-0.079883,51.517326,On or near New Street,E01032739,City of London 001F,Violence and sexual offences,Unable to prosecute suspect,
6bb6c585ffb749f4610b875e6ec9005d708b74f59ec708bb666382ac7081fa20,2025-11,City of London Police,City of London Police,-0.085089,51.512105,On or near Gracechurch Street,E01032739,City of London 001F,Violence and sexual offences,Unable to prosecute suspect,
75f476a5bd27a298dfcfb20e76a01dc5977de10b5b417112e59344d58c6afd23,2025-11,City of London Police,City of London Police,-0.080769,51.520236,On or near Further/Higher Educational Building,E01032739,City of London 001F,Violence and sexual offences,Investigation complete; no suspect identified,
84b8cef6ccd4b378f9a4681118016ce9872d6bced932e3cf32f122985f780741,2025-11,City of London Police,City of London Police,-0.078937,51.514109,On or near Heneage Place,E01032739,City of London 001F,Violence and sexual offences,Awaiting court outcome,
442a05e22ef24eb89b41399f17d22914a010b73a4b46650699917ad9629fb669,2025-11,City of London Police,City of London Police,-0.087157,51.512624,On or near Lombard Street,E01032739,City of London 001F,Violence and sexual offences,Unable to prosecute suspect,
5d54b1f9caa52d1197a088bb4a054daf3b2bb7c5bbb1a985a9c1a352ca5ee3ca,2025-11,City of London Police,City of London Police,-0.083977,51.510441,On or near Lovat Lane,E01032739,City of London 001F,Violence and sexual offences,Investigation complete; no suspect identified,
d9e6c57f16829609e8d6012a59ba16435aaad3edfbcfd4a7f0d607653441564a,2025-11,City of London Police,City of London Police,-0.079907,51.517785,On or near Victoria Avenue,E01032739,City of London 001F,Violence and sexual offences,Investigation complete; no suspect identified,
5e8c91c8c819b46c57154e96c99e6be135aa66aefb6ec7d8ca537739d01e6b25,2025-11,City of London Police,City of London Police,-0.081113,51.516869,On or near Bishopsgate,E01032739,City of London 001F,Violence and sexual offences,Court result unavailable,
f4f3640a78b152ec34e3367ea9204130db3348dbdc81111cc43b6e247c3da3c5,2025-11,City of London Police,City of London Police,-0.092531,51.512658,On or near Queen Street,E01032739,City of London 001F,Violence and sexual offences,Unable to prosecute suspect,
ddc7be8daec45fc16c4875ebfc2b289d8887534b99233e04352c99b1ee81d97f,2025-11,City of London Police,City of London Police,-0.086019,51.513631,On or near Finch Lane,E01032739,City of London 001F,Violence and sexual offences,Unable to prosecute suspect,
8a439cef457c533200442837ca6506fc4131adcb2d4958e18713a1bc1680279a,2025-11,City of London Police,City of London Police,-0.088785,51.517102,On or near Moorgate,E01032739,City of London 001F,Violence and sexual offences,Unable to prosecute suspect,
ecddcb70c7bb6c40577c89f1c4206e1bbdc1025d4d7cdf99fa9fd654cfb048ac,2025-11,City of London Police,City of London Police,-0.081113,51.516869,On or near Bishopsgate,E01032739,City of London 001F,Violence and sexual offences,Unable to prosecute suspect,
23fa89c7e215954253b1e92ceadee0bcdc2139e8dabcbee0aaee778ab1d1cc20,2025-11,City of London Police,City of London Police,-0.084836,51.511939,On or near Shopping Area,E01032739,City of London 001F,Violence and sexual offences,Unable to prosecute suspect,
ee66667bc14ce17ec552ae7c075d1a57ee79066c8f30a4af195c1b215069c304,2025-11,City of London Police,City of London Police,-0.081113,51.516869,On or near Bishopsgate,E01032739,City of London 001F,Violence and sexual offences,Investigation complete; no suspect identified,
c0c7f24e14fd4dcab7a785743cb4ac28c6b5ac258820997f73913fa157e71bfc,2025-11,City of London Police,City of London Police,-0.095830,51.510967,On or near High Timber Street,E01032739,City of London 001F,Violence and sexual offences,Status update unavailable,
6ac047f1404e31bd380185f3140b56d071d11be148dc8b8dbd1513106f038313,2025-11,City of London Police,City of London Police,-0.079907,51.517785,On or near Victoria Avenue,E01032739,City of London 001F,Violence and sexual offences,Unable to prosecute suspect,
e62d825d6106f7544694babfdfb3a396acb63a8b3b6c021a1647d9a11e95f39e,2025-11,City of London Police,City of London Police,-0.085228,51.511190,On or near Talbot Court,E01032739,City of London 001F,Violence and sexual offences,Investigation complete; no suspect identified,
98052cfa227dfcbc3160bc6022a268b3729559c38079731b4f81a81b66126237,2025-11,City of London Police,City of London Police,-0.089822,51.516103,On or near Coleman Street,E01032739,City of London 001F,Violence and sexual offences,Investigation complete; no suspect identified,
1fc30b4b14afd6e9ea8fd17ec32a90d295a79c83940025ed5ce363013fb77b30,2025-11,City of London Police,City of London Police,-0.095830,51.510967,On or near High Timber Street,E01032739,City of London 001F,Violence and sexual offences,Unable to prosecute suspect,
91f9dfe39d87b12339d7526770775989b683258f4e1437ec8a762971455cccf3,2025-11,City of London Police,City of London Police,-0.080769,51.520236,On or near Further/Higher Educational Building,E01032739,City of London 001F,Violence and sexual offences,Investigation complete; no suspect identified,
1e75857ea08fcf12ea171ab6c4190ea8714120c5e583417f9120155f7218d80a,2025-11,City of London Police,City of London Police,-0.081113,51.516869,On or near Bishopsgate,E01032739,City of London 001F,Violence and sexual offences,Awaiting court outcome,
c26b53579bdd4239810dfd962496e2625ec80bee5db192da5439564d447f8ab2,2025-11,City of London Police,City of London Police,-0.081113,51.516869,On or near Bishopsgate,E01032739,City of London 001F,Violence and sexual offences,Unable to prosecute suspect,
d80d15be5d1ab0cad0d90c4185d4f5dcd1b295adc0276967d9041fef1e825dda,2025-11,City of London Police,City of London Police,-0.095924,51.513882,On or near Shopping Area,E01032739,City of London 001F,Violence and sexual offences,Unable to prosecute suspect,
556fefa4e9b9c5353cbb4c622b95a81c330bc36b5d08c6aad8e31ad9d13a4ff4,2025-11,City of London Police,City of London Police,-0.083349,51.514830,On or near Shopping Area,E01032739,City of London 001F,Violence and sexual offences,Unable to prosecute suspect,
ff0eaa8473c61a36bef6b061badb6148297f608472502e447be28be83ce02f8f,2025-11,City of London Police,City of London Police,-0.082993,51.516360,On or near Wormwood Street,E01032739,City of London 001F,Violence and sexual offences,Status update unavailable,
2c307d0abfe0c56f5e2e3d746aa452941b432d780ee89de8639559689213b7a5,2025-11,City of London Police,City of London Police,-0.086019,51.513631,On or near Finch Lane,E01032739,City of London 001F,Violence and sexual offences,Unable to prosecute suspect,
09d68001bbd4193b5e18862f17a55c5cd6e4186dbc48c49aaa5be30a8731db93,2025-11,City of London Police,City of London Police,-0.095924,51.513882,On or near Shopping Area,E01032739,City of London 001F,Violence and sexual offences,Unable to prosecute suspect,
fc246da3c9e72cb6a0583bba638987d5ed73da46f6d45e8f3a3000c1d8a0618c,2025-11,City of London Police,City of London Police,-0.084754,51.512882,On or near Corbet Court,E01032739,City of London 001F,Violence and sexual offences,Unable to prosecute suspect,
ae864911f43ec6ba1c5e15173e962c8114a2e2cb7edba4b7f7749a8b66a58214,2025-11,City of London Police,City of London Police,-0.079907,51.517785,On or near Victoria Avenue,E01032739,City of London 001F,Violence and sexual offences,Unable to prosecute suspect,
3c0ba36738f9d3aab78837fca23bafb7042cde58cd2048d4444118106f9e4d8b,2025-11,City of London Police,City of London Police,-0.101906,51.511794,On or near Theatre/Concert Hall,E01032739,City of London 001F,Violence and sexual offences,Unable to prosecute suspect,
321a6c5b190082f723391c24e0a7a412e0bb2a2530933ddc6b29a307ada62320,2025-11,City of London Police,City of London Police,-0.079907,51.517785,On or near Victoria Avenue,E01032739,City of London 001F,Violence and sexual offences,Unable to prosecute suspect,
6bd01e165a679dd19ca7299f6f74c75d2c93690792fba2777e1d9c584039ea1b,2025-11,City of London Police,City of London Police,-0.102134,51.513929,On or near Ludgate Hill,E01032739,City of London 001F,Violence and sexual offences,Awaiting court outcome,
c7db1a74ae6cbfe7b483f7798b9c2605c75fb4e33d87f84a773072af42bde6c7,2025-11,City of London Police,City of London Police,-0.081113,51.516869,On or near Bishopsgate,E01032739,City of London 001F,Violence and sexual offences,Awaiting court outcome,
25d46c9792b36ab0e374de6b918ca0cabff925cfbeea294729ae4cf5e31360ec,2025-11,City of London Police,City of London Police,-0.082993,51.516360,On or near Wormwood Street,E01032739,City of London 001F,Violence and sexual offences,Status update unavailable,
0f1436fe731be25110a39ef8b64861cb28388d462f061eb8d4d4bd752e924100,2025-11,City of London Police,City of London Police,-0.100201,51.513286,On or near Dean'S Court,E01032739,City of London 001F,Violence and sexual offences,Unable to prosecute suspect,
04f2b486b9844a9ec4e38b4a7c24a34000feeb1765a302f40875ecebca41a5fe,2025-11,City of London Police,City of London Police,-0.081113,51.516869,On or near Bishopsgate,E01032739,City of London 001F,Violence and sexual offences,Unable to prosecute suspect,
77a190810cff5c74afa12ccab955835eab97fca80f2dafecd1151701a9820d63,2025-11,City of London Police,City of London Police,-0.083349,51.514830,On or near Shopping Area,E01032739,City of London 001F,Violence and sexual offences,Investigation complete; no suspect identified,
54acdbcd54df4b6fc8e24412646726791448d76ce2ea69d4e5396ce554b14863,2025-11,City of London Police,City of London Police,-0.082993,51.516360,On or near Wormwood Street,E01032739,City of London 001F,Violence and sexual offences,Unable to prosecute suspect,
0b5332d9ef7043ea83969c8daca72c5788461724b5970601239002ba1c983862,2025-11,City of London Police,City of London Police,-0.092531,51.512658,On or near Queen Street,E01032739,City of London 001F,Violence and sexual offences,Unable to prosecute suspect,
6f29b41747fcfb62029664af14ff695c290e9ab2a7deb2016bc8283d15ea48ab,2025-11,City of London Police,City of London Police,-0.102134,51.513929,On or near Ludgate Hill,E01032739,City of London 001F,Violence and sexual offences,Unable to prosecute suspect,
04194c4385f3921e39ab1b86897fda7fda4bfd0d7c620484db66ef02f514663c,2025-11,City of London Police,City of London Police,-0.077959,51.511332,On or near Crutched Friars,E01032739,City of London 001F,Violence and sexual offences,Unable to prosecute suspect,
713d8ccae790e698cffc94c339ef5526147c8f9830657eabfaab91954d284836,2025-11,City of London Police,City of London Police,-0.083600,51.509797,On or near St Mary At Hill,E01032739,City of London 001F,Violence and sexual offences,Unable to prosecute suspect,
799af729e7c30a4cae3308c03b36025a132cf8eb83163ece3aeec1193a84dd5b,2025-11,City of London Police,City of London Police,-0.092531,51.512658,On or near Queen Street,E01032739,City of London 001F,Violence and sexual offences,Investigation complete; no suspect identified,
b919e9d8dd6aa0a106d2c373423b0a96170bcef873a6698bda5c733c6282532c,2025-11,City of London Police,City of London Police,-0.085228,51.511190,On or near Talbot Court,E01032739,City of London 001F,Violence and sexual offences,Unable to prosecute suspect,
f477c7ef79822d9c6ee1f7b931696471184c0b8acf1da2ec7248b3861fdb76e9,2025-11,City of London Police,City of London Police,-0.077959,51.511332,On or near Crutched Friars,E01032739,City of London 001F,Violence and sexual offences,Status update unavailable,
599a5590462e9725f839d375d39887717a48309acd155c415e86baf6482d024f,2025-11,City of London Police,City of London Police,-0.081512,51.518692,On or near London Liverpool Street,E01032739,City of London 001F,Violence and sexual offences,Status update unavailable,
81378c1e9448e8f76dc6f3addfb289615b16f5d4a016629c73fca591e0e52e6c,2025-11,City of London Police,City of London Police,-0.081113,51.516869,On or near Bishopsgate,E01032739,City of London 001F,Violence and sexual offences,Unable to prosecute suspect,
470bc851facff0fcd9359cdae4092a9fcd662663dbf41d425f6252eac31d512c,2025-11,City of London Police,City of London Police,-0.084559,51.510316,On or near Botolph Lane,E01032739,City of London 001F,Violence and sexual offences,Offender given a caution,
45028b98b77a971e467ee4f3013b69c1a3bfcee9bedf16c457e1a39edb6d8777,2025-11,City of London Police,City of London Police,-0.084844,51.510725,On or near Eastcheap,E01032739,City of London 001F,Violence and sexual offences,Unable to prosecute suspect,
c6c9b232ad272364d9917aa3a8bba5b047872d1059d796909213712f0b878637,2025-11,City of London Police,City of London Police,-0.092531,51.512658,On or near Queen Street,E01032739,City of London 001F,Violence and sexual offences,Unable to prosecute suspect,
2a6ef15c24367bce98651981cd7668517007ef4c83bd281e3ee5a918666c2bda,2025-11,City of London Police,City of London Police,-0.094900,51.513209,On or near Bread Street,E01032739,City of London 001F,Violence and sexual offences,Investigation complete; no suspect identified,
8cd0560c7121068236bd48a4c6fa6413c4183673c79e2ac1198bf715ee7bdb69,2025-11,City of London Police,City of London Police,-0.085228,51.511190,On or near Talbot Court,E01032739,City of London 001F,Violence and sexual offences,Investigation complete; no suspect identified,
55524be2c90e3aac977dafd52084cdb25a596027e223dcb994d8c431bfb99536,2025-11,City of London Police,City of London Police,-0.082993,51.516360,On or near Wormwood Street,E01032739,City of London 001F,Violence and sexual offences,Unable to prosecute suspect,
1784682273309baf5b93370e9103d290466c5f1fab140289f06f8ee04ebefec8,2025-11,City of London Police,City of London Police,-0.081113,51.516869,On or near Bishopsgate,E01032739,City of London 001F,Violence and sexual offences,Awaiting court outcome,
2469a98ec7b28e1615627e94c884ac579bb709ab4fd52f143a7869dc865ecda5,2025-11,City of London Police,City of London Police,-0.085228,51.511190,On or near Talbot Court,E01032739,City of London 001F,Violence and sexual offences,Unable to prosecute suspect,
44135fecc46c4ddc7fffd7bffecc95b7c7c656201bddd94fa60d36651e735ae4,2025-11,City of London Police,City of London Police,-0.084559,51.510316,On or near Botolph Lane,E01032739,City of London 001F,Violence and sexual offences,Status update unavailable,
378908180d4159ab790a69cbb2078b29376b464ad3e38bb706bbc30ede8f134e,2025-11,City of London Police,City of London Police,-0.083977,51.510441,On or near Lovat Lane,E01032739,City of London 001F,Violence and sexual offences,Investigation complete; no suspect identified,
623e5541f314e564a37486e190f11de858b554cbea67cd6dbd8975a38ddb7623,2025-11,City of London Police,City of London Police,-0.101292,51.514770,On or near Amen Court,E01032739,City of London 001F,Other crime,Status update unavailable,
96a919fdaf637064fad5e838cbbe65cb2c65d36cee558d11bc6e0a60db9242fe,2025-11,City of London Police,City of London Police,-0.081113,51.516869,On or near Bishopsgate,E01032739,City of London 001F,Other crime,Status update unavailable,
3a5ff5828bb93d56df130d7eddf27d74e34362994fbe0bb937e424fef243d772,2025-11,City of London Police,City of London Police,-0.083977,51.510441,On or near Lovat Lane,E01032739,City of London 001F,Other crime,Status update unavailable,
14a915aac634f3c1fccb2f44daec58c93e1670bc9940257303446a61f6f71704,2025-11,City of London Police,City of London Police,-0.081113,51.516869,On or near Bishopsgate,E01032739,City of London 001F,Other crime,Status update unavailable,
43e9be7a477a4533212d06bb03613df9b190ca5d69c093b50e53eae5ae335002,2025-11,City of London Police,City of London Police,-0.091540,51.511896,On or near Cannon Street,E01032739,City of London 001F,Other crime,Local resolution,
,2025-11,City of London Police,City of London Police,-0.106076,51.517239,On or near Conference/Exhibition Centre,E01032740,City of London 001G,Anti-social behaviour,,
,2025-11,City of London Police,City of London Police,-0.103490,51.513897,On or near City Thameslink,E01032740,City of London 001G,Anti-social behaviour,,
9bc9384c2820d3a9478fbb649e5977f9b8c9a2b1ebe59befc04d9c610b318ee0,2025-11,City of London Police,City of London Police,-0.105131,51.513941,On or near Bride Lane,E01032740,City of London 001G,Bicycle theft,Investigation complete; no suspect identified,
8ee82a4c63d1b4bb4dfea15408bf08d48cb629025c56caeef709cf569b1014aa,2025-11,City of London Police,City of London Police,-0.105131,51.513941,On or near Bride Lane,E01032740,City of London 001G,Burglary,Investigation complete; no suspect identified,
bfa872379b6d9e926f6a220501e84bf0a2c641f9edc6bca257c8246a7dec97bc,2025-11,City of London Police,City of London Police,-0.101621,51.516906,On or near Giltspur Street,E01032740,City of London 001G,Burglary,Investigation complete; no suspect identified,
916b777377eb876b4a16beb19bef89d68b1855ce7d17efdad6c812f439aea168,2025-11,City of London Police,City of London Police,-0.110474,51.517193,On or near Furnival Street,E01032740,City of London 001G,Burglary,Investigation complete; no suspect identified,
1313a024fd589fb4220cc871265c59231055699be4ab05e10d1eb4a76b1efaae,2025-11,City of London Police,City of London Police,-0.102726,51.513911,On or near Pageantmaster Court,E01032740,City of London 001G,Burglary,Awaiting court outcome,
ae5596298e7088b611e74f921d5986e711fc8393ce211226bb1639b0e2a7144c,2025-11,City of London Police,City of London Police,-0.103896,51.518346,On or near West Poultry Avenue,E01032740,City of London 001G,Burglary,Court result unavailable,
2e15c7390b64363f613cd5b6b7931188c1569040781ba17feb51f483be3cdec4,2025-11,City of London Police,City of London Police,-0.110474,51.517193,On or near Furnival Street,E01032740,City of London 001G,Criminal damage and arson,Unable to prosecute suspect,
6901a559460668176bbe99c9442bd746176c57bfc746a6dd7b715dd89ad53d6c,2025-11,City of London Police,City of London Police,-0.104980,51.512033,On or near Kingscote Street,E01032740,City of London 001G,Criminal damage and arson,Unable to prosecute suspect,
e9a4ebcd543bf0ebb142c18f50645e1fa84f1adc1c5edcf812d9f31bdad0c81a,2025-11,City of London Police,City of London Police,-0.107997,51.513313,On or near Bouverie Street,E01032740,City of London 001G,Criminal damage and arson,Status update unavailable,
9cfacc55fe8a4cee9f66495f4aa348f725f26c49f56813aaec0266b7c2d38c2d,2025-11,City of London Police,City of London Police,-0.103393,51.517978,On or near Smithfield Street,E01032740,City of London 001G,Drugs,Awaiting court outcome,
97813da9e398d7c87bc2e45b32a6601100c315c890dfcbaeffa862ca32d3b187,2025-11,City of London Police,City of London Police,-0.108027,51.511884,On or near Temple Avenue,E01032740,City of London 001G,Drugs,Awaiting court outcome,
b3a4718b4304ea8cd51e202c91793e3280c6e357870d8e0bcbdbd7b256e39637,2025-11,City of London Police,City of London Police,-0.106076,51.517239,On or near Conference/Exhibition Centre,E01032740,City of London 001G,Drugs,Local resolution,
a2d9ba968eab547eb798bbc3964fdc0e1336eb400398e4ddbc3755485d56ad09,2025-11,City of London Police,City of London Police,-0.110690,51.517916,On or near Further/Higher Educational Building,E01032740,City of London 001G,Drugs,Court result unavailable,
3f20edd8588ac0afff99369be393404d5eecf143805f7aca7b46c91ff1b6c89f,2025-11,City of London Police,City of London Police,-0.108450,51.514202,On or near Fleet Street,E01032740,City of London 001G,Drugs,Court result unavailable,
6c728e614ceedfaa5678eae6d0e0e30856e493fd53ad0d2c9b5c1d1a41e1c322,2025-11,City of London Police,City of London Police,-0.104980,51.512033,On or near Kingscote Street,E01032740,City of London 001G,Other theft,Investigation complete; no suspect identified,
ae791b629a21660f7770a75c0e56e39a87e30ebc9a215469638395107ee4b77e,2025-11,City of London Police,City of London Police,-0.099803,51.519026,On or near Cloth Fair,E01032740,City of London 001G,Other theft,Investigation complete; no suspect identified,
1b27020c7383279e8cc02a31543f9938c896bd44726a523082d6c0c1b3b1c87d,2025-11,City of London Police,City of London Police,-0.109164,51.517846,On or near Holborn,E01032740,City of London 001G,Other theft,Investigation complete; no suspect identified,
b101ced5201c739813f16b84dab41895a8076eea145910ab68a1ec552aed732e,2025-11,City of London Police,City of London Police,-0.101359,51.518700,On or near Parking Area,E01032740,City of London 001G,Other theft,Investigation complete; no suspect identified,
d825df7054aeb72f9a18ab62c5373cf4a1d736266d7b9929bc80a3f3578ef80a,2025-11,City of London Police,City of London Police,-0.105909,51.513262,On or near Dorset Buildings,E01032740,City of London 001G,Other theft,Investigation complete; no suspect identified,
3a3db18c44eb3f3a898e840d6201f700557f1fba6b304dcbc0e6e7f973ba68c1,2025-11,City of London Police,City of London Police,-0.098017,51.519689,On or near Cloth Street,E01032740,City of London 001G,Other theft,Investigation complete; no suspect identified,
090e6acc6b3d6a2c2d8686a604f9634364ad5719eaed58253b6e2f809259bf35,2025-11,City of London Police,City of London Police,-0.106076,51.517239,On or near Conference/Exhibition Centre,E01032740,City of London 001G,Other theft,Investigation complete; no suspect identified,
ecdd0e66369b01ec713ac69da702838c9e31ee55bb73d2f7c01aafc349ddfddf,2025-11,City of London Police,City of London Police,-0.106076,51.517239,On or near Conference/Exhibition Centre,E01032740,City of London 001G,Other theft,Investigation complete; no suspect identified,
b29e5f60d1a1dc9d8ea075d6f27fdfe90c366a152817b46562d848e594d3b023,2025-11,City of London Police,City of London Police,-0.104980,51.512033,On or near Kingscote Street,E01032740,City of London 001G,Other theft,Investigation complete; no suspect identified,
b3f6d42a7da37bfe6624a2285eab429d4a956673b80710f93e5c09fb015c620d,2025-11,City of London Police,City of London Police,-0.106076,51.517239,On or near Conference/Exhibition Centre,E01032740,City of London 001G,Other theft,Investigation complete; no suspect identified,
d676056ad920667956da3c45716b4de0feb6ddff185edf54e06aab91eeeca52d,2025-11,City of London Police,City of London Police,-0.102812,51.517051,On or near Police Station,E01032740,City of London 001G,Other theft,Awaiting court outcome,
07e2d3fd51dfadfbb9cc376a84be7976cc7da32b661aceb00718e9fbb5b6397d,2025-11,City of London Police,City of London Police,-0.106076,51.517239,On or near Conference/Exhibition Centre,E01032740,City of London 001G,Other theft,Investigation complete; no suspect identified,
64825c7908630fb346951b7388d4ac6f885c7508ad88b4ce0dafc61d6067f25d,2025-11,City of London Police,City of London Police,-0.107443,51.515534,On or near Printer Street,E01032740,City of London 001G,Other theft,Investigation complete; no suspect identified,
5d013744c994549ecf532ba747856a41669045019919a2eecc1b271a35c51c49,2025-11,City of London Police,City of London Police,-0.102812,51.517051,On or near Police Station,E01032740,City of London 001G,Other theft,Investigation complete; no suspect identified,
c05a2f02c4b5ecd1d804a9356b1f722046ec0ed0aec09556b32a7e2b77bbced2,2025-11,City of London Police,City of London Police,-0.103490,51.513897,On or near City Thameslink,E01032740,City of London 001G,Other theft,Investigation complete; no suspect identified,
49d5ca11a91fc007cb7f62860fcf14669f3f6df439e747310d2b3333ef89872d,2025-11,City of London Police,City of London Police,-0.102812,51.517051,On or near Police Station,E01032740,City of London 001G,Other theft,Investigation complete; no suspect identified,
30423d81ce997ba5d6c05f1ffa153e1023d89b48dd9a7c8e4b2185499bd3c528,2025-11,City of London Police,City of London Police,-0.105131,51.513941,On or near Bride Lane,E01032740,City of London 001G,Other theft,Investigation complete; no suspect identified,
c41fe413ade9c9427e4a8d7c8e5256e80e4ea2ffda1067f0ef3305fde2fedd00,2025-11,City of London Police,City of London Police,-0.107201,51.514092,On or near Conference/Exhibition Centre,E01032740,City of London 001G,Other theft,Investigation complete; no suspect identified,
59e00ff849887ceac5bba14035a27665b0e47350a02739d638529bcca8cdbb38,2025-11,City of London Police,City of London Police,-0.102812,51.517051,On or near Police Station,E01032740,City of London 001G,Other theft,Investigation complete; no suspect identified,
ea030f2036aafaa9b0f6944ca6664c5aefec4049732095f2f7ac3c57e636482a,2025-11,City of London Police,City of London Police,-0.102812,51.517051,On or near Police Station,E01032740,City of London 001G,Other theft,Investigation complete; no suspect identified,
4a8adfbafba9d96999028c1b90f3dcd8f528cbdb02b1b11797846102e0adc11e,2025-11,City of London Police,City of London Police,-0.106076,51.517239,On or near Conference/Exhibition Centre,E01032740,City of London 001G,Other theft,Investigation complete; no suspect identified,
b16f2102abb619e76b1c3265b98fb6c44bb25c50c08ad44d40a56ff01b0bbe07,2025-11,City of London Police,City of London Police,-0.099301,51.519674,On or near Hayne Street,E01032740,City of London 001G,Other theft,Investigation complete; no suspect identified,
2df707f9cfaffd40f005da0b167f1cc18aa9ef5ebc4294408c1fde847dddfbff,2025-11,City of London Police,City of London Police,-0.104980,51.512033,On or near Kingscote Street,E01032740,City of London 001G,Other theft,Investigation complete; no suspect identified,
db17f5d76681f1edd5ad6da2017e5816bed5acc5676b74030397f6485061fbc0,2025-11,City of London Police,City of London Police,-0.112953,51.518231,On or near Southampton Buildings,E01032740,City of London 001G,Other theft,Investigation complete; no suspect identified,
05fb3d9c071532c6a11f4972d3c1ab807f79a6e2f1b54d4ff646723566a302d2,2025-11,City of London Police,City of London Police,-0.106076,51.517239,On or near Conference/Exhibition Centre,E01032740,City of London 001G,Possession of weapons,Unable to prosecute suspect,
b6dacf66ad381af6feefc70e012f9f3d52cc4827c2fc6d93ebf291af9e4a81ad,2025-11,City of London Police,City of London Police,-0.105131,51.513941,On or near Bride Lane,E01032740,City of London 001G,Public order,Unable to prosecute suspect,
2f345fbfabd4f0bfa3eea61c29e356e443043c2e97ca91de8d54bd114686984f,2025-11,City of London Police,City of London Police,-0.108027,51.511884,On or near Temple Avenue,E01032740,City of London 001G,Public order,Awaiting court outcome,
192deb437816862f61e44067262a869824f246cc5f7b62d1ee876ece5d442ce4,2025-11,City of London Police,City of London Police,-0.108069,51.515041,On or near Gough Square,E01032740,City of London 001G,Public order,Unable to prosecute suspect,
103e7eaff7e2049cd975e0d351aebdc0581db3dd4c4d1399857bd5b13028f7a1,2025-11,City of London Police,City of London Police,-0.104980,51.512033,On or near Kingscote Street,E01032740,City of London 001G,Public order,Unable to prosecute suspect,
d59c87f25376d4303f1bef57a38d778278705146c15622e854ebc9d390965f03,2025-11,City of London Police,City of London Police,-0.109387,51.513839,On or near Old Mitre Court,E01032740,City of London 001G,Public order,Unable to prosecute suspect,
06546c7d108b05c1d410e5dc1538034236d8bcb499ed43193ec42a3ff58adf65,2025-11,City of London Police,City of London Police,-0.101359,51.518700,On or near Parking Area,E01032740,City of London 001G,Public order,Status update unavailable,
0b80142643cb4c7c90174b92aa319cf68ec4f9b261b18095d83c98ef7778e526,2025-11,City of London Police,City of London Police,-0.109164,51.517846,On or near Holborn,E01032740,City of London 001G,Public order,Unable to prosecute suspect,
4b0d68b82e9c9d673f43f1db38978071fb9781db21182680f5a9dc63fa58e771,2025-11,City of London Police,City of London Police,-0.101359,51.518700,On or near Parking Area,E01032740,City of London 001G,Public order,Status update unavailable,
9a33650c21222c90b5ef461743e82d6b132355badbf1fac6b6540667c3f1beb5,2025-11,City of London Police,City of London Police,-0.101621,51.516906,On or near Giltspur Street,E01032740,City of London 001G,Public order,Unable to prosecute suspect,
a4cfa2b0c58c58b4cfd37594df1585b307cfca1f2bfb412ff59282467f26410b,2025-11,City of London Police,City of London Police,-0.112953,51.518231,On or near Southampton Buildings,E01032740,City of London 001G,Robbery,Investigation complete; no suspect identified,
7df3e142e541f6a65ccca0c35179b258f1ea710a841a2f007076563741e729bf,2025-11,City of London Police,City of London Police,-0.112953,51.518231,On or near Southampton Buildings,E01032740,City of London 001G,Robbery,Investigation complete; no suspect identified,
9e132a4a68ea8fd607878e1f3024e50da6b73dcf31375df4c6cc4b336fbd23e7,2025-11,City of London Police,City of London Police,-0.112953,51.518231,On or near Southampton Buildings,E01032740,City of London 001G,Shoplifting,Investigation complete; no suspect identified,
1833d39c45ee63f27b1319be9d52b437af6adaa66b43c604f869b7a42e3c89ea,2025-11,City of London Police,City of London Police,-0.102726,51.513911,On or near Pageantmaster Court,E01032740,City of London 001G,Shoplifting,Investigation complete; no suspect identified,
bc9c8affb73dd27774ca43a1710e15f8a0ddd2677ab54e0a8400feee566a885d,2025-11,City of London Police,City of London Police,-0.112953,51.518231,On or near Southampton Buildings,E01032740,City of London 001G,Shoplifting,Investigation complete; no suspect identified,
5b43838b52f78695405b85a948b92fc8cd864d4991a1ec8d27e295f575cfa5a4,2025-11,City of London Police,City of London Police,-0.102726,51.513911,On or near Pageantmaster Court,E01032740,City of London 001G,Shoplifting,Investigation complete; no suspect identified,
334fdad2c6d78e0b8ddcc9d0330c403839190a03867024bbb4cbc8ff66534fb7,2025-11,City of London Police,City of London Police,-0.112953,51.518231,On or near Southampton Buildings,E01032740,City of London 001G,Shoplifting,Unable to prosecute suspect,
f7d320e30d0ae5b4803e9a62ea650b8aaaf45df170b9a2031129332a93ede394,2025-11,City of London Police,City of London Police,-0.112953,51.518231,On or near Southampton Buildings,E01032740,City of London 001G,Shoplifting,Investigation complete; no suspect identified,
74442d59a516f0ca96abed61032c1c658abab07c1ebefeb25df1f7e5b49fb6c1,2025-11,City of London Police,City of London Police,-0.104980,51.512033,On or near Kingscote Street,E01032740,City of London 001G,Shoplifting,Awaiting court outcome,
eb197c88e7bb30dd8e6c36220c2fe320cefb7b079b2460524a9865f90eae154c,2025-11,City of London Police,City of London Police,-0.106076,51.517239,On or near Conference/Exhibition Centre,E01032740,City of London 001G,Theft from the person,Investigation complete; no suspect identified,
1505f92181903d5b8739e467dbf734bf71d64e21de7d17b95cfbf4a2f0904bc1,2025-11,City of London Police,City of London Police,-0.104980,51.512033,On or near Kingscote Street,E01032740,City of London 001G,Theft from the person,Investigation complete; no suspect identified,
1efe7a7b99aa5b8a2b8bdbd79eeb8cf0818306cd0af4195a40ad1f723d656f4e,2025-11,City of London Police,City of London Police,-0.108027,51.511884,On or near Temple Avenue,E01032740,City of London 001G,Theft from the person,Investigation complete; no suspect identified,
aded1c4e4d95b1557b0714d5cbb6a50bcf6e8abaacef18684d1199d8803228a2,2025-11,City of London Police,City of London Police,-0.108027,51.511884,On or near Temple Avenue,E01032740,City of London 001G,Theft from the person,Investigation complete; no suspect identified,
66b8f625f4eb88095a201a1378b628b5b7c9d7fe0d21d3e7542ab04137bb0996,2025-11,City of London Police,City of London Police,-0.099803,51.519026,On or near Cloth Fair,E01032740,City of London 001G,Theft from the person,Investigation complete; no suspect identified,
7ea89c3708ce9027e1c7d1615e3017466f27d004689fa2bfb5b446504e78dbe6,2025-11,City of London Police,City of London Police,-0.104980,51.512033,On or near Kingscote Street,E01032740,City of London 001G,Theft from the person,Investigation complete; no suspect identified,
129dc53ba1b19509776617067775a6e1edbc2351436906f5d06873cebfc0fd3e,2025-11,City of London Police,City of London Police,-0.108027,51.511884,On or near Temple Avenue,E01032740,City of London 001G,Theft from the person,Investigation complete; no suspect identified,
856dc59c5ec2064de22d7c03225e6571a914b492ac7e85714f266e1638a97ca1,2025-11,City of London Police,City of London Police,-0.108450,51.514202,On or near Fleet Street,E01032740,City of London 001G,Theft from the person,Unable to prosecute suspect,
35d0ba1361d607a042bf6f659b44960c1b30fa123c5ed7e0368c575c36a26d20,2025-11,City of London Police,City of London Police,-0.101621,51.516906,On or near Giltspur Street,E01032740,City of London 001G,Vehicle crime,Status update unavailable,
b11fbe1ab64f5d7e5cf1e60d7c1d0fb27559dd5fdca5a1f86a161a3bca9834e8,2025-11,City of London Police,City of London Police,-0.101359,51.518700,On or near Parking Area,E01032740,City of London 001G,Vehicle crime,Investigation complete; no suspect identified,
8c81cc9035e485035233c19ba11361f0469dceb629759a3eca868f4eb1a9d519,2025-11,City of London Police,City of London Police,-0.105131,51.513941,On or near Bride Lane,E01032740,City of London 001G,Violence and sexual offences,Unable to prosecute suspect,
d3059351bc4c0cc0b3c6e4914375b2dea64557634c07bddf609d6abcb653afb5,2025-11,City of London Police,City of London Police,-0.104980,51.512033,On or near Kingscote Street,E01032740,City of London 001G,Violence and sexual offences,Unable to prosecute suspect,
248eea16c8a607e00fbd139a99bfaf1ff683d9c14425d97371f11f75a2244962,2025-11,City of London Police,City of London Police,-0.109387,51.513839,On or near Old Mitre Court,E01032740,City of London 001G,Violence and sexual offences,Investigation complete; no suspect identified,
1d117a1ec1692ddb5a160024a9547424d5495dbcd78dd426db5557a84edcf689,2025-11,City of London Police,City of London Police,-0.108450,51.514202,On or near Fleet Street,E01032740,City of London 001G,Violence and sexual offences,Unable to prosecute suspect,
8953861be4d60ae3ffea3b166dd7b66805d02470f62a5135aff4c90b6bdf94fd,2025-11,City of London Police,City of London Police,-0.106076,51.517239,On or near Conference/Exhibition Centre,E01032740,City of London 001G,Violence and sexual offences,Unable to prosecute suspect,
fa98e426ec54cf48e8fe206ccd79522dd24f6f6be0bda0a7cab4ac6e935f2c6d,2025-11,City of London Police,City of London Police,-0.101621,51.516906,On or near Giltspur Street,E01032740,City of London 001G,Violence and sexual offences,Unable to prosecute suspect,
9dad25ac67f1c28eb82688d7359b5e3b398cd044980bab7203725a58c77a192d,2025-11,City of London Police,City of London Police,-0.098017,51.519689,On or near Cloth Street,E01032740,City of London 001G,Violence and sexual offences,Investigation complete; no suspect identified,
5db54a49168afc3afeba2a810f078ac0e30a49542c5e16193d4dd8c472cdd474,2025-11,City of London Police,City of London Police,-0.108450,51.514202,On or near Fleet Street,E01032740,City of London 001G,Violence and sexual offences,Investigation complete; no suspect identified,
53162f36daf2b389697e12b08931159a0f87e5f4c482c7058f0f2d268c735a0e,2025-11,City of London Police,City of London Police,-1.522812,52.411333,On or near Chester Street,E01009650,Coventry 020E,Other theft,Status update unavailable,
e6e3803cae6c12b10a55bf62358b05efb386fd2ada0126584a439777d7ab25d3,2025-11,City of London Police,City of London Police,0.085998,51.447145,On or near Perpins Road,E01001618,Greenwich 030C,Other crime,Status update unavailable,
07cb7abcd8e21418546a71d08632c922af03c637debf67ed6be7e702f4f3f5d7,2025-11,City of London Police,City of London Police,-0.082648,51.520455,On or near Earl Street,E01033708,Hackney 033C,Drugs,Formal action is not in the public interest,
cb3d6fef4a24d47819dd91c40004bc687a0eb34873993bfd422fb5f4a9ef5201,2025-11,City of London Police,City of London Police,-0.224574,51.492223,On or near Shopping Area,E01001898,Hammersmith and Fulham 013C,Theft from the person,Status update unavailable,
03f1ccec87e1f0a070f46abf9b45c6ef710169a30191a8bfb7e81cc267373f5f,2025-11,City of London Police,City of London Police,-1.783171,53.629137,On or near Naomi Road,E01011226,Kirklees 048B,Other crime,Status update unavailable,
efb9b3f36e1512435f3facf45128afa76d61a8d35b7ad562a6e727477dea3f42,2025-11,City of London Police,City of London Police,-0.107329,51.489778,On or near Cottington Street,E01003108,Lambeth 002B,Drugs,Unable to prosecute suspect,
8bc2a1bb33ad39bd4ecee587b11f05e8a48538aab90e8403b922418058ebe428,2025-11,City of London Police,City of London Police,-0.118410,51.499488,On or near Hospital,E01003013,Lambeth 036A,Violence and sexual offences,Unable to prosecute suspect,
38001210f780b9047b500f9c30ebe7700d834e0087b5eb829d659486e91884b8,2025-11,City of London Police,City of London Police,-0.108877,51.506673,On or near Duchy Street,E01003016,Lambeth 036C,Drugs,Awaiting court outcome,
0755fc373b346a6dc5956c2bb8186e6d1b102dc2faedf13911f3f5d826d42136,2025-11,City of London Police,City of London Police,0.038003,51.534689,On or near Redclyffe Road,E01003489,Newham 019B,Violence and sexual offences,Status update unavailable,
776bd76d42ee1dfded5f8b1ae46f4ee2619680b12d8a0d7b1e373ec6bdda0632,2025-11,City of London Police,City of London Police,-0.086692,51.504452,On or near Hospital,E01003981,Southwark 006F,Theft from the person,Investigation complete; no suspect identified,
8f9963d02e944e3af8338d86c1f6766a293fdad5dd561824b5967195077855d9,2025-11,City of London Police,City of London Police,-0.102020,51.494143,On or near Pastor Street,E01003933,Southwark 034C,Violence and sexual offences,Status update unavailable,
1204ed2afc38da0c484507c81e483ef331e9e6ed40e23b02a3a58078e2ec32e8,2025-11,City of London Police,City of London Police,-0.078693,51.504851,On or near Conference/Exhibition Centre,E01033884,Southwark 035A,Other theft,Investigation complete; no suspect identified,
1a5e440fea5c40a7913354cce48f59dd120440b46b5e8bb67e700e2977e707e7,2025-11,City of London Police,City of London Police,-0.033855,51.518128,On or near Parking Area,E01004270,Tower Hamlets 014B,Violence and sexual offences,Status update unavailable,
170279a9535c77c03b800628833210e057d0f9ea6cdddd5ce4d3fe76862389a2,2025-11,City of London Police,City of London Police,-0.033855,51.518128,On or near Parking Area,E01004270,Tower Hamlets 014B,Violence and sexual offences,Status update unavailable,
f553460e85b0649cbfa99976a3898416b70bc73cc47e3ad6f05073baf777cbbc,2025-11,City of London Police,City of London Police,-0.072542,51.513100,On or near Further/Higher Educational Building,E01032767,Tower Hamlets 021F,Criminal damage and arson,Investigation complete; no suspect identified,
2f780a4c5b39db644bd268d34fdb4ae95478f7925c64ddf20431b047666dce46,2025-11,City of London Police,City of London Police,-0.072542,51.513100,On or near Further/Higher Educational Building,E01032767,Tower Hamlets 021F,Other theft,Investigation complete; no suspect identified,
fd50ab893370c7cac639a849a1d50ece8ef7410289e624a64ba15cb03b6c9c84,2025-11,City of London Police,City of London Police,-0.069709,51.515225,On or near Manningtree Street,E01035687,Tower Hamlets 021H,Violence and sexual offences,Unable to prosecute suspect,
002523fb4232784130a853a692989b712a4906c6cc5b6e23c6cd167c884f246a,2025-11,City of London Police,City of London Police,-0.066685,51.516866,On or near Plumbers Row,E01035687,Tower Hamlets 021H,Violence and sexual offences,Unable to prosecute suspect,
379e1b5528f450c80b96b03682c7cf86ddc5cc35951af5b6a133901c1c172ccb,2025-11,City of London Police,City of London Police,-0.074039,51.508588,On or near Tower Bridge Approach,E01004293,Tower Hamlets 027B,Criminal damage and arson,Local resolution,
7fb2eabecf93c5488e8b6dc4aa4b4779af672223a02b6ecf722dc2c76d7df99d,2025-11,City of London Police,City of London Police,-0.076667,51.509485,On or near A3211,E01004293,Tower Hamlets 027B,Theft from the person,Investigation complete; no suspect identified,
71878f6e639bef42b5a979f3ceb66a861ce99ec6e682d8d54d3cd85214b6f793,2025-11,City of London Police,City of London Police,-0.019855,51.567046,On or near Radlix Road,E01004434,Waltham Forest 026E,Other crime,Status update unavailable,
,2025-11,City of London Police,City of London Police,,,No Location,,,Anti-social behaviour,,
c55d28c65437f02dcf05ba7135c4c0435b41e1eba84bec9943b080b7e4987032,2025-11,City of London Police,City of London Police,,,No Location,,,Bicycle theft,Investigation complete; no suspect identified,
5ac49a71472bec3f3e00d44f2dec2fc195c7fcdc2f1238d7246498704f1ef6f6,2025-11,City of London Police,City of London Police,,,No Location,,,Bicycle theft,Investigation complete; no suspect identified,
5e056b75cfd89c13951aa666e3253de0ac69cde6a02b2b99a18547c5be94bb6a,2025-11,City of London Police,City of London Police,,,No Location,,,Bicycle theft,Investigation complete; no suspect identified,
39413b92d2ed3076cef19af25edb8eb80f25ad3569bd36f7d60ee912e5441db6,2025-11,City of London Police,City of London Police,,,No Location,,,Bicycle theft,Investigation complete; no suspect identified,
7b32710268a33e9d82792a31e9adeb7d0f840a5ad527bbe528c166fd027744cc,2025-11,City of London Police,City of London Police,,,No Location,,,Bicycle theft,Investigation complete; no suspect identified,
524b8cbacd17ebee8ce5aed0c658a4a310a99ad18e6e4740c6bacc2a59518de7,2025-11,City of London Police,City of London Police,,,No Location,,,Bicycle theft,Investigation complete; no suspect identified,
841d2b5b771104204446283b7b4e5b6adac671314e9d118a9aa84451f0877a4d,2025-11,City of London Police,City of London Police,,,No Location,,,Criminal damage and arson,Investigation complete; no suspect identified,
5ee60a775a290ec36e6a4e76038695543cb742eac006c6af85fd5a30f3900158,2025-11,City of London Police,City of London Police,,,No Location,,,Drugs,Status update unavailable,
a6d170538a5b6dae28ea777c7749c17de3ef92f3894c02e6ab81aeefda2c3c23,2025-11,City of London Police,City of London Police,,,No Location,,,Drugs,Local resolution,
556aaae38e19cc3482eb52c1c8e0e91d66165d7b973254ec017fa96ad73431cc,2025-11,City of London Police,City of London Police,,,No Location,,,Drugs,Status update unavailable,
eb407e613f555410ed78e74cb51efe6fd7bc133802f80ce3473be71cbbb01430,2025-11,City of London Police,City of London Police,,,No Location,,,Other theft,Investigation complete; no suspect identified,
38a30f47b6d89d1b7c9840d0c53c591b03747bcaab241bac2aa49c77af54c2eb,2025-11,City of London Police,City of London Police,,,No Location,,,Other theft,Investigation complete; no suspect identified,
c7fd116aef8a2aad8186492d39411da64f71d208e684ceb45496ff9f85817886,2025-11,City of London Police,City of London Police,,,No Location,,,Other theft,Court result unavailable,
e026935eb31c8ce5df65ac195ded482b5455780677d0ec3c83202f010268639e,2025-11,City of London Police,City of London Police,,,No Location,,,Other theft,Investigation complete; no suspect identified,
8db2fd0ba7910a6185940f74066e24ecfc256d2cff2dad1e1fd9bfa590e64bc7,2025-11,City of London Police,City of London Police,,,No Location,,,Other theft,Investigation complete; no suspect identified,
6527d5bd7f51055572798a4dee0cff3bb40413ee6e9c930067fb7afe90330e4b,2025-11,City of London Police,City of London Police,,,No Location,,,Other theft,Investigation complete; no suspect identified,
bbdc703f43a9b07d1dd01fc86ff53b42635326aa8686c304ea710d01bd2dafbc,2025-11,City of London Police,City of London Police,,,No Location,,,Other theft,Investigation complete; no suspect identified,
c1079baef4907b3c6439dd668a7351e6f25d972fa61152e99ca0514569580479,2025-11,City of London Police,City of London Police,,,No Location,,,Other theft,Investigation complete; no suspect identified,
03c8ea8d7c23a9351a38c0bf10828cf67529936f23da45f100f25d2acd83f0fb,2025-11,City of London Police,City of London Police,,,No Location,,,Other theft,Investigation complete; no suspect identified,
d91562a85b4d0aea1f98d9d07e96ca638318738c927d556cc70b8fcc01ba0b2e,2025-11,City of London Police,City of London Police,,,No Location,,,Other theft,Unable to prosecute suspect,
e8d11f2f73056678af7f3bb44557a692ae30caa3742bd4c7ce150d6c9892775c,2025-11,City of London Police,City of London Police,,,No Location,,,Other theft,Investigation complete; no suspect identified,
3f9230bb52ab1c098abf12bf3bb2f21d1d3e6f565fc31bdd8a05e445cb6fbcde,2025-11,City of London Police,City of London Police,,,No Location,,,Other theft,Awaiting court outcome,
9ce0c112f114a627f778217e93834f0b7c804e71afb8d4789417ffdda3599d38,2025-11,City of London Police,City of London Police,,,No Location,,,Other theft,Investigation complete; no suspect identified,
c9e409a0f69c8c7859ca9e12f084cf8a6dee13ddb7dacc6f138789b68b7e8ac4,2025-11,City of London Police,City of London Police,,,No Location,,,Other theft,Unable to prosecute suspect,
d607ef34e71bfce7a283d7348b5a5861b63ef11d33c01871abf68b96496d478f,2025-11,City of London Police,City of London Police,,,No Location,,,Public order,Investigation complete; no suspect identified,
6c0531732bde222db815c9e7e825bb3e778d3eccd8c4c6e7fdddf8e21199a3ed,2025-11,City of London Police,City of London Police,,,No Location,,,Public order,Unable to prosecute suspect,
d9d2bbc29b1e972e232734e55ebffc277b0e738bc6864b282a83848b78b6fe36,2025-11,City of London Police,City of London Police,,,No Location,,,Public order,Awaiting court outcome,
e09df71796abfa2d3666ecea2adac01ea4e974f3057122f7436b4ad464b32572,2025-11,City of London Police,City of London Police,,,No Location,,,Public order,Court result unavailable,
e7c5c932735c4b0ece04807dfd5d00565be2188f4aee7e90eb216ee4f27df36e,2025-11,City of London Police,City of London Police,,,No Location,,,Public order,Unable to prosecute suspect,
66bb0a8e48f1a805349352ebb195dcb69eacf41db03d9e59298a18aa6c6d4c6d,2025-11,City of London Police,City of London Police,,,No Location,,,Public order,Investigation complete; no suspect identified,
c17981b06a8dfd563fb83cbc8031385f932b6633655bedc865448220f7953474,2025-11,City of London Police,City of London Police,,,No Location,,,Robbery,Court result unavailable,
2cf02e0c2933c449230e352ffac8544bea1ea509bcaf3a0df9392e5a83dd252a,2025-11,City of London Police,City of London Police,,,No Location,,,Robbery,Investigation complete; no suspect identified,
5a06b1d431cd24da241405042e2ec489b076644d872cbf0db5938145cf7d8da4,2025-11,City of London Police,City of London Police,,,No Location,,,Robbery,Unable to prosecute suspect,
5c5c505f71608e46016406ee713696a192b7a37ce8f3984638d31c4bf6f97e8a,2025-11,City of London Police,City of London Police,,,No Location,,,Shoplifting,Local resolution,
5a846ba578e934c54ec30699ea3647ae7c982665cd23b3ace23add2e2dc27d56,2025-11,City of London Police,City of London Police,,,No Location,,,Shoplifting,Investigation complete; no suspect identified,
a5a11bb9dd298ffc22083b08525aea23b19b1d75667149c4aee95c40b925a993,2025-11,City of London Police,City of London Police,,,No Location,,,Shoplifting,Investigation complete; no suspect identified,
3742ebfaf7ea7165c963fe6557a89546a5d485b2790b87e12caeb6a85606a4d6,2025-11,City of London Police,City of London Police,,,No Location,,,Shoplifting,Investigation complete; no suspect identified,
210ce96a9ccaa4f1bdf53c66a5c36f9391a6e601ce1bf8796f9acddf5be831a1,2025-11,City of London Police,City of London Police,,,No Location,,,Shoplifting,Investigation complete; no suspect identified,
d6f4bc6977b9a1f5ed4ca212fe2aafdadce9d00cbb69a9be6ecc95d43cdf3e8a,2025-11,City of London Police,City of London Police,,,No Location,,,Shoplifting,Court result unavailable,
86103f89798f8babb23196bbe822c1e1afc70e1ab1ff0171a528005265ade45b,2025-11,City of London Police,City of London Police,,,No Location,,,Shoplifting,Investigation complete; no suspect identified,
b773dec6acddefab7dbc93f7cc6431668b7e4ad416fcf2f85b83504464c616c2,2025-11,City of London Police,City of London Police,,,No Location,,,Shoplifting,Unable to prosecute suspect,
c1a688c33b4a4b552b52839decca81b8a647d5060b8ae557c5ac574a9dc082d5,2025-11,City of London Police,City of London Police,,,No Location,,,Theft from the person,Investigation complete; no suspect identified,
4d63d89f1259779e0396adaeabb4493ba099d647aca3668213f2f1a65c5e81f2,2025-11,City of London Police,City of London Police,,,No Location,,,Theft from the person,Investigation complete; no suspect identified,
e6dedeb1beacd24d548df737c09f7bee99966a11b69f9ac1917d2935d033679c,2025-11,City of London Police,City of London Police,,,No Location,,,Theft from the person,Investigation complete; no suspect identified,
4d82199eda92ca577dd86842b35cd25ce6d75e3e28deb03a1843527425e47023,2025-11,City of London Police,City of London Police,,,No Location,,,Theft from the person,Investigation complete; no suspect identified,
318aa9124e5c5237ca4e816eda374814094b933350181ebd5726e16c7364e822,2025-11,City of London Police,City of London Police,,,No Location,,,Theft from the person,Investigation complete; no suspect identified,
563ac7388276a207ff6b606e7e7d60ef45cd822a3f7cf0bfd05622b975571fd6,2025-11,City of London Police,City of London Police,,,No Location,,,Theft from the person,Investigation complete; no suspect identified,
e58aba1af49e509aa1fdb5ce01ca1ee88c2b330e4c0b7a76a9f00acd101ff0d8,2025-11,City of London Police,City of London Police,,,No Location,,,Theft from the person,Investigation complete; no suspect identified,
b48da46626b9dd85ac7629236c934c673da4a05861232b0eda23f87ce340c2e0,2025-11,City of London Police,City of London Police,,,No Location,,,Theft from the person,Investigation complete; no suspect identified,
97f431da6bb28f402714f47925f3baf4ae174f73a71f79d662cd2904534b2f8f,2025-11,City of London Police,City of London Police,,,No Location,,,Violence and sexual offences,Unable to prosecute suspect,
2d68edb4a79629376be2bc59837c7833a4381def979f6ee770483fe32f9170cf,2025-11,City of London Police,City of London Police,,,No Location,,,Violence and sexual offences,Investigation complete; no suspect identified,
2d2e706b8a1c43bc748b1c5180d5c3c53ded5cda8e5f4bee9114b04c6639c5f7,2025-11,City of London Police,City of London Police,,,No Location,,,Violence and sexual offences,Status update unavailable,
6de7abe970f9a04bc0cb2707bd4f0558cde4f696bf409170425b0d8d4ac3cdf3,2025-11,City of London Police,City of London Police,,,No Location,,,Violence and sexual offences,Investigation complete; no suspect identified,
581e044b3e93af472e7ad71b71d8ec44fba9bfa3254e299743a1f1051fcd4b53,2025-11,City of London Police,City of London Police,,,No Location,,,Violence and sexual offences,Unable to prosecute suspect,
54d25a919728b85c35be41eac566a31b27b5647050a3807d63128522b9dfeb81,2025-11,City of London Police,City of London Police,,,No Location,,,Violence and sexual offences,Investigation complete; no suspect identified,
9ad9b1b80c90b8c303b1f7f3b4283a366a4a8e4483816dec1eb445bba17aaabe,2025-11,City of London Police,City of London Police,,,No Location,,,Violence and sexual offences,Status update unavailable,
bc74290433349032fbc8b3185913443c11a18743939e9d0f837a42e3544292f2,2025-11,City of London Police,City of London Police,,,No Location,,,Violence and sexual offences,Investigation complete; no suspect identified,
50c532d83a208dde096abd0349ec784d7db1edaa9c4b92de82d61db47461f60b,2025-11,City of London Police,City of London Police,,,No Location,,,Violence and sexual offences,Unable to prosecute suspect,
7a0fb7aadb98d6391c1478b84e084c1c634ad2419d6adbc98ba979f08f014e3b,2025-11,City of London Police,City of London Police,,,No Location,,,Violence and sexual offences,Unable to prosecute suspect,
40fea65066d424e8a0b6457eccd74c6570833bd8b1dd192d2030a56c6253e066,2025-11,City of London Police,City of London Police,,,No Location,,,Violence and sexual offences,Unable to prosecute suspect,
9efb9dc5bca6248e37675e5981ba6abd736da676c5c7c5a4fe6235c6845bf971,2025-11,City of London Police,City of London Police,,,No Location,,,Violence and sexual offences,Awaiting court outcome,
6f067a71cb9281bcdd19f97eb9b4e3a3b146744bafecb14799c025a339a6d586,2025-11,City of London Police,City of London Police,,,No Location,,,Violence and sexual offences,Unable to prosecute suspect,
043b4b0471c7592b49dcfc2a5c4cfa287105213a0a5f2264a91d2cadc730c822,2025-11,City of London Police,City of London Police,,,No Location,,,Violence and sexual offences,Unable to prosecute suspect,
7894d4cfc1dd37c49c653e82ce73b00c0828a9696dfae86e975696f0551dd989,2025-11,City of London Police,City of London Police,,,No Location,,,Violence and sexual offences,Status update unavailable,
416ae1af622708afbf5dbca543967a28ea9713d78a058a84669b836ad91af336,2025-11,City of London Police,City of London Police,,,No Location,,,Violence and sexual offences,Unable to prosecute suspect,
82c91698db5610d4c294dede219aed60b446dc9f50c4212b7f1d8e0b05e5e4de,2025-11,City of London Police,City of London Police,,,No Location,,,Violence and sexual offences,Awaiting court outcome,
f856a9df8bbd77535d87f45a39bbb507d33922cf439bffa6a2a3c06b68ed2bf5,2025-11,City of London Police,City of London Police,,,No Location,,,Violence and sexual offences,Local resolution,
14da278bcfe82e0b27b733118b7fecd37b0f496c5e82c70215f1632a56191e17,2025-11,City of London Police,City of London Police,,,No Location,,,Violence and sexual offences,Unable to prosecute suspect,
68d2ab36df25a531dbfc28c948ddd52fc0a698eccecb7b70fa5e52ab28b36d5d,2025-11,City of London Police,City of London Police,,,No Location,,,Violence and sexual offences,Unable to prosecute suspect,
1daae41dc8d362b701426c98d8490baa58ba4977f34fe42f7f493c5f01779c30,2025-11,City of London Police,City of London Police,,,No Location,,,Other crime,Status update unavailable,
2efcbfe15ce23338dfd6af8a38424ae0e6220caf6a0d21160dc51c9f8c9587cb,2025-11,City of London Police,City of London Police,,,No Location,,,Other crime,Status update unavailable,
