Crime ID,Month,Reported by,Falls within,Longitude,Latitude,Location,LSOA code,LSOA name,Crime type,Last outcome category,Context
4ba571ce58151d00efdc2a532175c128c43fc40de2e8fbd7fc4e5231ce68ce8c,2025-12,City of London Police,City of London Police,-0.258524,51.615801,On or near Grenville Place,E01000234,Barnet 021D,Violence and sexual offences,Status update unavailable,
bfc58b45c83aeb05d5356a9f7d262b30af105e93a6430fbdce19b920a51dcc08,2025-12,City of London Police,City of London Police,-1.863241,52.413807,On or near Daleview Road,E01008940,Birmingham 115B,Other crime,Investigation complete; no suspect identified,
5d255922432f2b28d6c5cd4d2588b9b31c99b61af7c5198a784174f734575e29,2025-12,City of London Police,City of London Police,-0.110350,51.518090,On or near Holborn,E01000917,Camden 027C,Bicycle theft,Investigation complete; no suspect identified,
5cce3898a573bdd78c4f3e8db6bacab541e3f9bf6824dbd95917047437975032,2025-12,City of London Police,City of London Police,-0.111596,51.518281,On or near Chancery Lane,E01000914,Camden 028B,Shoplifting,Status update unavailable,
19ad2c8be1bd3e0b9293557fc5da61e628bd76ca837a3f78cf3fbd35cce7e065,2025-12,City of London Police,City of London Police,-0.111596,51.518281,On or near Chancery Lane,E01000914,Camden 028B,Violence and sexual offences,Awaiting court outcome,
7a0f6468eff5556be2c41dbc76e79439a5d0bdcb7cab6d8ea84b4fb62429338a,2025-12,City of London Police,City of London Police,-0.111596,51.518281,On or near Chancery Lane,E01000914,Camden 028B,Violence and sexual offences,Unable to prosecute suspect,
97ab299860136d33b58bb4087d4442aded4d46ffa5d412325367db8151ec70f6,2025-12,City of London Police,City of London Police,-0.098519,51.517332,On or near Little Britain,E01000001,City of London 001A,Bicycle theft,Investigation complete; no suspect identified,
7c1f268635d058d6a5daf32e0aeea9454085136c6edaf7b16de5c79c8c5e3045,2025-12,City of London Police,City of London Police,-0.098519,51.517332,On or near Little Britain,E01000001,City of London 001A,Bicycle theft,Investigation complete; no suspect identified,
453d00e4d3995f71e0261865d209d0e0f1bc1374bf76d34c7552f3d0ecebf648,2025-12,City of London Police,City of London Police,-0.097245,51.515387,On or near St Martin'S Le Grand,E01000001,City of London 001A,Bicycle theft,Investigation complete; no suspect identified,
3df0eadd4b84653ab1843eeb87c3eb22e0da2c1424d220d1cbfeac25d7350cc4,2025-12,City of London Police,City of London Police,-0.097078,51.519045,On or near A1,E01000001,City of London 001A,Bicycle theft,Investigation complete; no suspect identified,
7be6162d3e2f117bcb809a7269439d9e6276f236f073e7a791cc72d93f12adf0,2025-12,City of London Police,City of London Police,-0.097103,51.518461,On or near Aldersgate Street,E01000001,City of London 001A,Criminal damage and arson,Investigation complete; no suspect identified,
c6a9ec33f1f6ce2e3c3ba7040c268fe2835cceaffea48282d0ea9feea239d6b7,2025-12,City of London Police,City of London Police,-0.097103,51.518461,On or near Aldersgate Street,E01000001,City of London 001A,Drugs,Local resolution,
988b381ef974b2452e589e1cb849d1d43975905fa944ee36073e85cbc39b38b3,2025-12,City of London Police,City of London Police,-0.097078,51.519045,On or near A1,E01000001,City of London 001A,Drugs,Local resolution,
bbcb6cfb7815079eb1ddf3f21ec524b1e317383f943f8e42428f2382252d43b0,2025-12,City of London Police,City of London Police,-0.098519,51.517332,On or near Little Britain,E01000001,City of London 001A,Other theft,Investigation complete; no suspect identified,
64920eee3222fe77748c91e55c060ae3d3dabea09152c75ffc64c04129ab4da5,2025-12,City of London Police,City of London Police,-0.098519,51.517332,On or near Little Britain,E01000001,City of London 001A,Other theft,Investigation complete; no suspect identified,
6c3d70a29630479f0d76f9f916133444a088ae386200e5f203aea091ff23c834,2025-12,City of London Police,City of London Police,-0.098519,51.517332,On or near Little Britain,E01000001,City of London 001A,Other theft,Unable to prosecute suspect,
f980d2211761106cb7051bb10196c55f3b5f7b26e7d6676d49b78fdb58f29b8f,2025-12,City of London Police,City of London Police,-0.097078,51.519045,On or near A1,E01000001,City of London 001A,Robbery,Investigation complete; no suspect identified,
bc41a044a25f99c613c8a74c90f4199ab11291d9205874c17b22698abfe7f4ce,2025-12,City of London Police,City of London Police,-0.098519,51.517332,On or near Little Britain,E01000001,City of London 001A,Theft from the person,Investigation complete; no suspect identified,
1d72f274603185b9bacf13dd0ff2ba0c8cf8866cfe414c3b0120f7758d408389,2025-12,City of London Police,City of London Police,-0.098519,51.517332,On or near Little Britain,E01000001,City of London 001A,Theft from the person,Investigation complete; no suspect identified,
5ee8fcfb3d105824ff15cc17db29795a3825d1c0a1432ac3c8f1e1c520c115fe,2025-12,City of London Police,City of London Police,-0.097290,51.521575,On or near Fann Street,E01000001,City of London 001A,Theft from the person,Unable to prosecute suspect,
b83d054b2f48e78a3efcd5dc6d5916f189c462c60cd3dece84b62ad8c3a8bcbb,2025-12,City of London Police,City of London Police,-0.097103,51.518461,On or near Aldersgate Street,E01000001,City of London 001A,Vehicle crime,Investigation complete; no suspect identified,
8f497fd25c88b00a07d9084bf6bbb5872f4a78e578c43b07ca82cdfb5cdf5364,2025-12,City of London Police,City of London Police,-0.097103,51.518461,On or near Aldersgate Street,E01000001,City of London 001A,Vehicle crime,Investigation complete; no suspect identified,
9ff5e473dafedee1bbac2b2b70304b2390525c1b5067b3c13f677293af23ee6a,2025-12,City of London Police,City of London Police,-0.094130,51.519961,On or near Theatre/Concert Hall,E01000002,City of London 001B,Bicycle theft,Investigation complete; no suspect identified,
1d29607a4cd3ec6dafa0b4d44dd2254b539e78668b7f319a0f76121bf603151b,2025-12,City of London Police,City of London Police,-0.092488,51.520598,On or near Silk Street,E01000002,City of London 001B,Bicycle theft,Investigation complete; no suspect identified,
c9e94981c5596234f99da6ee2ef95bf08ee9f31ab4e79b9092ea34f24dab6900,2025-12,City of London Police,City of London Police,-0.094130,51.519961,On or near Theatre/Concert Hall,E01000002,City of London 001B,Bicycle theft,Investigation complete; no suspect identified,
150051b47dc4e3868a93317cd971c6d132b6843e9b29f1f77a0e623965990c1d,2025-12,City of London Police,City of London Police,-0.094130,51.519961,On or near Theatre/Concert Hall,E01000002,City of London 001B,Bicycle theft,Investigation complete; no suspect identified,
fa58984c70beca49cf268f98732acd4a289bbb0e8f4ab563fb66850c2946da9c,2025-12,City of London Police,City of London Police,-0.093969,51.519300,On or near Park/Open Space,E01000002,City of London 001B,Bicycle theft,Investigation complete; no suspect identified,
1695af78208e188fa0a38bb9e3c175f3eba0c4b6e4f8c9cd21bbed319d87d3f8,2025-12,City of London Police,City of London Police,-0.092488,51.520598,On or near Silk Street,E01000002,City of London 001B,Bicycle theft,Investigation complete; no suspect identified,
b7e46900dc3e8825c28b8ce3d56783772d9532058a0752979f526fe64b8f4135,2025-12,City of London Police,City of London Police,-0.092971,51.516271,On or near Aldermanbury,E01000002,City of London 001B,Burglary,Investigation complete; no suspect identified,
4a9ef9d068d2868f1fb89fb7820f44fa5ece82a45d9b5e42c626be1845748001,2025-12,City of London Police,City of London Police,-0.094130,51.519961,On or near Theatre/Concert Hall,E01000002,City of London 001B,Criminal damage and arson,Status update unavailable,
1fd65492a1da223906d6693a54236e526d0668980261aaa130d02550c4a0d040,2025-12,City of London Police,City of London Police,-0.092971,51.516271,On or near Aldermanbury,E01000002,City of London 001B,Drugs,Status update unavailable,
57ba441d6e97cfcf9f4666cbb6035f9e0f8175e5ddfc1197d872e1348a76a2bd,2025-12,City of London Police,City of London Police,-0.093271,51.518066,On or near St Alphage Garden,E01000002,City of London 001B,Drugs,Investigation complete; no suspect identified,
9776130736ee102eef47b3ef9fb4d8f4a8fd8627bb3de0afdee78d95b2976740,2025-12,City of London Police,City of London Police,-0.095704,51.516747,On or near Noble Street,E01000002,City of London 001B,Other theft,Investigation complete; no suspect identified,
11066300f7fa5e9861ea7b9026b6353aa6db47fc4c31e5cf922fbf325132c387,2025-12,City of London Police,City of London Police,-0.091495,51.518145,On or near Fore Street,E01000002,City of London 001B,Other theft,Investigation complete; no suspect identified,
863585d354553f2292d0c8ff964316cfa96f13875463b5401c4a535f6f3453bc,2025-12,City of London Police,City of London Police,-0.095704,51.516747,On or near Noble Street,E01000002,City of London 001B,Other theft,Investigation complete; no suspect identified,
827f77f4f77189fa4825abf9574250312638428d3268fbde89dbe08550c75cb4,2025-12,City of London Police,City of London Police,-0.092374,51.519517,On or near Further/Higher Educational Building,E01000002,City of London 001B,Public order,Investigation complete; no suspect identified,
e89e817c914595ee96218f9fce2b2462b3e4bd0273bdb88b785c03f85e82402d,2025-12,City of London Police,City of London Police,-0.090553,51.518948,On or near Moor Lane,E01000002,City of London 001B,Robbery,Unable to prosecute suspect,
261a8737fe0101a807de42f33e7aa17a4a9b459d9efde0f46fa5cb6f20a9e4a0,2025-12,City of London Police,City of London Police,-0.090553,51.518948,On or near Moor Lane,E01000002,City of London 001B,Robbery,Unable to prosecute suspect,
14356a06f824524ee3377ac961ec31abfee7cfe65ac80b5b337297fc196a8740,2025-12,City of London Police,City of London Police,-0.090553,51.518948,On or near Moor Lane,E01000002,City of London 001B,Shoplifting,Awaiting court outcome,
9c91f6e85a4f19f9f1df33dc3a7feebb71f5dca833a5ef4d8843936e05c4317c,2025-12,City of London Police,City of London Police,-0.090553,51.518948,On or near Moor Lane,E01000002,City of London 001B,Shoplifting,Unable to prosecute suspect,
c07f4991f288eb6fdfb262a8d9bcaf376c7d24e315d48141374d95a63b8b5eb2,2025-12,City of London Police,City of London Police,-0.090553,51.518948,On or near Moor Lane,E01000002,City of London 001B,Shoplifting,Awaiting court outcome,
9c1de798da8cb0b9f5551c10dc32807b81fccd90f715a201965afac3fea4b971,2025-12,City of London Police,City of London Police,-0.090553,51.518948,On or near Moor Lane,E01000002,City of London 001B,Shoplifting,Unable to prosecute suspect,
4cb119a2f339d1bdb2e154dbad1db31d608b7f7e1748bd266a14af28b2d35b21,2025-12,City of London Police,City of London Police,-0.090553,51.518948,On or near Moor Lane,E01000002,City of London 001B,Shoplifting,Awaiting court outcome,
fda1805ed061b3ccc76b4751c62d1828fc0c9436a2d087bda35d0f9eecb8fb8e,2025-12,City of London Police,City of London Police,-0.090553,51.518948,On or near Moor Lane,E01000002,City of London 001B,Shoplifting,Awaiting court outcome,
50a09f3cd4adc04dfcf84a80bd6b0bd295966229372e71258e797a90b920466c,2025-12,City of London Police,City of London Police,-0.090553,51.518948,On or near Moor Lane,E01000002,City of London 001B,Shoplifting,Awaiting court outcome,
99894cffc66d59d9f48bbc4873c5b9151f4d6090b964af3384e2ea215574262c,2025-12,City of London Police,City of London Police,-0.090553,51.518948,On or near Moor Lane,E01000002,City of London 001B,Shoplifting,Investigation complete; no suspect identified,
519be71c45e5435861b33660e0c38ed09822c3d6453984460081e3170f4cd82d,2025-12,City of London Police,City of London Police,-0.090553,51.518948,On or near Moor Lane,E01000002,City of London 001B,Shoplifting,Awaiting court outcome,
e5846b5040e720b95a237bfad4a6f50a3ade558255a295140a9932530c327180,2025-12,City of London Police,City of London Police,-0.090553,51.518948,On or near Moor Lane,E01000002,City of London 001B,Shoplifting,Investigation complete; no suspect identified,
c60ff2b866710e1abab3752ae460dd3e51a723f1457bb95676e2b5430ab787f7,2025-12,City of London Police,City of London Police,-0.090553,51.518948,On or near Moor Lane,E01000002,City of London 001B,Shoplifting,Awaiting court outcome,
c460c4eadcf0c5fee1974233d17f8336f3f221aecee270f8043d721f897ffe4d,2025-12,City of London Police,City of London Police,-0.090553,51.518948,On or near Moor Lane,E01000002,City of London 001B,Shoplifting,Local resolution,
ec020a43fd1f5fdb0c0e22d9fba940ed08b7e8405ec72b4956917437270ef92b,2025-12,City of London Police,City of London Police,-0.090553,51.518948,On or near Moor Lane,E01000002,City of London 001B,Shoplifting,Awaiting court outcome,
6253fd0af558c1d1c9bb4cc7b7687efac476bfa3a55c66838bc9d532478be5ce,2025-12,City of London Police,City of London Police,-0.090105,51.520001,On or near Milton Court,E01000002,City of London 001B,Theft from the person,Investigation complete; no suspect identified,
bbc350bce1c435e12abf0159720d18c37deea0b8e177e1e379fa28731f6e8fd5,2025-12,City of London Police,City of London Police,-0.092971,51.516271,On or near Aldermanbury,E01000002,City of London 001B,Theft from the person,Investigation complete; no suspect identified,
cd0003c67678ce2cc2fbc7d25879d7fd7352362e027a9f36230cf6dc364f1c12,2025-12,City of London Police,City of London Police,-0.090105,51.520001,On or near Milton Court,E01000002,City of London 001B,Violence and sexual offences,Investigation complete; no suspect identified,
f9e8d1df1ef152253e07ab0f366a5d8896c98f7a33c647a037b6e25c225c1f87,2025-12,City of London Police,City of London Police,-0.093271,51.518066,On or near St Alphage Garden,E01000002,City of London 001B,Violence and sexual offences,Investigation complete; no suspect identified,
6a51b12789b6c4eb010e0a4078c906af11457174b3c026e64944716fc2dbdcd1,2025-12,City of London Police,City of London Police,-0.092297,51.518949,On or near Park/Open Space,E01000002,City of London 001B,Violence and sexual offences,Unable to prosecute suspect,
800a5dd35203d0c6b08b8f9c5cf34fe4df975864069aa9a8de2dc272061417f5,2025-12,City of London Police,City of London Police,-0.092971,51.516271,On or near Aldermanbury,E01000002,City of London 001B,Violence and sexual offences,Investigation complete; no suspect identified,
,2025-12,City of London Police,City of London Police,-0.094017,51.520901,On or near Theatre/Concert Hall,E01000003,City of London 001C,Anti-social behaviour,,
9ce71d5cf3a801dda95925b9f8f203376131a2cc9b55742b522780367d87cb54,2025-12,City of London Police,City of London Police,-0.096114,51.520747,On or near Park/Open Space,E01000003,City of London 001C,Bicycle theft,Investigation complete; no suspect identified,
8501f79e229465529c700010bb0a8cf8d46776316bbd9fff4c7cda37f490440f,2025-12,City of London Police,City of London Police,-0.096984,51.522426,On or near Sports/Recreation Area,E01000003,City of London 001C,Burglary,Investigation complete; no suspect identified,
70a762e476596b6ad94b23c378d075af595d82f4df4e542e91be11617b23bba4,2025-12,City of London Police,City of London Police,-0.095648,51.521198,On or near Bridgewater Square,E01000003,City of London 001C,Burglary,Unable to prosecute suspect,
13d4baa636261d6c3c5fcd502ff72817bf0a4637d102a2061203cc7c1cebd9d3,2025-12,City of London Police,City of London Police,-0.095758,51.521667,On or near Fann Street,E01000003,City of London 001C,Drugs,Investigation complete; no suspect identified,
ac386e7ea3338bc512d5ed2601df4adf3686965195c85a30b923f2669cb26d12,2025-12,City of London Police,City of London Police,-0.096984,51.522426,On or near Sports/Recreation Area,E01000003,City of London 001C,Drugs,Investigation complete; no suspect identified,
0fd2e98c79bfa44cb3caacdc3e83129c956606da38a82891dec3df84b40f6a6d,2025-12,City of London Police,City of London Police,-0.095758,51.521667,On or near Fann Street,E01000003,City of London 001C,Drugs,Investigation complete; no suspect identified,
edef9a16127b6c004ee9a6b4814b72031d665d4427cea3947a6b492157ecc03b,2025-12,City of London Police,City of London Police,-0.095758,51.521667,On or near Fann Street,E01000003,City of London 001C,Drugs,Investigation complete; no suspect identified,
8f6162cd18db8e3f01d83c0046791de316cf4cccfd16619ca7ebd8209cee8037,2025-12,City of London Police,City of London Police,-0.095758,51.521667,On or near Fann Street,E01000003,City of London 001C,Drugs,Investigation complete; no suspect identified,
8b95da1f8a7234c37e79227691ee48fdc9f6dd6874b3c117b134a1627702011f,2025-12,City of London Police,City of London Police,-0.095758,51.521667,On or near Fann Street,E01000003,City of London 001C,Drugs,Investigation complete; no suspect identified,
4b7ce4dba4096a5c7b745a65adc9175327dd2ad7423c6a8ebfb945523847534b,2025-12,City of London Police,City of London Police,-0.095758,51.521667,On or near Fann Street,E01000003,City of London 001C,Other theft,Investigation complete; no suspect identified,
3466defc6bb6e31565005b270b30d1e1e28cbe6cb007ad677a7e0b865d9b1aa4,2025-12,City of London Police,City of London Police,-0.096984,51.522426,On or near Sports/Recreation Area,E01000003,City of London 001C,Violence and sexual offences,Unable to prosecute suspect,
6c6f7d454b698899de303f8493c48f1c3a28ebdaef2ff6bed9319e9f7a5c4873,2025-12,City of London Police,City of London Police,-0.096984,51.522426,On or near Sports/Recreation Area,E01000003,City of London 001C,Violence and sexual offences,Unable to prosecute suspect,
,2025-12,City of London Police,City of London Police,-0.075080,51.512625,On or near St Clare Street,E01000005,City of London 001E,Anti-social behaviour,,
2c447c548ba62549ce7363fe05c4ea7297eb426a57a6e0a47f6a4e1c2a3220b9,2025-12,City of London Police,City of London Police,-0.078839,51.515753,On or near Cutler Street,E01000005,City of London 001E,Burglary,Awaiting court outcome,
76e767402e70598c65d768200b6059256c2aefbdccd2ef4ab6a92839a4c98257,2025-12,City of London Police,City of London Police,-0.075401,51.511164,On or near Supermarket,E01000005,City of London 001E,Burglary,Unable to prosecute suspect,
69781aa5ac17ce6098d2a3526c5204287aed81946d967d519764274b862f4e02,2025-12,City of London Police,City of London Police,-0.075080,51.512625,On or near St Clare Street,E01000005,City of London 001E,Burglary,Unable to prosecute suspect,
aff4d5cb3900b0f28e9518b3311eb6488206f23f3695392fea36b586e5e246f8,2025-12,City of London Police,City of London Police,-0.076145,51.512642,On or near India Street,E01000005,City of London 001E,Burglary,Investigation complete; no suspect identified,
0ca34db1a1e215b99153ec293f096e94e634e923445c8340ba6c9b6e41aa1474,2025-12,City of London Police,City of London Police,-0.073456,51.513542,On or near Little Somerset Street,E01000005,City of London 001E,Burglary,Investigation complete; no suspect identified,
3cfe9e4cbc1f8daac109d1b9e925f8645205fe85be47c2acd9bcd83e44d92706,2025-12,City of London Police,City of London Police,-0.073727,51.511218,On or near Goodman'S Yard,E01000005,City of London 001E,Criminal damage and arson,Unable to prosecute suspect,
b6fe15eef7db357589c952da6ba1bbf246329c4305fb2155bc8d58bd93192219,2025-12,City of London Police,City of London Police,-0.074330,51.513647,On or near Little Somerset Street,E01000005,City of London 001E,Drugs,Local resolution,
f70a1fec2298606d9ede6fab95640a8d8513ece0f6a0ceca901e0eb1ffbb85db,2025-12,City of London Police,City of London Police,-0.074330,51.513647,On or near Little Somerset Street,E01000005,City of London 001E,Drugs,Awaiting court outcome,
d8708c23ebafc9c525e82d146049b8fd22bdb42f1dd8a3734e838ba9ac5d868f,2025-12,City of London Police,City of London Police,-0.078883,51.515385,On or near Goring Street,E01000005,City of London 001E,Drugs,Awaiting court outcome,
64d333fd50d663bb729a4a1260c92ee8d23b8ea9d2db94bf30d54c982978d3b2,2025-12,City of London Police,City of London Police,-0.074925,51.514924,On or near St Botolph Street,E01000005,City of London 001E,Other theft,Investigation complete; no suspect identified,
d17245e345a1646c69bff6ede3d8b5c396da206d6b8f7ecb4753440734b428d3,2025-12,City of London Police,City of London Police,-0.075453,51.511965,On or near Minories,E01000005,City of London 001E,Other theft,Unable to prosecute suspect,
da3f6490b05d73833f61ce12e4208e8cd1acfc9a0bb58c337aadc55ed1a383f4,2025-12,City of London Police,City of London Police,-0.077169,51.517083,On or near Strype Street,E01000005,City of London 001E,Other theft,Status update unavailable,
d5e9cad6e9d9be04934fb29b6244f11f53abb8a2ede39146ea6ed99e0a186be4,2025-12,City of London Police,City of London Police,-0.075080,51.512625,On or near St Clare Street,E01000005,City of London 001E,Other theft,Investigation complete; no suspect identified,
c987b7b6e76ef5f69c16b6a87463cbcb73a8eef5593afe0b64629d4cdfcfbfe7,2025-12,City of London Police,City of London Police,-0.075401,51.511164,On or near Supermarket,E01000005,City of London 001E,Other theft,Investigation complete; no suspect identified,
6685447b25554825839d002472c049070d01bc0c5166f53eeca4078e7f793f7a,2025-12,City of London Police,City of London Police,-0.076145,51.512642,On or near India Street,E01000005,City of London 001E,Other theft,Investigation complete; no suspect identified,
7f25d437417866e5f2196ebd1771475b0a5183d0d686aa8029eab2857148863f,2025-12,City of London Police,City of London Police,-0.074925,51.514924,On or near St Botolph Street,E01000005,City of London 001E,Other theft,Investigation complete; no suspect identified,
5a2fd1ee8e645e5e99ed5fc3016b21bcebc7b01a2badc3d69931c6235962f1b0,2025-12,City of London Police,City of London Police,-0.075401,51.511164,On or near Supermarket,E01000005,City of London 001E,Other theft,Investigation complete; no suspect identified,
4ee0d2246a8eebbff5964bb2bc1b03c0b4d80f371cfccb48f6cc30e33565ac2b,2025-12,City of London Police,City of London Police,-0.076145,51.512642,On or near India Street,E01000005,City of London 001E,Public order,Unable to prosecute suspect,
d8c75b097a3bdfe60ca2fddaec808369ff6791722b755852a808927f86d71227,2025-12,City of London Police,City of London Police,-0.076145,51.512642,On or near India Street,E01000005,City of London 001E,Public order,Formal action is not in the public interest,
ed1c70bcddb20ae81cd47ddeb2b324fdc64c85f7c1eb48f6ac28c3636670ec06,2025-12,City of London Police,City of London Police,-0.075453,51.511965,On or near Minories,E01000005,City of London 001E,Public order,Unable to prosecute suspect,
cc9eac47adde8048a5fbfc753e8266bd0bfa0d897a8bacaec35aa7f1424703e4,2025-12,City of London Police,City of London Police,-0.077511,51.515812,On or near Artizan Street,E01000005,City of London 001E,Public order,Investigation complete; no suspect identified,
fba006ad3c49ffdabe9501d6b19602079932882a41ebc72d6e4b6727e6ec7df0,2025-12,City of London Police,City of London Police,-0.076716,51.515178,On or near Gravel Lane,E01000005,City of London 001E,Public order,Unable to prosecute suspect,
0441354fd7c62ee8186ff85e2b81524d488f978e68ae027c49ac34b668a7f467,2025-12,City of London Police,City of London Police,-0.076145,51.512642,On or near India Street,E01000005,City of London 001E,Public order,Unable to prosecute suspect,
dca1d298c6b8b9f2dc9e5e6d575e068cce39bb30c379cb4118e495f467a13d2f,2025-12,City of London Police,City of London Police,-0.073067,51.511809,On or near Mansell Street,E01000005,City of London 001E,Robbery,Investigation complete; no suspect identified,
b04dcf480748660f0ab57ead08e145370fdd066503d6a6e20693a31f5de53adf,2025-12,City of London Police,City of London Police,-0.076145,51.512642,On or near India Street,E01000005,City of London 001E,Shoplifting,Investigation complete; no suspect identified,
77ba887e900af9b073894b3d444cc495858f1d2ab9cefa21358679f7183c8e99,2025-12,City of London Police,City of London Police,-0.076145,51.512642,On or near India Street,E01000005,City of London 001E,Shoplifting,Awaiting court outcome,
2834d41c2e502638380a8c3d915fece92947b6d18af97054e083e9c9ce9b09a3,2025-12,City of London Police,City of London Police,-0.076145,51.512642,On or near India Street,E01000005,City of London 001E,Shoplifting,Investigation complete; no suspect identified,
189efc369dfb8536cc1a6ef02b7d58d1bfb8b95184e87efea605c3dc0ebfbf86,2025-12,City of London Police,City of London Police,-0.076145,51.512642,On or near India Street,E01000005,City of London 001E,Shoplifting,Investigation complete; no suspect identified,
994d3d2a4723cbde9d8be8d2d2488eead57f1e3aa58359b113d09524c1859ec8,2025-12,City of London Police,City of London Police,-0.076145,51.512642,On or near India Street,E01000005,City of London 001E,Shoplifting,Investigation complete; no suspect identified,
4c4e5d9111d2f271f3fb7c3e068b752e190bec917514603b96ed05cb65735c78,2025-12,City of London Police,City of London Police,-0.076145,51.512642,On or near India Street,E01000005,City of London 001E,Shoplifting,Awaiting court outcome,
18689235499907457f4aa79fb9569d3027462a9913241e3450da99468e6287d9,2025-12,City of London Police,City of London Police,-0.075401,51.511164,On or near Supermarket,E01000005,City of London 001E,Shoplifting,Investigation complete; no suspect identified,
5f781f317e12fa724c62fa22db5da08bcae6b45febed2577074d89234b123c86,2025-12,City of London Police,City of London Police,-0.076145,51.512642,On or near India Street,E01000005,City of London 001E,Shoplifting,Investigation complete; no suspect identified,
150b7526be7a825047036b399845c4c2038c94ee4a9085bb4f8f1d7baa71227b,2025-12,City of London Police,City of London Police,-0.076145,51.512642,On or near India Street,E01000005,City of London 001E,Shoplifting,Awaiting court outcome,
19ca13a7d0ccfe7a72dd73bc85cc632472a036e954a585d93e83ffe06144f8af,2025-12,City of London Police,City of London Police,-0.076145,51.512642,On or near India Street,E01000005,City of London 001E,Shoplifting,Investigation complete; no suspect identified,
a1b690df7eb2399564c57789c8e3a827f3ab988233dd51c3222ac1c4ec3a22c6,2025-12,City of London Police,City of London Police,-0.076145,51.512642,On or near India Street,E01000005,City of London 001E,Shoplifting,Awaiting court outcome,
1056d0955ba46a9e6d894f8aa651588ad9b06f60832412adbff8f66b2eb6ce63,2025-12,City of London Police,City of London Police,-0.076145,51.512642,On or near India Street,E01000005,City of London 001E,Shoplifting,Awaiting court outcome,
a5b9d93cc4685e29a039722ef57ba17ecaa74e910e61e516ab86517e9f3a4b0c,2025-12,City of London Police,City of London Police,-0.076145,51.512642,On or near India Street,E01000005,City of London 001E,Shoplifting,Investigation complete; no suspect identified,
39ea5e4fe179520fb630e08687c0b48ca45172741d81a77bc7f0814ae195889a,2025-12,City of London Police,City of London Police,-0.075401,51.511164,On or near Supermarket,E01000005,City of London 001E,Shoplifting,Unable to prosecute suspect,
2181add42c8ec0a07e79f6f70d91a4c098d803bbd74dedc3f57dbb13d67f8dd8,2025-12,City of London Police,City of London Police,-0.076145,51.512642,On or near India Street,E01000005,City of London 001E,Shoplifting,Investigation complete; no suspect identified,
3169610632aae55b7059d520dad5f552132d4abe5090d19a104ea605ab624c64,2025-12,City of London Police,City of London Police,-0.076145,51.512642,On or near India Street,E01000005,City of London 001E,Shoplifting,Awaiting court outcome,
a3532dd41dfd26b215541275261447e962bd2cc3eef4420b6aff004cf7aa3d48,2025-12,City of London Police,City of London Police,-0.076145,51.512642,On or near India Street,E01000005,City of London 001E,Shoplifting,Awaiting court outcome,
892fa34d44bbf17ad1b13d82bb36b871554b631df362ecf138823b3dd898229a,2025-12,City of London Police,City of London Police,-0.076145,51.512642,On or near India Street,E01000005,City of London 001E,Shoplifting,Awaiting court outcome,
6070cd91236c7daa7e4dde75f11b2990883423af062f2eb3baea6ed399560b20,2025-12,City of London Police,City of London Police,-0.076145,51.512642,On or near India Street,E01000005,City of London 001E,Shoplifting,Awaiting court outcome,
114dee6b045de5786fb41b48233a269701f36321fef6c2a031c03ff3cd1498bd,2025-12,City of London Police,City of London Police,-0.076145,51.512642,On or near India Street,E01000005,City of London 001E,Shoplifting,Investigation complete; no suspect identified,
58979365312291e1fae9e3c52b0617bcd0f7f513d522287f1358a2c9696149ba,2025-12,City of London Police,City of London Police,-0.076145,51.512642,On or near India Street,E01000005,City of London 001E,Shoplifting,Awaiting court outcome,
ea30fb873a8aca1604697feb03777a7fdd36d23ebc31a69945c903e0845d961a,2025-12,City of London Police,City of London Police,-0.076145,51.512642,On or near India Street,E01000005,City of London 001E,Shoplifting,Investigation complete; no suspect identified,
8f1f62087a342d8e328b26a0fd69458365c117970f15b12897f69800c46b8219,2025-12,City of London Police,City of London Police,-0.076145,51.512642,On or near India Street,E01000005,City of London 001E,Shoplifting,Investigation complete; no suspect identified,
a25e54b5463a12876ac8f183d0952fd04a0cc4d4aa8c8a47cc622e75df715a04,2025-12,City of London Police,City of London Police,-0.076145,51.512642,On or near India Street,E01000005,City of London 001E,Shoplifting,Awaiting court outcome,
ede70ba3b35c445477b92fe48175f4de9c14c187b3c5b4eb3bf394bf7cf46563,2025-12,City of London Police,City of London Police,-0.073704,51.511748,On or near Portsoken Street,E01000005,City of London 001E,Theft from the person,Investigation complete; no suspect identified,
027e66cdf93814d2068945b49b54344b3fb732ca3f17c63cc104b4b8ee45a79e,2025-12,City of London Police,City of London Police,-0.075453,51.511965,On or near Minories,E01000005,City of London 001E,Theft from the person,Investigation complete; no suspect identified,
7bcc0acdf89f7c94bea37d0641c25ffd7ed5ae4ce3cf1f182a7b0b496177dfc4,2025-12,City of London Police,City of London Police,-0.078849,51.516212,On or near Devonshire Square,E01000005,City of London 001E,Theft from the person,Investigation complete; no suspect identified,
a217906d62943bd58a9b341db4a32e183f719e0c13c37327ffcee8f5b20ed7d2,2025-12,City of London Police,City of London Police,-0.073727,51.511218,On or near Goodman'S Yard,E01000005,City of London 001E,Violence and sexual offences,Unable to prosecute suspect,
e1d4319762db69acba9426a14e0f90901bfc1cbd682a2b0ada3289c77e6435fc,2025-12,City of London Police,City of London Police,-0.075453,51.511965,On or near Minories,E01000005,City of London 001E,Violence and sexual offences,Awaiting court outcome,
0606557c2aa38192ad03617808db1dcc09974cd0425acc000086a975e9d9928a,2025-12,City of London Police,City of London Police,-0.075080,51.512625,On or near St Clare Street,E01000005,City of London 001E,Violence and sexual offences,Unable to prosecute suspect,
cb1d432671c38fb9d25c22e6e083b84cd6c54134b1e2b705903a55e36e756f82,2025-12,City of London Police,City of London Police,-0.078849,51.516212,On or near Devonshire Square,E01000005,City of London 001E,Violence and sexual offences,Unable to prosecute suspect,
d328a1b1319a7d1ccf10853f48370e80847ce85b21e155fc4dd5b38c2fe429cd,2025-12,City of London Police,City of London Police,-0.074925,51.514924,On or near St Botolph Street,E01000005,City of London 001E,Violence and sexual offences,Unable to prosecute suspect,
0723b291d790b898fab562f4581bd31c31ad05f3f6004eba46bc0d66423cd00d,2025-12,City of London Police,City of London Police,-0.075453,51.511965,On or near Minories,E01000005,City of London 001E,Violence and sexual offences,Unable to prosecute suspect,
1c8a9b3244e51d7126d4711f9620ab5a0547dc6bdf5834a4dc4c276a2661bcab,2025-12,City of London Police,City of London Police,-0.076425,51.516271,On or near Wentworth Street,E01000005,City of London 001E,Violence and sexual offences,Unable to prosecute suspect,
d5c00da3451b86b73d072fea67d364717234f4a520ec16027151ff88ffb392a0,2025-12,City of London Police,City of London Police,-0.075401,51.511164,On or near Supermarket,E01000005,City of London 001E,Violence and sexual offences,Unable to prosecute suspect,
,2025-12,City of London Police,City of London Police,-0.079521,51.511196,On or near New London Street,E01032739,City of London 001F,Anti-social behaviour,,
,2025-12,City of London Police,City of London Police,-0.087157,51.512624,On or near Lombard Street,E01032739,City of London 001F,Anti-social behaviour,,
,2025-12,City of London Police,City of London Police,-0.079883,51.517326,On or near New Street,E01032739,City of London 001F,Anti-social behaviour,,
2e96de0143fd6fe5828fe802019a4f61365b05e72450c1733268b31789a39654,2025-12,City of London Police,City of London Police,-0.084844,51.509700,On or near Monument Street,E01032739,City of London 001F,Bicycle theft,Investigation complete; no suspect identified,
e53db6ae1afcad16c1dffc39432a4e17d702ef948ef8664cb45704df801a3c28,2025-12,City of London Police,City of London Police,-0.079907,51.517785,On or near Victoria Avenue,E01032739,City of London 001F,Bicycle theft,Investigation complete; no suspect identified,
e099baf4e214f20e1669eb5bf2d92b30b0776f10ea22726667b4aab015861c79,2025-12,City of London Police,City of London Police,-0.079521,51.511196,On or near New London Street,E01032739,City of London 001F,Bicycle theft,Investigation complete; no suspect identified,
fff53feaca3096aacd27068a7f263d4fb253230e12ffec4aee2b141947dee207,2025-12,City of London Police,City of London Police,-0.082133,51.515222,On or near St Helen'S Place,E01032739,City of London 001F,Bicycle theft,Investigation complete; no suspect identified,
54088684f2fde2802380f62aa67f72b4646edd75114a075931d4c89f4d1510c1,2025-12,City of London Police,City of London Police,-0.078424,51.518093,On or near Widegate Street,E01032739,City of London 001F,Bicycle theft,Unable to prosecute suspect,
147fe7a83dd31c8a59215cd797dfaea53405db525bf224037db3e081c50b2fe4,2025-12,City of London Police,City of London Police,-0.079127,51.509607,On or near Byward Street,E01032739,City of London 001F,Bicycle theft,Investigation complete; no suspect identified,
c9517bc3b62556ce8459c49eddbad442abf22302d54c9a69cbdacc78afc9233b,2025-12,City of London Police,City of London Police,-0.080769,51.520236,On or near Further/Higher Educational Building,E01032739,City of London 001F,Bicycle theft,Unable to prosecute suspect,
a39d51a4959d8be5f149333b053cd4bb682c5c6e35b667741fa108adbf570d57,2025-12,City of London Police,City of London Police,-0.084754,51.512882,On or near Corbet Court,E01032739,City of London 001F,Burglary,Investigation complete; no suspect identified,
593bb8afa88d130f696b659a29130264db6763eacc0f604be8dcc038e091d8dc,2025-12,City of London Police,City of London Police,-0.086019,51.513631,On or near Finch Lane,E01032739,City of London 001F,Burglary,Investigation complete; no suspect identified,
05da025530f42661903268fa8be30afc84c789e9f315dd3d67489c78206f3655,2025-12,City of London Police,City of London Police,-0.083600,51.509797,On or near St Mary At Hill,E01032739,City of London 001F,Burglary,Awaiting court outcome,
bb9a67270af73d73f6e68f06a76e0b164e091ce3a5f8aa2bc529e250ee753c95,2025-12,City of London Police,City of London Police,-0.078278,51.513666,On or near Mitre Street,E01032739,City of London 001F,Burglary,Awaiting court outcome,
4d99fc72e243e97e9cfd619b82962967913d5d880802238aab927fc9b1407874,2025-12,City of London Police,City of London Police,-0.085228,51.511190,On or near Talbot Court,E01032739,City of London 001F,Burglary,Awaiting court outcome,
13d585f198c71b15cdd0353dc9c9dbb28c76a08c38688d45f804248eca8fb601,2025-12,City of London Police,City of London Police,-0.083977,51.510441,On or near Lovat Lane,E01032739,City of London 001F,Burglary,Awaiting court outcome,
79bb24924d888683c8fcde567dbecd5f0e0dc633db5660553596ba02b74c126e,2025-12,City of London Police,City of London Police,-0.084754,51.512882,On or near Corbet Court,E01032739,City of London 001F,Burglary,Investigation complete; no suspect identified,
bde7d78e0990d0dab6de806efd3ba0c18806f462d0373dc03b37d9ac71430cf6,2025-12,City of London Police,City of London Police,-0.077372,51.512590,On or near Carlisle Avenue,E01032739,City of London 001F,Burglary,Awaiting court outcome,
7a494f7ded7e6bb67794cfa036436f9be2c1629bd5db39c0543bd70b49fa46c6,2025-12,City of London Police,City of London Police,-0.086019,51.513631,On or near Finch Lane,E01032739,City of London 001F,Burglary,Investigation complete; no suspect identified,
28bb55dec5d8154edc07bd53f5b4268fdd3edc4fed580e5bca1011f631d0aa19,2025-12,City of London Police,City of London Police,-0.102134,51.513929,On or near Ludgate Hill,E01032739,City of London 001F,Burglary,Investigation complete; no suspect identified,
8220e9d52a07d99ed17ace385af0570b6ce26334b12d47fcd92f719b1a485e9d,2025-12,City of London Police,City of London Police,-0.078278,51.513666,On or near Mitre Street,E01032739,City of London 001F,Burglary,Status update unavailable,
b7eb7d3118964afc421f9b6c82d8923f1c45518ccb8fe16cf49e783daa5d6420,2025-12,City of London Police,City of London Police,-0.086019,51.513631,On or near Finch Lane,E01032739,City of London 001F,Burglary,Investigation complete; no suspect identified,
db134529369530c87a9f34563ab183cfb9bf790b6903f140916d81788be8c2c7,2025-12,City of London Police,City of London Police,-0.086019,51.513631,On or near Finch Lane,E01032739,City of London 001F,Burglary,Investigation complete; no suspect identified,
1006fd1c6f754e27a971883493034e572b1a568cdf45634b3997a8e8b281df55,2025-12,City of London Police,City of London Police,-0.086019,51.513631,On or near Finch Lane,E01032739,City of London 001F,Burglary,Investigation complete; no suspect identified,
8e04f7307b1979ab0e4d0196ccaf725d6f9f7ae1e0abd12eec2b5418e6fcde07,2025-12,City of London Police,City of London Police,-0.087772,51.510665,On or near Martin Lane,E01032739,City of London 001F,Burglary,Awaiting court outcome,
70d9f19b5a3d749815839a6586f6dc7bf3a0162d84dd5daf0baf2dac954cf4e8,2025-12,City of London Police,City of London Police,-0.086019,51.513631,On or near Finch Lane,E01032739,City of London 001F,Burglary,Investigation complete; no suspect identified,
402cd42a60730d4c5c275ed13110e1e61a4f46cdd6a2c7ecc53eb9585faadfbe,2025-12,City of London Police,City of London Police,-0.087157,51.512624,On or near Lombard Street,E01032739,City of London 001F,Burglary,Investigation complete; no suspect identified,
c008d1cd4fed944420c7693855c54e9c4df71d1d0e148cf31138b9ac1b760d8f,2025-12,City of London Police,City of London Police,-0.077959,51.511332,On or near Crutched Friars,E01032739,City of London 001F,Burglary,Awaiting court outcome,
95b9e6af1487fcdf75b1a56e0c72f3372b1270a32782f80edf58e9cc66335061,2025-12,City of London Police,City of London Police,-0.079196,51.513789,On or near Creechurch Lane,E01032739,City of London 001F,Burglary,Investigation complete; no suspect identified,
1ac03230fcc84df148a632fe87c41af79d1c582f3d4eb934da94697615ee3ab7,2025-12,City of London Police,City of London Police,-0.086019,51.513631,On or near Finch Lane,E01032739,City of London 001F,Burglary,Investigation complete; no suspect identified,
1912a1648c231fc3ded1fcaece10b487506b677b6eb1f7460a4ffcbc6208834a,2025-12,City of London Police,City of London Police,-0.078755,51.518440,On or near Artillery Lane,E01032739,City of London 001F,Burglary,Awaiting court outcome,
356e2990ed53c9390694dc4fcd4766b93be6c801c2c2a3ed01ab30c75284e7cd,2025-12,City of London Police,City of London Police,-0.091540,51.511896,On or near Cannon Street,E01032739,City of London 001F,Burglary,Awaiting court outcome,
548238321d8148eea6b032cb27eee1d9aee4c4a3c54d45f73e7dc8b559a8452b,2025-12,City of London Police,City of London Police,-0.102134,51.513929,On or near Ludgate Hill,E01032739,City of London 001F,Burglary,Unable to prosecute suspect,
fbc7738de84699e9b248cf16942071acfcec166b1da8294079d7964f32fa3b0b,2025-12,City of London Police,City of London Police,-0.084910,51.512588,On or near Bell Inn Yard,E01032739,City of London 001F,Burglary,Awaiting court outcome,
e57ba80749f461a67062f2f67ec1b0e42b3a8d04233bd4890f902aff5d86ce86,2025-12,City of London Police,City of London Police,-0.084754,51.512882,On or near Corbet Court,E01032739,City of London 001F,Burglary,Awaiting court outcome,
2615a42bee63270ffa9157857937bb93f161e3e9bbbe361e38555bf4d1ed936f,2025-12,City of London Police,City of London Police,-0.094070,51.513079,On or near Watling Street,E01032739,City of London 001F,Burglary,Investigation complete; no suspect identified,
1f3c6cd779815ed732a6f5c73806779896ae2ed7154186162580424975646e5f,2025-12,City of London Police,City of London Police,-0.078477,51.509965,On or near Muscovy Street,E01032739,City of London 001F,Burglary,Awaiting court outcome,
a77d1e40684d46acd529fd038aad61bdd4f1e5f8c51c2ab573213358c4c22fe8,2025-12,City of London Police,City of London Police,-0.084754,51.512882,On or near Corbet Court,E01032739,City of London 001F,Criminal damage and arson,Investigation complete; no suspect identified,
c910a1e0d4affce1383a0a2584ee39c1262a2039acb476e660a08044a800b9f8,2025-12,City of London Police,City of London Police,-0.092531,51.512658,On or near Queen Street,E01032739,City of London 001F,Criminal damage and arson,Unable to prosecute suspect,
e466a1031979fd26af02df9730408575cd500e3a19947d49edc59268213b8623,2025-12,City of London Police,City of London Police,-0.081512,51.518692,On or near London Liverpool Street,E01032739,City of London 001F,Criminal damage and arson,Unable to prosecute suspect,
4db32ead8f6da1b7d0fa7d0058825e61a3da501c983a70719c51ba810977e38d,2025-12,City of London Police,City of London Police,-0.081512,51.518692,On or near London Liverpool Street,E01032739,City of London 001F,Criminal damage and arson,Investigation complete; no suspect identified,
379d075dad3ff7905169f608d488750718e868dfbfce5d3c0620c6c760d44054,2025-12,City of London Police,City of London Police,-0.081512,51.518692,On or near London Liverpool Street,E01032739,City of London 001F,Criminal damage and arson,Unable to prosecute suspect,
21c6f9716e872dd79d7ff5ab42839c48a55a09ddefc6885127f5a9180d95b9a9,2025-12,City of London Police,City of London Police,-0.084844,51.510725,On or near Eastcheap,E01032739,City of London 001F,Criminal damage and arson,Awaiting court outcome,
fa2b4563ecc3586f3e62ca04bfd5ea14d936452e05b5dd51a38cf780fcebf8a6,2025-12,City of London Police,City of London Police,-0.087772,51.510665,On or near Martin Lane,E01032739,City of London 001F,Criminal damage and arson,Investigation complete; no suspect identified,
f876e57814ef6e65783d006be2afb3eadc496549cd0db48ff6a174f56533648b,2025-12,City of London Police,City of London Police,-0.081643,51.510070,On or near Great Tower Street,E01032739,City of London 001F,Criminal damage and arson,Awaiting court outcome,
1480cb1992a92bbf96d26d6a23705e6f13966aa18b86d64497fc6d8d6104afff,2025-12,City of London Police,City of London Police,-0.079883,51.517326,On or near New Street,E01032739,City of London 001F,Criminal damage and arson,Unable to prosecute suspect,
1ab516d222b54b85a66ee93205d5d20bdcae47dd54cb6a2599d2e22fb4092765,2025-12,City of London Police,City of London Police,-0.081091,51.508820,On or near Water Lane,E01032739,City of London 001F,Criminal damage and arson,Investigation complete; no suspect identified,
2aa278f010ff76c2a4815ce808a8496b0701810fd127b54f8119d138884ce89d,2025-12,City of London Police,City of London Police,-0.100888,51.514448,On or near Amen Corner,E01032739,City of London 001F,Criminal damage and arson,Unable to prosecute suspect,
2aeb6b8d726540a4006dc581ed321eaccc0fc83502ec957fef4cfa015074d42f,2025-12,City of London Police,City of London Police,-0.081512,51.518692,On or near London Liverpool Street,E01032739,City of London 001F,Criminal damage and arson,Investigation complete; no suspect identified,
954c0ea6a0266daecf0e02a026f5d9ce53f7bade351d3b0ed5650170a7a65fb8,2025-12,City of London Police,City of London Police,-0.079521,51.511196,On or near New London Street,E01032739,City of London 001F,Criminal damage and arson,Awaiting court outcome,
e74ec05bba046c4a9d5710b1ba0f1dbcc73ec1ff31edf1c46d458e43fc5a2612,2025-12,City of London Police,City of London Police,-0.087157,51.512624,On or near Lombard Street,E01032739,City of London 001F,Criminal damage and arson,Unable to prosecute suspect,
06cfca211a25c8b9b24a67cd376b85f1681979c55f7e3c2e2adc13cd8ed04853,2025-12,City of London Police,City of London Police,-0.100201,51.513286,On or near Dean'S Court,E01032739,City of London 001F,Criminal damage and arson,Investigation complete; no suspect identified,
b2f0dc85e46947e9b61e803c490922fe0611b261edac48a698297684e0d61d68,2025-12,City of London Police,City of London Police,-0.081113,51.516869,On or near Bishopsgate,E01032739,City of London 001F,Drugs,Further investigation is not in the public interest,
2bf1d934229a047183d7a852bee42481464c6981860b6b0a2d887de616052a21,2025-12,City of London Police,City of London Police,-0.101906,51.511794,On or near Theatre/Concert Hall,E01032739,City of London 001F,Drugs,Unable to prosecute suspect,
dd6c64588c62953023b9773ba52c5a23fef993b060280733dd1cf3b3820687ec,2025-12,City of London Police,City of London Police,-0.079883,51.517326,On or near New Street,E01032739,City of London 001F,Drugs,Awaiting court outcome,
720a143b73e4cb047c6d54794394bc04d8888eac7c90b98b07ecc32283631257,2025-12,City of London Police,City of London Police,-0.097291,51.514626,On or near Supermarket,E01032739,City of London 001F,Drugs,Awaiting court outcome,
1c4cf60393c329a9e3e20c2079345bab53815437b006b3be88bf4ab8bab96a19,2025-12,City of London Police,City of London Police,-0.079907,51.517785,On or near Victoria Avenue,E01032739,City of London 001F,Drugs,Investigation complete; no suspect identified,
6cc87b1b14dd6cc639f5a283d34a95ebcede11271fa4d4ce0b8b5b4645595903,2025-12,City of London Police,City of London Police,-0.084844,51.510725,On or near Eastcheap,E01032739,City of London 001F,Drugs,Unable to prosecute suspect,
52415b35e2a28c1178514983360b49312a454a0726274342c7860fa0c84aff1d,2025-12,City of London Police,City of London Police,-0.086815,51.517007,On or near Circus Place,E01032739,City of London 001F,Drugs,Awaiting court outcome,
20b3b542fa8ac43368ef84c84a934d21c6fcd9d61544258b411558c7970738a7,2025-12,City of London Police,City of London Police,-0.088785,51.517102,On or near Moorgate,E01032739,City of London 001F,Drugs,Local resolution,
c9ef0e911869c2713937750bf4e222ede55284afee5e07eb49cb1ce9c0ce15c6,2025-12,City of London Police,City of London Police,-0.088785,51.517102,On or near Moorgate,E01032739,City of London 001F,Drugs,Awaiting court outcome,
6be9acb2869c441119bc47ae381bf6dc2aa94349d07a8cdad7ce6f153400faf1,2025-12,City of London Police,City of London Police,-0.081512,51.518692,On or near London Liverpool Street,E01032739,City of London 001F,Drugs,Local resolution,
ed6416deabed38a6de12866239082e0abb4d9cbde9fe745c72f3ed7755987682,2025-12,City of London Police,City of London Police,-0.089208,51.509744,On or near Angel Lane,E01032739,City of London 001F,Drugs,Local resolution,
1c9d8448b935d22985aaf3e7a1660d809a57a1b6ef4c9e6bf09341908ed298ae,2025-12,City of London Police,City of London Police,-0.079907,51.517785,On or near Victoria Avenue,E01032739,City of London 001F,Drugs,Investigation complete; no suspect identified,
05cdfa2ecd73b059e3b5988ce443246a2b8fed5c6b6f5aec17e9685a7fc890dc,2025-12,City of London Police,City of London Police,-0.086815,51.517007,On or near Circus Place,E01032739,City of London 001F,Drugs,Local resolution,
b5b17c052608e917571831a18e59066b8a4e915a48f13c5baaebbd48f79077c3,2025-12,City of London Police,City of London Police,-0.078278,51.513666,On or near Mitre Street,E01032739,City of London 001F,Drugs,Local resolution,
b446971f7f359541172ef1a3c5672acd853ea2544f203c745d894302800a62fa,2025-12,City of London Police,City of London Police,-0.078278,51.513666,On or near Mitre Street,E01032739,City of London 001F,Drugs,Awaiting court outcome,
ab0ef8789c35660a73307c7d541f42ea8f643274babdb7ee503588568f6347e4,2025-12,City of London Police,City of London Police,-0.086815,51.517007,On or near Circus Place,E01032739,City of London 001F,Drugs,Local resolution,
38887d558551ef26d68b2108d2d197be74b49a4f67bae41bb2e6bb82215cdf3d,2025-12,City of London Police,City of London Police,-0.078477,51.509965,On or near Muscovy Street,E01032739,City of London 001F,Drugs,Unable to prosecute suspect,
410b08236f61dbff297bce70e1546f5a8beb132a00bb83eab8ff447f761013ac,2025-12,City of London Police,City of London Police,-0.078477,51.509965,On or near Muscovy Street,E01032739,City of London 001F,Drugs,Local resolution,
729fc70f663a39ab1a1ea6fa2e936c1f19fa95c632c14afeb6c9c14c8825333e,2025-12,City of London Police,City of London Police,-0.079138,51.508312,On or near Lower Thames Street,E01032739,City of London 001F,Other theft,Investigation complete; no suspect identified,
e67d77f2d951d30eca160b1f659864d817d9ad4df6f3d7fc26aee266217ca1d0,2025-12,City of London Police,City of London Police,-0.083977,51.510441,On or near Lovat Lane,E01032739,City of London 001F,Other theft,Investigation complete; no suspect identified,
e9f5df7f655ab08fa54d29af30b8a19bd93197e3097cba38dda25b18efe4f763,2025-12,City of London Police,City of London Police,-0.095224,51.513736,On or near Shopping Area,E01032739,City of London 001F,Other theft,Investigation complete; no suspect identified,
e89d63da0aa432610625ace01e9433b8c121c80ecd2b364ead62e81484cf49e5,2025-12,City of London Police,City of London Police,-0.084844,51.510725,On or near Eastcheap,E01032739,City of London 001F,Other theft,Investigation complete; no suspect identified,
7f6f3c77a75ae38c2d0f52aa28450eb4ed69b29cf1324fc729c8825dfe11110b,2025-12,City of London Police,City of London Police,-0.085228,51.511190,On or near Talbot Court,E01032739,City of London 001F,Other theft,Investigation complete; no suspect identified,
c4e85d3f3e3d5309198eb166687b08d01425f04b3e190b5ce1ea8bc92afcf0cb,2025-12,City of London Police,City of London Police,-0.102134,51.513929,On or near Ludgate Hill,E01032739,City of London 001F,Other theft,Investigation complete; no suspect identified,
511fd78380d96b6f838bd666d08daf40387acd08dd016ac48d9f50c79ee4f20e,2025-12,City of London Police,City of London Police,-0.086815,51.517007,On or near Circus Place,E01032739,City of London 001F,Other theft,Investigation complete; no suspect identified,
7f0c33c63122e799252cbed95b5ab17709a26cc6f3bff486fc102b11d56f49a0,2025-12,City of London Police,City of London Police,-0.094070,51.513079,On or near Watling Street,E01032739,City of London 001F,Other theft,Investigation complete; no suspect identified,
b98ab2f26d97d731703e336e28eb1f87baa7e4ba947adc8829badc706a017256,2025-12,City of London Police,City of London Police,-0.089479,51.510864,On or near Gophir Lane,E01032739,City of London 001F,Other theft,Status update unavailable,
073a11edcad71bc2db48fd3d3c2eebda8728218c0c2403a34456cc7ec5afa8bd,2025-12,City of London Police,City of London Police,-0.084836,51.511939,On or near Shopping Area,E01032739,City of London 001F,Other theft,Investigation complete; no suspect identified,
1b4ef68bbf559aff83f10ea4a7fceb8823311469391f4209d6a811325b6711f3,2025-12,City of London Police,City of London Police,-0.094070,51.513079,On or near Watling Street,E01032739,City of London 001F,Other theft,Investigation complete; no suspect identified,
7ef2f9f4ada9a122d634392f9920c67f694191c9e51dc872f520f949e69091b7,2025-12,City of London Police,City of London Police,-0.084836,51.511939,On or near Shopping Area,E01032739,City of London 001F,Other theft,Investigation complete; no suspect identified,
c6d81c072d95e2aa8edae9848bd32c45e3136d5c32fdd00a26ac2e6b7996931e,2025-12,City of London Police,City of London Police,-0.077959,51.511332,On or near Crutched Friars,E01032739,City of London 001F,Other theft,Investigation complete; no suspect identified,
9a98a2c37b04788023effddf2935ab7e91ce2a1d8cab1254c71d7a030fb8e9df,2025-12,City of London Police,City of London Police,-0.079138,51.508312,On or near Lower Thames Street,E01032739,City of London 001F,Other theft,Investigation complete; no suspect identified,
1c9fd75cbab95954de6031557a3dbac2ba8f2c0e2d95acfec5f61bf7b286f0c6,2025-12,City of London Police,City of London Police,-0.091947,51.513188,On or near Pancras Lane,E01032739,City of London 001F,Other theft,Status update unavailable,
40e84999f4dc1a425c8a780d470f05e7cd39ba56ffa1be964d72e4aee344bde2,2025-12,City of London Police,City of London Police,-0.088456,51.514975,On or near Tokenhouse Yard,E01032739,City of London 001F,Other theft,Investigation complete; no suspect identified,
abad52ab9144ebd385fd05093e560e3ecfe7dc496559436c8aa2742406f82277,2025-12,City of London Police,City of London Police,-0.083349,51.514830,On or near Shopping Area,E01032739,City of London 001F,Other theft,Status update unavailable,
ee92feef2083b01b30925de18f28a3f3cdb47fe771cc6d46988df27c9f37c395,2025-12,City of London Police,City of London Police,-0.101292,51.514770,On or near Amen Court,E01032739,City of London 001F,Other theft,Investigation complete; no suspect identified,
2d4f2cdc781e42f02864cd2f4e1bdd56345f677c3da8aab83dad51e1cd86a6fb,2025-12,City of London Police,City of London Police,-0.078477,51.509965,On or near Muscovy Street,E01032739,City of London 001F,Other theft,Investigation complete; no suspect identified,
62d3b98970b544c4751d3bdce4409104ac7117f20421f743b889cd1204a374d4,2025-12,City of London Police,City of London Police,-0.081113,51.516869,On or near Bishopsgate,E01032739,City of London 001F,Other theft,Unable to prosecute suspect,
a03cca27313f6e50291d0cd2f3acccf59a2c9f944ad94d835099e5d7d9b5fe53,2025-12,City of London Police,City of London Police,-0.090578,51.509722,On or near Allhallows Lane,E01032739,City of London 001F,Other theft,Investigation complete; no suspect identified,
51483514736bc2aea920c4a7076441e2bc0e626e5ba1e6e39a2ebadfc352e9b4,2025-12,City of London Police,City of London Police,-0.084844,51.509700,On or near Monument Street,E01032739,City of London 001F,Other theft,Investigation complete; no suspect identified,
33022aa304f71b09c70ef8a673e38eab580c689245d93ede9977c8cba05b6d8b,2025-12,City of London Police,City of London Police,-0.104276,51.513712,On or near A201,E01032739,City of London 001F,Other theft,Investigation complete; no suspect identified,
01cc8a6cbcf6d9fbefa240caa89ba9e6d0fe8faca368da7e6c1f83dc079018d3,2025-12,City of London Police,City of London Police,-0.095764,51.512549,On or near Friday Street,E01032739,City of London 001F,Other theft,Investigation complete; no suspect identified,
b25eaa22cd9ae9145af4394300851b6fd85a81f137bcbc778cf120a19e97c0e2,2025-12,City of London Police,City of London Police,-0.083977,51.510441,On or near Lovat Lane,E01032739,City of London 001F,Other theft,Investigation complete; no suspect identified,
a695cc9ffac44355bbadfbd5e8552461ce781619580cf938484e08f99180e382,2025-12,City of London Police,City of London Police,-0.094070,51.513079,On or near Watling Street,E01032739,City of London 001F,Other theft,Investigation complete; no suspect identified,
2751d2a3f1069fb99c5802d80eb593b326f0780f10eb613a9289c1002a3e5be0,2025-12,City of London Police,City of London Police,-0.091947,51.513188,On or near Pancras Lane,E01032739,City of London 001F,Other theft,Investigation complete; no suspect identified,
2f930140255a6e59dcef287b8fa910d673b1198799dde95050e7f44dbef18ed7,2025-12,City of London Police,City of London Police,-0.091947,51.513188,On or near Pancras Lane,E01032739,City of London 001F,Other theft,Investigation complete; no suspect identified,
242468509bcb0ef1d09ed45114ebbcacff0d4c284b4a02394cc64b8a8706ff1f,2025-12,City of London Police,City of London Police,-0.086019,51.513631,On or near Finch Lane,E01032739,City of London 001F,Other theft,Investigation complete; no suspect identified,
12b419cc097e9a39c81210304b743d8dfa6cf11cd792588822a277a6f3c22c09,2025-12,City of London Police,City of London Police,-0.083977,51.510441,On or near Lovat Lane,E01032739,City of London 001F,Other theft,Investigation complete; no suspect identified,
40c098a663f13d0437c605c65c197505bef0fc29ae4fb61321afd5996307cb4d,2025-12,City of London Police,City of London Police,-0.088785,51.517102,On or near Moorgate,E01032739,City of London 001F,Other theft,Investigation complete; no suspect identified,
abbb4b2cc6b6cc69bc6d2b8e6e3aaba894d5884ff1a9301cf1afb5a0222620fe,2025-12,City of London Police,City of London Police,-0.082993,51.516360,On or near Wormwood Street,E01032739,City of London 001F,Other theft,Investigation complete; no suspect identified,
5460697c432398ada8b18e83cbba102cc69ed13c6b4d8a6f5f25ea48be485f41,2025-12,City of London Police,City of London Police,-0.086019,51.513631,On or near Finch Lane,E01032739,City of London 001F,Other theft,Investigation complete; no suspect identified,
066e7a30adbf87b785e62dba066501a5afa0eea42ddf5c4775cbbf32a653b0fb,2025-12,City of London Police,City of London Police,-0.087772,51.510665,On or near Martin Lane,E01032739,City of London 001F,Other theft,Investigation complete; no suspect identified,
4ff7fa766d6e9963079accaa84050b4ef3189773ba36e535103e6fe96974e8a1,2025-12,City of London Police,City of London Police,-0.084754,51.512882,On or near Corbet Court,E01032739,City of London 001F,Other theft,Investigation complete; no suspect identified,
1fce7704a5c6b18803daa9841a0bbb3b1a97d19e5c353d52bcf53aa8a0bb60cb,2025-12,City of London Police,City of London Police,-0.084754,51.512882,On or near Corbet Court,E01032739,City of London 001F,Other theft,Unable to prosecute suspect,
dc02b62e09ff37cbaf9688dd0acafea66a07ffa86fe509f01eb035a48fa68c25,2025-12,City of London Police,City of London Police,-0.094070,51.513079,On or near Watling Street,E01032739,City of London 001F,Other theft,Investigation complete; no suspect identified,
4973c0349cfba999204fc4ec34bc3d8c9b4ab4c3433fc77033451c2395d1dc5b,2025-12,City of London Police,City of London Police,-0.084844,51.509700,On or near Monument Street,E01032739,City of London 001F,Other theft,Investigation complete; no suspect identified,
889efea762c96e658d7c9890d74c86fd3dbdf898e73f92c0b90aae992c05f9c6,2025-12,City of London Police,City of London Police,-0.083977,51.510441,On or near Lovat Lane,E01032739,City of London 001F,Other theft,Investigation complete; no suspect identified,
d79ae0c924d7b96979a57b14539eca51f155a1d4e33094aee27290842d0dc1b1,2025-12,City of London Police,City of London Police,-0.088785,51.517102,On or near Moorgate,E01032739,City of London 001F,Other theft,Unable to prosecute suspect,
fabbb72e9a0bc5e838e584210295c85a9b8dc0963220a0b9b7d80284a3f48ab3,2025-12,City of London Police,City of London Police,-0.101589,51.513515,On or near Ludgate Square,E01032739,City of London 001F,Other theft,Investigation complete; no suspect identified,
d55da36382b93a0441469fb0d8cde4e6aa551ef46196da49c647e44da18f0424,2025-12,City of London Police,City of London Police,-0.101589,51.513515,On or near Ludgate Square,E01032739,City of London 001F,Other theft,Investigation complete; no suspect identified,
63174b742f2a1ad324e6c74d9ad4262d8d033f2b1c8e48d028884c74ac2cda9e,2025-12,City of London Police,City of London Police,-0.081643,51.510070,On or near Great Tower Street,E01032739,City of London 001F,Other theft,Investigation complete; no suspect identified,
d22e617d3015ca2b1531622a866e777277f8e74f643fc839d630a3548153d744,2025-12,City of London Police,City of London Police,-0.092531,51.512658,On or near Queen Street,E01032739,City of London 001F,Other theft,Investigation complete; no suspect identified,
db2e575c0148e715a45d5993405f90254bc600c8a56dc4f55ae4b0b72a6fca71,2025-12,City of London Police,City of London Police,-0.084754,51.512882,On or near Corbet Court,E01032739,City of London 001F,Other theft,Investigation complete; no suspect identified,
7aa7fd2f0f98dbc6a0d67ab3307184d17c95131e75a63bae6f932c8cd86f8ac9,2025-12,City of London Police,City of London Police,-0.081113,51.516869,On or near Bishopsgate,E01032739,City of London 001F,Other theft,Investigation complete; no suspect identified,
8c4d99849163a1ca1532f9353ccb34537ba217ef6b8ed7ea70c2022714d7fc9f,2025-12,City of London Police,City of London Police,-0.089479,51.510864,On or near Gophir Lane,E01032739,City of London 001F,Other theft,Investigation complete; no suspect identified,
7b092afef83fc0fd8382201ab5a1ffbf8c28ebc1c04a3da985c6c61303b6aa62,2025-12,City of London Police,City of London Police,-0.085228,51.511190,On or near Talbot Court,E01032739,City of London 001F,Other theft,Investigation complete; no suspect identified,
9216f4a2d1ed3bc5bd6410367c7a93f77e43bc51a15d6ed920dc158d559b4c53,2025-12,City of London Police,City of London Police,-0.088903,51.510836,On or near Laurence Pountney Hill,E01032739,City of London 001F,Other theft,Investigation complete; no suspect identified,
e5cbd874e65718f266b434b7556a415c0082063dec38cc5896bb2a1db11da4c6,2025-12,City of London Police,City of London Police,-0.084910,51.512588,On or near Bell Inn Yard,E01032739,City of London 001F,Other theft,Investigation complete; no suspect identified,
bac2b5b99288857eb0a7f0090f40174ee829c8424d00a01fd43c3e27fa771b04,2025-12,City of London Police,City of London Police,-0.083977,51.510441,On or near Lovat Lane,E01032739,City of London 001F,Other theft,Investigation complete; no suspect identified,
ea305df4432f842ed99f34aae9e4c6f9b20fb125b1189d3a59a81e3569108b70,2025-12,City of London Police,City of London Police,-0.083349,51.514830,On or near Shopping Area,E01032739,City of London 001F,Other theft,Status update unavailable,
dd92e197799b3737580d9258d018ffd2efa1c8c9678e81414c860f0085c1355c,2025-12,City of London Police,City of London Police,-0.086815,51.517007,On or near Circus Place,E01032739,City of London 001F,Other theft,Status update unavailable,
c45af8edbf30cfccd52528ae88d27707d3da25fa76f8b410dc12d5ce7756bb2b,2025-12,City of London Police,City of London Police,-0.082993,51.516360,On or near Wormwood Street,E01032739,City of London 001F,Other theft,Investigation complete; no suspect identified,
112ad3ba75cfd6d0a53a20ff504a33b5966331645aa349f2e27a111d17bf1156,2025-12,City of London Police,City of London Police,-0.084836,51.511939,On or near Shopping Area,E01032739,City of London 001F,Other theft,Investigation complete; no suspect identified,
8b50e39cfc105605a03ccf5e5bfee7d2fcd8f7d423f98ed50d60f7674e12455b,2025-12,City of London Police,City of London Police,-0.088785,51.517102,On or near Moorgate,E01032739,City of London 001F,Other theft,Investigation complete; no suspect identified,
072004f437bd1a329ceef5d2ee689c74c523bbe68730116f329c9d7c4cec56bd,2025-12,City of London Police,City of London Police,-0.079196,51.513789,On or near Creechurch Lane,E01032739,City of London 001F,Other theft,Investigation complete; no suspect identified,
1a996b8e84011bddc3dc25011190e9bb6f8079776b9ecdc367496d38e370c3fc,2025-12,City of London Police,City of London Police,-0.081902,51.517296,On or near Liverpool Street,E01032739,City of London 001F,Other theft,Investigation complete; no suspect identified,
abbbd3f1d9f955dbd06a12014ccd736be5e70f7f32c7b458a1f15d71c8d568a8,2025-12,City of London Police,City of London Police,-0.092531,51.512658,On or near Queen Street,E01032739,City of London 001F,Other theft,Investigation complete; no suspect identified,
9bbc21ad81e1eefb2a12ee969f79945f6ef732c811d98fc3566ef7b7dff5d434,2025-12,City of London Police,City of London Police,-0.083349,51.514830,On or near Shopping Area,E01032739,City of London 001F,Other theft,Investigation complete; no suspect identified,
4f9802262e11bf13be1822e5bb3f342ab0ebd57f5ff092751000e28e76f1d12e,2025-12,City of London Police,City of London Police,-0.090578,51.509722,On or near Allhallows Lane,E01032739,City of London 001F,Other theft,Status update unavailable,
bb1992540b616d495eb19c4c19814a66b22b9c2235143c38bc0e40184955b64c,2025-12,City of London Police,City of London Police,-0.082133,51.515222,On or near St Helen'S Place,E01032739,City of London 001F,Other theft,Investigation complete; no suspect identified,
6a6d8d1341514d66abe893a95af59d3c37928f7ec2360a6dffd6c62cf1b08be5,2025-12,City of London Police,City of London Police,-0.086019,51.513631,On or near Finch Lane,E01032739,City of London 001F,Other theft,Investigation complete; no suspect identified,
44a7dc464a2a381f4a55180b4821c4ae443c1de459eec0eb5b5911c72808fd6e,2025-12,City of London Police,City of London Police,-0.087157,51.512624,On or near Lombard Street,E01032739,City of London 001F,Other theft,Investigation complete; no suspect identified,
c225dfc595d535139d7df58782583b42e0afe6a681d3ba69a0a18ddc3961beb9,2025-12,City of London Police,City of London Police,-0.080769,51.520236,On or near Further/Higher Educational Building,E01032739,City of London 001F,Other theft,Investigation complete; no suspect identified,
91eaba011da77bb4eb3acd5b996b74fd71c70d63504c63f19d664a05d21b0261,2025-12,City of London Police,City of London Police,-0.079120,51.514912,On or near Bevis Marks,E01032739,City of London 001F,Other theft,Investigation complete; no suspect identified,
45ae087d43df2612689aa9f6fa7da9090847dccf5146b48f09072bcab14e0246,2025-12,City of London Police,City of London Police,-0.085089,51.512105,On or near Gracechurch Street,E01032739,City of London 001F,Other theft,Investigation complete; no suspect identified,
aa07fc08dd67538ab88d096565b659fabbe1bbaff57cb7de47f6688f4786097e,2025-12,City of London Police,City of London Police,-0.093339,51.511557,On or near Conference/Exhibition Centre,E01032739,City of London 001F,Other theft,Investigation complete; no suspect identified,
1b24b2cefc2914d6e7a5ece0ea8d959b163ff86a5506230aa3f6367e9ced9ab5,2025-12,City of London Police,City of London Police,-0.078278,51.513666,On or near Mitre Street,E01032739,City of London 001F,Other theft,Investigation complete; no suspect identified,
e23acca231d31730edc052fc0532cbc2929c4ea8e1a6c0e66a0fdad59b4a25dc,2025-12,City of London Police,City of London Police,-0.079883,51.517326,On or near New Street,E01032739,City of London 001F,Other theft,Awaiting court outcome,
9aa0a994e2f2ca6558b2f556efc5ae868d973fca1eac91670f18309e424705ff,2025-12,City of London Police,City of London Police,-0.087772,51.510665,On or near Martin Lane,E01032739,City of London 001F,Other theft,Investigation complete; no suspect identified,
8b7a771e702a47c1f9cce29c1403fba54a8789a5d9b7a962651e79a88c9c13f3,2025-12,City of London Police,City of London Police,-0.086019,51.513631,On or near Finch Lane,E01032739,City of London 001F,Other theft,Investigation complete; no suspect identified,
e9556292d7f58eaa5cb09a5abb4fd2922bdedac5b695197995538175a0614cd8,2025-12,City of London Police,City of London Police,-0.081643,51.510070,On or near Great Tower Street,E01032739,City of London 001F,Other theft,Investigation complete; no suspect identified,
af944c6dbb785360cc9e8f8f85cddbfef022bf51d5c5e3964c9d17212bd6e2a5,2025-12,City of London Police,City of London Police,-0.083600,51.509797,On or near St Mary At Hill,E01032739,City of London 001F,Other theft,Investigation complete; no suspect identified,
2e38ec82ee09d156af881ef7808d459cb8996a2ec8a33bb80bc856ecbf071c32,2025-12,City of London Police,City of London Police,-0.089822,51.516103,On or near Coleman Street,E01032739,City of London 001F,Other theft,Investigation complete; no suspect identified,
15d06c1610b1c500ffbfedbf6213d47ebcb2e4aa1d822c34eccafbc1c413f57b,2025-12,City of London Police,City of London Police,-0.079138,51.508312,On or near Lower Thames Street,E01032739,City of London 001F,Other theft,Investigation complete; no suspect identified,
7899108eae97e2f31098ce4016efefdb960b677d5e9cb582a46fb0e6dd3dd99c,2025-12,City of London Police,City of London Police,-0.097176,51.510836,On or near Trig Lane,E01032739,City of London 001F,Other theft,Investigation complete; no suspect identified,
92ed8739a5a74db40aac17b6a6b916489171584126e99f76c9e8759242c0df77,2025-12,City of London Police,City of London Police,-0.078477,51.509965,On or near Muscovy Street,E01032739,City of London 001F,Other theft,Investigation complete; no suspect identified,
44aa769c798eba90cf6a13f3fe75ead21a314fd869bc69bb93042028e04d2785,2025-12,City of London Police,City of London Police,-0.097291,51.514626,On or near Supermarket,E01032739,City of London 001F,Other theft,Investigation complete; no suspect identified,
14779b7ddc58034d686297b5d9a0aba48b807c5b9a6e0e00d8a6c546fdf6f3af,2025-12,City of London Police,City of London Police,-0.078495,51.517770,On or near Further/Higher Educational Building,E01032739,City of London 001F,Other theft,Investigation complete; no suspect identified,
11abf85d628a9524c781a35e128e9c7deb1ceda2a0f8cbd401e9314cbf0cc5d0,2025-12,City of London Police,City of London Police,-0.078477,51.509965,On or near Muscovy Street,E01032739,City of London 001F,Other theft,Investigation complete; no suspect identified,
6e8586b62e686adab1ea2f543928ea5a945383b53a56367394a2b084352816c0,2025-12,City of London Police,City of London Police,-0.088785,51.517102,On or near Moorgate,E01032739,City of London 001F,Other theft,Investigation complete; no suspect identified,
0ab67f508a1416d4421a9970618d8fb44650764be6177edbca06c10d19c6b5a9,2025-12,City of London Police,City of London Police,-0.084836,51.511939,On or near Shopping Area,E01032739,City of London 001F,Other theft,Investigation complete; no suspect identified,
fa197e0d438baa24ef0d0aca1a14649f06f0da1a6f217185e6e21be9e7b24fb2,2025-12,City of London Police,City of London Police,-0.100201,51.513286,On or near Dean'S Court,E01032739,City of London 001F,Other theft,Investigation complete; no suspect identified,
d6ef36f9e46c7fd52846d24c339094f64a9d2ead7df387a08c6f96af071fbc87,2025-12,City of London Police,City of London Police,-0.085089,51.512105,On or near Gracechurch Street,E01032739,City of London 001F,Other theft,Investigation complete; no suspect identified,
d8a2b5832175fe37456e913429de0fb5555bc2785c35b95ba131699f5fe5eea4,2025-12,City of London Police,City of London Police,-0.092036,51.511049,On or near College Street,E01032739,City of London 001F,Other theft,Unable to prosecute suspect,
d4aa6a6bb22c9bcafdff5a84fea2762010096895e907c8082c9a807b66790594,2025-12,City of London Police,City of London Police,-0.083977,51.510441,On or near Lovat Lane,E01032739,City of London 001F,Other theft,Investigation complete; no suspect identified,
510e5d7318dea2905890a494f46818e80e869d2c00ff27b172d396e50f5f4787,2025-12,City of London Police,City of London Police,-0.079138,51.508312,On or near Lower Thames Street,E01032739,City of London 001F,Other theft,Investigation complete; no suspect identified,
eb2374ebbb8f923ad553015cab527501dd318a5b3b9c464a076c838c05983a31,2025-12,City of London Police,City of London Police,-0.085228,51.511190,On or near Talbot Court,E01032739,City of London 001F,Other theft,Investigation complete; no suspect identified,
5e9da9ce28ad7b912f988f6166257e40cbbbd7608354698c7c24e66ddd6303c0,2025-12,City of London Police,City of London Police,-0.077959,51.511332,On or near Crutched Friars,E01032739,City of London 001F,Other theft,Status update unavailable,
07be3d6e132b130290400ca5ad5cc3e1586c4679433e2ad62630569df6a4a736,2025-12,City of London Police,City of London Police,-0.084754,51.512882,On or near Corbet Court,E01032739,City of London 001F,Other theft,Investigation complete; no suspect identified,
25c66a9c61c0cb538acf55ccb8270737d8db0bd5d70251b0206162138b5bdeba,2025-12,City of London Police,City of London Police,-0.084754,51.512882,On or near Corbet Court,E01032739,City of London 001F,Other theft,Investigation complete; no suspect identified,
7eb1cea454b53f5e704ce4942710ac52b1f628e0b248a540a370a9b535d95694,2025-12,City of London Police,City of London Police,-0.079907,51.517785,On or near Victoria Avenue,E01032739,City of London 001F,Other theft,Investigation complete; no suspect identified,
52c5c710d0a64e9d1b866851863282d5a6bc52465252bfcdcf582186b1f301e6,2025-12,City of London Police,City of London Police,-0.079138,51.508312,On or near Lower Thames Street,E01032739,City of London 001F,Other theft,Investigation complete; no suspect identified,
16ebd1d011674a1acf4a1a92598162b530630103ff3d271ed88786b802c12572,2025-12,City of London Police,City of London Police,-0.085228,51.511190,On or near Talbot Court,E01032739,City of London 001F,Other theft,Investigation complete; no suspect identified,
e293cb2f13d9edad0b58a59440a0119f660ac81b298c6bb51f90ce955da4b57b,2025-12,City of London Police,City of London Police,-0.104276,51.513712,On or near A201,E01032739,City of London 001F,Other theft,Investigation complete; no suspect identified,
b96d601bbc0ae978e7dbf903792346d60d869fbde98017d537fc7b31074e1575,2025-12,City of London Police,City of London Police,-0.079521,51.511196,On or near New London Street,E01032739,City of London 001F,Other theft,Investigation complete; no suspect identified,
1b5d0e2d3b60adddf78ead64df57ae82c8fe0835efef144d9fc011735e5965cc,2025-12,City of London Police,City of London Police,-0.088785,51.517102,On or near Moorgate,E01032739,City of London 001F,Other theft,Investigation complete; no suspect identified,
b40eddc22c10ca8b8713400028d07401dbc8c550da730f82d10b1ad11b1e4c8b,2025-12,City of London Police,City of London Police,-0.082993,51.516360,On or near Wormwood Street,E01032739,City of London 001F,Other theft,Investigation complete; no suspect identified,
b7cd008c9c7d221edd42e8e917873cfe21fd4625cf088be601215a8e90bf6fbe,2025-12,City of London Police,City of London Police,-0.079138,51.508312,On or near Lower Thames Street,E01032739,City of London 001F,Other theft,Investigation complete; no suspect identified,
cc4cb4d6a8f6776092c572e78e120e8d65502e4f7d11e9507500153a8d64d571,2025-12,City of London Police,City of London Police,-0.081902,51.517296,On or near Liverpool Street,E01032739,City of London 001F,Other theft,Investigation complete; no suspect identified,
86e7a1ca40e94ef62530fe9553fd8b1588e34d759bdad4ae524294b5471f8f52,2025-12,City of London Police,City of London Police,-0.091947,51.513188,On or near Pancras Lane,E01032739,City of London 001F,Other theft,Investigation complete; no suspect identified,
c5671bd24e088d82115e73862c495cf4f250334d671c10462c3bbc9227829d85,2025-12,City of London Police,City of London Police,-0.077070,51.510877,On or near Cooper'S Row,E01032739,City of London 001F,Other theft,Investigation complete; no suspect identified,
9831c685b02e118a86167948a920ea9fb721c417280012c842f02232aee2897d,2025-12,City of London Police,City of London Police,-0.085228,51.511190,On or near Talbot Court,E01032739,City of London 001F,Other theft,Investigation complete; no suspect identified,
694f300b641f03dbb685bd25e41ae6e332b3eb8ebdc3abd2c0bf952e346d70d8,2025-12,City of London Police,City of London Police,-0.104276,51.513712,On or near A201,E01032739,City of London 001F,Other theft,Investigation complete; no suspect identified,
645e38dd107583a59bb8d93083211a36bc3a75285f95dec2e4428aeaa7021558,2025-12,City of London Police,City of London Police,-0.088303,51.510728,On or near Laurence Pountney Lane,E01032739,City of London 001F,Other theft,Investigation complete; no suspect identified,
48de71d6c2e24686cb4dc81ea327acaac4e1fc9ae379fd90c86ed0014f1be5fe,2025-12,City of London Police,City of London Police,-0.094070,51.513079,On or near Watling Street,E01032739,City of London 001F,Other theft,Status update unavailable,
ae8ff50afe4d6c29455ea4f747c5d6e72262fcb31d50fc21c8a288a171f70eb5,2025-12,City of London Police,City of London Police,-0.086019,51.513631,On or near Finch Lane,E01032739,City of London 001F,Other theft,Investigation complete; no suspect identified,
d3c1a1437112f51f99d96cc19af766201bd3d34fb00dc4f9012c57fbd02bfec8,2025-12,City of London Police,City of London Police,-0.079521,51.511196,On or near New London Street,E01032739,City of London 001F,Other theft,Awaiting court outcome,
4f94972a1fb9e119be520ce5e3b283e86de629b498c6191b73233e1bf7840986,2025-12,City of London Police,City of London Police,-0.086019,51.513631,On or near Finch Lane,E01032739,City of London 001F,Other theft,Investigation complete; no suspect identified,
497171aa0ba26d34af0349981ad39fb02e8701399d4ad6d0529b84e6946d6f85,2025-12,City of London Police,City of London Police,-0.086815,51.517007,On or near Circus Place,E01032739,City of London 001F,Other theft,Investigation complete; no suspect identified,
c2ac904b7ee98a7951e1c461805b0bc3f45f0010d1267b419e2461232931f430,2025-12,City of London Police,City of London Police,-0.094900,51.513209,On or near Bread Street,E01032739,City of London 001F,Other theft,Investigation complete; no suspect identified,
772372a3df7051c75e3879e06235d06b0ed9507b7dc2fd662df515f5d6cd26da,2025-12,City of London Police,City of London Police,-0.079883,51.517326,On or near New Street,E01032739,City of London 001F,Other theft,Investigation complete; no suspect identified,
3a0107e025d8fa8dc85cf902e00a37738397b40c05d5ba89947866a7994df500,2025-12,City of London Police,City of London Police,-0.077563,51.517656,On or near Sandy'S Row,E01032739,City of London 001F,Other theft,Investigation complete; no suspect identified,
99efcee9e8df3837c822f2fd70af356a2f2f58f8878fd42b29a00043e8e30693,2025-12,City of London Police,City of London Police,-0.081113,51.516869,On or near Bishopsgate,E01032739,City of London 001F,Other theft,Investigation complete; no suspect identified,
c5cc5dc2eb371d033b12d237f0d6582a9a8f1068db5146e989debb258cadc640,2025-12,City of London Police,City of London Police,-0.083977,51.510441,On or near Lovat Lane,E01032739,City of London 001F,Other theft,Investigation complete; no suspect identified,
81dacd8255823769b5243c46924171b9f39e7606d988cdcbe3e8286566d8f639,2025-12,City of London Police,City of London Police,-0.079907,51.517785,On or near Victoria Avenue,E01032739,City of London 001F,Other theft,Investigation complete; no suspect identified,
aec92639fc8d281b44c5307acb5f113bee86baa34e7ac301ca8ded502e223386,2025-12,City of London Police,City of London Police,-0.083977,51.510441,On or near Lovat Lane,E01032739,City of London 001F,Other theft,Investigation complete; no suspect identified,
4e30c663f25d982422695b8af7eae49887d2252e5f847fdda4746b5fbe127fe6,2025-12,City of London Police,City of London Police,-0.092531,51.512658,On or near Queen Street,E01032739,City of London 001F,Other theft,Investigation complete; no suspect identified,
5014501008f7ebda8e2b414f4b04f35f0553bedadd1d87e6113ee9121d344f8e,2025-12,City of London Police,City of London Police,-0.079907,51.517785,On or near Victoria Avenue,E01032739,City of London 001F,Possession of weapons,Unable to prosecute suspect,
a0b566d9edf5834400a757706c340cbdf27c04c7cb6ec2e8034a8e33b0f37df1,2025-12,City of London Police,City of London Police,-0.077959,51.511332,On or near Crutched Friars,E01032739,City of London 001F,Possession of weapons,Unable to prosecute suspect,
7234142c1058dd67df12059aff45210058947a62ba9e30d04a79fded8da04765,2025-12,City of London Police,City of London Police,-0.078278,51.513666,On or near Mitre Street,E01032739,City of London 001F,Possession of weapons,Awaiting court outcome,
582d8c0f07791305b9231e59361bbbf9a25cf5a226882a0889024c1a1c58ef3b,2025-12,City of London Police,City of London Police,-0.087873,51.516503,On or near Langthorn Court,E01032739,City of London 001F,Public order,Unable to prosecute suspect,
5122695d79edc4530a20148224493164d38f72412890e960ca07aaf200f2dad8,2025-12,City of London Police,City of London Police,-0.079907,51.517785,On or near Victoria Avenue,E01032739,City of London 001F,Public order,Investigation complete; no suspect identified,
cd0af33a4272f6c91319f01e91c45d87457479d03820ab2e1bc4aec3c2911e5f,2025-12,City of London Police,City of London Police,-0.081643,51.510070,On or near Great Tower Street,E01032739,City of London 001F,Public order,Status update unavailable,
711c02f0d51673fee351ae94f8f587a1629040d3f02c67b5f9a5eca2e72f2478,2025-12,City of London Police,City of London Police,-0.094070,51.513079,On or near Watling Street,E01032739,City of London 001F,Public order,Awaiting court outcome,
542436a5a654c1d5e46505b2302745efae59a024eda11136c7d0060217652c6e,2025-12,City of London Police,City of London Police,-0.095224,51.513736,On or near Shopping Area,E01032739,City of London 001F,Public order,Investigation complete; no suspect identified,
3299295118c15baab2d85fd36eaf78b63baaa811dcaf026e9831ed8fadb1c612,2025-12,City of London Police,City of London Police,-0.095224,51.513736,On or near Shopping Area,E01032739,City of London 001F,Public order,Investigation complete; no suspect identified,
7c5341c2849c9df84b21026c64faf214b0c532512af2a5a2f12738ac3ed3ad67,2025-12,City of London Police,City of London Police,-0.078477,51.509965,On or near Muscovy Street,E01032739,City of London 001F,Public order,Status update unavailable,
718f89cc7e1ac7bbf40c90be9ebf65d4e58026d4214fca12faef94bb0f62ff8c,2025-12,City of London Police,City of London Police,-0.077959,51.511332,On or near Crutched Friars,E01032739,City of London 001F,Public order,Unable to prosecute suspect,
6542587b3df46b19bd8568e1aa904fa7df3955691c7735d01a1321eff03473aa,2025-12,City of London Police,City of London Police,-0.079907,51.517785,On or near Victoria Avenue,E01032739,City of London 001F,Public order,Awaiting court outcome,
961332d2438a2d03fd01c2dce14a22bb42a9ef2968dd71412a49536801d89239,2025-12,City of London Police,City of London Police,-0.079907,51.517785,On or near Victoria Avenue,E01032739,City of London 001F,Public order,Unable to prosecute suspect,
a96a49d830ebce17b660d9ca9018e47c7fd899472f0c6c889820446a297e3246,2025-12,City of London Police,City of London Police,-0.091947,51.513188,On or near Pancras Lane,E01032739,City of London 001F,Public order,Unable to prosecute suspect,
10ce5a9993802cde54523f8fda783ac77263191d8fa4e55ab9c5d5e854836838,2025-12,City of London Police,City of London Police,-0.102847,51.512717,On or near Playhouse Yard,E01032739,City of London 001F,Public order,Status update unavailable,
2a9d6afc3dfc0f96a5599138228cd2cb564670f3b69a4ddf0c87b428c32d04ce,2025-12,City of London Police,City of London Police,-0.081512,51.518692,On or near London Liverpool Street,E01032739,City of London 001F,Public order,Investigation complete; no suspect identified,
0b4ee1d3e8580013ee354c0fb2f2649082fd17d7e994d630ad94f279a5a93a72,2025-12,City of London Police,City of London Police,-0.102847,51.512717,On or near Playhouse Yard,E01032739,City of London 001F,Public order,Unable to prosecute suspect,
d925379591810f41f3d5678f440f50ac3edb5f94ae254e0e21f4835026b13ba5,2025-12,City of London Police,City of London Police,-0.084844,51.510725,On or near Eastcheap,E01032739,City of London 001F,Public order,Awaiting court outcome,
1038546f8258d69cfd3296d0f74c00d3d70375166fbcea5bd705563ca794f8e2,2025-12,City of London Police,City of London Police,-0.078278,51.513666,On or near Mitre Street,E01032739,City of London 001F,Public order,Unable to prosecute suspect,
6911dc2bda041ae13cb43ed87eb04fe61127aca8731406d0718b7e1ecab673bb,2025-12,City of London Police,City of London Police,-0.085228,51.511190,On or near Talbot Court,E01032739,City of London 001F,Public order,Investigation complete; no suspect identified,
c5f3c918a2de90f1fd56215c8e16c21a519d6dc976fa1a678d0db9f3620ba2c3,2025-12,City of London Police,City of London Police,-0.092036,51.511049,On or near College Street,E01032739,City of London 001F,Public order,Investigation complete; no suspect identified,
9b10100d22afb0a77abdbd122d456ad546ec035444be99edef5ac57e19085a97,2025-12,City of London Police,City of London Police,-0.088785,51.517102,On or near Moorgate,E01032739,City of London 001F,Public order,Unable to prosecute suspect,
15de4f7a0be57c8a2475a6a006cba70238634d28a2b9c9e3fe41bf38de763150,2025-12,City of London Police,City of London Police,-0.084844,51.510725,On or near Eastcheap,E01032739,City of London 001F,Public order,Unable to prosecute suspect,
d3c19da389f12bc2df878cfd68e1e398cd4e7838f0512038129c4c22fd9f069a,2025-12,City of London Police,City of London Police,-0.081512,51.518692,On or near London Liverpool Street,E01032739,City of London 001F,Public order,Unable to prosecute suspect,
829baced04f226c81cc7448d0cb59e06f4e34df95ae8426e3d6bc994f1ced0b2,2025-12,City of London Police,City of London Police,-0.079883,51.517326,On or near New Street,E01032739,City of London 001F,Public order,Unable to prosecute suspect,
3dd17299d4cecf928ee41f95aca624e02445e2a3eae66343adecb04b0a672022,2025-12,City of London Police,City of London Police,-0.083977,51.510441,On or near Lovat Lane,E01032739,City of London 001F,Public order,Unable to prosecute suspect,
2c4f036a335197f1ba1e59c0c97cef05a255246323c3c54d73f6c660e769e9ff,2025-12,City of London Police,City of London Police,-0.079196,51.513789,On or near Creechurch Lane,E01032739,City of London 001F,Public order,Unable to prosecute suspect,
32c000629ff55371ab0da222c578efec61fc059ff27de10f8bea545ffc7c7b9a,2025-12,City of London Police,City of London Police,-0.081113,51.516869,On or near Bishopsgate,E01032739,City of London 001F,Public order,Investigation complete; no suspect identified,
a82abc6b77d686641008fd4b0de00912ed9f27f7cfa1c24f38fb7264ed96a675,2025-12,City of London Police,City of London Police,-0.091540,51.511896,On or near Cannon Street,E01032739,City of London 001F,Public order,Investigation complete; no suspect identified,
c15a63c5849d13a7ccb2cbfbb8c4c24eb3663af53189b782f52c04537eaa005a,2025-12,City of London Police,City of London Police,-0.081113,51.516869,On or near Bishopsgate,E01032739,City of London 001F,Public order,Unable to prosecute suspect,
bfe37a4740eff5859443e68c3a894729a12aa48c701439fbda12a3c5b1f2a40f,2025-12,City of London Police,City of London Police,-0.079120,51.514912,On or near Bevis Marks,E01032739,City of London 001F,Public order,Status update unavailable,
0a4a7356ebb9a6ab62ca086027b597a2fa10ff2a36e003e3a7f9077ab9db636b,2025-12,City of London Police,City of London Police,-0.078477,51.509965,On or near Muscovy Street,E01032739,City of London 001F,Public order,Investigation complete; no suspect identified,
5ade08b6fd8b1493f2ac906110e64bdbb8e344ddf4d46bb301ccac38cfb5fa6f,2025-12,City of London Police,City of London Police,-0.081902,51.517296,On or near Liverpool Street,E01032739,City of London 001F,Public order,Unable to prosecute suspect,
541a4f6e09b5d2883df2053aeecfe0fc437b496b90ad22cba001de69e7782d69,2025-12,City of London Police,City of London Police,-0.081512,51.518692,On or near London Liverpool Street,E01032739,City of London 001F,Public order,Unable to prosecute suspect,
e4b77bf816cadea39ffc39c1462db8f300b4c5ddf6d70f6c59646f5e1676b6c9,2025-12,City of London Police,City of London Police,-0.089822,51.516103,On or near Coleman Street,E01032739,City of London 001F,Public order,Further investigation is not in the public interest,
e8d028dd36c9e254c315304ad1f43047b4f1af9201424d66297950a1d58c594f,2025-12,City of London Police,City of London Police,-0.095924,51.513882,On or near Shopping Area,E01032739,City of London 001F,Public order,Awaiting court outcome,
88cca6bbb66daba4c2988b9df1c463fff1348746bf64898e6f410e9558ff8fa6,2025-12,City of London Police,City of London Police,-0.091540,51.511896,On or near Cannon Street,E01032739,City of London 001F,Public order,Unable to prosecute suspect,
963e581c6a694e20b5e7969232357519bdd4e810160e7c9e4f0899ea59ffeee5,2025-12,City of London Police,City of London Police,-0.088903,51.510836,On or near Laurence Pountney Hill,E01032739,City of London 001F,Robbery,Investigation complete; no suspect identified,
5debace7248e8f4edf8d6cc2c919502ea068b9b65c67e71e1bd7410fcae5f564,2025-12,City of London Police,City of London Police,-0.084754,51.512882,On or near Corbet Court,E01032739,City of London 001F,Robbery,Investigation complete; no suspect identified,
3704dc7749d06c6ba9ca75f6808ced9968e1ddf7d8201dd572bdc1f52d3fab47,2025-12,City of London Police,City of London Police,-0.088903,51.510836,On or near Laurence Pountney Hill,E01032739,City of London 001F,Robbery,Awaiting court outcome,
5b66289ca34fcc3e22a05f415ea7f9be321482625237f362d0adc3c400bc2ba6,2025-12,City of London Police,City of London Police,-0.087157,51.512624,On or near Lombard Street,E01032739,City of London 001F,Robbery,Unable to prosecute suspect,
2cc927cfccb9de087eef3274c8cad73eed6ca1e19a1b3564f03dde9e92217689,2025-12,City of London Police,City of London Police,-0.082993,51.516360,On or near Wormwood Street,E01032739,City of London 001F,Robbery,Investigation complete; no suspect identified,
e679d875130b2e071dbe7a521dd5cef6be9931d2dc4fdb4394c738ecb1a3b59b,2025-12,City of London Police,City of London Police,-0.081902,51.517296,On or near Liverpool Street,E01032739,City of London 001F,Robbery,Investigation complete; no suspect identified,
295ce99f0f7cf1020d4dc1922c8c9176ac2a96e4d44c8fd114af68a3e0f6e1d0,2025-12,City of London Police,City of London Police,-0.097291,51.514626,On or near Supermarket,E01032739,City of London 001F,Robbery,Investigation complete; no suspect identified,
83d9dab12108a088e74bc4eb62527bb6b68f57550347a9949ce76399933e3fc7,2025-12,City of London Police,City of London Police,-0.086815,51.517007,On or near Circus Place,E01032739,City of London 001F,Robbery,Unable to prosecute suspect,
89fe0624a4a5f6aa31c0bb4af3371004b52cf7cdfde1ab6eeac824b10a2e5af4,2025-12,City of London Police,City of London Police,-0.085089,51.512105,On or near Gracechurch Street,E01032739,City of London 001F,Robbery,Investigation complete; no suspect identified,
3ed528ab72a3544c248dcb3dc0daaa052d001447a97c4267fa6f2fe81186a550,2025-12,City of London Police,City of London Police,-0.087772,51.510665,On or near Martin Lane,E01032739,City of London 001F,Robbery,Unable to prosecute suspect,
878ebba4bfb7785acc40d4ef5b1df4bb52246bf8bbc407d8d46d989e1506b2b1,2025-12,City of London Police,City of London Police,-0.087157,51.512624,On or near Lombard Street,E01032739,City of London 001F,Robbery,Investigation complete; no suspect identified,
5518cbaae2f8c2013752a9b0d8fd3bbd79729a408d9ea59e8bc2336329f25925,2025-12,City of London Police,City of London Police,-0.084844,51.510725,On or near Eastcheap,E01032739,City of London 001F,Robbery,Investigation complete; no suspect identified,
fd8edf727ce28efa930560d004ae195911e7f1da98bfdc65fe52704df65d1786,2025-12,City of London Police,City of London Police,-0.094460,51.512024,On or near Great Trinity Lane,E01032739,City of London 001F,Robbery,Unable to prosecute suspect,
9edca3b65754bd8b9feb6b922b5224c3b7521d7eb302b57122da79e6a2db7976,2025-12,City of London Police,City of London Police,-0.084844,51.510725,On or near Eastcheap,E01032739,City of London 001F,Robbery,Investigation complete; no suspect identified,
980fcb9f57b488cb0571e9f647e7f31be256b12d6b9935ed2fe00a93450e4d3e,2025-12,City of London Police,City of London Police,-0.077372,51.512590,On or near Carlisle Avenue,E01032739,City of London 001F,Robbery,Investigation complete; no suspect identified,
2a7329a7690ce5233abde46cca5690f664bfe9475525149a054eab49a57be759,2025-12,City of London Police,City of London Police,-0.087157,51.512624,On or near Lombard Street,E01032739,City of London 001F,Robbery,Investigation complete; no suspect identified,
11abc7ae59c847c018c69e8cde21aeef3770993e051cf41c3df7df8cce76a0bf,2025-12,City of London Police,City of London Police,-0.094460,51.512024,On or near Great Trinity Lane,E01032739,City of London 001F,Robbery,Investigation complete; no suspect identified,
8015ce7467a8824b7cf276a2622ed27ccf07826c421ce9f2f3c859ae274a6e2c,2025-12,City of London Police,City of London Police,-0.100201,51.513286,On or near Dean'S Court,E01032739,City of London 001F,Robbery,Investigation complete; no suspect identified,
01705c12c5116f04c8f84e26b64e2336c6cccb4ef1151391f38eb131392a5d1d,2025-12,City of London Police,City of London Police,-0.095224,51.513736,On or near Shopping Area,E01032739,City of London 001F,Shoplifting,Investigation complete; no suspect identified,
f8db6bcb4471b10db8123facb15e2aa07bd15c3ce58f50a3be10e3e31e2ff896,2025-12,City of London Police,City of London Police,-0.084836,51.511939,On or near Shopping Area,E01032739,City of London 001F,Shoplifting,Unable to prosecute suspect,
9792e086b9695e6fdb6fc07bb53cb30c5aa59bad51bc5d18e4ce1f332afb7915,2025-12,City of London Police,City of London Police,-0.086815,51.517007,On or near Circus Place,E01032739,City of London 001F,Shoplifting,Investigation complete; no suspect identified,
43d88d142f3cf36b912cfcaa4eb51cada218e826f9063ce4c8433aa00974dfac,2025-12,City of London Police,City of London Police,-0.086815,51.517007,On or near Circus Place,E01032739,City of London 001F,Shoplifting,Awaiting court outcome,
77698da753c9dda2bab977c3960953af874d5ff9ceb4ff88addbe67e6169f54f,2025-12,City of London Police,City of London Police,-0.087772,51.510665,On or near Martin Lane,E01032739,City of London 001F,Shoplifting,Investigation complete; no suspect identified,
1fab99661fe560db269d765f433d413ebd4146c5fc734bcc8d037a926fa53d12,2025-12,City of London Police,City of London Police,-0.097291,51.514626,On or near Supermarket,E01032739,City of London 001F,Shoplifting,Investigation complete; no suspect identified,
703074dbb2a5818601614564448956c09c43461a8064d570378ca4b1addbdb8d,2025-12,City of London Police,City of London Police,-0.079883,51.517326,On or near New Street,E01032739,City of London 001F,Shoplifting,Unable to prosecute suspect,
78c809e2fe989e5d37c5c1acc91d06585c548f5630e35325dab68b9f9d5e8ac7,2025-12,City of London Police,City of London Police,-0.081512,51.518692,On or near London Liverpool Street,E01032739,City of London 001F,Shoplifting,Awaiting court outcome,
247ed96b540e6274322802675e6dcfb21f62084e8f2b4586ccd750fdc3d8fce9,2025-12,City of London Police,City of London Police,-0.081902,51.517296,On or near Liverpool Street,E01032739,City of London 001F,Shoplifting,Investigation complete; no suspect identified,
f771702f9fcb2510159a056925a363feb03ffc8af0fdef155601c1a289ba1b69,2025-12,City of London Police,City of London Police,-0.079883,51.517326,On or near New Street,E01032739,City of London 001F,Shoplifting,Unable to prosecute suspect,
aa1f88e2b934ebbe53b59d3b9b2d1689d93bb09a5fbd4f752657528b41a58d33,2025-12,City of London Police,City of London Police,-0.085089,51.512105,On or near Gracechurch Street,E01032739,City of London 001F,Shoplifting,Awaiting court outcome,
b2c268e0f6d9c81ca21540d29c2e3988416b971c08ef1d0ef106196d8eeb33c6,2025-12,City of London Police,City of London Police,-0.097291,51.514626,On or near Supermarket,E01032739,City of London 001F,Shoplifting,Unable to prosecute suspect,
9e59316bcc580b2579a598ca42bd26c76460a1b7cb0aeba962b87405a8bc75bf,2025-12,City of London Police,City of London Police,-0.079883,51.517326,On or near New Street,E01032739,City of London 001F,Shoplifting,Unable to prosecute suspect,
f7c7f9414486ad348c51bdca4a8fb2a44b4c05bdb120c82f4ba41ed8f907bcea,2025-12,City of London Police,City of London Police,-0.095924,51.513882,On or near Shopping Area,E01032739,City of London 001F,Shoplifting,Investigation complete; no suspect identified,
12572e9a3d19a2fa60d57c68d49f4327e3c9fce2a27f1bf3824c01fc4309ef58,2025-12,City of London Police,City of London Police,-0.087157,51.512624,On or near Lombard Street,E01032739,City of London 001F,Shoplifting,Unable to prosecute suspect,
71edbb4411eeeec4b8a37b82ba87fe7c47069ab7654bd8af67bddd9dcc3151ec,2025-12,City of London Police,City of London Police,-0.095924,51.513882,On or near Shopping Area,E01032739,City of London 001F,Shoplifting,Unable to prosecute suspect,
c879ff7d894df2359cd4664382271dfbf8375cc83f954f1168f8986a99b18b8f,2025-12,City of London Police,City of London Police,-0.095924,51.513882,On or near Shopping Area,E01032739,City of London 001F,Shoplifting,Unable to prosecute suspect,
9b384e3a9646aff705044cb09635b136b1bfd9fc2b36daa7c2b04c4620030698,2025-12,City of London Police,City of London Police,-0.082993,51.516360,On or near Wormwood Street,E01032739,City of London 001F,Shoplifting,Investigation complete; no suspect identified,
b24847c483351b7d008d8be9dc51d5caec87ce39a347358a83c42f65e1e207d0,2025-12,City of London Police,City of London Police,-0.091823,51.514427,On or near Ironmonger Lane,E01032739,City of London 001F,Shoplifting,Investigation complete; no suspect identified,
479042930d1c012b15f08ee9159772b63ec16a816b6146769db987baa1e0de35,2025-12,City of London Police,City of London Police,-0.097291,51.514626,On or near Supermarket,E01032739,City of London 001F,Shoplifting,Investigation complete; no suspect identified,
adc71190be1703ec0642e419866899c34480711ee6ff2f986874e2dcacbe40e5,2025-12,City of London Police,City of London Police,-0.094070,51.513079,On or near Watling Street,E01032739,City of London 001F,Shoplifting,Awaiting court outcome,
064f712b2b32385869b1de691e1d98b3c339b057aa3a2116e2ce7da523df9ac2,2025-12,City of London Police,City of London Police,-0.096501,51.513874,On or near New Change,E01032739,City of London 001F,Shoplifting,Investigation complete; no suspect identified,
4766f329fdb530ec30a423b5f8e80181b10719be9e195d9044d8403865f9fb21,2025-12,City of London Police,City of London Police,-0.094070,51.513079,On or near Watling Street,E01032739,City of London 001F,Shoplifting,Awaiting court outcome,
3f07302c69984811239871c564ed7cfd376e8c31c846a6dd9fcb42a576ed97ed,2025-12,City of London Police,City of London Police,-0.087772,51.510665,On or near Martin Lane,E01032739,City of London 001F,Shoplifting,Unable to prosecute suspect,
e49c0b28a0cdace00372f64aac79664156e011e65dfe6ef317070d788d1891e7,2025-12,City of London Police,City of London Police,-0.081902,51.517296,On or near Liverpool Street,E01032739,City of London 001F,Shoplifting,Unable to prosecute suspect,
8dc1a010137fcf24040a9291b1ed6b429a8420f3b69a564baa8fa5040f158505,2025-12,City of London Police,City of London Police,-0.091947,51.513188,On or near Pancras Lane,E01032739,City of London 001F,Shoplifting,Unable to prosecute suspect,
efb0b365a5da6da0b13e68d36e40bd0177cfeaf92879fcc9bd2d25eb69b4b1f2,2025-12,City of London Police,City of London Police,-0.094460,51.512024,On or near Great Trinity Lane,E01032739,City of London 001F,Shoplifting,Unable to prosecute suspect,
ecb40452dc30d5c21a9bb14465421201af08197859372f8dd86ca9df6cc76a08,2025-12,City of London Police,City of London Police,-0.096501,51.513874,On or near New Change,E01032739,City of London 001F,Shoplifting,Investigation complete; no suspect identified,
97b6637af220a5d057ccc6fed5d5ed3cffba462fd789f85f9da748ebc54832d9,2025-12,City of London Police,City of London Police,-0.085089,51.512105,On or near Gracechurch Street,E01032739,City of London 001F,Shoplifting,Awaiting court outcome,
109c4989771b399ac73c4bca6e545b3fbad3daeea7b6dd6439f97da90e82b04d,2025-12,City of London Police,City of London Police,-0.091823,51.514427,On or near Ironmonger Lane,E01032739,City of London 001F,Shoplifting,Investigation complete; no suspect identified,
3dd1d16179ff87532f9a32fbebcf9cc0104e49c415d4bdff684f814514453f2c,2025-12,City of London Police,City of London Police,-0.089479,51.510864,On or near Gophir Lane,E01032739,City of London 001F,Shoplifting,Investigation complete; no suspect identified,
79c2d4330055c381266697becbf5f5a76414549eccd6d3b9a95b9e5cc1d2c7ae,2025-12,City of London Police,City of London Police,-0.094070,51.513079,On or near Watling Street,E01032739,City of London 001F,Shoplifting,Investigation complete; no suspect identified,
1256cebd7b138f1961a88fdd5206f81efa5c8fd7749eebb03ec40a324725b4ef,2025-12,City of London Police,City of London Police,-0.088903,51.510836,On or near Laurence Pountney Hill,E01032739,City of London 001F,Shoplifting,Awaiting court outcome,
741dc6aba1f37659649303ca38e2d3f303633a0877bbeb12b6ba2e4064dc53e8,2025-12,City of London Police,City of London Police,-0.091823,51.514427,On or near Ironmonger Lane,E01032739,City of London 001F,Shoplifting,Investigation complete; no suspect identified,
10346c660e1657f4e006cc2b50665fbad7660fe625e75a5a394952614a252560,2025-12,City of London Police,City of London Police,-0.094070,51.513079,On or near Watling Street,E01032739,City of London 001F,Shoplifting,Awaiting court outcome,
9c6444ae96a5a871b88f159d4533b0c4fc5f335a47cfc75f917700112ac3bd8d,2025-12,City of London Police,City of London Police,-0.094070,51.513079,On or near Watling Street,E01032739,City of London 001F,Shoplifting,Awaiting court outcome,
31ecd837cb5b0c89a49ff6df526bd9ba1ecfeead34437d701733bdec52f65e84,2025-12,City of London Police,City of London Police,-0.097291,51.514626,On or near Supermarket,E01032739,City of London 001F,Shoplifting,Local resolution,
aa32ff5e23e63a5e72f42c872d83f504acdb28484cb1400380ae81fcc9c5b850,2025-12,City of London Police,City of London Police,-0.097291,51.514626,On or near Supermarket,E01032739,City of London 001F,Shoplifting,Investigation complete; no suspect identified,
981cc89011eb47ac00d0f3c08db43f19797c91a58749227860732a0aae40a4d7,2025-12,City of London Police,City of London Police,-0.085089,51.512105,On or near Gracechurch Street,E01032739,City of London 001F,Shoplifting,Unable to prosecute suspect,
2610d5f3c409731f388c34a3719b3cbe0b8d1e7e27509569d5effe89de550338,2025-12,City of London Police,City of London Police,-0.082133,51.515222,On or near St Helen'S Place,E01032739,City of London 001F,Shoplifting,Awaiting court outcome,
7062c7e2f4aa015efa15db7c54d7fdbfb9ee20e37d2c2f7e98efd13ee5733ede,2025-12,City of London Police,City of London Police,-0.094070,51.513079,On or near Watling Street,E01032739,City of London 001F,Shoplifting,Awaiting court outcome,
9752f901c30daf0ab324cfdf3e859fd042c172d3951d7bdecb20f74573227759,2025-12,City of London Police,City of London Police,-0.094070,51.513079,On or near Watling Street,E01032739,City of London 001F,Shoplifting,Investigation complete; no suspect identified,
004a8b572f589f1857d48b81572cf8731aa83e165515f9660453d274bb4a724a,2025-12,City of London Police,City of London Police,-0.085089,51.512105,On or near Gracechurch Street,E01032739,City of London 001F,Shoplifting,Investigation complete; no suspect identified,
7c68aed70e2b46feb965725747d466c0848531eebc1de3b1866ca6f8a0480bd2,2025-12,City of London Police,City of London Police,-0.079883,51.517326,On or near New Street,E01032739,City of London 001F,Shoplifting,Unable to prosecute suspect,
0e548281c0bfaaf60d029bddccb0805348ae2e1d4048cab6718be9bedda0e3ba,2025-12,City of London Police,City of London Police,-0.097291,51.514626,On or near Supermarket,E01032739,City of London 001F,Shoplifting,Investigation complete; no suspect identified,
28986e730370c5bbce04684b7e5f8bba0ebf417a8c6e16bc9d404e271c02707c,2025-12,City of London Police,City of London Police,-0.097291,51.514626,On or near Supermarket,E01032739,City of London 001F,Shoplifting,Investigation complete; no suspect identified,
b632724da7fc171dbc94ff25223d196816185ffd3531c58738ce6237b94a839d,2025-12,City of London Police,City of London Police,-0.097291,51.514626,On or near Supermarket,E01032739,City of London 001F,Shoplifting,Investigation complete; no suspect identified,
fdee6ac254429ad3195924fb7d2326a1e1a823fefacf0cf08495731e0e2e2884,2025-12,City of London Police,City of London Police,-0.097291,51.514626,On or near Supermarket,E01032739,City of London 001F,Shoplifting,Investigation complete; no suspect identified,
9e5f80b04d434530df945c2865a9ed444c1b0d399e4476e2e0ce252204148ace,2025-12,City of London Police,City of London Police,-0.097291,51.514626,On or near Supermarket,E01032739,City of London 001F,Shoplifting,Investigation complete; no suspect identified,
7d303661c9821254fa9fb8038ebb6cc3569f032de3b04b1609ccec0362fefee8,2025-12,City of London Police,City of London Police,-0.078755,51.518440,On or near Artillery Lane,E01032739,City of London 001F,Shoplifting,Unable to prosecute suspect,
23424e3bef2eee8b80ac033264c8cddfa23e75e89e66696a83806f896b58ae7a,2025-12,City of London Police,City of London Police,-0.094070,51.513079,On or near Watling Street,E01032739,City of London 001F,Shoplifting,Awaiting court outcome,
20fb6aa097650e25a79af95ea2928502658d123d9ef22bee04b41e21c44a6849,2025-12,City of London Police,City of London Police,-0.091823,51.514427,On or near Ironmonger Lane,E01032739,City of London 001F,Shoplifting,Investigation complete; no suspect identified,
8076ae76ffca3e4a37a7984eee3d271b43a4622331ae9457b5cde0ad58ec0142,2025-12,City of London Police,City of London Police,-0.091947,51.513188,On or near Pancras Lane,E01032739,City of London 001F,Shoplifting,Awaiting court outcome,
32546ea52e6b74e7b925f88b65b12eb3406302825db238c2f125d24cce9db895,2025-12,City of London Police,City of London Police,-0.091947,51.513188,On or near Pancras Lane,E01032739,City of London 001F,Shoplifting,Unable to prosecute suspect,
dd82a3f0be0077055a3170f08845114f9b4f7dd2d74f239f00ccb3118f8d3cd8,2025-12,City of London Police,City of London Police,-0.094070,51.513079,On or near Watling Street,E01032739,City of London 001F,Shoplifting,Investigation complete; no suspect identified,
1e7567fdc2f9f5273a792914a93defc81ffc2fd74c247656bd3bcaf232f997e7,2025-12,City of London Police,City of London Police,-0.079883,51.517326,On or near New Street,E01032739,City of London 001F,Shoplifting,Awaiting court outcome,
7adc0d464a1db9c911e0798cbd6f80e833748b41f8ec2a2d36d08f37e706d907,2025-12,City of London Police,City of London Police,-0.078278,51.513666,On or near Mitre Street,E01032739,City of London 001F,Shoplifting,Local resolution,
ffb1f102eee88f5b56609041a3b751db8a8fc99a28b0bed7e035859ba91f8a5c,2025-12,City of London Police,City of London Police,-0.096501,51.513874,On or near New Change,E01032739,City of London 001F,Shoplifting,Investigation complete; no suspect identified,
80494176a371f7d8b6326e4a1f57dadfda80b4dabe37a7b08e237161fdab0b6d,2025-12,City of London Police,City of London Police,-0.095224,51.513736,On or near Shopping Area,E01032739,City of London 001F,Shoplifting,Investigation complete; no suspect identified,
a6a886698b9658af3ccf04886958a2e988c4a07a9a088b092bcf25f05f43ced1,2025-12,City of London Police,City of London Police,-0.089479,51.510864,On or near Gophir Lane,E01032739,City of London 001F,Shoplifting,Awaiting court outcome,
063b6692077cdb192fc5f7b28c4be02907f4abb9a29c255d081727405defb360,2025-12,City of London Police,City of London Police,-0.095924,51.513882,On or near Shopping Area,E01032739,City of London 001F,Shoplifting,Investigation complete; no suspect identified,
8645f2abd4614d3c8d9f028b4520f0c96dd001528e432229b58392bba4d5a028,2025-12,City of London Police,City of London Police,-0.084754,51.512882,On or near Corbet Court,E01032739,City of London 001F,Shoplifting,Investigation complete; no suspect identified,
5f2e8fae1c9944c29f97f0fa7a9d608916c80f0b6b30b3fb4cbfd543261064c0,2025-12,City of London Police,City of London Police,-0.083349,51.514830,On or near Shopping Area,E01032739,City of London 001F,Shoplifting,Unable to prosecute suspect,
7543c83d7e3dfd31384f1ce712f0958577c31cab33e60d817a3b70554af70ef1,2025-12,City of London Police,City of London Police,-0.096501,51.513874,On or near New Change,E01032739,City of London 001F,Shoplifting,Unable to prosecute suspect,
d80ef97030a819e59394647810cced87b8faa9e02ca04d8342eaee8c849b1f6e,2025-12,City of London Police,City of London Police,-0.078278,51.513666,On or near Mitre Street,E01032739,City of London 001F,Shoplifting,Awaiting court outcome,
b8ab0f86d501eb258e147cf4d6fe3373362ab53f4307495611058bf64216a287,2025-12,City of London Police,City of London Police,-0.085089,51.512105,On or near Gracechurch Street,E01032739,City of London 001F,Shoplifting,Investigation complete; no suspect identified,
b912edfe15a7bf71c233e9028ec6fd424a047b9a26a990a8e01a5d6ec339b750,2025-12,City of London Police,City of London Police,-0.078278,51.513666,On or near Mitre Street,E01032739,City of London 001F,Shoplifting,Unable to prosecute suspect,
8cbff8aeff32ccf33a7784ad55d6f521b6edf8a1895525836a61ee420d4df6ef,2025-12,City of London Police,City of London Police,-0.081902,51.517296,On or near Liverpool Street,E01032739,City of London 001F,Shoplifting,Investigation complete; no suspect identified,
c010faf7550eea2af5dbb0cc94da1baa3b38eb01649c57de3e094aec421a47a5,2025-12,City of London Police,City of London Police,-0.089479,51.510864,On or near Gophir Lane,E01032739,City of London 001F,Shoplifting,Awaiting court outcome,
a38616319a6b4d4efd88f6123247c20ad15fe3b2dcb459f4c6718f799518f419,2025-12,City of London Police,City of London Police,-0.094070,51.513079,On or near Watling Street,E01032739,City of London 001F,Shoplifting,Awaiting court outcome,
fdcfacbb80d38bf4edb2434006a2b29af1283728920c1920b3113d7305d060b1,2025-12,City of London Police,City of London Police,-0.094070,51.513079,On or near Watling Street,E01032739,City of London 001F,Shoplifting,Awaiting court outcome,
9edfdb76ee898208830002d17c80f50c47b2a545a03e4d784099afd268a43811,2025-12,City of London Police,City of London Police,-0.079883,51.517326,On or near New Street,E01032739,City of London 001F,Shoplifting,Awaiting court outcome,
ac3fa0b7b5f3b350d734907b1ca717317e92e11c4f02fc9f40c74f81c6225a18,2025-12,City of London Police,City of London Police,-0.097291,51.514626,On or near Supermarket,E01032739,City of London 001F,Shoplifting,Investigation complete; no suspect identified,
c4d1d8881025d99193ac46f527341a8ec56b9c38a1b81fca842443cfcee17286,2025-12,City of London Police,City of London Police,-0.079883,51.517326,On or near New Street,E01032739,City of London 001F,Shoplifting,Investigation complete; no suspect identified,
16bc50e2e2e9ee2d1d787a69839729db263f8a31ec3115c4403236aa25c05d52,2025-12,City of London Police,City of London Police,-0.081902,51.517296,On or near Liverpool Street,E01032739,City of London 001F,Shoplifting,Investigation complete; no suspect identified,
f09b9d1d546ad17e0e74eece93600a00217a12395a7de713e8c6d2502506589e,2025-12,City of London Police,City of London Police,-0.091947,51.513188,On or near Pancras Lane,E01032739,City of London 001F,Shoplifting,Investigation complete; no suspect identified,
8436ed117b0199ef3f957c977a3d3f76687986730b41b22ed8acfc639d974852,2025-12,City of London Police,City of London Police,-0.081902,51.517296,On or near Liverpool Street,E01032739,City of London 001F,Shoplifting,Awaiting court outcome,
73ad2217db50a30ad4e10331e5d5b9236860888b6f3308f4c57cd4fb1277083c,2025-12,City of London Police,City of London Police,-0.087157,51.512624,On or near Lombard Street,E01032739,City of London 001F,Theft from the person,Investigation complete; no suspect identified,
0102211409c908fdfcac8d198b9007c30ec97d43e42aff6a32abae0d8a9603ac,2025-12,City of London Police,City of London Police,-0.095224,51.513736,On or near Shopping Area,E01032739,City of London 001F,Theft from the person,Investigation complete; no suspect identified,
187a60387c3a4c81f42fe369f058fedaf9696a986104f6b44744579640ae48da,2025-12,City of London Police,City of London Police,-0.081902,51.517296,On or near Liverpool Street,E01032739,City of London 001F,Theft from the person,Investigation complete; no suspect identified,
c6e6ecec74e65df08152eb2dd08f687f240481bf0bb3f7a3d40cd827eb427527,2025-12,City of London Police,City of London Police,-0.087157,51.512624,On or near Lombard Street,E01032739,City of London 001F,Theft from the person,Investigation complete; no suspect identified,
c4fa61dbe3193c76379533751e5849ad5456eac2c04994e3bed0a4022dc2b813,2025-12,City of London Police,City of London Police,-0.088785,51.517102,On or near Moorgate,E01032739,City of London 001F,Theft from the person,Investigation complete; no suspect identified,
b8624d792c79bf30f7cee644d973d5885d948a87c8ec1435a273a2184da4e642,2025-12,City of London Police,City of London Police,-0.082993,51.516360,On or near Wormwood Street,E01032739,City of London 001F,Theft from the person,Investigation complete; no suspect identified,
b664cadb8ee6c39ebe388fd1c4a93376c40433cf0fc694edd6950956c34500c0,2025-12,City of London Police,City of London Police,-0.081643,51.510070,On or near Great Tower Street,E01032739,City of London 001F,Theft from the person,Investigation complete; no suspect identified,
32640f324cd875c87a2643ab9c0ff1744833715284ed076c7b4195aa2c3cc4ae,2025-12,City of London Police,City of London Police,-0.079138,51.508312,On or near Lower Thames Street,E01032739,City of London 001F,Theft from the person,Investigation complete; no suspect identified,
0966695b7635c29b66da67d588498283a213a904350bd684c20d1a71cb3524ec,2025-12,City of London Police,City of London Police,-0.091540,51.511896,On or near Cannon Street,E01032739,City of London 001F,Theft from the person,Investigation complete; no suspect identified,
6486ed86f3cb94e8b5dbf1beed37aa591efa4abdc250466ac88e9144aedb78bd,2025-12,City of London Police,City of London Police,-0.088785,51.517102,On or near Moorgate,E01032739,City of London 001F,Theft from the person,Investigation complete; no suspect identified,
919cfc6bb1db7ccf9a2cde22389f0bd9c07b5e4da3ebf4fba62de71482564a30,2025-12,City of London Police,City of London Police,-0.086815,51.517007,On or near Circus Place,E01032739,City of London 001F,Theft from the person,Investigation complete; no suspect identified,
53c696ee5142f7a4cb58e277179e2b6876d6f181c5b487085b797c1c0764c96d,2025-12,City of London Police,City of London Police,-0.079907,51.517785,On or near Victoria Avenue,E01032739,City of London 001F,Theft from the person,Investigation complete; no suspect identified,
09f0ac5fc28822029a575887e7ff344a01bb2088ab221fc8afcc8d653c07be0d,2025-12,City of London Police,City of London Police,-0.080769,51.520236,On or near Further/Higher Educational Building,E01032739,City of London 001F,Theft from the person,Investigation complete; no suspect identified,
1664ed141497038b03d3ae995ab0a70db87897d17a25e81db04fe081316a87ee,2025-12,City of London Police,City of London Police,-0.089208,51.509744,On or near Angel Lane,E01032739,City of London 001F,Theft from the person,Investigation complete; no suspect identified,
93aa3f4af367694ae49c8abd48fd9f58007cb1edb063a5acc9a7ff94f3b99d6b,2025-12,City of London Police,City of London Police,-0.102272,51.511656,On or near Puddle Dock,E01032739,City of London 001F,Theft from the person,Status update unavailable,
f494828bc175d741c020390b37a0ced370d8cd938f21baf614a091f5bf54679b,2025-12,City of London Police,City of London Police,-0.079907,51.517785,On or near Victoria Avenue,E01032739,City of London 001F,Theft from the person,Investigation complete; no suspect identified,
e3cc4131beb1509ebad95c6360344cbcb53a5bc96304311494023992baca0997,2025-12,City of London Police,City of London Police,-0.085089,51.512105,On or near Gracechurch Street,E01032739,City of London 001F,Theft from the person,Investigation complete; no suspect identified,
bab0520ea03851bd5a1da08fca95115587a1b515a1c171ec7d5d1ec9e4934e86,2025-12,City of London Police,City of London Police,-0.087157,51.512624,On or near Lombard Street,E01032739,City of London 001F,Theft from the person,Investigation complete; no suspect identified,
3802b8f0076e66b0445039687b04fe7411a81ef8920306626c2cf1903dd24445,2025-12,City of London Police,City of London Police,-0.100201,51.513286,On or near Dean'S Court,E01032739,City of London 001F,Theft from the person,Investigation complete; no suspect identified,
75c7e19f7ff0a7fba2e59932e888dd9747ac92eb0c55c0f689ca6a4ca076581f,2025-12,City of London Police,City of London Police,-0.085228,51.511190,On or near Talbot Court,E01032739,City of London 001F,Theft from the person,Investigation complete; no suspect identified,
53d652d2d6c6c18cc65102cd4dfb20d3c3b765f0f86972e9055752a9607bc281,2025-12,City of London Police,City of London Police,-0.102134,51.513929,On or near Ludgate Hill,E01032739,City of London 001F,Theft from the person,Investigation complete; no suspect identified,
3511b32106e4b8d7865f4c70244157a5da44e42a9e886ba863d5248983160bce,2025-12,City of London Police,City of London Police,-0.084754,51.512882,On or near Corbet Court,E01032739,City of London 001F,Theft from the person,Investigation complete; no suspect identified,
f44303f2eb0d48ed6d1e8dd2a3a5a2be24fec23a3bd8e85e43daf111fb5239f5,2025-12,City of London Police,City of London Police,-0.095054,51.510559,On or near Queenhithe,E01032739,City of London 001F,Theft from the person,Investigation complete; no suspect identified,
f60a700b563bc2cb0325f070f497f2f39ede5722a84e53ea957dfa5adef872fd,2025-12,City of London Police,City of London Police,-0.100201,51.513286,On or near Dean'S Court,E01032739,City of London 001F,Theft from the person,Investigation complete; no suspect identified,
f1a1ff2bc191f8d82bce926e46ee9c1e37b3063e9ee299ac312ea2e51e552791,2025-12,City of London Police,City of London Police,-0.077372,51.512590,On or near Carlisle Avenue,E01032739,City of London 001F,Theft from the person,Investigation complete; no suspect identified,
0d18ffb4208a312c44bd25b9dcecede4bcd4aeaa4e209efc113260076d278299,2025-12,City of London Police,City of London Police,-0.087157,51.512624,On or near Lombard Street,E01032739,City of London 001F,Theft from the person,Investigation complete; no suspect identified,
a7000232767230cbabdfa6f2b4ee1ec72cc803c9a57c9ac84f7d9934075a1cf3,2025-12,City of London Police,City of London Police,-0.101906,51.511794,On or near Theatre/Concert Hall,E01032739,City of London 001F,Theft from the person,Investigation complete; no suspect identified,
784cc1ee4d46eb402d04521372d023b80b3993d61ec088eefcee3e1d618af9dc,2025-12,City of London Police,City of London Police,-0.084844,51.510725,On or near Eastcheap,E01032739,City of London 001F,Theft from the person,Investigation complete; no suspect identified,
6c870061a25d02b13941165fe6c808cac1b32257ab19fdd43ab65e569e74077f,2025-12,City of London Police,City of London Police,-0.092633,51.509872,On or near Bell Wharf Lane,E01032739,City of London 001F,Theft from the person,Unable to prosecute suspect,
12631b614b2e4123a1e218995c14a11c989cf463ac4181c2fda4a7c76a3a48b5,2025-12,City of London Police,City of London Police,-0.100201,51.513286,On or near Dean'S Court,E01032739,City of London 001F,Theft from the person,Investigation complete; no suspect identified,
d5f430414a1da2965707caf60b99ce5ddcedcb46bab40ecaa42933a51e05b5d1,2025-12,City of London Police,City of London Police,-0.085089,51.512105,On or near Gracechurch Street,E01032739,City of London 001F,Theft from the person,Investigation complete; no suspect identified,
522891e012448fddb2fe163e3a16f2c9b4f31e5c6761db173277074cf636ab90,2025-12,City of London Police,City of London Police,-0.081902,51.517296,On or near Liverpool Street,E01032739,City of London 001F,Theft from the person,Investigation complete; no suspect identified,
6bbd366058e393c16043037b098f9f72ce45804034eb5f07f7d52afe4077f80e,2025-12,City of London Police,City of London Police,-0.104276,51.513712,On or near A201,E01032739,City of London 001F,Theft from the person,Investigation complete; no suspect identified,
e46564b7d90090ce24e7232ba5ac9399875e883c473b84b9bdc97f9f85eda67a,2025-12,City of London Police,City of London Police,-0.100888,51.514448,On or near Amen Corner,E01032739,City of London 001F,Theft from the person,Investigation complete; no suspect identified,
735f6c13652cec04e3dc2d77947b471ebb3c6d3a2470232f78ca9bfd567b5cc0,2025-12,City of London Police,City of London Police,-0.091947,51.513188,On or near Pancras Lane,E01032739,City of London 001F,Theft from the person,Investigation complete; no suspect identified,
090c376a56ca1796e4e74fbb0b23528aa8146ae4ef8e4cc614a3049e6d1ae2c8,2025-12,City of London Police,City of London Police,-0.085089,51.512105,On or near Gracechurch Street,E01032739,City of London 001F,Theft from the person,Investigation complete; no suspect identified,
86ebdc94ef9e42953c5a54998554ca460d5096c7786d9ea1ac8285f682d8bb60,2025-12,City of London Police,City of London Police,-0.084844,51.509700,On or near Monument Street,E01032739,City of London 001F,Theft from the person,Investigation complete; no suspect identified,
c3a4fce3f03a74f9e383306ad11c2eb54edeadfc55b3d1105ec7948f99d665f5,2025-12,City of London Police,City of London Police,-0.088303,51.510728,On or near Laurence Pountney Lane,E01032739,City of London 001F,Theft from the person,Investigation complete; no suspect identified,
05bb69023177ab1a566c43cb8ee664f49e134e5f8c69b04d2b8cc1b5629016b2,2025-12,City of London Police,City of London Police,-0.077070,51.510877,On or near Cooper'S Row,E01032739,City of London 001F,Theft from the person,Investigation complete; no suspect identified,
72ccdf88cd9f63063643cdb7755b93a39404f5d525bbe147dadca0232b2df0da,2025-12,City of London Police,City of London Police,-0.081113,51.516869,On or near Bishopsgate,E01032739,City of London 001F,Theft from the person,Investigation complete; no suspect identified,
ef0fb83c3280f7310f7ae259ddd118e7fa87c2f25002aaf5c4a5cb4d9d71745c,2025-12,City of London Police,City of London Police,-0.095924,51.513882,On or near Shopping Area,E01032739,City of London 001F,Theft from the person,Investigation complete; no suspect identified,
2667aea9f7e448c723f5db8ac56e8f9df4a7be69ad786afe18da835287ce7a84,2025-12,City of London Police,City of London Police,-0.100201,51.513286,On or near Dean'S Court,E01032739,City of London 001F,Theft from the person,Investigation complete; no suspect identified,
9a85be5c19ee23b941b957e12ab97a7abd5ff936c4b5ce925dc80050fad1ccc9,2025-12,City of London Police,City of London Police,-0.091540,51.511896,On or near Cannon Street,E01032739,City of London 001F,Theft from the person,Investigation complete; no suspect identified,
8fcf48a31aa9abc5353de93be238250316c3b252d3b03c3bf66acd41c8ec825c,2025-12,City of London Police,City of London Police,-0.081902,51.517296,On or near Liverpool Street,E01032739,City of London 001F,Theft from the person,Investigation complete; no suspect identified,
891c669c6331ab11a3abc4c31e8975d2ca050ceb00e292072a52622938ee63ec,2025-12,City of London Police,City of London Police,-0.078424,51.518093,On or near Widegate Street,E01032739,City of London 001F,Theft from the person,Investigation complete; no suspect identified,
a82baab75c4654513a6b3d9fbf7133686378367cfe8d91d012358cd63218ea15,2025-12,City of London Police,City of London Police,-0.081902,51.517296,On or near Liverpool Street,E01032739,City of London 001F,Theft from the person,Investigation complete; no suspect identified,
cb202f540c8aac9026899ed1ad6663130019f4ec4b56699c11ce672bab1a1976,2025-12,City of London Police,City of London Police,-0.078755,51.518440,On or near Artillery Lane,E01032739,City of London 001F,Theft from the person,Investigation complete; no suspect identified,
97e53f08242e55fefe8840dd716032ca3b442c3bed263bdc451bead0d921d30b,2025-12,City of London Police,City of London Police,-0.089208,51.509744,On or near Angel Lane,E01032739,City of London 001F,Theft from the person,Investigation complete; no suspect identified,
1c5e291da98159ba4bf239314d5e2e0eb9078c32e1befa2d35bdda0a6e4d6f4d,2025-12,City of London Police,City of London Police,-0.091540,51.511896,On or near Cannon Street,E01032739,City of London 001F,Theft from the person,Investigation complete; no suspect identified,
637b1ad6c869adc8386793a445cd9d3d80d557024adbd8de0bf1b5fe53568ac3,2025-12,City of London Police,City of London Police,-0.094070,51.513079,On or near Watling Street,E01032739,City of London 001F,Theft from the person,Investigation complete; no suspect identified,
f58e3a73e3a954c23020d658d78560a69abc8865d245a3ecd03b94febe93cba4,2025-12,City of London Police,City of London Police,-0.085089,51.512105,On or near Gracechurch Street,E01032739,City of London 001F,Theft from the person,Investigation complete; no suspect identified,
2031365f34e25abbe2cdfe6c25fbce3695eb6621933448efbce303949ec445ce,2025-12,City of London Police,City of London Police,-0.082993,51.516360,On or near Wormwood Street,E01032739,City of London 001F,Theft from the person,Investigation complete; no suspect identified,
b4158c2c9ca98882f5f6956987f53a489ddcb90b249b00c4eba687e9ad292ea6,2025-12,City of London Police,City of London Police,-0.089208,51.509744,On or near Angel Lane,E01032739,City of London 001F,Theft from the person,Investigation complete; no suspect identified,
540023884b6a836d438af6cfb85aba17c533a3f46cb54b5c554c80114c143433,2025-12,City of London Police,City of London Police,-0.082993,51.516360,On or near Wormwood Street,E01032739,City of London 001F,Theft from the person,Investigation complete; no suspect identified,
2b0a47772eb0775f1a578cfff4e3c2ca366266cf7a4486de3ffa3d3855445a48,2025-12,City of London Police,City of London Police,-0.078424,51.518093,On or near Widegate Street,E01032739,City of London 001F,Theft from the person,Investigation complete; no suspect identified,
30053eb065942575c84a74d10470d99d9d475c1756f22b278b9b8a2a0b945713,2025-12,City of London Police,City of London Police,-0.089808,51.517461,On or near London Wall,E01032739,City of London 001F,Theft from the person,Investigation complete; no suspect identified,
5404cb16e69bb07c32a1e4cca22dd5f19fc25b4d9e6ddd77b108b7fb31e83006,2025-12,City of London Police,City of London Police,-0.085089,51.512105,On or near Gracechurch Street,E01032739,City of London 001F,Theft from the person,Investigation complete; no suspect identified,
48f913d51e65e48f0e26bd0302fcc6000b92514d79e17e9c7fc9bc06dfc8841b,2025-12,City of London Police,City of London Police,-0.085228,51.511190,On or near Talbot Court,E01032739,City of London 001F,Theft from the person,Investigation complete; no suspect identified,
a0839cbf70932fc6b70f05821950bd3b4be00acdff84cbc2d277251740140627,2025-12,City of London Police,City of London Police,-0.091947,51.513188,On or near Pancras Lane,E01032739,City of London 001F,Theft from the person,Investigation complete; no suspect identified,
28da9c6071f44881e2d5a9957aa6e6be73ef9862d35eb421bbbc96c7ee464eee,2025-12,City of London Police,City of London Police,-0.100201,51.513286,On or near Dean'S Court,E01032739,City of London 001F,Theft from the person,Investigation complete; no suspect identified,
e66114c7828fea8291d23e2067777a4d25ad6f59f1d510514037c8df1cc22638,2025-12,City of London Police,City of London Police,-0.091823,51.514427,On or near Ironmonger Lane,E01032739,City of London 001F,Theft from the person,Investigation complete; no suspect identified,
19aded7ab124a6b410b13ff9c7c0cd46ace8eb460b0769043fc0f33ed80d4af5,2025-12,City of London Police,City of London Police,-0.102272,51.511656,On or near Puddle Dock,E01032739,City of London 001F,Theft from the person,Investigation complete; no suspect identified,
44d1c485b1c9ed328466ed91feb7234b6a6a62b3ea51ddeab0c17e68a59e3796,2025-12,City of London Police,City of London Police,-0.101963,51.510761,On or near Ferry Terminal,E01032739,City of London 001F,Theft from the person,Investigation complete; no suspect identified,
7b459be3fccd5cca9ac356d60e310df3b9038da9c3639de25280e7211a2687d3,2025-12,City of London Police,City of London Police,-0.079521,51.511196,On or near New London Street,E01032739,City of London 001F,Theft from the person,Investigation complete; no suspect identified,
bc5098104c2f59442d4af1881f749f6206535132f1f1160ad099a71628fc590e,2025-12,City of London Police,City of London Police,-0.081512,51.518692,On or near London Liverpool Street,E01032739,City of London 001F,Theft from the person,Investigation complete; no suspect identified,
96e48e7febde36354f893d2171fb06ca9c87e0b807ad17051af7c6d35c079a65,2025-12,City of London Police,City of London Police,-0.087157,51.512624,On or near Lombard Street,E01032739,City of London 001F,Theft from the person,Investigation complete; no suspect identified,
ee377cacf120ced8a0c34d5c44b6230f04dbe1c5d15f2c8e822d6507331ea0cd,2025-12,City of London Police,City of London Police,-0.085089,51.512105,On or near Gracechurch Street,E01032739,City of London 001F,Theft from the person,Investigation complete; no suspect identified,
a175ea113f130878198248cfe80e76c9b55a4d20840966d403eefd6dab33f21e,2025-12,City of London Police,City of London Police,-0.092633,51.509872,On or near Bell Wharf Lane,E01032739,City of London 001F,Vehicle crime,Investigation complete; no suspect identified,
6f727072869d8e85ab22b0c353c9df8475bca356941c50f66a5623c866d3ed5c,2025-12,City of London Police,City of London Police,-0.092633,51.509872,On or near Bell Wharf Lane,E01032739,City of London 001F,Vehicle crime,Investigation complete; no suspect identified,
48a7b47da6352cc109ad37f4937e901ad1947d4c545da96f63a82a63464c3047,2025-12,City of London Police,City of London Police,-0.082993,51.516360,On or near Wormwood Street,E01032739,City of London 001F,Vehicle crime,Status update unavailable,
7bac448aad94cd36a478b9d34a05c50360210941c3608d34b1f535d8ca338555,2025-12,City of London Police,City of London Police,-0.079521,51.511196,On or near New London Street,E01032739,City of London 001F,Vehicle crime,Investigation complete; no suspect identified,
ac77083c48d5b9b8c2717c6149efcd2e04ca4e2152f18b46f8140c9d4f513523,2025-12,City of London Police,City of London Police,-0.081643,51.510070,On or near Great Tower Street,E01032739,City of London 001F,Violence and sexual offences,Unable to prosecute suspect,
b39b35b1d28584eeb88e7c90048919bc3429ab7f380a7f6171f9a9903de67ba4,2025-12,City of London Police,City of London Police,-0.081113,51.516869,On or near Bishopsgate,E01032739,City of London 001F,Violence and sexual offences,Investigation complete; no suspect identified,
e20478b1db7b1682f4ab9a6ff3997a3ea59af83dab315d8e830994ce4087c224,2025-12,City of London Police,City of London Police,-0.097291,51.514626,On or near Supermarket,E01032739,City of London 001F,Violence and sexual offences,Investigation complete; no suspect identified,
25bf9130407261b91f3fafa79d690569efe9c2779bdd51bb268b229788406966,2025-12,City of London Police,City of London Police,-0.089208,51.509744,On or near Angel Lane,E01032739,City of London 001F,Violence and sexual offences,Unable to prosecute suspect,
0030e3fa7a4f58ce15bf7f54c44028c5670ac8ea2dd64cec0ff93b792e9b1595,2025-12,City of London Police,City of London Police,-0.096274,51.511037,On or near Gardners Lane,E01032739,City of London 001F,Violence and sexual offences,Unable to prosecute suspect,
302f4b71ed25180ae2c92f2ce20b87e27ef24ea536491470a66b49ce51d8dcc3,2025-12,City of London Police,City of London Police,-0.090578,51.509722,On or near Allhallows Lane,E01032739,City of London 001F,Violence and sexual offences,Unable to prosecute suspect,
26aab57563f9157adb263ae06c7e0c6fac8cb2a3f719a0c81305f8b7bef7014c,2025-12,City of London Police,City of London Police,-0.084844,51.509700,On or near Monument Street,E01032739,City of London 001F,Violence and sexual offences,Unable to prosecute suspect,
659287e9f91c1052813f2e8e3862450620df4d95633290509e9924ed53ac0fee,2025-12,City of London Police,City of London Police,-0.101589,51.513515,On or near Ludgate Square,E01032739,City of London 001F,Violence and sexual offences,Investigation complete; no suspect identified,
697b4bd924651c789fe9f659a9ed76fe7e198d95c2df10bfa6eca0bf33719070,2025-12,City of London Police,City of London Police,-0.091540,51.511896,On or near Cannon Street,E01032739,City of London 001F,Violence and sexual offences,Status update unavailable,
065f00e5533da6e0cb0bf5b3f2ad305936e8058ac90fa132890eb3fb3ae0425d,2025-12,City of London Police,City of London Police,-0.091947,51.513188,On or near Pancras Lane,E01032739,City of London 001F,Violence and sexual offences,Unable to prosecute suspect,
1ad2e95b49c6c2678925e3c0d12d013400614467faa1fe832feaa5d2fc096a58,2025-12,City of London Police,City of London Police,-0.089808,51.517461,On or near London Wall,E01032739,City of London 001F,Violence and sexual offences,Unable to prosecute suspect,
b10d63495d188f8653f342a0851a5776836bf0acc4b7663ce0b24ee6b5841c40,2025-12,City of London Police,City of London Police,-0.091540,51.511896,On or near Cannon Street,E01032739,City of London 001F,Violence and sexual offences,Unable to prosecute suspect,
a092dce4a83e4736338571507c6eb9667e976115e22713e0fa9a6506997ea31b,2025-12,City of London Police,City of London Police,-0.087772,51.510665,On or near Martin Lane,E01032739,City of London 001F,Violence and sexual offences,Investigation complete; no suspect identified,
667de01e1f5fa097011dfa4ad70b3d330ad56036005cfaf10ae540a0f9d5e634,2025-12,City of London Police,City of London Police,-0.083977,51.510441,On or near Lovat Lane,E01032739,City of London 001F,Violence and sexual offences,Unable to prosecute suspect,
59c0dbd881365ae01d9cc6756ac363b0daeacd945d44f9c9b31bb337ae5d1028,2025-12,City of London Police,City of London Police,-0.081512,51.518692,On or near London Liverpool Street,E01032739,City of London 001F,Violence and sexual offences,Unable to prosecute suspect,
f6bb2fdf739bcf7eff7c893e25f88424a63828878b59a0607fe4fc589e1f9582,2025-12,City of London Police,City of London Police,-0.078059,51.509967,On or near Trinity Square,E01032739,City of London 001F,Violence and sexual offences,Unable to prosecute suspect,
fdac3b3e8dd64073b6bc5a03c3810b9beb4b231478a9b059c9a862aded658090,2025-12,City of London Police,City of London Police,-0.100201,51.513286,On or near Dean'S Court,E01032739,City of London 001F,Violence and sexual offences,Unable to prosecute suspect,
aba6823dd03f9d47be7d32cbb239d694e53c806ba0bb22b774ac72e5eca69736,2025-12,City of London Police,City of London Police,-0.091410,51.510167,On or near Cousin Lane,E01032739,City of London 001F,Violence and sexual offences,Awaiting court outcome,
e971ecea34d7b19a7c3d4520cf3f4ab6c80617204b7505617371607586a960c6,2025-12,City of London Police,City of London Police,-0.083977,51.510441,On or near Lovat Lane,E01032739,City of London 001F,Violence and sexual offences,Status update unavailable,
6ac43bc1f8b6d6fea5bc9e435adc39d9cf465403d8fd53cba85b361e22338d6f,2025-12,City of London Police,City of London Police,-0.088903,51.510836,On or near Laurence Pountney Hill,E01032739,City of London 001F,Violence and sexual offences,Investigation complete; no suspect identified,
2ada5169f6c58411d060b993951f9eb2b492665e70a761f93cec7187d8fa968d,2025-12,City of London Police,City of London Police,-0.088785,51.517102,On or near Moorgate,E01032739,City of London 001F,Violence and sexual offences,Investigation complete; no suspect identified,
2687f2bd24d310e4f032c8a969279bf00076dc76acb65cdce2315032231f6d18,2025-12,City of London Police,City of London Police,-0.088785,51.517102,On or near Moorgate,E01032739,City of London 001F,Violence and sexual offences,Investigation complete; no suspect identified,
852d616d8a0789a5042c50e3264aac51884197d0dc9aa2c857396fe50b7a199a,2025-12,City of London Police,City of London Police,-0.081113,51.516869,On or near Bishopsgate,E01032739,City of London 001F,Violence and sexual offences,Unable to prosecute suspect,
7fcf0cfcd569c4440be1c93d093fe4c9f57862ed7350f68ba3aaa78293378e65,2025-12,City of London Police,City of London Police,-0.097291,51.514626,On or near Supermarket,E01032739,City of London 001F,Violence and sexual offences,Unable to prosecute suspect,
8e6889a50644ee560a780424bd393f1cd703fe3eac190132eca9ac98382bdcfd,2025-12,City of London Police,City of London Police,-0.081113,51.516869,On or near Bishopsgate,E01032739,City of London 001F,Violence and sexual offences,Unable to prosecute suspect,
8b7e6c0a769d13447a884b267dae9b66ae14e80961213f612c86e4ff921b996e,2025-12,City of London Police,City of London Police,-0.085228,51.511190,On or near Talbot Court,E01032739,City of London 001F,Violence and sexual offences,Unable to prosecute suspect,
db82f489ff3de693fa19191bded00deb79abddd702cc197a63181bc60ec6e1a7,2025-12,City of London Police,City of London Police,-0.079138,51.508312,On or near Lower Thames Street,E01032739,City of London 001F,Violence and sexual offences,Unable to prosecute suspect,
14971ae87ac7b841b59c3eadbeef6b62670edaf19bf63ae6a3a84e71d15a62b3,2025-12,City of London Police,City of London Police,-0.081113,51.516869,On or near Bishopsgate,E01032739,City of London 001F,Violence and sexual offences,Unable to prosecute suspect,
f367e958c474f6d5993c55b47837ebca60e478e8af9dc0b63e8c068b9609894d,2025-12,City of London Police,City of London Police,-0.083977,51.510441,On or near Lovat Lane,E01032739,City of London 001F,Violence and sexual offences,Unable to prosecute suspect,
bd76f729742b6827a9d5d997d7dcd8489d0c2c237e69398ed8c8584f8a42107e,2025-12,City of London Police,City of London Police,-0.088785,51.517102,On or near Moorgate,E01032739,City of London 001F,Violence and sexual offences,Unable to prosecute suspect,
3ab6f3977a1c467202485fdab5861c820d08ce4b91dd887b8d5cb6f1776da40e,2025-12,City of London Police,City of London Police,-0.087772,51.510665,On or near Martin Lane,E01032739,City of London 001F,Violence and sexual offences,Unable to prosecute suspect,
c197bb8c8c80e95e58c150e12f57974d28b6ba9ab75684cc4637ecd6d88df02f,2025-12,City of London Police,City of London Police,-0.087772,51.510665,On or near Martin Lane,E01032739,City of London 001F,Violence and sexual offences,Unable to prosecute suspect,
cb3ff72f678441815c23a24919d52661d95bd467865569eb05da97f8952bf986,2025-12,City of London Police,City of London Police,-0.094070,51.513079,On or near Watling Street,E01032739,City of London 001F,Violence and sexual offences,Unable to prosecute suspect,
644b26b800ebe3792fb94036d1030a21c7fb0a0016ea2f1b52bea7f43b5f9ba7,2025-12,City of London Police,City of London Police,-0.081902,51.517296,On or near Liverpool Street,E01032739,City of London 001F,Violence and sexual offences,Unable to prosecute suspect,
fd2408b3b05f7ac16436471ec62cde09638d195f1b90beda5deeac95f2bec6f2,2025-12,City of London Police,City of London Police,-0.096917,51.510823,On or near Broken Wharf,E01032739,City of London 001F,Violence and sexual offences,Unable to prosecute suspect,
e63c5a91fa1f23415b6b00c925969b4a4faf771b1b0ed0363af69c27fe4ea7d3,2025-12,City of London Police,City of London Police,-0.079907,51.517785,On or near Victoria Avenue,E01032739,City of London 001F,Violence and sexual offences,Unable to prosecute suspect,
b761f0bfc191399b43dc15de818b21d9fbf6724f19dae3f3e5ff6c70db52ab2b,2025-12,City of London Police,City of London Police,-0.083977,51.510441,On or near Lovat Lane,E01032739,City of London 001F,Violence and sexual offences,Investigation complete; no suspect identified,
1a5fce0d01346a9e538a51a9762917ae9d7d60c04465fa6939e62401154cc6a5,2025-12,City of London Police,City of London Police,-0.091947,51.513188,On or near Pancras Lane,E01032739,City of London 001F,Violence and sexual offences,Investigation complete; no suspect identified,
94cdd22f5761ad3b603f0979feb87ad6cc459954168d188a2eb4b73da5266cfd,2025-12,City of London Police,City of London Police,-0.077959,51.511332,On or near Crutched Friars,E01032739,City of London 001F,Violence and sexual offences,Awaiting court outcome,
e3993cab9e01515ccba42b1a80276ccac7aa33f7617940778a16fb7e048eaf8c,2025-12,City of London Police,City of London Police,-0.081643,51.510070,On or near Great Tower Street,E01032739,City of London 001F,Violence and sexual offences,Investigation complete; no suspect identified,
d8e2ffd767ab67ca63d3088a90559d9d83ce2729f95c7b867b840e29393916f7,2025-12,City of London Police,City of London Police,-0.077985,51.518239,On or near Sandy'S Row,E01032739,City of London 001F,Violence and sexual offences,Unable to prosecute suspect,
f198c1ecffb091eac26428f8ebf579bdcfad50e0324a402b82ec9d05bcc8b3a6,2025-12,City of London Police,City of London Police,-0.078424,51.518093,On or near Widegate Street,E01032739,City of London 001F,Violence and sexual offences,Unable to prosecute suspect,
e74ca2d7d13b4d525378c313c5873071459a76efbfaa84acc32ab1f37f99f649,2025-12,City of London Police,City of London Police,-0.091540,51.511896,On or near Cannon Street,E01032739,City of London 001F,Violence and sexual offences,Unable to prosecute suspect,
820a2fc050948b5ff649d80adb494163b8e154ebba404c0fa2e9a44f06426a49,2025-12,City of London Police,City of London Police,-0.097291,51.514626,On or near Supermarket,E01032739,City of London 001F,Violence and sexual offences,Investigation complete; no suspect identified,
402831a36d68b11e74eece13a576da76fea796b123cfba27249ea750fc0db82a,2025-12,City of London Police,City of London Police,-0.081113,51.516869,On or near Bishopsgate,E01032739,City of London 001F,Violence and sexual offences,Unable to prosecute suspect,
e2473e7977fa8385f95ad5417eda79ddebb3e97e3767df3e90c9cccb7bceef87,2025-12,City of London Police,City of London Police,-0.081113,51.516869,On or near Bishopsgate,E01032739,City of London 001F,Violence and sexual offences,Unable to prosecute suspect,
c1f137a43edb006a93cada7f67629b4d6c8f116e5de7b010a78b4d2f0ceddb05,2025-12,City of London Police,City of London Police,-0.079907,51.517785,On or near Victoria Avenue,E01032739,City of London 001F,Violence and sexual offences,Unable to prosecute suspect,
ba0ee04038ef1ad83dc693e43b902aac4f11ef8d3c1d788d8dc821b2ceaddcd6,2025-12,City of London Police,City of London Police,-0.084844,51.510725,On or near Eastcheap,E01032739,City of London 001F,Violence and sexual offences,Awaiting court outcome,
f73a7aec46c1cea78c22478ffc9c6905bc5b6b103a3fa37749f25424878dff16,2025-12,City of London Police,City of London Police,-0.081113,51.516869,On or near Bishopsgate,E01032739,City of London 001F,Violence and sexual offences,Local resolution,
6a2748acaf19b4b0f11cb507af113f1de5ed97b3c2286a33171fbb521e1793b5,2025-12,City of London Police,City of London Police,-0.078755,51.518440,On or near Artillery Lane,E01032739,City of London 001F,Violence and sexual offences,Unable to prosecute suspect,
911c7bc56741fa4525c3d5f2000e31c736ac606661c2f7911a9227dd36ffd7bb,2025-12,City of London Police,City of London Police,-0.079883,51.517326,On or near New Street,E01032739,City of London 001F,Violence and sexual offences,Unable to prosecute suspect,
342de51d315e43540634f96ab3bd237bdb3359572cb1e97f8e3f443140eaace5,2025-12,City of London Police,City of London Police,-0.095224,51.513736,On or near Shopping Area,E01032739,City of London 001F,Violence and sexual offences,Unable to prosecute suspect,
8c1dfe4e1ce8cbef4ae54bfb7f9515c0e7293b53746751818fbaf32855fbadfc,2025-12,City of London Police,City of London Police,-0.081902,51.517296,On or near Liverpool Street,E01032739,City of London 001F,Violence and sexual offences,Status update unavailable,
b7d90fd3406b76e907f0fc562dccbce5181f939e196494f607d1a2390e9a0c2a,2025-12,City of London Police,City of London Police,-0.095764,51.512549,On or near Friday Street,E01032739,City of London 001F,Violence and sexual offences,Awaiting court outcome,
91cbcaef8d3150dd01fada76cac1f0e2618ecd3b1372855cb54331088dbb7f1b,2025-12,City of London Police,City of London Police,-0.100201,51.513286,On or near Dean'S Court,E01032739,City of London 001F,Violence and sexual offences,Awaiting court outcome,
ade4b6f9b7807ce371aecd94aa5e9e385c8c2f8c3b92b1d85967f53b17a9334b,2025-12,City of London Police,City of London Police,-0.100201,51.513286,On or near Dean'S Court,E01032739,City of London 001F,Violence and sexual offences,Awaiting court outcome,
bc3c6f7233c00dc4c0ffe5a17a77caed0e5e545bceff85a2aa18bca556a50845,2025-12,City of London Police,City of London Police,-0.078495,51.517770,On or near Further/Higher Educational Building,E01032739,City of London 001F,Violence and sexual offences,Investigation complete; no suspect identified,
460fffe9eaa6372d5833768f6733a6b052a97d87d2a91c9a0d958d0c2f59ec3c,2025-12,City of London Police,City of London Police,-0.081902,51.517296,On or near Liverpool Street,E01032739,City of London 001F,Violence and sexual offences,Status update unavailable,
bcddcd19ab68973d2a778bf1f70654357ea4c315b941449ea53cf5bd8c2f8fbf,2025-12,City of London Police,City of London Police,-0.083977,51.510441,On or near Lovat Lane,E01032739,City of London 001F,Violence and sexual offences,Status update unavailable,
ce3a91641b3631a9e9f7ea155d2397bb1c8dc90391a1e805b0db994c9a80a500,2025-12,City of London Police,City of London Police,-0.079907,51.517785,On or near Victoria Avenue,E01032739,City of London 001F,Violence and sexual offences,Awaiting court outcome,
f018d68e55ad4b1721e6726c4e47e0182b99db13ecbe6d2073c206ff17c459cd,2025-12,City of London Police,City of London Police,-0.078477,51.509965,On or near Muscovy Street,E01032739,City of London 001F,Violence and sexual offences,Awaiting court outcome,
c083fcaee6e8584bd27c2607fda2bb5dd6e95b4d37ad18b9d39b601a4e91eb22,2025-12,City of London Police,City of London Police,-0.088785,51.517102,On or near Moorgate,E01032739,City of London 001F,Violence and sexual offences,Investigation complete; no suspect identified,
c37c64d159a1f1468aeba1a84c9dd2378f66e096dfa3d93eff0cfc298324c1e6,2025-12,City of London Police,City of London Police,-0.078477,51.509965,On or near Muscovy Street,E01032739,City of London 001F,Violence and sexual offences,Awaiting court outcome,
15f866bd9943d6d0463a0646ee81c506b5d6dea4e96670ed07b08c9cefa551c4,2025-12,City of London Police,City of London Police,-0.082993,51.516360,On or near Wormwood Street,E01032739,City of London 001F,Violence and sexual offences,Unable to prosecute suspect,
455771a2c714c6e779e1ee60669d90cf4044818275cc164c8cdeeb73b1845740,2025-12,City of London Police,City of London Police,-0.101589,51.513515,On or near Ludgate Square,E01032739,City of London 001F,Violence and sexual offences,Unable to prosecute suspect,
aea595e8b65f242ae7c0201a46276af36e7f2234af062906c9939f14fd79f05e,2025-12,City of London Police,City of London Police,-0.083977,51.510441,On or near Lovat Lane,E01032739,City of London 001F,Violence and sexual offences,Investigation complete; no suspect identified,
3cc9084325503d9cd8b9c8039dd9c78ef272d4fb78d8c4e40839640b847db3f0,2025-12,City of London Police,City of London Police,-0.088785,51.517102,On or near Moorgate,E01032739,City of London 001F,Violence and sexual offences,Unable to prosecute suspect,
e81df31f36aa41cfd12f97d082a318f8935aeea2c2fa94e071240d9d6d9798b8,2025-12,City of London Police,City of London Police,-0.087772,51.510665,On or near Martin Lane,E01032739,City of London 001F,Violence and sexual offences,Unable to prosecute suspect,
9f1afaa94d7348b5349515781b960db63606769d1a7fa0fa219c74093869e186,2025-12,City of London Police,City of London Police,-0.080365,51.508943,On or near Parking Area,E01032739,City of London 001F,Violence and sexual offences,Investigation complete; no suspect identified,
968e955737e94234d9947ad11089a46ab6cdf70bb68a5bebb73ebfc229c464b7,2025-12,City of London Police,City of London Police,-0.078059,51.509967,On or near Trinity Square,E01032739,City of London 001F,Violence and sexual offences,Unable to prosecute suspect,
d131e96148c3d3be5653e50ade910361eedda321f24e738b3292068c826a885c,2025-12,City of London Police,City of London Police,-0.081512,51.518692,On or near London Liverpool Street,E01032739,City of London 001F,Violence and sexual offences,Investigation complete; no suspect identified,
166700fe2c4ee382f8a7eefdfa0e3dd430a7f2282c46cddd2a76f522d6eaa6c3,2025-12,City of London Police,City of London Police,-0.097291,51.514626,On or near Supermarket,E01032739,City of London 001F,Violence and sexual offences,Unable to prosecute suspect,
8830c3400832fcdf97b0dffdae5ef5ab609d044299b43b03a5a9e18336acb572,2025-12,City of London Police,City of London Police,-0.082993,51.516360,On or near Wormwood Street,E01032739,City of London 001F,Violence and sexual offences,Unable to prosecute suspect,
7598d809756630da52045b35ec01cd0c747e0ac889f442f1c256ca18e24b6342,2025-12,City of London Police,City of London Police,-0.091947,51.513188,On or near Pancras Lane,E01032739,City of London 001F,Violence and sexual offences,Unable to prosecute suspect,
7fada11d734ce58001c54fbe84916302fb93d49e7dbe6e5e4e8fe4918b93ce16,2025-12,City of London Police,City of London Police,-0.079521,51.511196,On or near New London Street,E01032739,City of London 001F,Violence and sexual offences,Investigation complete; no suspect identified,
5e8abd7cd7631181ac9b3cd33edcdfc7ccbb4b18c03f1a67ab486f339158a3eb,2025-12,City of London Police,City of London Police,-0.078755,51.518440,On or near Artillery Lane,E01032739,City of London 001F,Violence and sexual offences,Unable to prosecute suspect,
5985dd20f38cfdf723633349cf3ec7e4c5b63f27cf4a14dc7ecbb0e7fd3fe72c,2025-12,City of London Police,City of London Police,-0.087772,51.510665,On or near Martin Lane,E01032739,City of London 001F,Violence and sexual offences,Investigation complete; no suspect identified,
6dcd226a5cb9a66a7417b967c7b5b39742d05f9e3f7d3b422ed4590f9b1f54be,2025-12,City of London Police,City of London Police,-0.081512,51.518692,On or near London Liverpool Street,E01032739,City of London 001F,Violence and sexual offences,Awaiting court outcome,
9370070d4404f9ee13910ad1a3356735d347f563ca6bc15d3b832f4799485f6f,2025-12,City of London Police,City of London Police,-0.078477,51.509965,On or near Muscovy Street,E01032739,City of London 001F,Violence and sexual offences,Awaiting court outcome,
e325cef40309159b0d8a5cd4f78c4e5a00b0072e3553e263bfdca8ea9897ca70,2025-12,City of London Police,City of London Police,-0.091947,51.513188,On or near Pancras Lane,E01032739,City of London 001F,Violence and sexual offences,Unable to prosecute suspect,
cbcedd3a939852d10d9872bcde4c1616f45fdf15a38e6a8a1b952c6bec81ce06,2025-12,City of London Police,City of London Police,-0.101906,51.511794,On or near Theatre/Concert Hall,E01032739,City of London 001F,Violence and sexual offences,Unable to prosecute suspect,
4c0e2b30a4823579171534492f11bb1c36b633478f180d224a4cecbf9c29a84a,2025-12,City of London Police,City of London Police,-0.091540,51.511896,On or near Cannon Street,E01032739,City of London 001F,Violence and sexual offences,Status update unavailable,
08bfc507552c2aef29ed4d56ebeeae3d103e6b1e41855237a721b47d8101b8ae,2025-12,City of London Police,City of London Police,-0.084844,51.510725,On or near Eastcheap,E01032739,City of London 001F,Violence and sexual offences,Awaiting court outcome,
287f59ebfeda235122065d9e05f477e0ab734f9cb4754bc8df4455c619a91d52,2025-12,City of London Police,City of London Police,-0.081113,51.516869,On or near Bishopsgate,E01032739,City of London 001F,Violence and sexual offences,Awaiting court outcome,
94563c8874d2391c1a8f7dbcad56c45b4ce871a33276a7d8bc06b2e6afd96b16,2025-12,City of London Police,City of London Police,-0.101906,51.511794,On or near Theatre/Concert Hall,E01032739,City of London 001F,Violence and sexual offences,Unable to prosecute suspect,
9b6bd5d82446068c6078bfaf8f0f527b421477714170a76731ecdc3359c7b677,2025-12,City of London Police,City of London Police,-0.095764,51.512549,On or near Friday Street,E01032739,City of London 001F,Violence and sexual offences,Investigation complete; no suspect identified,
b8f3060ad27be2f7b14b6ba49618b66adaaf7faeadf3b5b661cdb0f4efd7f651,2025-12,City of London Police,City of London Police,-0.078424,51.518093,On or near Widegate Street,E01032739,City of London 001F,Violence and sexual offences,Investigation complete; no suspect identified,
af0937b7b74b99e98e1c8dde2cc8cb1094fc2a1199ffb185d9b9900f1489d850,2025-12,City of London Police,City of London Police,-0.077959,51.511332,On or near Crutched Friars,E01032739,City of London 001F,Violence and sexual offences,Unable to prosecute suspect,
98dab99dc469b017da57c045f994e217fcb7afd213b5d8d324e532be44064c29,2025-12,City of London Police,City of London Police,-0.078755,51.518440,On or near Artillery Lane,E01032739,City of London 001F,Violence and sexual offences,Investigation complete; no suspect identified,
c5df74785e3f4125ac49fb80a377690d2ea53defa3821e39f420a7a23dd1be56,2025-12,City of London Police,City of London Police,-0.086815,51.517007,On or near Circus Place,E01032739,City of London 001F,Violence and sexual offences,Status update unavailable,
ecb6674f5f4a0554cfdff4adb7889b00df129402d5169e855cca4611f50d9430,2025-12,City of London Police,City of London Police,-0.087157,51.512624,On or near Lombard Street,E01032739,City of London 001F,Violence and sexual offences,Status update unavailable,
2866a7c8c8e32dc63b51fddf3d0055ec662f227e6fa92d52ce9a014eec5172a3,2025-12,City of London Police,City of London Police,-0.084844,51.510725,On or near Eastcheap,E01032739,City of London 001F,Violence and sexual offences,Status update unavailable,
18852098d81f4c841af69b300bf68b8c2b44472af7ef9f641a3b0aebc0d39e6e,2025-12,City of London Police,City of London Police,-0.081643,51.510070,On or near Great Tower Street,E01032739,City of London 001F,Violence and sexual offences,Investigation complete; no suspect identified,
bc7f4db6e8403736e5055543f0dd4b3014354e3bc8efc4e89941fbd6f3eed502,2025-12,City of London Police,City of London Police,-0.079907,51.517785,On or near Victoria Avenue,E01032739,City of London 001F,Violence and sexual offences,Unable to prosecute suspect,
55f55d4b9cdb19e3e79f99acdbaa9ce39108147241ae5a484d0df30181fa9107,2025-12,City of London Police,City of London Police,-0.077985,51.518239,On or near Sandy'S Row,E01032739,City of London 001F,Violence and sexual offences,Investigation complete; no suspect identified,
b9d72dcba5a842fd08ff63b24beeba4ec9403c31d44479103865d512b870c584,2025-12,City of London Police,City of London Police,-0.080769,51.520236,On or near Further/Higher Educational Building,E01032739,City of London 001F,Violence and sexual offences,Unable to prosecute suspect,
7076ea363a30bc38c1b921ad04833855435f2246618b6117e75752a041f5f0f8,2025-12,City of London Police,City of London Police,-0.091823,51.514427,On or near Ironmonger Lane,E01032739,City of London 001F,Violence and sexual offences,Unable to prosecute suspect,
e08d97e7904a76636e5e742f7d686c5c884643df4ff4a43b42ba1bb5f537ef66,2025-12,City of London Police,City of London Police,-0.078278,51.513666,On or near Mitre Street,E01032739,City of London 001F,Violence and sexual offences,Status update unavailable,
4ddc0fedbcd7657e294ec61be2967c5511761fe9e6aba7e0f121285fe8fc0599,2025-12,City of London Police,City of London Police,-0.084754,51.512882,On or near Corbet Court,E01032739,City of London 001F,Violence and sexual offences,Status update unavailable,
48fed901c3d109a02c00166a78b4819f3d04f7cb8bd71c08a1748c341d75ca95,2025-12,City of London Police,City of London Police,-0.086815,51.517007,On or near Circus Place,E01032739,City of London 001F,Violence and sexual offences,Investigation complete; no suspect identified,
850872cf21caadcc54cce24a7aadae40ee7d81a64c22e6abff0384d6464ac2c1,2025-12,City of London Police,City of London Police,-0.100201,51.513286,On or near Dean'S Court,E01032739,City of London 001F,Violence and sexual offences,Awaiting court outcome,
e28498c297f6875259eb63354ea0b38d4685f89e62a177d172c05fa090f161f9,2025-12,City of London Police,City of London Police,-0.088456,51.514975,On or near Tokenhouse Yard,E01032739,City of London 001F,Violence and sexual offences,Status update unavailable,
97fbce1dead11bb692674f3fc3951a27ca839674041ac5cf1452d1374c444998,2025-12,City of London Police,City of London Police,-0.095224,51.513736,On or near Shopping Area,E01032739,City of London 001F,Violence and sexual offences,Unable to prosecute suspect,
dbb3e0726850a8b78bc43f2425d037dfdf1d490eb8d65c56fe00bca6c37c1102,2025-12,City of London Police,City of London Police,-0.079907,51.517785,On or near Victoria Avenue,E01032739,City of London 001F,Violence and sexual offences,Unable to prosecute suspect,
b1109a3efb378dc42b123e6f5ffb90973b51c2c4fccc0f269092b3cc9b06a186,2025-12,City of London Police,City of London Police,-0.078278,51.513666,On or near Mitre Street,E01032739,City of London 001F,Violence and sexual offences,Status update unavailable,
949334e56d1d9cdebba7abba3cca40b58403f02c2e3ade24b236e03c6be92a03,2025-12,City of London Police,City of London Police,-0.079907,51.517785,On or near Victoria Avenue,E01032739,City of London 001F,Violence and sexual offences,Unable to prosecute suspect,
25e5c8ca8f31a7599e4d2c87cd5536b53ed96835a0dbf9be9b89b7230c5eca2b,2025-12,City of London Police,City of London Police,-0.086815,51.517007,On or near Circus Place,E01032739,City of London 001F,Violence and sexual offences,Investigation complete; no suspect identified,
6ec54f1f1271c4c04545dc96a928cf2c601faf61a44c5332b3fe8e27502de2dc,2025-12,City of London Police,City of London Police,-0.087157,51.512624,On or near Lombard Street,E01032739,City of London 001F,Violence and sexual offences,Investigation complete; no suspect identified,
b5b05edfa5593d86f9d4d2fa8e153bbf774ba725404a7e8b03aafb63a1bee220,2025-12,City of London Police,City of London Police,-0.100201,51.513286,On or near Dean'S Court,E01032739,City of London 001F,Violence and sexual offences,Local resolution,
f55970584b5f478e6a36585159a33caf3ca295bac1212655ed5978cfd8815019,2025-12,City of London Police,City of London Police,-0.087157,51.512624,On or near Lombard Street,E01032739,City of London 001F,Violence and sexual offences,Awaiting court outcome,
5bd9085401bc4935f28bac949e598cd91131767bffc0f2f470512b5e01abf459,2025-12,City of London Police,City of London Police,-0.079907,51.517785,On or near Victoria Avenue,E01032739,City of London 001F,Violence and sexual offences,Unable to prosecute suspect,
37f32866b07e145ebd6c5ccb2f30fa2d5bac57d92450daa93d9d13a4d8103bc7,2025-12,City of London Police,City of London Police,-0.088785,51.517102,On or near Moorgate,E01032739,City of London 001F,Violence and sexual offences,Investigation complete; no suspect identified,
dce278b6936d6c0987e93aabdbfc2a86449d742f27ab3ee2a7986c56a87a8285,2025-12,City of London Police,City of London Police,-0.091947,51.513188,On or near Pancras Lane,E01032739,City of London 001F,Violence and sexual offences,Unable to prosecute suspect,
6cc42504d8c67a1bf0b85e97de2da80073b40cfc2a5d7628b53fd620e365b318,2025-12,City of London Police,City of London Police,-0.078278,51.513666,On or near Mitre Street,E01032739,City of London 001F,Violence and sexual offences,Awaiting court outcome,
311e9ab9f69394a1d047e51cc3510806f0bb059099309f29f1ce003433410c38,2025-12,City of London Police,City of London Police,-0.081512,51.518692,On or near London Liverpool Street,E01032739,City of London 001F,Violence and sexual offences,Investigation complete; no suspect identified,
05a27813d3440309028d4d15dcf5243bcbe7689274c96d02d77fe762eab4cfe2,2025-12,City of London Police,City of London Police,-0.095054,51.510559,On or near Queenhithe,E01032739,City of London 001F,Violence and sexual offences,Unable to prosecute suspect,
8df8c6cb71e05a8023168e389934d470561715b66c718fa9763c236bc5fc6a3f,2025-12,City of London Police,City of London Police,-0.079907,51.517785,On or near Victoria Avenue,E01032739,City of London 001F,Violence and sexual offences,Awaiting court outcome,
89771e6ca98e1fb1e24ea83291c64a4c2bfeda4a8ac4c6957ad6078853f2d5e2,2025-12,City of London Police,City of London Police,-0.079883,51.517326,On or near New Street,E01032739,City of London 001F,Violence and sexual offences,Unable to prosecute suspect,
57fb131b4867d6b2a534a28bec9e58ab1bf3e77513d6790e2d1f4b5e660779cc,2025-12,City of London Police,City of London Police,-0.095924,51.513882,On or near Shopping Area,E01032739,City of London 001F,Violence and sexual offences,Awaiting court outcome,
25ba33f8b7210489e6c406a26f7549630e623f7b22432320496f61f40980bd0f,2025-12,City of London Police,City of London Police,-0.086019,51.513631,On or near Finch Lane,E01032739,City of London 001F,Violence and sexual offences,Investigation complete; no suspect identified,
2efe59b8f2f0dc745a080f9028af0c38474cf1d6132dcc9d9db0d1ed2dde90fa,2025-12,City of London Police,City of London Police,-0.079883,51.517326,On or near New Street,E01032739,City of London 001F,Violence and sexual offences,Investigation complete; no suspect identified,
cbc1db5756c9a0ac7613cdbb1818a317da54743fcc06906d13598ebed5941a69,2025-12,City of London Police,City of London Police,-0.085228,51.511190,On or near Talbot Court,E01032739,City of London 001F,Violence and sexual offences,Unable to prosecute suspect,
fe73abb297cbc968365d50dab00a889be01ea44710b4df6be0953ab6275194b7,2025-12,City of London Police,City of London Police,-0.095224,51.513736,On or near Shopping Area,E01032739,City of London 001F,Violence and sexual offences,Awaiting court outcome,
ebaae8818baf1a111602d9f72705020d52f32efa127b2927dddf5810ed729251,2025-12,City of London Police,City of London Police,-0.091947,51.513188,On or near Pancras Lane,E01032739,City of London 001F,Violence and sexual offences,Awaiting court outcome,
033f0898a87e6a89878b4a4e0e432abedb674c68ff829bdb9fe034d3c2993147,2025-12,City of London Police,City of London Police,-0.081113,51.516869,On or near Bishopsgate,E01032739,City of London 001F,Violence and sexual offences,Investigation complete; no suspect identified,
894cfd849bada52e1edb8a3c6aec6eaafa2e20a9fe5d390d1fe9fb640490144c,2025-12,City of London Police,City of London Police,-0.078424,51.518093,On or near Widegate Street,E01032739,City of London 001F,Violence and sexual offences,Unable to prosecute suspect,
0fa9a28304f1cb732005476ba86e6a26fc5afecee1c200ecd4cd12e60d968b15,2025-12,City of London Police,City of London Police,-0.091947,51.513188,On or near Pancras Lane,E01032739,City of London 001F,Violence and sexual offences,Unable to prosecute suspect,
57a7a72e7ff20f2e0dea548aa2b3e66eea5881c7cc5c5cda23202829e8b0d295,2025-12,City of London Police,City of London Police,-0.086815,51.517007,On or near Circus Place,E01032739,City of London 001F,Violence and sexual offences,Investigation complete; no suspect identified,
63db1ed0ae249524edbe38dd3675999b0317f4989d3c4100a07c328ecc61b770,2025-12,City of London Police,City of London Police,-0.083977,51.510441,On or near Lovat Lane,E01032739,City of London 001F,Violence and sexual offences,Status update unavailable,
0812790402c1ab4425338af7085c24b93357d6e085ef056e4987524cb9c015df,2025-12,City of London Police,City of London Police,-0.097176,51.510836,On or near Trig Lane,E01032739,City of London 001F,Violence and sexual offences,Unable to prosecute suspect,
3ed06e2925cccbd5864f0149e71734dcc8dcc48f42cc471defd4b1dfcbf67e6c,2025-12,City of London Police,City of London Police,-0.088785,51.517102,On or near Moorgate,E01032739,City of London 001F,Violence and sexual offences,Unable to prosecute suspect,
5b0df35d2a73c75b896f823ed21d63de5a2f69d7c9bcddeb3da9e823f201c802,2025-12,City of London Police,City of London Police,-0.088785,51.517102,On or near Moorgate,E01032739,City of London 001F,Violence and sexual offences,Unable to prosecute suspect,
a03b74dc842442e421c91d0a85e7ea527f07f9f91ea6d89914c68a3116196c0a,2025-12,City of London Police,City of London Police,-0.088785,51.517102,On or near Moorgate,E01032739,City of London 001F,Violence and sexual offences,Unable to prosecute suspect,
28d21e47cd6bfce39abec11c8fd4ce3862a9a4b6a5f7f5919f367613125e8b24,2025-12,City of London Police,City of London Police,-0.087772,51.510665,On or near Martin Lane,E01032739,City of London 001F,Violence and sexual offences,Investigation complete; no suspect identified,
2374e70e8979d6fcfcd2f366c4cd497852dc473cb32198f1f1fed6a503f9150c,2025-12,City of London Police,City of London Police,-0.081512,51.518692,On or near London Liverpool Street,E01032739,City of London 001F,Violence and sexual offences,Unable to prosecute suspect,
cd67b34a60f1103f5291b540881b225a07b9b90d85f18705b3c270fb5880dae8,2025-12,City of London Police,City of London Police,-0.084754,51.512882,On or near Corbet Court,E01032739,City of London 001F,Violence and sexual offences,Further action is not in the public interest,
656d8521fe44f8712c5b5c977bc282276cf992b6cd9c65ce8a189c66175885f0,2025-12,City of London Police,City of London Police,-0.081902,51.517296,On or near Liverpool Street,E01032739,City of London 001F,Violence and sexual offences,Investigation complete; no suspect identified,
b4fe8884f8e445530784de13d509b4655660a6f8509eea2b739c33dd6b4a02e8,2025-12,City of London Police,City of London Police,-0.083977,51.510441,On or near Lovat Lane,E01032739,City of London 001F,Violence and sexual offences,Investigation complete; no suspect identified,
c69f7e2c6ff303f858c4d7cc3a4b5bed550aa9b0c6d277b694558749f7e8a23d,2025-12,City of London Police,City of London Police,-0.083349,51.514830,On or near Shopping Area,E01032739,City of London 001F,Violence and sexual offences,Investigation complete; no suspect identified,
6afe1022c8ef971cf4743667ac01119f1a2278b0d6702be0d23602bd2cc5aca5,2025-12,City of London Police,City of London Police,-0.096501,51.513874,On or near New Change,E01032739,City of London 001F,Violence and sexual offences,Unable to prosecute suspect,
9f570ea6e39c8f0a250fb308a8e3ab41ee5d24fc931f274538e7000ea5fb4363,2025-12,City of London Police,City of London Police,-0.078477,51.509965,On or near Muscovy Street,E01032739,City of London 001F,Violence and sexual offences,Awaiting court outcome,
a8e82099b7cdeecb642998ee4dc346803e4b5847d362462c0e9795ae978a6b4b,2025-12,City of London Police,City of London Police,-0.088785,51.517102,On or near Moorgate,E01032739,City of London 001F,Other crime,Investigation complete; no suspect identified,
ac729d689672250b235ee08f71132af411f5b09c3a9664ce4b9a9a88b3aefb5b,2025-12,City of London Police,City of London Police,-0.091947,51.513188,On or near Pancras Lane,E01032739,City of London 001F,Other crime,Investigation complete; no suspect identified,
557c112b6121898cbab9bcda0e037c72e0d3a5bc6410712a239dc0d7a730c1e7,2025-12,City of London Police,City of London Police,-0.101359,51.518700,On or near Parking Area,E01032740,City of London 001G,Bicycle theft,Investigation complete; no suspect identified,
be4eba4ed3dcc56adfabfaaf8552abe29d87b342b2cd880d015a37f7dafa0c3a,2025-12,City of London Police,City of London Police,-0.109387,51.513839,On or near Old Mitre Court,E01032740,City of London 001G,Burglary,Investigation complete; no suspect identified,
2d2326be1ccdb69d66f2de398b3f6768a8af20816ee0a07b10b1ba830598ad14,2025-12,City of London Police,City of London Police,-0.104980,51.512033,On or near Kingscote Street,E01032740,City of London 001G,Burglary,Unable to prosecute suspect,
ca12ec9bedbb4100aee3a7e749a9ee364f7b5a9d97578f2e3666f866dfaf7abc,2025-12,City of London Police,City of London Police,-0.104980,51.512033,On or near Kingscote Street,E01032740,City of London 001G,Burglary,Investigation complete; no suspect identified,
f6c7cc4b703845efdbd964c0e52b5a2ec0764265b6ad7a083ed9227e018b407d,2025-12,City of London Police,City of London Police,-0.108017,51.514213,On or near Fleet Street,E01032740,City of London 001G,Burglary,Investigation complete; no suspect identified,
6ca165f83e7b5f1c4f2f2e3bf6363313af570fd65e409f7711abac502415fe1a,2025-12,City of London Police,City of London Police,-0.110474,51.517193,On or near Furnival Street,E01032740,City of London 001G,Burglary,Investigation complete; no suspect identified,
df1254733068679420cbe5c05b9cf2251d4fbfa87d50ff97a3f2723f7e7a7310,2025-12,City of London Police,City of London Police,-0.104980,51.512033,On or near Kingscote Street,E01032740,City of London 001G,Burglary,Unable to prosecute suspect,
31e0ca5829ac339b191b9f8ebd4251c314278ab978f2b44752bb832e99855024,2025-12,City of London Police,City of London Police,-0.108017,51.514213,On or near Fleet Street,E01032740,City of London 001G,Burglary,Investigation complete; no suspect identified,
3c48b90bec2777748416b324af830f8146b441ae8f3289d60cbfdf766371054a,2025-12,City of London Police,City of London Police,-0.104980,51.512033,On or near Kingscote Street,E01032740,City of London 001G,Burglary,Investigation complete; no suspect identified,
b7f693ed8707a9c437e137480d130c434488e658b7483a24bb04a37825969110,2025-12,City of London Police,City of London Police,-0.108017,51.514213,On or near Fleet Street,E01032740,City of London 001G,Burglary,Investigation complete; no suspect identified,
81a0f973bf6eb504788ad7338ffff2ed508e5828d8616e39d62e0adec2c6f0d2,2025-12,City of London Police,City of London Police,-0.101621,51.516906,On or near Giltspur Street,E01032740,City of London 001G,Criminal damage and arson,Investigation complete; no suspect identified,
9f12d34b20f7a88f1df29713a24cd4e13a01adc9f0189a24eeb43cc1d66f5b15,2025-12,City of London Police,City of London Police,-0.105131,51.513941,On or near Bride Lane,E01032740,City of London 001G,Criminal damage and arson,Unable to prosecute suspect,
216bb0c75066c5a2f63b60a2dd33558df8d005c29d72e1fd669711044d43f8e2,2025-12,City of London Police,City of London Police,-0.106076,51.517239,On or near Conference/Exhibition Centre,E01032740,City of London 001G,Criminal damage and arson,Status update unavailable,
d2c454a8fb8529c2b6a28ed24150ac50585648829f2dbc2ddc040208748f2407,2025-12,City of London Police,City of London Police,-0.102726,51.513911,On or near Pageantmaster Court,E01032740,City of London 001G,Criminal damage and arson,Investigation complete; no suspect identified,
2de90149b30bb973eaed5bc9f283fbf5af5bebeb307af25c8ea34c8f8415d63b,2025-12,City of London Police,City of London Police,-0.097959,51.517629,On or near Montague Street,E01032740,City of London 001G,Drugs,Awaiting court outcome,
fbe49d7c2be31f81d4ed122af0b068eb63795c87667a145d76de8bd3d7852b7d,2025-12,City of London Police,City of London Police,-0.106076,51.517239,On or near Conference/Exhibition Centre,E01032740,City of London 001G,Drugs,Awaiting court outcome,
bcab1d5add30d5262e4f139ca3f0e1d4625623d9d60108eb604fee673f72cbe5,2025-12,City of London Police,City of London Police,-0.102726,51.513911,On or near Pageantmaster Court,E01032740,City of London 001G,Drugs,Status update unavailable,
52e17852638af4bd1bd99e50b0f74b66a1903988bde4c95b5287bf60076ce284,2025-12,City of London Police,City of London Police,-0.107201,51.514092,On or near Conference/Exhibition Centre,E01032740,City of London 001G,Other theft,Investigation complete; no suspect identified,
aaec356418e321dbc130350ce96bbf4940122786d0f1cb3366460bb9c6849a58,2025-12,City of London Police,City of London Police,-0.097959,51.517629,On or near Montague Street,E01032740,City of London 001G,Other theft,Investigation complete; no suspect identified,
55845af739d859fb061a2323ea8051f75a3ec5c774e4b567e3544f1035f95f1d,2025-12,City of London Police,City of London Police,-0.107201,51.514092,On or near Conference/Exhibition Centre,E01032740,City of London 001G,Other theft,Investigation complete; no suspect identified,
cf2e03bca834c3a6a03532cda3a61b763a174bc10c058cb0b288edea7bdceb95,2025-12,City of London Police,City of London Police,-0.101359,51.518700,On or near Parking Area,E01032740,City of London 001G,Other theft,Investigation complete; no suspect identified,
adca41673520ee28c2de1cdbfe04f18c66efa9ea603a4448c6e33c242209a15d,2025-12,City of London Police,City of London Police,-0.104980,51.512033,On or near Kingscote Street,E01032740,City of London 001G,Other theft,Investigation complete; no suspect identified,
957a103f3f6b03c24af23487be20d2161befd0f02d4a195a4cfa3290f06624ce,2025-12,City of London Police,City of London Police,-0.101621,51.516906,On or near Giltspur Street,E01032740,City of London 001G,Other theft,Investigation complete; no suspect identified,
ccc481f848ac8d41d2115ba3683c8a2a4edf1b7c21bad791cf8c1162e138926d,2025-12,City of London Police,City of London Police,-0.109164,51.517846,On or near Holborn,E01032740,City of London 001G,Other theft,Unable to prosecute suspect,
9f95fdcb0137a962afa977c80460d48938e13cc37b8a1f5c220baebe6bc785ee,2025-12,City of London Police,City of London Police,-0.106076,51.517239,On or near Conference/Exhibition Centre,E01032740,City of London 001G,Public order,Unable to prosecute suspect,
8b582c7438cc7eb4d1c39f9a1d8d1a132b6370cd95a563ec247b4f840904ca69,2025-12,City of London Police,City of London Police,-0.101621,51.516906,On or near Giltspur Street,E01032740,City of London 001G,Public order,Unable to prosecute suspect,
7eed1096b1dc46a3115568f46af96dcf12575e137f47ef09a1c013b06a42b2ca,2025-12,City of London Police,City of London Police,-0.105131,51.513941,On or near Bride Lane,E01032740,City of London 001G,Public order,Unable to prosecute suspect,
985d37ef4c3bbd4a8fd25096b3f85ff55ad0da7b8cbbd50781deffe664c96289,2025-12,City of London Police,City of London Police,-0.108450,51.514202,On or near Fleet Street,E01032740,City of London 001G,Public order,Investigation complete; no suspect identified,
1d256f6ef167e53ef77cdd8fdd80909aed5a2523a6ddc88ca9646bf1abbb1816,2025-12,City of London Police,City of London Police,-0.101621,51.516906,On or near Giltspur Street,E01032740,City of London 001G,Public order,Unable to prosecute suspect,
b6f838092f7a34765b9bb55696247fb780e8c65bd01b2525c6ccb19e221f791d,2025-12,City of London Police,City of London Police,-0.101621,51.516906,On or near Giltspur Street,E01032740,City of London 001G,Public order,Status update unavailable,
7f54b5be7f21373a637b19e03090ba6de628a1cdede46bdeb62b4d97fc09d690,2025-12,City of London Police,City of London Police,-0.099803,51.519026,On or near Cloth Fair,E01032740,City of London 001G,Robbery,Investigation complete; no suspect identified,
49bea2335015bc2a053ead68dd8fe655cbc7ad2186027d3218fd8b753a152608,2025-12,City of London Police,City of London Police,-0.103490,51.513897,On or near City Thameslink,E01032740,City of London 001G,Robbery,Investigation complete; no suspect identified,
3f61c2ce802f54433d35434863788e8d469ec1986f4c61d033629c9b75fe9a19,2025-12,City of London Police,City of London Police,-0.098204,51.517984,On or near Albion Way,E01032740,City of London 001G,Robbery,Investigation complete; no suspect identified,
79306578c52730232ee59f00b4cb96add677591a5e1e1b410d6370b2fdc81316,2025-12,City of London Police,City of London Police,-0.112953,51.518231,On or near Southampton Buildings,E01032740,City of London 001G,Robbery,Investigation complete; no suspect identified,
51b58f65bc85fbb3735173726e6a100c748aba0b6dd1ba1d29b3b6bd4e2e52d4,2025-12,City of London Police,City of London Police,-0.103490,51.513897,On or near City Thameslink,E01032740,City of London 001G,Robbery,Investigation complete; no suspect identified,
dc50c31890bd1f892ae1529980b8d435efbe36965f7946453cda52b916d1bb4f,2025-12,City of London Police,City of London Police,-0.110690,51.517916,On or near Further/Higher Educational Building,E01032740,City of London 001G,Shoplifting,Unable to prosecute suspect,
d00f71e6ee0e2aa54ea807843d2c53e008c8ab610fa01f561ca5de3056512af6,2025-12,City of London Police,City of London Police,-0.106076,51.517239,On or near Conference/Exhibition Centre,E01032740,City of London 001G,Shoplifting,Investigation complete; no suspect identified,
ffd770358d63608b96358bf5efc578917d85473cb2b322f081905e96405f6194,2025-12,City of London Police,City of London Police,-0.106076,51.517239,On or near Conference/Exhibition Centre,E01032740,City of London 001G,Theft from the person,Investigation complete; no suspect identified,
967d255af9de52c745b8e16e76b2a498f4c887ccf0745f8cde6ab9d3bd243c98,2025-12,City of London Police,City of London Police,-0.102726,51.513911,On or near Pageantmaster Court,E01032740,City of London 001G,Theft from the person,Investigation complete; no suspect identified,
80e87f2de5a30c37b6cf951a9bcbf23d71fb787c390e7383aabb703242dfab7d,2025-12,City of London Police,City of London Police,-0.106076,51.517239,On or near Conference/Exhibition Centre,E01032740,City of London 001G,Theft from the person,Investigation complete; no suspect identified,
3fc3afabff3e6fe389a778dfc43c16d8487c440eabe48bc30b2710f7608164bd,2025-12,City of London Police,City of London Police,-0.104980,51.512033,On or near Kingscote Street,E01032740,City of London 001G,Theft from the person,Investigation complete; no suspect identified,
3576797efcb10fb6db4a3df7c4c68b389723f198d67a6b36ef72fcc30702b10d,2025-12,City of London Police,City of London Police,-0.108450,51.514202,On or near Fleet Street,E01032740,City of London 001G,Theft from the person,Investigation complete; no suspect identified,
f89a27b0fbcbb05da9ea2034459baa4bd172bb0b11b88b051cb6d540c98fbf07,2025-12,City of London Police,City of London Police,-0.104980,51.512033,On or near Kingscote Street,E01032740,City of London 001G,Theft from the person,Investigation complete; no suspect identified,
e95bb8ae05acf1f819376cd6fd92afdfe2c776e1607dbdac1a4dd9994eea454c,2025-12,City of London Police,City of London Police,-0.104980,51.512033,On or near Kingscote Street,E01032740,City of London 001G,Theft from the person,Investigation complete; no suspect identified,
d9945e2a23f2f5da63ae4948260d3e3d9fe12bb11d820b529c57fab0196a11ac,2025-12,City of London Police,City of London Police,-0.106076,51.517239,On or near Conference/Exhibition Centre,E01032740,City of London 001G,Theft from the person,Investigation complete; no suspect identified,
e36003b7c760103385efc74255021cc980da88efc5a18794e17a63db7bf1fbc8,2025-12,City of London Police,City of London Police,-0.099803,51.519026,On or near Cloth Fair,E01032740,City of London 001G,Theft from the person,Investigation complete; no suspect identified,
0049d32e81fab6d7e94c1299be603f42aba96c10026794b90a8155e78d7c9465,2025-12,City of London Police,City of London Police,-0.102726,51.513911,On or near Pageantmaster Court,E01032740,City of London 001G,Theft from the person,Investigation complete; no suspect identified,
7e7f7b09bfd4af6cb2243bd396804adb7f0b928714852516fe6c626598b1908d,2025-12,City of London Police,City of London Police,-0.107443,51.515534,On or near Printer Street,E01032740,City of London 001G,Vehicle crime,Investigation complete; no suspect identified,
157b2b5c515575c9365ee73fc9dc1460eb1e9b7663219ad8ebf458a754790549,2025-12,City of London Police,City of London Police,-0.109387,51.513839,On or near Old Mitre Court,E01032740,City of London 001G,Violence and sexual offences,Unable to prosecute suspect,
ebf3726376840d1308ef1a15d7ec1191455cbbebe5b87110f14cdc21bab5c144,2025-12,City of London Police,City of London Police,-0.108450,51.514202,On or near Fleet Street,E01032740,City of London 001G,Violence and sexual offences,Unable to prosecute suspect,
0adf45466202b124799c15d7bae4cf926ae19ac8eea9f4e909af54b44593b44a,2025-12,City of London Police,City of London Police,-0.106076,51.517239,On or near Conference/Exhibition Centre,E01032740,City of London 001G,Violence and sexual offences,Unable to prosecute suspect,
81d3f54e356ceaff8ca8b4188fbc66367f2a419cc34a52ac42a849d9bf0e5e17,2025-12,City of London Police,City of London Police,-0.099803,51.519026,On or near Cloth Fair,E01032740,City of London 001G,Violence and sexual offences,Awaiting court outcome,
8a865a6fdc04711898d7f031afe40987589d3c3ccb85549fe2c28c330826e024,2025-12,City of London Police,City of London Police,-0.107201,51.514092,On or near Conference/Exhibition Centre,E01032740,City of London 001G,Violence and sexual offences,Unable to prosecute suspect,
7e8f87c48e663f651741152d64486fcaeced8b71a58391b8fe251156874179b7,2025-12,City of London Police,City of London Police,-0.108909,51.515297,On or near West Harding Street,E01032740,City of London 001G,Violence and sexual offences,Unable to prosecute suspect,
1ec338c74cbc1d8cc16fa2081c31e65391b5714e492e2506889ece07a9251df6,2025-12,City of London Police,City of London Police,-0.101621,51.516906,On or near Giltspur Street,E01032740,City of London 001G,Violence and sexual offences,Unable to prosecute suspect,
f7234e24d1b0cd8c7f60bf1822b34e1fbb0d44991b4686ae6f41d1b3f4910bc4,2025-12,City of London Police,City of London Police,-0.101621,51.516906,On or near Giltspur Street,E01032740,City of London 001G,Violence and sexual offences,Unable to prosecute suspect,
3ced9350a14d4c738c87786121585932ae4ca1db7e36bacde73d5b57a29bcadb,2025-12,City of London Police,City of London Police,-0.111296,51.516136,On or near Further/Higher Educational Building,E01032740,City of London 001G,Violence and sexual offences,Status update unavailable,
4f490f17797893d9151ad3c842f3e4b69a113ec99e5877c45fdbaf383c501122,2025-12,City of London Police,City of London Police,-0.109387,51.513839,On or near Old Mitre Court,E01032740,City of London 001G,Violence and sexual offences,Unable to prosecute suspect,
6891505915da9c5938c751b597ca41bf0f9dd00f621b218b84ef0aa29444dced,2025-12,City of London Police,City of London Police,-0.112111,51.517687,On or near Parking Area,E01032740,City of London 001G,Violence and sexual offences,Unable to prosecute suspect,
1509c555d445294962bc0ba58c9931551a60267b0c458535bfc1ae5aab9b77f7,2025-12,City of London Police,City of London Police,-0.101621,51.516906,On or near Giltspur Street,E01032740,City of London 001G,Violence and sexual offences,Unable to prosecute suspect,
3b82a7fd295a794a2840e6c202924c07c50db3719e35dffec6949f572bee02d0,2025-12,City of London Police,City of London Police,-0.099803,51.519026,On or near Cloth Fair,E01032740,City of London 001G,Violence and sexual offences,Awaiting court outcome,
73f570864f413b291cfbfc2262e4e7feae84e9350a0996291f056af56abeb476,2025-12,City of London Police,City of London Police,-0.108027,51.511884,On or near Temple Avenue,E01032740,City of London 001G,Violence and sexual offences,Investigation complete; no suspect identified,
5c8a3632215ab0c3679e9cb889cfdd984316faba7d665a9610996deb23e6517f,2025-12,City of London Police,City of London Police,-1.478077,52.423658,On or near Burroughs Close,E01009655,Coventry 016A,Violence and sexual offences,Status update unavailable,
cb80f41a1409bdd5bde60610b2e243b10ba63054de9b3bf2b8c6e360a53e6def,2025-12,City of London Police,City of London Police,-0.082648,51.520455,On or near Earl Street,E01033708,Hackney 033C,Other theft,Investigation complete; no suspect identified,
16835f33c3e38b2cd9e28645d2f9f0b97d58071054e1f099624b67744f6cb5df,2025-12,City of London Police,City of London Police,-0.082648,51.520455,On or near Earl Street,E01033708,Hackney 033C,Public order,Unable to prosecute suspect,
e2755a3e74b3d4b4f5adfcad0fd6801d44817269bfca8ea53cf31b51a87f4bc7,2025-12,City of London Police,City of London Police,-0.082648,51.520455,On or near Earl Street,E01033708,Hackney 033C,Theft from the person,Investigation complete; no suspect identified,
c58535e8c14192fea318dfc30e5f9f3504ce053e7bf725e9d18b0bc7a9080674,2025-12,City of London Police,City of London Police,-0.428939,51.451562,On or near Imperial Road,E01002560,Hounslow 023D,Other crime,Unable to prosecute suspect,
c48a9324b200e92dc4d58765575504805b52f3eb288c19b6e0170f9f5dfc0003,2025-12,City of London Police,City of London Police,-0.104346,51.520709,On or near Benjamin Street,E01002724,Islington 022D,Theft from the person,Status update unavailable,
a443af60f4bc7ef3fb896909e2314d8b819ff8c3ec10249cfa43c868b67c91a3,2025-12,City of London Police,City of London Police,-0.097151,51.523182,On or near Baltic Street West,E01033490,Islington 022H,Burglary,Investigation complete; no suspect identified,
a0563d4f873a4ca4d891d84376b2f8a977c02c36f3b43c930499c49a8642d987,2025-12,City of London Police,City of London Police,-0.097151,51.523182,On or near Baltic Street West,E01033490,Islington 022H,Drugs,Investigation complete; no suspect identified,
dd493bae7d33f4247441a3abd309fc02f794a2a9100d2447af842661599935cf,2025-12,City of London Police,City of London Police,-0.086858,51.521127,On or near Parking Area,E01002704,Islington 023D,Robbery,Status update unavailable,
2aa46f3975917d5db38c939a2e5ad05997f9568a86de3482f8c4ff254e947dd3,2025-12,City of London Police,City of London Police,-0.973113,51.752129,On or near Harrison Place,E01028669,South Oxfordshire 001D,Other crime,Further action is not in the public interest,
96d64c730813b2d66bf56ac6d14338adbe3736cc2e0abe7b124b9c572aab1b05,2025-12,City of London Police,City of London Police,-0.089485,51.505208,On or near Borough High Street,E01003929,Southwark 002B,Theft from the person,Status update unavailable,
a242e93da00916d01be3c5a3595710aff1e9f3973f044f7c2ba35808695e9b7c,2025-12,City of London Police,City of London Police,-0.083577,51.496262,On or near Alice Street,E01003941,Southwark 006C,Theft from the person,Investigation complete; no suspect identified,
7959f9e1f689acf57be747c4ff85b22a3744e83e708e929f8ff6c5a1bbfd2bc7,2025-12,City of London Police,City of London Police,-0.058633,51.495061,On or near Stalham Street,E01004035,Southwark 011D,Drugs,Awaiting court outcome,
9a8b43a408b9ece63f95b5cc573fce2a310d2fa2080e064b44942f9f821111bb,2025-12,City of London Police,City of London Police,-0.061215,51.519078,On or near Shopping Area,E01004208,Tower Hamlets 013C,Public order,Unable to prosecute suspect,
1c673ef3e28bfc592546c536a5728ee6174bc667835e8803c5dd9f43566a04d2,2025-12,City of London Police,City of London Police,-0.061215,51.519078,On or near Shopping Area,E01004208,Tower Hamlets 013C,Violence and sexual offences,Unable to prosecute suspect,
8b4fde40e4d48093318f6e6caba049998c7b5b0e46eb8b5b3ebcf359338bb4b8,2025-12,City of London Police,City of London Police,-0.070873,51.517129,On or near Further/Higher Educational Building,E01004306,Tower Hamlets 015A,Violence and sexual offences,Investigation complete; no suspect identified,
f36b91b9c9de69d8e99480f629b7a453e10a45a6c536c53096b1ddbf817c0543,2025-12,City of London Police,City of London Police,-0.065495,51.518087,On or near Petrol Station,E01004309,Tower Hamlets 015D,Violence and sexual offences,Status update unavailable,
2446ab46ba90b31dd62d93f7b25504775712edc8747d2bdfa5194cef3ad238b7,2025-12,City of London Police,City of London Police,-0.065143,51.514817,On or near Greenfield Road,E01004321,Tower Hamlets 021C,Drugs,Status update unavailable,
ebf24218cd0112b07158c5c1cfa424b61997fdb57801d744eed2854f9d0f8394,2025-12,City of London Police,City of London Police,-0.072542,51.513100,On or near Further/Higher Educational Building,E01032767,Tower Hamlets 021F,Violence and sexual offences,Investigation complete; no suspect identified,
cf2734d6b5fa02625261ff9f94f88955855c80f92eeeeef431df36f7584d8c01,2025-12,City of London Police,City of London Police,-0.057831,51.508842,On or near Sovereign Close,E01004296,Tower Hamlets 026D,Drugs,Awaiting court outcome,
beb62d8ccc179379e4f4c807317ecfb6e0c44b00f374983c9a099dbc5c95f4e1,2025-12,City of London Police,City of London Police,-0.068095,51.509785,On or near Dock Street,E01035697,Tower Hamlets 026F,Public order,Status update unavailable,
2399fc1da60da3c8f5ee3ac3344a5716e62055bf0ba67b8b73a2c70a50443292,2025-12,City of London Police,City of London Police,-0.028166,51.571727,On or near Wetherden Street,E01004425,Waltham Forest 022C,Drugs,Local resolution,
29504f8ea78d2241b86509fb961a84ea86f0407a5edce5ffff8faf13b66b9cce,2025-12,City of London Police,City of London Police,-0.213133,51.529503,On or near Sixth Avenue,E01004719,Westminster 004B,Drugs,Formal action is not in the public interest,
1687e7f093aca0a25d2186ba2c3e76b79d8988d3ea9c50bf2aab1532c1993b66,2025-12,City of London Police,City of London Police,-0.163537,51.520581,On or near Walmer Place,E01004661,Westminster 012C,Shoplifting,Awaiting court outcome,
a140a6be45f3154ff4cac0dc4b4dcb522b3f38f58f1a2822d1afb01378f081c2,2025-12,City of London Police,City of London Police,-0.112811,51.512590,On or near Essex Street,E01004735,Westminster 018B,Burglary,Investigation complete; no suspect identified,
9b5d120b1fefc552ee74099cf9122ee703a9258a1f41a05318d6f65e96ea04a9,2025-12,City of London Police,City of London Police,-0.111567,51.513757,On or near Middle Temple Lane,E01004735,Westminster 018B,Burglary,Investigation complete; no suspect identified,
6542d26d3ed4be8b13bb24ea9f2dda502b534db69e839c07565a449f8cd28714,2025-12,City of London Police,City of London Police,-0.111567,51.513757,On or near Middle Temple Lane,E01004735,Westminster 018B,Burglary,Unable to prosecute suspect,
1a01467a7eadd2339389b6f361c107705d773cf4ce085af05478e3a5a0e41f93,2025-12,City of London Police,City of London Police,-0.111756,51.513724,On or near Fleet Street,E01004735,Westminster 018B,Other theft,Investigation complete; no suspect identified,
ef709e0ef42f98774fef396d31b0a298951c79d2c0776774b9a2bbaf8ff4eaed,2025-12,City of London Police,City of London Police,,,No Location,,,Bicycle theft,Awaiting court outcome,
3908bf82a01a7c2023b9c291285a3eb79377fd60af91dbfb07ec5298055fe936,2025-12,City of London Police,City of London Police,,,No Location,,,Bicycle theft,Investigation complete; no suspect identified,
1218e1c0f1587277d64cfbba886234ec9f654848f612bf0d22045f0cbb0ac071,2025-12,City of London Police,City of London Police,,,No Location,,,Bicycle theft,Investigation complete; no suspect identified,
408846d12b6f6cb86c517f1848ab9e14792310a2cea8192336352a6d44f0e457,2025-12,City of London Police,City of London Police,,,No Location,,,Burglary,Awaiting court outcome,
edb51ec5cad2b717225b9bfb66c1b2ef6915eb3e9a09b48916b4d0fa994b5491,2025-12,City of London Police,City of London Police,,,No Location,,,Criminal damage and arson,Investigation complete; no suspect identified,
dd41952703c1ca195686dde17c370fa55ab88805012ba00f2584dbdf1c90365d,2025-12,City of London Police,City of London Police,,,No Location,,,Criminal damage and arson,Investigation complete; no suspect identified,
d0b217975e79606196e9fe1192024b29c15a9e32a6f2ee700a78d28a5fc84238,2025-12,City of London Police,City of London Police,,,No Location,,,Criminal damage and arson,Status update unavailable,
b596dec5fa9f80dc909e982e454fc8917c315747fea3457a92f1fc71517672ed,2025-12,City of London Police,City of London Police,,,No Location,,,Criminal damage and arson,Investigation complete; no suspect identified,
27e37b19165bc7d86e75878d2990a1f082879f0ea12e7db0aca0ccbfc7b26b28,2025-12,City of London Police,City of London Police,,,No Location,,,Drugs,Status update unavailable,
30b94de691610dde925419d4f7ad79224646d37c5fc9566461957b88d8d0d035,2025-12,City of London Police,City of London Police,,,No Location,,,Drugs,Awaiting court outcome,
e2847779e5d707d710f24d4a5152cadf8d6ade89e6243a09bf8a90980a9e456f,2025-12,City of London Police,City of London Police,,,No Location,,,Drugs,Unable to prosecute suspect,
c4c72ce925362e26450534f3a2e0b5b0ec292708bf4d3b50551731c01f5ab807,2025-12,City of London Police,City of London Police,,,No Location,,,Other theft,Investigation complete; no suspect identified,
b6783454a89c8e80a886542098a9e6d087ffb90f81ba3c17f8f796b4edc8e8af,2025-12,City of London Police,City of London Police,,,No Location,,,Other theft,Investigation complete; no suspect identified,
11d6dd30442d6057c732f80339b2105430f151fdfc2b03e57342a096aebfed6d,2025-12,City of London Police,City of London Police,,,No Location,,,Other theft,Awaiting court outcome,
b9ec61a3335e3d2ac0ad67fa5f5340de60b1b4645f1f0d5a423a4718577dde2f,2025-12,City of London Police,City of London Police,,,No Location,,,Other theft,Investigation complete; no suspect identified,
76e1231327d68926343b429e87020211828e05d8f7c96f48f0565d6b90dce469,2025-12,City of London Police,City of London Police,,,No Location,,,Other theft,Investigation complete; no suspect identified,
7782377bb733cc2dc3c3a5bb7d08c793a6a821ce26eca4a104f3cb1c6534e0f6,2025-12,City of London Police,City of London Police,,,No Location,,,Other theft,Investigation complete; no suspect identified,
066a29dd7b3ae1ac39f2dce7710da3d6c439431ad033b0e4313506096c74d45b,2025-12,City of London Police,City of London Police,,,No Location,,,Other theft,Investigation complete; no suspect identified,
77c8290ee088db2c873debc9d9e25ce003d31aa8826986f80aed04bdf627b0c9,2025-12,City of London Police,City of London Police,,,No Location,,,Other theft,Awaiting court outcome,
e697dc1cd8f57950e41054b48207f73b768f096828da746cef9d762cdaf312dd,2025-12,City of London Police,City of London Police,,,No Location,,,Other theft,Investigation complete; no suspect identified,
98e526c9d72035c9d24daae92c4a9de868eba2bcc4737f5c07c886c7a71aa080,2025-12,City of London Police,City of London Police,,,No Location,,,Other theft,Status update unavailable,
69470c68e9fcc1bec4a3d72688b900ec43d06a2becd355ee2ee21932537e3266,2025-12,City of London Police,City of London Police,,,No Location,,,Public order,Unable to prosecute suspect,
9232e3e81ebf5ffa37c897387f5de79d668b1d6a9a9cd4e8aaf90233507af86e,2025-12,City of London Police,City of London Police,,,No Location,,,Public order,Unable to prosecute suspect,
b930cacc83385cc947885b222ac4962cf1fedc58fbe6e1ff22efb8b636f7a700,2025-12,City of London Police,City of London Police,,,No Location,,,Public order,Awaiting court outcome,
1f79f51f2b31f7379a6d1a633ea229e049c2dcd770a23884f132eda5d343ea15,2025-12,City of London Police,City of London Police,,,No Location,,,Public order,Status update unavailable,
846969b5a47dd75e633758c6ff822e17a958abf29730d4289635232fec3d982c,2025-12,City of London Police,City of London Police,,,No Location,,,Public order,Investigation complete; no suspect identified,
2a37afab24ff16a4b62031bde6a275e4229025b7b4d9bf90ff488cd80ed61675,2025-12,City of London Police,City of London Police,,,No Location,,,Robbery,Unable to prosecute suspect,
f5ac75e3d54a683e78a0d756a6aa7826ce160f6acc4749ea6f3943d9c2b69bb1,2025-12,City of London Police,City of London Police,,,No Location,,,Shoplifting,Awaiting court outcome,
42cc63415f566240892ec6f7b88b096c89d9ed9c763f085d8358cf082bd14eb4,2025-12,City of London Police,City of London Police,,,No Location,,,Shoplifting,Investigation complete; no suspect identified,
5102ccca24e7a31c49dba19d8df6eee80978e2db8924ab1a1a2409ff055af10a,2025-12,City of London Police,City of London Police,,,No Location,,,Shoplifting,Investigation complete; no suspect identified,
9a3a49169036d627f2af0d3e61b762183dbccdcd2ff27a79d685104d3615d9ed,2025-12,City of London Police,City of London Police,,,No Location,,,Shoplifting,Awaiting court outcome,
af724da18dccb388763c6b45d5b9edd8608f7cff2be1dc07c041094c3f6fae3f,2025-12,City of London Police,City of London Police,,,No Location,,,Shoplifting,Investigation complete; no suspect identified,
3828ce080dd4f8c0b13a99586214a813d32cfffc35d6be9dcc0f36d13636f4b3,2025-12,City of London Police,City of London Police,,,No Location,,,Shoplifting,Investigation complete; no suspect identified,
df4d4e8cf702ab31b53b485ca8cf29cebe8a315165e37ee950aa630d51d8c3fc,2025-12,City of London Police,City of London Police,,,No Location,,,Theft from the person,Investigation complete; no suspect identified,
cf98e2f92af0b5aa4781f273f39ccd0842fca58bc2cee299ca8d8c0e996d56f7,2025-12,City of London Police,City of London Police,,,No Location,,,Theft from the person,Investigation complete; no suspect identified,
413067c87004af4b658cd98d16178775569d593351e75b5cd577c1abaf961add,2025-12,City of London Police,City of London Police,,,No Location,,,Theft from the person,Investigation complete; no suspect identified,
0346ea89430b0e2ba84c517792bd6f94686b160c15a5f3ec610c052c7d15daf0,2025-12,City of London Police,City of London Police,,,No Location,,,Theft from the person,Investigation complete; no suspect identified,
4f7ae50f43bdd0542b4f693306a9df9cc9afa1150e596477fb5242730f500a15,2025-12,City of London Police,City of London Police,,,No Location,,,Theft from the person,Investigation complete; no suspect identified,
efbe19d69301a69ebfa886b19db55257199dcdac95db3310f89f79ef9a8cd53b,2025-12,City of London Police,City of London Police,,,No Location,,,Theft from the person,Investigation complete; no suspect identified,
2c9243d885d515da2378878e0c070de89a92b7f44bb40dc8a8b56f00d00a9d74,2025-12,City of London Police,City of London Police,,,No Location,,,Theft from the person,Investigation complete; no suspect identified,
fcf4c50c7f78e2a9c0823c98ac4c9017c272be103f8bea611f783f2da1acc6db,2025-12,City of London Police,City of London Police,,,No Location,,,Theft from the person,Investigation complete; no suspect identified,
240e2cd6cdb646508eeb9ffa2438849eebe913b3a2804b2985d45cffc98d4847,2025-12,City of London Police,City of London Police,,,No Location,,,Theft from the person,Investigation complete; no suspect identified,
e2492f496caa78703178e17c28fc25d0f979211fd1933298fb3ddaf7ad3d3da9,2025-12,City of London Police,City of London Police,,,No Location,,,Theft from the person,Investigation complete; no suspect identified,
6bc39647a60d445e985a7b54df614c5912c799f37f13bf79c367e05a13e64ab4,2025-12,City of London Police,City of London Police,,,No Location,,,Violence and sexual offences,Awaiting court outcome,
d61c282c78cc8ee771c802459566a13b7e6ff19bb311c5a1b5558856dc89fdf0,2025-12,City of London Police,City of London Police,,,No Location,,,Violence and sexual offences,Unable to prosecute suspect,
194eeb48c4a716f5cc42c9b48cbfd36b8c141779c98849abaae2c5c856d1754c,2025-12,City of London Police,City of London Police,,,No Location,,,Violence and sexual offences,Investigation complete; no suspect identified,
750d5135c64a53cc49ba685fc4d1d959076461c5aa4a839768ad20cbad282b04,2025-12,City of London Police,City of London Police,,,No Location,,,Violence and sexual offences,Unable to prosecute suspect,
75e74c0d355ade72ba8d5a7ea23a1d1d197959e6b670243221a5784844eb509b,2025-12,City of London Police,City of London Police,,,No Location,,,Violence and sexual offences,Investigation complete; no suspect identified,
2f94eeceb8e86de28079433c90ab294bb2431941117fad35bb84e71355fbacf9,2025-12,City of London Police,City of London Police,,,No Location,,,Violence and sexual offences,Status update unavailable,
4cfaa2380dfcbfcf158c6969fe74f9ddf94984caa51a58aca3ac6a3ccfafaa6f,2025-12,City of London Police,City of London Police,,,No Location,,,Violence and sexual offences,Unable to prosecute suspect,
b6bd90bad6133357e5515e7f2054b3cdaa6ff6f91f578d07f3891f1c100ebb42,2025-12,City of London Police,City of London Police,,,No Location,,,Violence and sexual offences,Unable to prosecute suspect,
4c6cb9efd7424408f95f8c2fe8f345b91382c61dcfae150321d040f22c7c6a65,2025-12,City of London Police,City of London Police,,,No Location,,,Violence and sexual offences,Unable to prosecute suspect,
a873684f7ea95fc920aef9e815c4cd6194db09569bc50303c0437e77c7e4fd45,2025-12,City of London Police,City of London Police,,,No Location,,,Violence and sexual offences,Unable to prosecute suspect,
4478b05cac81c1e2f16366d9c0e26636f02008b7749e7d717b1597c3b5a07d28,2025-12,City of London Police,City of London Police,,,No Location,,,Violence and sexual offences,Investigation complete; no suspect identified,
20d71851597693c7d9412f3bba258bd587d031fb6d131df7ded49ae7742d06f2,2025-12,City of London Police,City of London Police,,,No Location,,,Other crime,Unable to prosecute suspect,
