Crime ID,Month,Reported by,Falls within,Longitude,Latitude,Location,LSOA code,LSOA name,Crime type,Last outcome category,Context
8c7661d1b68d476454c5b68a58daee0d91781a94f6001555df3c7f0d6498d821,2025-01,City of London Police,City of London Police,-0.107682,51.517786,On or near B521,E01000917,Camden 027C,Other theft,Investigation complete; no suspect identified,
1b7fbc8deac5182e6b1e580ab4eb4ed520df688c3576bc28ea25ec8561979a1c,2025-01,City of London Police,City of London Police,-0.111596,51.518281,On or near Chancery Lane,E01000914,Camden 028B,Theft from the person,Investigation complete; no suspect identified,
8476f32b188fae2d0d14b7db79e872fd7688f064e8ced34368d266803c19ea75,2025-01,City of London Police,City of London Police,-0.097078,51.519045,On or near A1,E01000001,City of London 001A,Drugs,Further investigation is not in the public interest,
92b8de6e45c3b711e802fb9d99e2a030c3f56b1c589e551e18f2070d0396c13a,2025-01,City of London Police,City of London Police,-0.097290,51.521575,On or near Fann Street,E01000001,City of London 001A,Other theft,Investigation complete; no suspect identified,
023587ed2c674a28bd52d6e03d505c3b0dba6d25e8b95b0966f826ca5837d645,2025-01,City of London Police,City of London Police,-0.098519,51.517332,On or near Little Britain,E01000001,City of London 001A,Other theft,Investigation complete; no suspect identified,
dffad61ad3005e323af26fbb3f3226c7ac2bddf8ccb252911a18c80fb071988c,2025-01,City of London Police,City of London Police,-0.098519,51.517332,On or near Little Britain,E01000001,City of London 001A,Public order,Investigation complete; no suspect identified,
41f83f2d4d5a7f323f6b97e9274013a9c7c1c8d46d80368b34b8d99de8c3fddc,2025-01,City of London Police,City of London Police,-0.097245,51.515387,On or near St Martin'S Le Grand,E01000001,City of London 001A,Shoplifting,Unable to prosecute suspect,
e94f3cd0c64e59f43fc0556ce0a61ecb40805062e0517b874909b2daacab3ad7,2025-01,City of London Police,City of London Police,-0.097245,51.515387,On or near St Martin'S Le Grand,E01000001,City of London 001A,Shoplifting,Unable to prosecute suspect,
22874f5347d449c29240f4abeaa6a2aa4375a7b9bda4446ff9a0c1dde3bbc529,2025-01,City of London Police,City of London Police,-0.097144,51.515062,On or near St Paul'S,E01000001,City of London 001A,Theft from the person,Investigation complete; no suspect identified,
81c1bc412d5d6b77e9d926356155d0f649718d9d7f505886b9719a15c97788c6,2025-01,City of London Police,City of London Police,-0.098519,51.517332,On or near Little Britain,E01000001,City of London 001A,Theft from the person,Investigation complete; no suspect identified,
4e145e5a291fb94302062cbae8711463fb17180f2150b31c9ddf5a4d0eebb78c,2025-01,City of London Police,City of London Police,-0.097078,51.519045,On or near A1,E01000001,City of London 001A,Other crime,Further investigation is not in the public interest,
f39615e054dd6ced4e7cac76acaaf0312429b67d1c944fddc6a165330c691de2,2025-01,City of London Police,City of London Police,-0.092488,51.520598,On or near Silk Street,E01000002,City of London 001B,Bicycle theft,Investigation complete; no suspect identified,
342ec0e118067e0a88fc7c5fdf4b80520a3793ea625d0ab44ff5d87522d27025,2025-01,City of London Police,City of London Police,-0.090105,51.520001,On or near Milton Court,E01000002,City of London 001B,Bicycle theft,Investigation complete; no suspect identified,
5afc2bdd57cdae5c008e0c804126ca998a0859278f04b4e06bea6af37b5ff206,2025-01,City of London Police,City of London Police,-0.095704,51.516747,On or near Noble Street,E01000002,City of London 001B,Drugs,Local resolution,
7aadd8255c029102ec5d3756e1883c35d11a58a4aba1ae732a320a6ab61e9132,2025-01,City of London Police,City of London Police,-0.092488,51.520598,On or near Silk Street,E01000002,City of London 001B,Drugs,Status update unavailable,
5ea75c3cdeb9155373e98e2e34edaf03d36ec6d2fa6ff17d2994b63aa0d4bc70,2025-01,City of London Police,City of London Police,-0.095704,51.516747,On or near Noble Street,E01000002,City of London 001B,Drugs,Local resolution,
7aadd8255c029102ec5d3756e1883c35d11a58a4aba1ae732a320a6ab61e9132,2025-01,City of London Police,City of London Police,-0.091498,51.520483,On or near Conference/Exhibition Centre,E01000002,City of London 001B,Drugs,Court result unavailable,
26a3493a7bf0665709c39892122481493f096ba5714f959291e2fee1bc06fc2c,2025-01,City of London Police,City of London Police,-0.090105,51.520001,On or near Milton Court,E01000002,City of London 001B,Other theft,Investigation complete; no suspect identified,
f6630df97042db3d397064a9b7fc35388c7ca3e5fdcb77325a88c47e78e9d756,2025-01,City of London Police,City of London Police,-0.093845,51.518462,On or near Park/Open Space,E01000002,City of London 001B,Other theft,Investigation complete; no suspect identified,
056a6c11cbce88ce4766647633bbd3c5f2eacebfe134a7f0b2a74e469fdff37e,2025-01,City of London Police,City of London Police,-0.092488,51.520598,On or near Silk Street,E01000002,City of London 001B,Other theft,Court result unavailable,
6da15dad29b0ddc88059f170e3982f55cb63bb0b02f1cbaf29207048f066d0d1,2025-01,City of London Police,City of London Police,-0.090105,51.520001,On or near Milton Court,E01000002,City of London 001B,Other theft,Investigation complete; no suspect identified,
f1b1c4103ef2367b4655c8a9b3bb04d1cd3716d4f745e025036a53c4f5161c8f,2025-01,City of London Police,City of London Police,-0.092488,51.520598,On or near Silk Street,E01000002,City of London 001B,Other theft,Status update unavailable,
11a49f4186955043ddf34dd5e018130c7a1c5f3d23e434a764c6d5b0281cf85f,2025-01,City of London Police,City of London Police,-0.093886,51.518166,On or near Monkwell Square,E01000002,City of London 001B,Other theft,Investigation complete; no suspect identified,
5bf165fafda5c615e09c34279e9ef207ff9fdb1d9fe5a5bda603b30f95aaea6f,2025-01,City of London Police,City of London Police,-0.093969,51.519300,On or near Park/Open Space,E01000002,City of London 001B,Other theft,Investigation complete; no suspect identified,
77d064f14def0106ee36d96a72c11f108fe5b5e71e6aa4b9ce834e37adc10901,2025-01,City of London Police,City of London Police,-0.092488,51.520598,On or near Silk Street,E01000002,City of London 001B,Other theft,Investigation complete; no suspect identified,
b4c7649d9fdee313848c638a1bd070417e1bccb2ca390b5ecc4cd156c7d61815,2025-01,City of London Police,City of London Police,-0.092488,51.520598,On or near Silk Street,E01000002,City of London 001B,Other theft,Investigation complete; no suspect identified,
27eaeb36ce8dd0c1fc5c46cadfed244631b3cf5d5fd04c77de5835bf3af943a1,2025-01,City of London Police,City of London Police,-0.094130,51.519961,On or near Theatre/Concert Hall,E01000002,City of London 001B,Public order,Investigation complete; no suspect identified,
1e1f5897047d5719a5ef5e091244a3213a002ed97401c1c7997d79d23a7b6be8,2025-01,City of London Police,City of London Police,-0.093969,51.519300,On or near Park/Open Space,E01000002,City of London 001B,Public order,Investigation complete; no suspect identified,
3b8cc9cab575ba9b244c09b1ecfcb7b484c17bffa57137a642d7610b4eaa65bd,2025-01,City of London Police,City of London Police,-0.090553,51.518948,On or near Moor Lane,E01000002,City of London 001B,Shoplifting,Investigation complete; no suspect identified,
9da0d458e233fdc59d6aa7a09619c9eefe0d5ef80b8d2a216f83b50c567a7d1f,2025-01,City of London Police,City of London Police,-0.090553,51.518948,On or near Moor Lane,E01000002,City of London 001B,Shoplifting,Unable to prosecute suspect,
5bec5e237c35df74346c831f7ffa554a14691e5b8252e009692af8ada2ddec7f,2025-01,City of London Police,City of London Police,-0.091498,51.520483,On or near Conference/Exhibition Centre,E01000002,City of London 001B,Theft from the person,Investigation complete; no suspect identified,
989498d0c91c876d7c1f8d9bc109e16de84763077264bd15e35282c7bf99f0b1,2025-01,City of London Police,City of London Police,-0.092971,51.516271,On or near Aldermanbury,E01000002,City of London 001B,Theft from the person,Investigation complete; no suspect identified,
f1348f2baab6920f43189d3be352213deeb2257a7d254cb8e596f593bf62d512,2025-01,City of London Police,City of London Police,-0.092488,51.520598,On or near Silk Street,E01000002,City of London 001B,Theft from the person,Investigation complete; no suspect identified,
e67c54c5aa2a621b3bc53209205c59a246a2bef0f5274ca7bceb207f476643ca,2025-01,City of London Police,City of London Police,-0.091495,51.518145,On or near Fore Street,E01000002,City of London 001B,Theft from the person,Investigation complete; no suspect identified,
c1ea53e1b05684a8a07d6dceebd41c2345edea88cdcfd3b2a7c9354cc718bc50,2025-01,City of London Police,City of London Police,-0.091498,51.520483,On or near Conference/Exhibition Centre,E01000002,City of London 001B,Theft from the person,Investigation complete; no suspect identified,
1ac448977b868341af04f9c7d2e983fe6e228a2f38005ce75f35c1d4ea4ec7c1,2025-01,City of London Police,City of London Police,-0.093845,51.518462,On or near Park/Open Space,E01000002,City of London 001B,Violence and sexual offences,Unable to prosecute suspect,
d8effa3e9079f10843747da4a483ca9e75a5dc44fd247767bf0126569b0f47f5,2025-01,City of London Police,City of London Police,-0.094655,51.517369,On or near Parking Area,E01000002,City of London 001B,Violence and sexual offences,Unable to prosecute suspect,
eecfeee629869050aeec734f1ecfec923d8831754807caf6032e70391b4f3e3d,2025-01,City of London Police,City of London Police,-0.092374,51.519517,On or near Further/Higher Educational Building,E01000002,City of London 001B,Violence and sexual offences,Unable to prosecute suspect,
c3ec749348fd0d5630a3d1bd6bff793cb531503d33b2733d4feb28c8ed8c7b7b,2025-01,City of London Police,City of London Police,-0.095758,51.521667,On or near Fann Street,E01000003,City of London 001C,Other theft,Investigation complete; no suspect identified,
c7273bef7dd28e18bd776eb7dcfe96611dfcfc5ccca816aa6e9909794c11d811,2025-01,City of London Police,City of London Police,-0.095258,51.520526,On or near Beech Street,E01000003,City of London 001C,Public order,Court result unavailable,
4fc4e368921aac95570e3b3729b9169af3c47a6d355329a0a04d5151b49f30d4,2025-01,City of London Police,City of London Police,-0.096984,51.522426,On or near Sports/Recreation Area,E01000003,City of London 001C,Robbery,Investigation complete; no suspect identified,
ae59975f5797dfab73a296e9b339c4d689d46fd93ba9c05205931265e77769a8,2025-01,City of London Police,City of London Police,-0.096984,51.522426,On or near Sports/Recreation Area,E01000003,City of London 001C,Robbery,Status update unavailable,
57c3769d88b2cdc568699c0ab3340fb7a1f31cf7d4aec5ec1a7165aca0a68b61,2025-01,City of London Police,City of London Police,-0.096114,51.520747,On or near Park/Open Space,E01000003,City of London 001C,Theft from the person,Investigation complete; no suspect identified,
2edc0297881df5e9ef893e9fdb83c33dc19328c0addbd38114015234e33b646d,2025-01,City of London Police,City of London Police,-0.095758,51.521667,On or near Fann Street,E01000003,City of London 001C,Violence and sexual offences,Investigation complete; no suspect identified,
52983bbb3fa5f2c0faec4fa45ed12581bb5236aedad0553923d76b79290c8243,2025-01,City of London Police,City of London Police,-0.078783,51.515383,On or near Houndsditch,E01000005,City of London 001E,Bicycle theft,Unable to prosecute suspect,
771798449bbaeb698c52c804b67a1b122fd13e36d5e0f009b2beacffad2b4ebe,2025-01,City of London Police,City of London Police,-0.076038,51.511759,On or near Hospital,E01000005,City of London 001E,Criminal damage and arson,Status update unavailable,
771798449bbaeb698c52c804b67a1b122fd13e36d5e0f009b2beacffad2b4ebe,2025-01,City of London Police,City of London Police,-0.076038,51.511759,On or near Hospital,E01000005,City of London 001E,Criminal damage and arson,Status update unavailable,
0ea7b4a5a8818ba642fcd8e0cc0699f8fa6fbfc8eb47a07512816eb62d13a1b4,2025-01,City of London Police,City of London Police,-0.074330,51.513647,On or near Little Somerset Street,E01000005,City of London 001E,Drugs,Offender given a caution,
fc0b9c41acb937dc202a4ce0c593ea347f68cc7e623dda4dfb77d025c07b244f,2025-01,City of London Police,City of London Police,-0.074330,51.513647,On or near Little Somerset Street,E01000005,City of London 001E,Drugs,Unable to prosecute suspect,
fe97d56c055bb3938c0770ccadfc87a7099783376a65a123d1177a7340d927ed,2025-01,City of London Police,City of London Police,-0.074330,51.513647,On or near Little Somerset Street,E01000005,City of London 001E,Drugs,Court result unavailable,
19f8a46581d7c6665c7b45010dedaef9c88377539705bbb014991f8c992efdeb,2025-01,City of London Police,City of London Police,-0.074330,51.513647,On or near Little Somerset Street,E01000005,City of London 001E,Drugs,Court result unavailable,
fc0505ae382f12655824d6191f21ea6723abc0507f5719beda6fd8f207c11676,2025-01,City of London Police,City of London Police,-0.073717,51.510084,On or near Shorter Street,E01000005,City of London 001E,Drugs,Further investigation is not in the public interest,
ef2f6c32afb889df3f9b5bb25d8b9ecbddccf27456e810e9ce6f6e19f3c69bee,2025-01,City of London Police,City of London Police,-0.076716,51.515178,On or near Gravel Lane,E01000005,City of London 001E,Other theft,Investigation complete; no suspect identified,
0c2b339be61b251b805f41aa5e98f9e15eeea7561a0fd36cbdea065b1e51cccf,2025-01,City of London Police,City of London Police,-0.077407,51.516215,On or near Harrow Place,E01000005,City of London 001E,Other theft,Unable to prosecute suspect,
25604b979fd4f171b934c7f5597438064ec6c8cd2cd3f0e8183d4566b8440481,2025-01,City of London Police,City of London Police,-0.074330,51.513647,On or near Little Somerset Street,E01000005,City of London 001E,Other theft,Investigation complete; no suspect identified,
aa5aa4b86244d7a877fceef1b6ce21ecc8a57485ca328cd52bef30d3ed5c98d0,2025-01,City of London Police,City of London Police,-0.076038,51.511759,On or near Hospital,E01000005,City of London 001E,Other theft,Investigation complete; no suspect identified,
91a514b4950984cb005621b69219264c972339f56b988b2984140f4ff2a33374,2025-01,City of London Police,City of London Police,-0.073456,51.513542,On or near Little Somerset Street,E01000005,City of London 001E,Other theft,Court result unavailable,
eed030b04393d58d8c4a6c1305449449454e67a549b256fac91eb601c135f399,2025-01,City of London Police,City of London Police,-0.075401,51.511164,On or near Supermarket,E01000005,City of London 001E,Public order,Status update unavailable,
57a3aefcd720bf6330e9c387cc4e13fa13984aa53c911dacf9f2dc5ac53b9929,2025-01,City of London Police,City of London Police,-0.076145,51.512642,On or near India Street,E01000005,City of London 001E,Public order,Unable to prosecute suspect,
2da123592eb45776adfb7f1a92f7f9667c620dc8d38aafa88b661eda5503fe3f,2025-01,City of London Police,City of London Police,-0.075922,51.515894,On or near New Goulston Street,E01000005,City of London 001E,Public order,Unable to prosecute suspect,
314c0006a6ff259c9226ffaceeab5094667e14a373a3d56e19384f079c272ca5,2025-01,City of London Police,City of London Police,-0.075401,51.511164,On or near Supermarket,E01000005,City of London 001E,Public order,Status update unavailable,
8b6173504cef0890df472b02fcea77f89ebd833daa32d3f020941761c6b4eb42,2025-01,City of London Police,City of London Police,-0.078783,51.515383,On or near Houndsditch,E01000005,City of London 001E,Public order,Unable to prosecute suspect,
ac5e796309277d7c62003fcbdea38db74d30a17d59c634b6f505c6cba89579dc,2025-01,City of London Police,City of London Police,-0.076145,51.512642,On or near India Street,E01000005,City of London 001E,Public order,Investigation complete; no suspect identified,
7a72a865f7d353299f38d2cf8c6476cf58d596f39f6f95dec6ea58046ea5666d,2025-01,City of London Police,City of London Police,-0.075453,51.511965,On or near Minories,E01000005,City of London 001E,Robbery,Investigation complete; no suspect identified,
da2ddf26164776b958a78df481090270e6daf32232d34fa66e6e29b9bc6fcd33,2025-01,City of London Police,City of London Police,-0.074330,51.513647,On or near Little Somerset Street,E01000005,City of London 001E,Shoplifting,Status update unavailable,
8839fc3ca281b553af69ad1f7df7be74c11b177006d22c9960eca2f69c2bae94,2025-01,City of London Police,City of London Police,-0.075401,51.511164,On or near Supermarket,E01000005,City of London 001E,Shoplifting,Formal action is not in the public interest,
94fc4d56e69b2cbdbc6b0b087ab74884c355f8aba54764840bdd5c1274bdb51f,2025-01,City of London Police,City of London Police,-0.076145,51.512642,On or near India Street,E01000005,City of London 001E,Shoplifting,Investigation complete; no suspect identified,
33766d81d5333a13f5ef56edef60a2e64186454791d296156b9a5c1646b342f9,2025-01,City of London Police,City of London Police,-0.075401,51.511164,On or near Supermarket,E01000005,City of London 001E,Shoplifting,Investigation complete; no suspect identified,
c467032dd2769adb1ba83b986c08b5fbf265ae749a8e55572ddc8ac76190cd25,2025-01,City of London Police,City of London Police,-0.075401,51.511164,On or near Supermarket,E01000005,City of London 001E,Shoplifting,Status update unavailable,
f87d98451fa9a89e7d08a31bc19024e3e59abac78af44268412a8355c4aa919c,2025-01,City of London Police,City of London Police,-0.075401,51.511164,On or near Supermarket,E01000005,City of London 001E,Shoplifting,Court result unavailable,
aa52d7cc90185960de211e4070dfff564fab5172e98c5ef3d94f51dd9fa87ab3,2025-01,City of London Police,City of London Police,-0.075401,51.511164,On or near Supermarket,E01000005,City of London 001E,Shoplifting,Investigation complete; no suspect identified,
43232f134a7e80a010b3382cf6643f806123601062798d4bfb4c964930245646,2025-01,City of London Police,City of London Police,-0.074925,51.514924,On or near St Botolph Street,E01000005,City of London 001E,Theft from the person,Investigation complete; no suspect identified,
af99305423148c45677a7d2aee44a94201d7857f0e5974544ca000a27e47874b,2025-01,City of London Police,City of London Police,-0.076716,51.515178,On or near Gravel Lane,E01000005,City of London 001E,Theft from the person,Investigation complete; no suspect identified,
a67c46a26e170202a486bc5c8946c1a7b57cd01b08ea5f172ca8b1202dcba1fd,2025-01,City of London Police,City of London Police,-0.074330,51.513647,On or near Little Somerset Street,E01000005,City of London 001E,Theft from the person,Status update unavailable,
ea2b6b9768439f3935ff4403af5715057ce05ff01b0836b04aea852724adf08b,2025-01,City of London Police,City of London Police,-0.073727,51.511218,On or near Goodman'S Yard,E01000005,City of London 001E,Theft from the person,Investigation complete; no suspect identified,
b644fb76cf6fcef18e9d29e5a84508aee5cdf26e9a7e1cad225395feb41c3f24,2025-01,City of London Police,City of London Police,-0.073456,51.513542,On or near Little Somerset Street,E01000005,City of London 001E,Vehicle crime,Status update unavailable,
718d2a483d73915eccf09b36dacf2e1765243b079229983ae449afed2d3fb791,2025-01,City of London Police,City of London Police,-0.075453,51.511965,On or near Minories,E01000005,City of London 001E,Violence and sexual offences,Unable to prosecute suspect,
4ffe91841e99cab3bab2cb1bde34cd0d912e5c9353f25b1f80ed25292ee0a77f,2025-01,City of London Police,City of London Police,-0.073704,51.511748,On or near Portsoken Street,E01000005,City of London 001E,Violence and sexual offences,Unable to prosecute suspect,
d3035c9a85b98dfc42a7a4ec096d855a2587e1ec63df872dcbdc73410ca30b8c,2025-01,City of London Police,City of London Police,-0.076145,51.512642,On or near India Street,E01000005,City of London 001E,Violence and sexual offences,Unable to prosecute suspect,
4419618da38f85c40d3735f92fd22a4920c020f780299e93ae8d35d04abb7c77,2025-01,City of London Police,City of London Police,-0.073456,51.513542,On or near Little Somerset Street,E01000005,City of London 001E,Violence and sexual offences,Unable to prosecute suspect,
6e9b4c0b8bc3546f604c9574c6d684d8a3c5aa62dafb861925d10f9e8256440e,2025-01,City of London Police,City of London Police,-0.076145,51.512642,On or near India Street,E01000005,City of London 001E,Violence and sexual offences,Investigation complete; no suspect identified,
d739078addc25d6cc3682caefc55ec496d5fe3b6bef8de0238bba920374859d4,2025-01,City of London Police,City of London Police,-0.073456,51.513542,On or near Little Somerset Street,E01000005,City of London 001E,Violence and sexual offences,Unable to prosecute suspect,
9467705f1d0789916b0243eae48c15f16f3aefa49d662db5593ffc65cd314a69,2025-01,City of London Police,City of London Police,-0.075401,51.511164,On or near Supermarket,E01000005,City of London 001E,Violence and sexual offences,Unable to prosecute suspect,
2eeebeda7acd95c016623b40e36bb2407e621375bfd7cf46e2b9937379afae69,2025-01,City of London Police,City of London Police,-0.077511,51.515812,On or near Artizan Street,E01000005,City of London 001E,Violence and sexual offences,Unable to prosecute suspect,
60e120288315876849b8557e604e8ff9308cfda93579571fbf23679499f6373a,2025-01,City of London Police,City of London Police,-0.075401,51.511164,On or near Supermarket,E01000005,City of London 001E,Violence and sexual offences,Unable to prosecute suspect,
b0de6b48cbd276a48ca2a41683c1fcf3cfbb6baf15289234ecf420b9e1e9112f,2025-01,City of London Police,City of London Police,-0.081808,51.520567,On or near Pindar Street,E01032739,City of London 001F,Bicycle theft,Unable to prosecute suspect,
0992e08fa4e37dc9ffea6905f6ec88b32a2f03ac5bac1a6d366a1b59bd9aea07,2025-01,City of London Police,City of London Police,-0.096501,51.513874,On or near New Change,E01032739,City of London 001F,Bicycle theft,Investigation complete; no suspect identified,
93611647e6ea48308dcbb9f0ad59adc13661e66f301240d85c3806a660989ecf,2025-01,City of London Police,City of London Police,-0.101292,51.514770,On or near Amen Court,E01032739,City of London 001F,Bicycle theft,Unable to prosecute suspect,
0bb6d141ee9fe9d0475adadae0d5a3ed21b695655d4e6645156042912f88c6a6,2025-01,City of London Police,City of London Police,-0.104276,51.513712,On or near A201,E01032739,City of London 001F,Burglary,Unable to prosecute suspect,
0e4f4a7a546a3934d55fe39335416e69cb63b45ecbd5daf24adc240bb862790b,2025-01,City of London Police,City of London Police,-0.087772,51.510665,On or near Martin Lane,E01032739,City of London 001F,Burglary,Investigation complete; no suspect identified,
f0d2611acd1a87087d8024439f764e154ebf10c02580c7bb881d4d86c91fb825,2025-01,City of London Police,City of London Police,-0.091947,51.513188,On or near Pancras Lane,E01032739,City of London 001F,Burglary,Unable to prosecute suspect,
e0fbc8fdf3cf35ac56c7dc97572148420151ccf0f4507a22d600475bbde5150f,2025-01,City of London Police,City of London Police,-0.084844,51.509700,On or near Monument Street,E01032739,City of London 001F,Burglary,Investigation complete; no suspect identified,
8533de137da6552be697e5396f78ee89b55450b517b9765458c0f42555ed3501,2025-01,City of London Police,City of London Police,-0.081113,51.516869,On or near Bishopsgate,E01032739,City of London 001F,Burglary,Investigation complete; no suspect identified,
3593d6961df675617c24cac942dde02c14868ca6c29670cddce9b06c14a7a15f,2025-01,City of London Police,City of London Police,-0.094460,51.512024,On or near Great Trinity Lane,E01032739,City of London 001F,Burglary,Investigation complete; no suspect identified,
a17938f17b5d87483aa7547b86064d7f2972060a5157d518763da46b5ec12889,2025-01,City of London Police,City of London Police,-0.094070,51.513079,On or near Watling Street,E01032739,City of London 001F,Burglary,Investigation complete; no suspect identified,
3b4847290200e1e436b02e4a439f14808a04fd097a532332e264abdaa397dc64,2025-01,City of London Police,City of London Police,-0.078937,51.514109,On or near Heneage Place,E01032739,City of London 001F,Burglary,Investigation complete; no suspect identified,
570dd44f0acb8e8ccdc67dab3a7040e70f02f6ac27a0c83617362e35eecb9243,2025-01,City of London Police,City of London Police,-0.078278,51.513666,On or near Mitre Street,E01032739,City of London 001F,Burglary,Investigation complete; no suspect identified,
cd5dc07c684f47cd1c95efb0d8cc385f00c3d41b3dd94dd7c61c6687d7155ef9,2025-01,City of London Police,City of London Police,-0.101393,51.512685,On or near St Andrew'S Hill,E01032739,City of London 001F,Burglary,Investigation complete; no suspect identified,
b837c0dc0f24c3ff830d3943fe6f5db49c4d209439760a17ce77302cc87dd82d,2025-01,City of London Police,City of London Police,-0.079196,51.513789,On or near Creechurch Lane,E01032739,City of London 001F,Burglary,Awaiting court outcome,
347298c1262f622e5dd5a091808db8569f84f74ef5f4df649fed32cacb18a5f2,2025-01,City of London Police,City of London Police,-0.079196,51.513789,On or near Creechurch Lane,E01032739,City of London 001F,Burglary,Investigation complete; no suspect identified,
46257ddd63a7b14e9d314308982025cc9d0084b32438e0bea5000bc71cbe59f7,2025-01,City of London Police,City of London Police,-0.078755,51.518440,On or near Artillery Lane,E01032739,City of London 001F,Burglary,Investigation complete; no suspect identified,
b34396a67f49ca82f68286a0fefa138027d5fd28fbd3d71a3619195c0f4480ad,2025-01,City of London Police,City of London Police,-0.081113,51.516869,On or near Bishopsgate,E01032739,City of London 001F,Burglary,Investigation complete; no suspect identified,
06a1a94909b1b6b7cc4e65b7b166aab5debcad443da68748596a3492c79e17a0,2025-01,City of London Police,City of London Police,-0.091947,51.513188,On or near Pancras Lane,E01032739,City of London 001F,Criminal damage and arson,Court result unavailable,
d0753371e0d3d5846501879ec30fe1205be29c2fa087183a8243562e50f3dba5,2025-01,City of London Police,City of London Police,-0.079883,51.517326,On or near New Street,E01032739,City of London 001F,Criminal damage and arson,Investigation complete; no suspect identified,
7c57182f792f40917ff12f87cfc4d008e98cc6b3cc73dce2b100ca6e67388d59,2025-01,City of London Police,City of London Police,-0.086019,51.513631,On or near Finch Lane,E01032739,City of London 001F,Criminal damage and arson,Unable to prosecute suspect,
5725e8fb727c8e27e49f6f200c2311b9146bcaa8a1ffea48055a7a4e6edf078e,2025-01,City of London Police,City of London Police,-0.084754,51.512882,On or near Corbet Court,E01032739,City of London 001F,Criminal damage and arson,Unable to prosecute suspect,
1b1ec92e299781a56c06a3cf32973e551c993d7175575060f0bae66b75b86849,2025-01,City of London Police,City of London Police,-0.084910,51.512588,On or near Bell Inn Yard,E01032739,City of London 001F,Criminal damage and arson,Awaiting court outcome,
b447b6e18e2bd56ddac9ed9a7d1f9b09c562263f9aaf2e7dbe6af63850c10246,2025-01,City of London Police,City of London Police,-0.095224,51.513736,On or near Shopping Area,E01032739,City of London 001F,Criminal damage and arson,Status update unavailable,
156977d2bd9fb90d18e2b4053856716fbe3e923e3475d280358af4efde731e41,2025-01,City of London Police,City of London Police,-0.083977,51.510441,On or near Lovat Lane,E01032739,City of London 001F,Criminal damage and arson,Unable to prosecute suspect,
f2e240d69906df0cfd979d1e06119e08eaeec3a7cebc894818ce9d3d7f6808ee,2025-01,City of London Police,City of London Police,-0.082993,51.516360,On or near Wormwood Street,E01032739,City of London 001F,Criminal damage and arson,Unable to prosecute suspect,
bd2bc090269cbb2a8d427d4853e61e1f3d7e8719411a2616d451ae3a3c722ac5,2025-01,City of London Police,City of London Police,-0.091540,51.511896,On or near Cannon Street,E01032739,City of London 001F,Criminal damage and arson,Investigation complete; no suspect identified,
10be09f12d6364a1da15e2e74538131d5df508ce4bd4e4e8b0b3b2928704c2f7,2025-01,City of London Police,City of London Police,-0.086815,51.517007,On or near Circus Place,E01032739,City of London 001F,Criminal damage and arson,Investigation complete; no suspect identified,
b31b25c402cf098fb545203ef01f56313e1faf243c93e106e75739b9791ee89f,2025-01,City of London Police,City of London Police,-0.088456,51.514975,On or near Tokenhouse Yard,E01032739,City of London 001F,Criminal damage and arson,Investigation complete; no suspect identified,
9c099d9da8c596909dad27799da8686653bc397cbdd48dd9347c2f86f7cf1eb8,2025-01,City of London Police,City of London Police,-0.101292,51.514770,On or near Amen Court,E01032739,City of London 001F,Criminal damage and arson,Unable to prosecute suspect,
dce15570fe1c92e7f525503929694f4a2b766d64775d4724d8a0aab344bd8bca,2025-01,City of London Police,City of London Police,-0.087157,51.512624,On or near Lombard Street,E01032739,City of London 001F,Criminal damage and arson,Court result unavailable,
ca7e42d105482d4c11f2ce6ab495e2095fbaa7a3d5e3aa7359ca41fec90700fe,2025-01,City of London Police,City of London Police,-0.089808,51.517461,On or near London Wall,E01032739,City of London 001F,Criminal damage and arson,Investigation complete; no suspect identified,
6c6c7402ee029c435214274675b7cb1d7a62f2a090408dc69d7a5be18ba01010,2025-01,City of London Police,City of London Police,-0.079838,51.514267,On or near Bury Street,E01032739,City of London 001F,Criminal damage and arson,Unable to prosecute suspect,
bd363776caf727c1e24b21d0226f94fdf9c21048bffe02872000e579fa4349c1,2025-01,City of London Police,City of London Police,-0.100201,51.513286,On or near Dean'S Court,E01032739,City of London 001F,Criminal damage and arson,Unable to prosecute suspect,
fa7c4b0a02fc4fc7ed94e48c8fa1f7f4ae0e58a86ae4823a66f2883c300eac54,2025-01,City of London Police,City of London Police,-0.079838,51.514267,On or near Bury Street,E01032739,City of London 001F,Criminal damage and arson,Unable to prosecute suspect,
ae7fb7c7b9977a8e26d61d24f999fdfb16dd135a2bd1e05f20c3381c1bd514e6,2025-01,City of London Police,City of London Police,-0.084754,51.512882,On or near Corbet Court,E01032739,City of London 001F,Criminal damage and arson,Investigation complete; no suspect identified,
2ef6ea61a2c6761261d5b892bcbb885b031382c1bebe17fe1c7917ba7dc6f78d,2025-01,City of London Police,City of London Police,-0.101393,51.512685,On or near St Andrew'S Hill,E01032739,City of London 001F,Criminal damage and arson,Investigation complete; no suspect identified,
54152d3bd45e09a51de659548c030c8d23ed7f3797c6b07593ef6d46dc498275,2025-01,City of London Police,City of London Police,-0.095924,51.513882,On or near Shopping Area,E01032739,City of London 001F,Criminal damage and arson,Investigation complete; no suspect identified,
aaf94a2051bd441fb428b1793f6253d9ae061e0c3fd88550bbeb1a4cca2d8dfd,2025-01,City of London Police,City of London Police,-0.084844,51.510725,On or near Eastcheap,E01032739,City of London 001F,Drugs,Offender given a caution,
ca6b20ff3d403f4226052e4a78f9ca24434ac810933ad767efd8cb704c424eca,2025-01,City of London Police,City of London Police,-0.081113,51.516869,On or near Bishopsgate,E01032739,City of London 001F,Drugs,Local resolution,
8db71c17d7a44349d490a562cd8f11f8df5a15beff19c6c6df9fc478bcb4a6c6,2025-01,City of London Police,City of London Police,-0.088456,51.514975,On or near Tokenhouse Yard,E01032739,City of London 001F,Drugs,Status update unavailable,
86c204ad4f0dbdc8dd88c746e05784a873552ff4420bb3f28ecbdecfc5efba84,2025-01,City of London Police,City of London Police,-0.079907,51.517785,On or near Victoria Avenue,E01032739,City of London 001F,Drugs,Court result unavailable,
42b712df866776464f0ebf684ff9f187d3c96a5bbc15aa897d61cff845720282,2025-01,City of London Police,City of London Police,-0.101963,51.510761,On or near Ferry Terminal,E01032739,City of London 001F,Drugs,Offender given a caution,
61a4f0b67d407a35caab1c79ece7f364a858fd0c4c1cd23cd256d42e7f0947cc,2025-01,City of London Police,City of London Police,-0.080769,51.520236,On or near Further/Higher Educational Building,E01032739,City of London 001F,Drugs,Status update unavailable,
aabcf48cdb0ea36502c0fafc97bc53fb04b1e6449beb2efac752f69f2ee5296d,2025-01,City of London Police,City of London Police,-0.080769,51.520236,On or near Further/Higher Educational Building,E01032739,City of London 001F,Drugs,Status update unavailable,
99da361ef9736831187d9cd7cdcddffaacf3ce38d98907f778b15be797eb34fa,2025-01,City of London Police,City of London Police,-0.084844,51.510725,On or near Eastcheap,E01032739,City of London 001F,Drugs,Unable to prosecute suspect,
a674ebe6fdf145cd5ab29c5991c6786eddc4cd2a79415646c40d7b5e400f65fa,2025-01,City of London Police,City of London Police,-0.084844,51.510725,On or near Eastcheap,E01032739,City of London 001F,Drugs,Court result unavailable,
b7c492457e158025db31e79447cd05b901abd2372d96908dc26840b74c50824b,2025-01,City of London Police,City of London Police,-0.104276,51.513712,On or near A201,E01032739,City of London 001F,Drugs,Formal action is not in the public interest,
ea4df2bad60f225565e634b27abb33f2719b1e7cf1adaffc8a44e56792a5b03b,2025-01,City of London Police,City of London Police,-0.079838,51.514267,On or near Bury Street,E01032739,City of London 001F,Drugs,Offender given a caution,
a2d7a5d1b8abe526a9f2292bcd6a2b6a0ed524f1298a5c6cb5b6ed0a082ab23e,2025-01,City of London Police,City of London Police,-0.091540,51.511896,On or near Cannon Street,E01032739,City of London 001F,Drugs,Court result unavailable,
342edb0e557302c7410b2ca3495b6bb1324b28ae8b012a31be2fe52df77f0157,2025-01,City of London Police,City of London Police,-0.079907,51.517785,On or near Victoria Avenue,E01032739,City of London 001F,Drugs,Court result unavailable,
da48dd0a8e8e97c69cb109884b08990ab76ccf714cd864240ed7263c1b074dee,2025-01,City of London Police,City of London Police,-0.095764,51.512549,On or near Friday Street,E01032739,City of London 001F,Drugs,Court result unavailable,
2281e8eccf54f858dce01d10a7041d8e49f3e12935d625b711a7a86ad20a82f1,2025-01,City of London Police,City of London Police,-0.078495,51.517770,On or near Further/Higher Educational Building,E01032739,City of London 001F,Drugs,Local resolution,
e16985fddd860de1d38b42a6f3b407f63934f5a06ddd09981d096e63f8a360d1,2025-01,City of London Police,City of London Police,-0.104276,51.513712,On or near A201,E01032739,City of London 001F,Drugs,Unable to prosecute suspect,
e611a1d45e6e47219974bcaa2611bd0d91a57a2cd495f898121df5270d082257,2025-01,City of London Police,City of London Police,-0.097291,51.514626,On or near Supermarket,E01032739,City of London 001F,Drugs,Court result unavailable,
cb60ddd6ff925f9007b439d950fbd85a3d675e6bfb862e951db713552b626d69,2025-01,City of London Police,City of London Police,-0.079883,51.517326,On or near New Street,E01032739,City of London 001F,Drugs,Local resolution,
07302c2e113991da15db988ed38dfd216c0954374966114dc19aa0173939cf40,2025-01,City of London Police,City of London Police,-0.095764,51.512549,On or near Friday Street,E01032739,City of London 001F,Drugs,Court result unavailable,
7d77a25783b0b6cb5908316d34d444d8e186d85c2edc6424c779ed3600fe0712,2025-01,City of London Police,City of London Police,-0.095764,51.512549,On or near Friday Street,E01032739,City of London 001F,Drugs,Local resolution,
6f82340ba6f130aa02dcb89f032a7cbaaf67bb29cab6e17b96c70fd43d867dba,2025-01,City of London Police,City of London Police,-0.085089,51.512105,On or near Gracechurch Street,E01032739,City of London 001F,Drugs,Unable to prosecute suspect,
2a13cefdf1a417b0ff62440161d260b3066505fb2a14e007907d176bdd12a1f3,2025-01,City of London Police,City of London Police,-0.079127,51.509607,On or near Byward Street,E01032739,City of London 001F,Other theft,Investigation complete; no suspect identified,
cdaacee086babf4356f29be1bab65bbb8e326d8500ce2decd5958102e58ebafa,2025-01,City of London Police,City of London Police,-0.079138,51.508312,On or near Lower Thames Street,E01032739,City of London 001F,Other theft,Investigation complete; no suspect identified,
4f215e8e377e9e2b953a3eec1b9850685e223e0618fdcc4ad20706e995ea4687,2025-01,City of London Police,City of London Police,-0.079138,51.508312,On or near Lower Thames Street,E01032739,City of London 001F,Other theft,Investigation complete; no suspect identified,
8842fe8706a014218b64b696da72974a236094469f701c6b0df766666b35224f,2025-01,City of London Police,City of London Police,-0.092531,51.512658,On or near Queen Street,E01032739,City of London 001F,Other theft,Court result unavailable,
cee520592fd9011d23ed95b6ab8478da166ca5fdeb03a0c6e3b5f99a2976b8b0,2025-01,City of London Police,City of London Police,-0.085228,51.511190,On or near Talbot Court,E01032739,City of London 001F,Other theft,Investigation complete; no suspect identified,
3c1f982a6593eb4e309c751fdf9ac359b7fb5e9be97ae412c70051fbd0b51237,2025-01,City of London Police,City of London Police,-0.088785,51.517102,On or near Moorgate,E01032739,City of London 001F,Other theft,Investigation complete; no suspect identified,
b03a2885d954805081f5c6f0b0fc0afac72ec7e082245b5a2fd22d8b3a224ecb,2025-01,City of London Police,City of London Police,-0.079138,51.508312,On or near Lower Thames Street,E01032739,City of London 001F,Other theft,Investigation complete; no suspect identified,
2666ff5b79da36c670458249e155c369ab3f00e5b2c07bbda29c008222a7947d,2025-01,City of London Police,City of London Police,-0.084844,51.509700,On or near Monument Street,E01032739,City of London 001F,Other theft,Investigation complete; no suspect identified,
4acc163a8956c1914f84029ecddd6391987744f37c4a6c4f0d92d9b6d811aff7,2025-01,City of London Police,City of London Police,-0.087873,51.516503,On or near Langthorn Court,E01032739,City of London 001F,Other theft,Investigation complete; no suspect identified,
64546dc221765870dc42fad08077ea5be472e53cd1f1219916358e7e7993bc73,2025-01,City of London Police,City of London Police,-0.085089,51.512105,On or near Gracechurch Street,E01032739,City of London 001F,Other theft,Investigation complete; no suspect identified,
09b342420ea40f6891563678b60be860f3ab51a736f58a94e6767097a5ca8f95,2025-01,City of London Police,City of London Police,-0.084836,51.511939,On or near Shopping Area,E01032739,City of London 001F,Other theft,Investigation complete; no suspect identified,
6e6b927a1447157cb742cd9425878172e3b9b1063fff15f3ece840ae0e081e7a,2025-01,City of London Police,City of London Police,-0.089208,51.509744,On or near Angel Lane,E01032739,City of London 001F,Other theft,Investigation complete; no suspect identified,
66ea0fdda1055e5d77f3379c21afc0f02c442d65db33fde798c091bc07665bf2,2025-01,City of London Police,City of London Police,-0.082993,51.516360,On or near Wormwood Street,E01032739,City of London 001F,Other theft,Investigation complete; no suspect identified,
e2274e9930e25a530d287975f0c5486a251114db9f5882c87e23c62bcfd39249,2025-01,City of London Police,City of London Police,-0.088785,51.517102,On or near Moorgate,E01032739,City of London 001F,Other theft,Unable to prosecute suspect,
b15be491725ce167b21b7009c4513d95180a3fbb299cda2d16f3b884703c897f,2025-01,City of London Police,City of London Police,-0.081902,51.517296,On or near Liverpool Street,E01032739,City of London 001F,Other theft,Investigation complete; no suspect identified,
83c1aac1362724c43dab41063216c3857969b8ddb5056269a5c03326ce26999f,2025-01,City of London Police,City of London Police,-0.079521,51.511196,On or near New London Street,E01032739,City of London 001F,Other theft,Unable to prosecute suspect,
a9b02e93278a05ba36b688ce2142bf0e374228dcbad9f41157fb224f40e94dba,2025-01,City of London Police,City of London Police,-0.083977,51.510441,On or near Lovat Lane,E01032739,City of London 001F,Other theft,Investigation complete; no suspect identified,
c71ce57a36a2a7bd07b9c229d288c159f93592957b92a4bbebc8f3d9b73fa423,2025-01,City of London Police,City of London Police,-0.078755,51.518440,On or near Artillery Lane,E01032739,City of London 001F,Other theft,Investigation complete; no suspect identified,
9b80a94ef4329a98845cc26a3a8351e93bc6ece816907469c932e02fb947f867,2025-01,City of London Police,City of London Police,-0.088456,51.514975,On or near Tokenhouse Yard,E01032739,City of London 001F,Other theft,Investigation complete; no suspect identified,
b039302c9e289671bfbe60af9d6effb4a39f7d221c451e7a501e09e40b906ed5,2025-01,City of London Police,City of London Police,-0.095924,51.513882,On or near Shopping Area,E01032739,City of London 001F,Other theft,Investigation complete; no suspect identified,
f49f05cec9dab11859496dc3667e875b7f097197952ab04644976ba6b0e714b6,2025-01,City of London Police,City of London Police,-0.090578,51.509722,On or near Allhallows Lane,E01032739,City of London 001F,Other theft,Investigation complete; no suspect identified,
2134364dff722040247fd7dbfc88c6f79d1f1b00783cfb9c89b64acab4c3e607,2025-01,City of London Police,City of London Police,-0.087157,51.512624,On or near Lombard Street,E01032739,City of London 001F,Other theft,Investigation complete; no suspect identified,
740725a792939ad8dafadd75204f2436da459e09e3378b1b87b794d9f1084573,2025-01,City of London Police,City of London Police,-0.084836,51.511939,On or near Shopping Area,E01032739,City of London 001F,Other theft,Investigation complete; no suspect identified,
4fe8c242599e51327097ae296980bd1425d7fdc7e464463ece7fcf001494a5f2,2025-01,City of London Police,City of London Police,-0.084844,51.510725,On or near Eastcheap,E01032739,City of London 001F,Other theft,Investigation complete; no suspect identified,
af1dc4eb86404877205dc6492f36d887c3d0cd2f560dd2996ffb0d7a05b20646,2025-01,City of London Police,City of London Police,-0.081902,51.517296,On or near Liverpool Street,E01032739,City of London 001F,Other theft,Investigation complete; no suspect identified,
abe452d5a3cef7816be296ca11c423ef17d73dcb2a5c5aa2b7dd46c7bc813310,2025-01,City of London Police,City of London Police,-0.078755,51.518440,On or near Artillery Lane,E01032739,City of London 001F,Other theft,Investigation complete; no suspect identified,
d7e5436438e90d395f47a2c496692b475bcb69d8b742d42d9632066b7c4b10ca,2025-01,City of London Police,City of London Police,-0.081113,51.516869,On or near Bishopsgate,E01032739,City of London 001F,Other theft,Investigation complete; no suspect identified,
5ac847c27a3add38e69700822acd8cb20776dfe38e36d5f04954a564c4b7d1e1,2025-01,City of London Police,City of London Police,-0.084844,51.510725,On or near Eastcheap,E01032739,City of London 001F,Other theft,Investigation complete; no suspect identified,
d517b471ea5cee08469b42727172ed8480827acdfbb2b815e41ff6106d92e043,2025-01,City of London Police,City of London Police,-0.084754,51.512882,On or near Corbet Court,E01032739,City of London 001F,Other theft,Investigation complete; no suspect identified,
6b205c7b60ef8544421d4dac922e75c8cc872196df205cdb2555fb665043a5a7,2025-01,City of London Police,City of London Police,-0.082993,51.516360,On or near Wormwood Street,E01032739,City of London 001F,Other theft,Investigation complete; no suspect identified,
91c4750c92e44e29e7d3ad2183f803000cadfef798cfbd9441045f9acd57fba7,2025-01,City of London Police,City of London Police,-0.086019,51.513631,On or near Finch Lane,E01032739,City of London 001F,Other theft,Investigation complete; no suspect identified,
b5dbfb0c9138ca72d73d397a26e3d416fdf0bc32a5027e4c0fc4422d48154011,2025-01,City of London Police,City of London Police,-0.081902,51.517296,On or near Liverpool Street,E01032739,City of London 001F,Other theft,Investigation complete; no suspect identified,
fff11bf616ce2e692977008fd1163d19cdc33b468fce24df2a7d0269caab568e,2025-01,City of London Police,City of London Police,-0.081973,51.515948,On or near A10,E01032739,City of London 001F,Other theft,Investigation complete; no suspect identified,
f40e5e3ecd331b3d0b4d52edacb45430a044ae78a860e8d30bb84af30957b04e,2025-01,City of London Police,City of London Police,-0.081643,51.510070,On or near Great Tower Street,E01032739,City of London 001F,Other theft,Investigation complete; no suspect identified,
1ac97c481121c32afce65fdc86068fa58eb32bcffe268e7fe3df673cf6e32e42,2025-01,City of London Police,City of London Police,-0.083977,51.510441,On or near Lovat Lane,E01032739,City of London 001F,Other theft,Investigation complete; no suspect identified,
5735728e0660c168730c27965566ef7a75009ab2de30b71b117d1ca39f042c7f,2025-01,City of London Police,City of London Police,-0.085228,51.511190,On or near Talbot Court,E01032739,City of London 001F,Other theft,Investigation complete; no suspect identified,
1a7981c469f46b881bbac2d362b3d45501bdc8df6bb01a17931267fa37a70d88,2025-01,City of London Police,City of London Police,-0.081643,51.510070,On or near Great Tower Street,E01032739,City of London 001F,Other theft,Investigation complete; no suspect identified,
c6f1f6613154352d1d8824109ad073250e7ddaae0dfcae7a2f5438039965eb1e,2025-01,City of London Police,City of London Police,-0.095924,51.513882,On or near Shopping Area,E01032739,City of London 001F,Other theft,Investigation complete; no suspect identified,
78411814c215ca33ef285b7fa4f6cb8c0228a7ce03724aed37385e4cdf8dbec8,2025-01,City of London Police,City of London Police,-0.092531,51.512658,On or near Queen Street,E01032739,City of London 001F,Other theft,Investigation complete; no suspect identified,
cf54bd08b2b090e89f3d1125dbe1a95bb3340f56c17e8a230ba4bbaac06215ea,2025-01,City of London Police,City of London Police,-0.078755,51.518440,On or near Artillery Lane,E01032739,City of London 001F,Other theft,Investigation complete; no suspect identified,
6b6239a294f8dcf591206601c575e546aa3a849458e64bba00e17fcdc43bff1b,2025-01,City of London Police,City of London Police,-0.091823,51.514427,On or near Ironmonger Lane,E01032739,City of London 001F,Other theft,Investigation complete; no suspect identified,
b260e83c3275355db00596293cdab36e3e363691ed8bc4f9867648997d0e7f60,2025-01,City of London Police,City of London Police,-0.078424,51.518093,On or near Widegate Street,E01032739,City of London 001F,Other theft,Unable to prosecute suspect,
38a17746e497cf334a644fe06f39de271e2eb3d5c202d308843ca5e688ea4d6d,2025-01,City of London Police,City of London Police,-0.100888,51.514448,On or near Amen Corner,E01032739,City of London 001F,Other theft,Court result unavailable,
3d9323b1b901fdfb92722cf2edc7697c263af44562dce9cb683d9166885d16a2,2025-01,City of London Police,City of London Police,-0.092531,51.512658,On or near Queen Street,E01032739,City of London 001F,Other theft,Investigation complete; no suspect identified,
1f47a0c9d1932809892a6bbfb69d207529537f3aaa392ea61ea73a2cadb69426,2025-01,City of London Police,City of London Police,-0.079196,51.513789,On or near Creechurch Lane,E01032739,City of London 001F,Other theft,Investigation complete; no suspect identified,
e66c28cec7a65f326047a4e86a04bab6d42a1bf97e825afc0ece89f62e9961d5,2025-01,City of London Police,City of London Police,-0.079120,51.514912,On or near Bevis Marks,E01032739,City of London 001F,Other theft,Investigation complete; no suspect identified,
66a14b5ecd1f9fb3b37cac3089c7239a5c8575e014e38e83dd02ac66baa2d36d,2025-01,City of London Police,City of London Police,-0.089208,51.509744,On or near Angel Lane,E01032739,City of London 001F,Other theft,Investigation complete; no suspect identified,
2bac97d8917314d76cd61b439fdb151bfbbdb34485319c5ec8b3871c4579decd,2025-01,City of London Police,City of London Police,-0.079127,51.509607,On or near Byward Street,E01032739,City of London 001F,Other theft,Investigation complete; no suspect identified,
35580db5139e0c453cc77d513583d67c6713bbc559cd8b4c922ba322a37f964b,2025-01,City of London Police,City of London Police,-0.085089,51.512105,On or near Gracechurch Street,E01032739,City of London 001F,Other theft,Investigation complete; no suspect identified,
c96523ad1238060f449f2c12e1150e213a7f7b334f666e23855f2cd163929356,2025-01,City of London Police,City of London Police,-0.100201,51.513286,On or near Dean'S Court,E01032739,City of London 001F,Other theft,Investigation complete; no suspect identified,
fe4883f59b6a930f5db7317bdfc45709203aed0adc6f62740f84a8ab5f713401,2025-01,City of London Police,City of London Police,-0.087772,51.510665,On or near Martin Lane,E01032739,City of London 001F,Other theft,Investigation complete; no suspect identified,
f12f1b073c09882ee9e1ad2ab8ceb0c3f7f0694574ca6304c41f863b41ea8bbc,2025-01,City of London Police,City of London Police,-0.084910,51.512588,On or near Bell Inn Yard,E01032739,City of London 001F,Other theft,Investigation complete; no suspect identified,
ab5ed191a35842b8b54ee96699b40f1a3e0d788fbbec9befcf5037dbbcbb4ecf,2025-01,City of London Police,City of London Police,-0.084836,51.511939,On or near Shopping Area,E01032739,City of London 001F,Other theft,Investigation complete; no suspect identified,
39d4a451c35c36453765b345d3dd239b401c833a59b618c9d543c0cd173c0699,2025-01,City of London Police,City of London Police,-0.101292,51.514770,On or near Amen Court,E01032739,City of London 001F,Other theft,Investigation complete; no suspect identified,
b1ca78f3ad6f62e87e11bed7d156e4ff68927953ca4511d572985aaa32e49f95,2025-01,City of London Police,City of London Police,-0.084754,51.512882,On or near Corbet Court,E01032739,City of London 001F,Other theft,Investigation complete; no suspect identified,
ac9da7efd045c307f1f54a2fb19cc325cce2627e1872aee492812c29f00f57e1,2025-01,City of London Police,City of London Police,-0.081113,51.516869,On or near Bishopsgate,E01032739,City of London 001F,Other theft,Investigation complete; no suspect identified,
614e54a0512e0bfa633a3482c847ac57093594a037d3e625e616fbc4b936b77d,2025-01,City of London Police,City of London Police,-0.087157,51.512624,On or near Lombard Street,E01032739,City of London 001F,Other theft,Investigation complete; no suspect identified,
34966006238da04d0e8a518d2dd664171e225f7e94ddf248cba1b043df3e5176,2025-01,City of London Police,City of London Police,-0.097291,51.514626,On or near Supermarket,E01032739,City of London 001F,Other theft,Investigation complete; no suspect identified,
c809c940a9e1c302f6ac76085b498f22f8ec1de8578458164fe0604bc333acf2,2025-01,City of London Police,City of London Police,-0.100201,51.513286,On or near Dean'S Court,E01032739,City of London 001F,Other theft,Status update unavailable,
9df75602e01341aaa43eab0c13fb219e915eca73f0e4566071e44b13f76707a5,2025-01,City of London Police,City of London Police,-0.088785,51.517102,On or near Moorgate,E01032739,City of London 001F,Other theft,Investigation complete; no suspect identified,
1c8ff84ea2eb26fabc7f0d81bb2725702d960c7e0226479dc25adb63ed6b13be,2025-01,City of London Police,City of London Police,-0.082133,51.515222,On or near St Helen'S Place,E01032739,City of London 001F,Other theft,Investigation complete; no suspect identified,
08ecadef5203fd42f78c34d0b275a9ca6b0b47f57a3cc0a44a520b541eb7deac,2025-01,City of London Police,City of London Police,-0.079521,51.511196,On or near New London Street,E01032739,City of London 001F,Other theft,Investigation complete; no suspect identified,
adbef6298e1fe82aac66608d1302ad70d87e2b741797840803da14d4c76b5761,2025-01,City of London Police,City of London Police,-0.078477,51.509965,On or near Muscovy Street,E01032739,City of London 001F,Other theft,Investigation complete; no suspect identified,
87545473459cff81c65cb1a71cf7366db257fae2a2829f3ed7cab0cb5caf5c08,2025-01,City of London Police,City of London Police,-0.079138,51.508312,On or near Lower Thames Street,E01032739,City of London 001F,Other theft,Investigation complete; no suspect identified,
517eb7d32d5d72021a202a72034743f702930763b3d08d2413418359645efa04,2025-01,City of London Police,City of London Police,-0.095924,51.513882,On or near Shopping Area,E01032739,City of London 001F,Other theft,Investigation complete; no suspect identified,
4578e427c4bd6097aa2778d985eca1b09ec23d8ed864011d8fe35ff789c8a858,2025-01,City of London Police,City of London Police,-0.088456,51.514975,On or near Tokenhouse Yard,E01032739,City of London 001F,Other theft,Status update unavailable,
ae53dd09d5e7e4b60560c21f5b5f57cab3e1ca97259084176a60decb5fc0f053,2025-01,City of London Police,City of London Police,-0.082993,51.516360,On or near Wormwood Street,E01032739,City of London 001F,Other theft,Status update unavailable,
3bdfca6868dd74cd0e12e14ecef7ebf2f99eae5094be151c149d935b3d891a45,2025-01,City of London Police,City of London Police,-0.088785,51.517102,On or near Moorgate,E01032739,City of London 001F,Other theft,Status update unavailable,
3edf4a1f676b60f00cd685143ac94da63422437463696c2235aad2c0e7368024,2025-01,City of London Police,City of London Police,-0.081902,51.517296,On or near Liverpool Street,E01032739,City of London 001F,Other theft,Status update unavailable,
f2e4939293bafb51b39f515853b126857788956499dd8f1ecfa4e8e2baeb5fe4,2025-01,City of London Police,City of London Police,-0.087772,51.510665,On or near Martin Lane,E01032739,City of London 001F,Other theft,Status update unavailable,
7fda384a4efed56423012313263eeed94f241f1c81e3d5a4056094ba28ab5b0b,2025-01,City of London Police,City of London Police,-0.088785,51.517102,On or near Moorgate,E01032739,City of London 001F,Other theft,Investigation complete; no suspect identified,
8147e262f0b4d6bc3f67bd77ebf00c2bdd56f2d425bf8b66bef1d39fcc154d6f,2025-01,City of London Police,City of London Police,-0.085228,51.511190,On or near Talbot Court,E01032739,City of London 001F,Other theft,Status update unavailable,
e3dc60c8389ee4c1a611c6b5eefda9a7598b7fc75e4bc42fbee859da487bce70,2025-01,City of London Police,City of London Police,-0.081902,51.517296,On or near Liverpool Street,E01032739,City of London 001F,Other theft,Status update unavailable,
a0d2986076e201f241ad8447e5e192a6de3028447bf1d6acbf5d466c0c218301,2025-01,City of London Police,City of London Police,-0.095224,51.513736,On or near Shopping Area,E01032739,City of London 001F,Other theft,Investigation complete; no suspect identified,
3b6551771e727987c8b8ba35039d8bfb9e34e6f52fbae785949444079975b15c,2025-01,City of London Police,City of London Police,-0.082993,51.516360,On or near Wormwood Street,E01032739,City of London 001F,Other theft,Investigation complete; no suspect identified,
33c389b828d018b6c3ab53c60c7a70e11c5cf356cd2ab9170a7c44cce5cb80fc,2025-01,City of London Police,City of London Police,-0.092036,51.511049,On or near College Street,E01032739,City of London 001F,Other theft,Investigation complete; no suspect identified,
1acace3e8a59b531bbb1d4820ec2014c1f6e9087ad900f2454356c5a923f0c0c,2025-01,City of London Police,City of London Police,-0.088785,51.517102,On or near Moorgate,E01032739,City of London 001F,Other theft,Investigation complete; no suspect identified,
95026eb7dbbfd6f4b17f6026914c88da7d2ed3f6b9191d86362881e8af0ef2df,2025-01,City of London Police,City of London Police,-0.078059,51.509967,On or near Trinity Square,E01032739,City of London 001F,Other theft,Investigation complete; no suspect identified,
71b0f23f6304c861ec656237b06ccf27753cc59753dd3b7a02b3fcfbc9a30d30,2025-01,City of London Police,City of London Police,-0.086019,51.513631,On or near Finch Lane,E01032739,City of London 001F,Other theft,Investigation complete; no suspect identified,
6a1d175b37ee62ee536e8b4ee433a1fab025dde27abcf21b5f85bc0b0469748b,2025-01,City of London Police,City of London Police,-0.102134,51.513929,On or near Ludgate Hill,E01032739,City of London 001F,Other theft,Investigation complete; no suspect identified,
9473b9b99eb6b62ab5935d83c2f402aea50a76ee96cd5e2b3bdedf0c6708d84b,2025-01,City of London Police,City of London Police,-0.083977,51.510441,On or near Lovat Lane,E01032739,City of London 001F,Other theft,Status update unavailable,
c2a4835ad24e1dd6a1dc55f1b84c4904fc0b320328ec08e2488ca0e243fcbc8d,2025-01,City of London Police,City of London Police,-0.088785,51.517102,On or near Moorgate,E01032739,City of London 001F,Other theft,Investigation complete; no suspect identified,
0f29cdac0535930c9aad4e7285731cd5874e047bcaa17fa9621a2ec41d301623,2025-01,City of London Police,City of London Police,-0.084844,51.510725,On or near Eastcheap,E01032739,City of London 001F,Other theft,Unable to prosecute suspect,
0cf8c2dcc7b6b883293a1c9dbfaa02c560467bc0d2d7951a1f49c0a63ccb541b,2025-01,City of London Police,City of London Police,-0.100888,51.514448,On or near Amen Corner,E01032739,City of London 001F,Other theft,Investigation complete; no suspect identified,
e173787b88a3d164c993eeaf877d2ae719c3a53757edc00ca616a7056bcc21ad,2025-01,City of London Police,City of London Police,-0.091410,51.510167,On or near Cousin Lane,E01032739,City of London 001F,Other theft,Investigation complete; no suspect identified,
d6fae5544eaffb5a981b83bb386d1ab2f1116e4b2a45fd4bfa39b3f116fef21c,2025-01,City of London Police,City of London Police,-0.084910,51.512588,On or near Bell Inn Yard,E01032739,City of London 001F,Other theft,Status update unavailable,
7162f148a750849edba44406bd4f2a1535d3636ecce185dcab98f3cf783d973c,2025-01,City of London Police,City of London Police,-0.084754,51.512882,On or near Corbet Court,E01032739,City of London 001F,Other theft,Investigation complete; no suspect identified,
058b6829c7dc057b41cad4c360cb2e8a3553cfc7d4d8c252f5fabdb959d3e8a3,2025-01,City of London Police,City of London Police,-0.078059,51.509967,On or near Trinity Square,E01032739,City of London 001F,Other theft,Unable to prosecute suspect,
d7aaf872d47bd957da5e6fe6edf337877b57a93cb05eb4b745cc4411c53fdffe,2025-01,City of London Police,City of London Police,-0.092531,51.512658,On or near Queen Street,E01032739,City of London 001F,Other theft,Court result unavailable,
3658b7a311e041bffd62c65a28ffc25a855f2c363f6333365e7d9e059d000920,2025-01,City of London Police,City of London Police,-0.085228,51.511190,On or near Talbot Court,E01032739,City of London 001F,Other theft,Investigation complete; no suspect identified,
7863fb639ca6b22d0d13b7ee8e74ee505dfda2c4fea8ba70f8b8095ca2033dcc,2025-01,City of London Police,City of London Police,-0.084844,51.509700,On or near Monument Street,E01032739,City of London 001F,Other theft,Unable to prosecute suspect,
235e9533b93de9e071118d17d82061294310da504a2512921bd8fd6bb4d41a25,2025-01,City of London Police,City of London Police,-0.079127,51.509607,On or near Byward Street,E01032739,City of London 001F,Other theft,Investigation complete; no suspect identified,
5af1d3edbb9020ddd5da4ae4c416487c2491d85de20b12797dc8b299e6b470a0,2025-01,City of London Police,City of London Police,-0.101589,51.513515,On or near Ludgate Square,E01032739,City of London 001F,Other theft,Court result unavailable,
e384e1ad04f2ab8a194ea47dd59ecbf3f03e4398c3e7a23029e13368d1f8ee06,2025-01,City of London Police,City of London Police,-0.092531,51.512658,On or near Queen Street,E01032739,City of London 001F,Other theft,Unable to prosecute suspect,
7529ef6d54d19304c8a8a5cdbf1ca122c8c2432350a06081445dcaf413ecbb4a,2025-01,City of London Police,City of London Police,-0.084844,51.510725,On or near Eastcheap,E01032739,City of London 001F,Other theft,Investigation complete; no suspect identified,
3ed650e7917012e06b2528e07c4ecb1b03da2e784f07afbcd8d18fedc276b93c,2025-01,City of London Police,City of London Police,-0.083977,51.510441,On or near Lovat Lane,E01032739,City of London 001F,Other theft,Investigation complete; no suspect identified,
5f2faca00ed0f8da629e7791cc92d4a8063f82a91059014e1343b5529110ec1b,2025-01,City of London Police,City of London Police,-0.079907,51.517785,On or near Victoria Avenue,E01032739,City of London 001F,Other theft,Status update unavailable,
c8098544d82213b1011e9de27752f442740dd9ca393532a76ec331a97401a3de,2025-01,City of London Police,City of London Police,-0.095924,51.513882,On or near Shopping Area,E01032739,City of London 001F,Other theft,Unable to prosecute suspect,
c809c940a9e1c302f6ac76085b498f22f8ec1de8578458164fe0604bc333acf2,2025-01,City of London Police,City of London Police,-0.100201,51.513286,On or near Dean'S Court,E01032739,City of London 001F,Other theft,Investigation complete; no suspect identified,
fdab6eb8d07810a140535e8355cbe3cebaa8b3c60257c32ace8e71c4d3518cf7,2025-01,City of London Police,City of London Police,-0.084910,51.512588,On or near Bell Inn Yard,E01032739,City of London 001F,Other theft,Investigation complete; no suspect identified,
3f033aeea43be10ba9720e35a295b41078bf2f437f9a124249f1a2a02261ca07,2025-01,City of London Police,City of London Police,-0.101589,51.513515,On or near Ludgate Square,E01032739,City of London 001F,Other theft,Court result unavailable,
db6404d2eb8391bc066471c5f6a2b27dbd0579f5346f22226df3a74e463aa887,2025-01,City of London Police,City of London Police,-0.101906,51.511794,On or near Theatre/Concert Hall,E01032739,City of London 001F,Possession of weapons,Unable to prosecute suspect,
0e52ef685b177dccad8017f5a035c35dca2d19afa9a477c70f93650e16e883db,2025-01,City of London Police,City of London Police,-0.081113,51.516869,On or near Bishopsgate,E01032739,City of London 001F,Public order,Court result unavailable,
99cb57b261b3bc6e1bd9615b230da671807707a5fbf655b991f3a28d24c28c9b,2025-01,City of London Police,City of London Police,-0.081512,51.518692,On or near London Liverpool Street,E01032739,City of London 001F,Public order,Investigation complete; no suspect identified,
9bcc5adb84403342e5161af5ec2156686240c9651bbfcfc2820c6c0cd0c297d5,2025-01,City of London Police,City of London Police,-0.094460,51.512024,On or near Great Trinity Lane,E01032739,City of London 001F,Public order,Status update unavailable,
5a6f04ca42ff761f3c2eb84f548e22d38c17269689f699ba259c5bceff57458a,2025-01,City of London Police,City of London Police,-0.087157,51.512624,On or near Lombard Street,E01032739,City of London 001F,Public order,Court result unavailable,
4e0887b9e6d1271c09722904f19f38008afe18ad723f3afe0346d6ba8fdf8225,2025-01,City of London Police,City of London Police,-0.081113,51.516869,On or near Bishopsgate,E01032739,City of London 001F,Public order,Court result unavailable,
03e1658d8796ed998b9faf8d11abfc6c4567b6585e5e8b1c881acad689bfeeae,2025-01,City of London Police,City of London Police,-0.081113,51.516869,On or near Bishopsgate,E01032739,City of London 001F,Public order,Unable to prosecute suspect,
cfc5a9db9ac364a90bfc527f3580a049859ed649cde74e06dad808e0fcd5264e,2025-01,City of London Police,City of London Police,-0.091823,51.514427,On or near Ironmonger Lane,E01032739,City of London 001F,Public order,Unable to prosecute suspect,
aa2aad94b563886856884fd37ae6ac035b55b586f49fc2d0a0c804d0af27b792,2025-01,City of London Police,City of London Police,-0.078937,51.514109,On or near Heneage Place,E01032739,City of London 001F,Public order,Court result unavailable,
5045d5a3a484250ba1555df6402f0172fee23194c00106db30697c4574bc476f,2025-01,City of London Police,City of London Police,-0.101292,51.514770,On or near Amen Court,E01032739,City of London 001F,Public order,Investigation complete; no suspect identified,
1a173c06c369f0a82488e5b20b293d06785d7989e53236f195052424d8e32fc5,2025-01,City of London Police,City of London Police,-0.096917,51.510823,On or near Broken Wharf,E01032739,City of London 001F,Public order,Local resolution,
440150976d6f8b921df0203faa6e32daaa4cb0002abab5e25b0a92954f80d9d9,2025-01,City of London Police,City of London Police,-0.102134,51.513929,On or near Ludgate Hill,E01032739,City of London 001F,Public order,Investigation complete; no suspect identified,
0fab2cd273733a54f762823291b6249fbfc13a3428b8d91240fcafb1bdb08f70,2025-01,City of London Police,City of London Police,-0.101906,51.511794,On or near Theatre/Concert Hall,E01032739,City of London 001F,Public order,Unable to prosecute suspect,
25180980c43fbd438fc82ca3a3b7c17403969a7e056f53b20e9265097ad8d05b,2025-01,City of London Police,City of London Police,-0.101906,51.511794,On or near Theatre/Concert Hall,E01032739,City of London 001F,Public order,Unable to prosecute suspect,
e78bd66c6c12966b12e07a1639fac492bc49a148971f9b0150022e996e81c5c4,2025-01,City of London Police,City of London Police,-0.101906,51.511794,On or near Theatre/Concert Hall,E01032739,City of London 001F,Public order,Unable to prosecute suspect,
c9b5bbfe206aee035e5cc8570a271335256469f10573100a90afe733b835cf7c,2025-01,City of London Police,City of London Police,-0.087772,51.510665,On or near Martin Lane,E01032739,City of London 001F,Public order,Court result unavailable,
795ac16822d972ea10bc0a865f297e5ff061428406c1d79a80434e10727aa374,2025-01,City of London Police,City of London Police,-0.084836,51.511939,On or near Shopping Area,E01032739,City of London 001F,Public order,Investigation complete; no suspect identified,
661d3b09f3ce890d2dc1b7917c53d62b04ebdfe4658619cb6125c96dc55b1c7f,2025-01,City of London Police,City of London Police,-0.089822,51.516103,On or near Coleman Street,E01032739,City of London 001F,Public order,Unable to prosecute suspect,
c8dfa6ce0f926279e7d932e3e9ba3d712055db11aa0e4de3acb85a9d611a3302,2025-01,City of London Police,City of London Police,-0.078755,51.518440,On or near Artillery Lane,E01032739,City of London 001F,Public order,Unable to prosecute suspect,
43d7abbce8630fe5f8651d117f816a8389f2d6624b988cf6c83ca3343f35b903,2025-01,City of London Police,City of London Police,-0.078755,51.518440,On or near Artillery Lane,E01032739,City of London 001F,Public order,Unable to prosecute suspect,
e609834c946d569c936acc7000bf79197604809126d7e5262ccd7ae8a683a65a,2025-01,City of London Police,City of London Police,-0.089822,51.516103,On or near Coleman Street,E01032739,City of London 001F,Public order,Unable to prosecute suspect,
270d79365160959c67d79a09fffee5adb02d1f4d66b8fd1a27b3c94a6807fb9d,2025-01,City of London Police,City of London Police,-0.078424,51.518093,On or near Widegate Street,E01032739,City of London 001F,Public order,Unable to prosecute suspect,
a99a2451bfc67c37dc5da93a7ad18c727efb9ff740e010b8c0e2bf1775ae1cee,2025-01,City of London Police,City of London Police,-0.077070,51.510877,On or near Cooper'S Row,E01032739,City of London 001F,Public order,Unable to prosecute suspect,
7031594b723cff546c8d608863b83206c7f646b05ba25d4219374639a66ff640,2025-01,City of London Police,City of London Police,-0.083349,51.514830,On or near Shopping Area,E01032739,City of London 001F,Public order,Unable to prosecute suspect,
53d38d8f7213bc51ff64852f7899ec956138da8cc8c95a40f069381862e2e713,2025-01,City of London Police,City of London Police,-0.089808,51.517461,On or near London Wall,E01032739,City of London 001F,Public order,Investigation complete; no suspect identified,
6e57adff758638a812ba572168bc1a52446b73b9868a5aeabe8f118546b7329a,2025-01,City of London Police,City of London Police,-0.081113,51.516869,On or near Bishopsgate,E01032739,City of London 001F,Public order,Unable to prosecute suspect,
bf538d2a622b6530587bac022651638ff6138c64df86985f609047598d8ed134,2025-01,City of London Police,City of London Police,-0.096917,51.510823,On or near Broken Wharf,E01032739,City of London 001F,Public order,Status update unavailable,
dfc762b46f8c2a9b3b32ad9682778e55ef269c3c876c01c04c616bf8d8a52e74,2025-01,City of London Police,City of London Police,-0.077070,51.510877,On or near Cooper'S Row,E01032739,City of London 001F,Public order,Local resolution,
dfc762b46f8c2a9b3b32ad9682778e55ef269c3c876c01c04c616bf8d8a52e74,2025-01,City of London Police,City of London Police,-0.079907,51.517785,On or near Victoria Avenue,E01032739,City of London 001F,Public order,Status update unavailable,
f9f4bd580a7122e081271a40404a4e5828a241e9cc193df8d46a3ddb9755e3bc,2025-01,City of London Police,City of London Police,-0.079907,51.517785,On or near Victoria Avenue,E01032739,City of London 001F,Robbery,Status update unavailable,
2645ef9c7e23e4fa1d703c6d8a47215c09689022065eb1ab287a2854e99048a1,2025-01,City of London Police,City of London Police,-0.097291,51.514626,On or near Supermarket,E01032739,City of London 001F,Robbery,Investigation complete; no suspect identified,
df26aed9d0cf31baadbf8c61778f18b1d5a8a8b9970a9380b91eac6b90784ad7,2025-01,City of London Police,City of London Police,-0.084844,51.509700,On or near Monument Street,E01032739,City of London 001F,Robbery,Status update unavailable,
df26aed9d0cf31baadbf8c61778f18b1d5a8a8b9970a9380b91eac6b90784ad7,2025-01,City of London Police,City of London Police,-0.084844,51.510725,On or near Eastcheap,E01032739,City of London 001F,Robbery,Unable to prosecute suspect,
0019233542221919fd725a4cf87e78c64caff257b0caee5e01d5df9adf798259,2025-01,City of London Police,City of London Police,-0.082993,51.516360,On or near Wormwood Street,E01032739,City of London 001F,Robbery,Investigation complete; no suspect identified,
16bb3313780efd0b2bade3597c055f4468cdd0964a92e0191668b7de5f471433,2025-01,City of London Police,City of London Police,-0.095764,51.512549,On or near Friday Street,E01032739,City of London 001F,Robbery,Investigation complete; no suspect identified,
8e88e91b07aa5626c3c18ec1cb5caf5213ac5b7b58949db00bf5a0218b6d7329,2025-01,City of London Police,City of London Police,-0.104276,51.513712,On or near A201,E01032739,City of London 001F,Robbery,Investigation complete; no suspect identified,
54f6a9d8ffc0035f7c2bc6ca3a5b645b33f06f14fa2220cae4b88061c0a24660,2025-01,City of London Police,City of London Police,-0.081091,51.508820,On or near Water Lane,E01032739,City of London 001F,Robbery,Investigation complete; no suspect identified,
3ccb92d2f0b42cc6c85fcc7103f97b4a3e4a5a4341aa9caad91d568522efa760,2025-01,City of London Police,City of London Police,-0.081113,51.516869,On or near Bishopsgate,E01032739,City of London 001F,Robbery,Investigation complete; no suspect identified,
38ca13429430a106480dc531d2e0ac409191b70d94c1b7742507bf8737a1d982,2025-01,City of London Police,City of London Police,-0.081902,51.517296,On or near Liverpool Street,E01032739,City of London 001F,Shoplifting,Unable to prosecute suspect,
a158e60f282ba5ae3ce4c0d1396ffbc47590b882c72398935644eee111192198,2025-01,City of London Police,City of London Police,-0.079907,51.517785,On or near Victoria Avenue,E01032739,City of London 001F,Shoplifting,Unable to prosecute suspect,
09119389b9d65b1bad4b9e48a4cd51cfab6755d1fe9a6ad9d3886b410a41058a,2025-01,City of London Police,City of London Police,-0.081902,51.517296,On or near Liverpool Street,E01032739,City of London 001F,Shoplifting,Status update unavailable,
0af3959497f1afc8e82d57d4ea57cec0707d6a2e8badcd658ccf3016c47ad4ed,2025-01,City of London Police,City of London Police,-0.095224,51.513736,On or near Shopping Area,E01032739,City of London 001F,Shoplifting,Investigation complete; no suspect identified,
7e550ffeb6d2e50de8f5c9d2fb087a9eab6d9706f9019bfa1c181fc2cc87a3be,2025-01,City of London Police,City of London Police,-0.095224,51.513736,On or near Shopping Area,E01032739,City of London 001F,Shoplifting,Investigation complete; no suspect identified,
f8460f1a237ca67039cf2b3524940d5296474ecf43337d492c1b3ef0a01de34c,2025-01,City of London Police,City of London Police,-0.081512,51.518692,On or near London Liverpool Street,E01032739,City of London 001F,Shoplifting,Investigation complete; no suspect identified,
2321f1411e7c45f753a302cf5c93a95caefe1e257b3849792f6c6693c5850196,2025-01,City of London Police,City of London Police,-0.081512,51.518692,On or near London Liverpool Street,E01032739,City of London 001F,Shoplifting,Investigation complete; no suspect identified,
7062ff1a928c58a8bf9d91d175d74f8e2ec75ea501057adc63aab1b67b3e9072,2025-01,City of London Police,City of London Police,-0.081512,51.518692,On or near London Liverpool Street,E01032739,City of London 001F,Shoplifting,Investigation complete; no suspect identified,
e5a9d726fe26843af5e636a244a523db18d80f9e5dfb0da46d8fdf20db6e96ec,2025-01,City of London Police,City of London Police,-0.084836,51.511939,On or near Shopping Area,E01032739,City of London 001F,Shoplifting,Investigation complete; no suspect identified,
2b358ba5b0f283ffeed4398a1fbb6cda2f3d1a054e971741563fa46622a051bc,2025-01,City of London Police,City of London Police,-0.095924,51.513882,On or near Shopping Area,E01032739,City of London 001F,Shoplifting,Investigation complete; no suspect identified,
44c62dfe7959855506f60c652a136a50876a05b1f23aa62a504232985ae34987,2025-01,City of London Police,City of London Police,-0.083349,51.514830,On or near Shopping Area,E01032739,City of London 001F,Shoplifting,Investigation complete; no suspect identified,
4376796889f9755f55e4034bf6306fb6cc20bf947c221eb81bfc2a51421a6b4b,2025-01,City of London Police,City of London Police,-0.079907,51.517785,On or near Victoria Avenue,E01032739,City of London 001F,Shoplifting,Unable to prosecute suspect,
d58fe5a5a9e9b68c417925563c54f0c7836ed8fb4304e8321e41dbe7b29596c1,2025-01,City of London Police,City of London Police,-0.095224,51.513736,On or near Shopping Area,E01032739,City of London 001F,Shoplifting,Court result unavailable,
35fceb97fc5e8c7483b066a7a130b37b3193e5958ad74d7f205fcf4b106cd4b2,2025-01,City of London Police,City of London Police,-0.081512,51.518692,On or near London Liverpool Street,E01032739,City of London 001F,Shoplifting,Investigation complete; no suspect identified,
1569427dc0102873171ec03aa0011dcb8fac119dc5269a753355ab2453eb8853,2025-01,City of London Police,City of London Police,-0.086815,51.517007,On or near Circus Place,E01032739,City of London 001F,Shoplifting,Investigation complete; no suspect identified,
7fa8e22d7fd72d804563d12d6d31aebc4427f983fa951639293f690b132b52d9,2025-01,City of London Police,City of London Police,-0.095924,51.513882,On or near Shopping Area,E01032739,City of London 001F,Shoplifting,Local resolution,
46f4aaabe32c753d9d8e0e33fc7147b25d6cdef11140f76dfe15f7dca8e7093d,2025-01,City of London Police,City of London Police,-0.087772,51.510665,On or near Martin Lane,E01032739,City of London 001F,Shoplifting,Investigation complete; no suspect identified,
7fa8e22d7fd72d804563d12d6d31aebc4427f983fa951639293f690b132b52d9,2025-01,City of London Police,City of London Police,-0.096501,51.513874,On or near New Change,E01032739,City of London 001F,Shoplifting,Status update unavailable,
616d54ed37847e9280a0d3a18cd8b85eb0d0e039d97cc34cb2808213fe2963d8,2025-01,City of London Police,City of London Police,-0.097291,51.514626,On or near Supermarket,E01032739,City of London 001F,Shoplifting,Status update unavailable,
2ce4e8c07572f252a19c8cf0c6d682aa0ec82766c54189fe123a522afa1c665c,2025-01,City of London Police,City of London Police,-0.095224,51.513736,On or near Shopping Area,E01032739,City of London 001F,Shoplifting,Court result unavailable,
a8123cf3fcb552661c8b3512547667630acc95d2b8790dff3089b11e4f82439a,2025-01,City of London Police,City of London Police,-0.081113,51.516869,On or near Bishopsgate,E01032739,City of London 001F,Shoplifting,Unable to prosecute suspect,
1477225dea25e0ab70184fb844ca85cd9adb6c9a845cb5680631aad12621d14e,2025-01,City of London Police,City of London Police,-0.081113,51.516869,On or near Bishopsgate,E01032739,City of London 001F,Shoplifting,Status update unavailable,
0763ce3f0800951b7d9a7591d14844d8a9736b586d28803cc1ccd2ed49f9b37a,2025-01,City of London Police,City of London Police,-0.095224,51.513736,On or near Shopping Area,E01032739,City of London 001F,Shoplifting,Investigation complete; no suspect identified,
f58ef712827af9d545c5aee911b9f185be4f2d192d24bf84990758a84fdf1168,2025-01,City of London Police,City of London Police,-0.079883,51.517326,On or near New Street,E01032739,City of London 001F,Shoplifting,Further investigation is not in the public interest,
807ab498811486a3fdf0b72cc4914f3c092ee25861c806e5622bb80d350a33ee,2025-01,City of London Police,City of London Police,-0.095224,51.513736,On or near Shopping Area,E01032739,City of London 001F,Shoplifting,Investigation complete; no suspect identified,
8ca0f2bfbddf8b8e689a12b46d316fa7d519f97eb7a90304996b8160111c7211,2025-01,City of London Police,City of London Police,-0.095224,51.513736,On or near Shopping Area,E01032739,City of London 001F,Shoplifting,Investigation complete; no suspect identified,
5b6e94157cd245828365b6b623f9e3db26115fcc958c1b04d44b4bb5fa910676,2025-01,City of London Police,City of London Police,-0.096501,51.513874,On or near New Change,E01032739,City of London 001F,Shoplifting,Investigation complete; no suspect identified,
3709a1b1e326b2a5297e81b1543ac3f5a691658573ce5bb0e0aaca053a3dc264,2025-01,City of London Police,City of London Police,-0.084754,51.512882,On or near Corbet Court,E01032739,City of London 001F,Shoplifting,Investigation complete; no suspect identified,
decafb7255fd3a027cae3148953558291da366c071910aaa8c116fcfae0fe1a4,2025-01,City of London Police,City of London Police,-0.084836,51.511939,On or near Shopping Area,E01032739,City of London 001F,Shoplifting,Investigation complete; no suspect identified,
f34cf1c831a130c8e66340f5504e6b6695e31dc2804ad12de931106db2f18eeb,2025-01,City of London Police,City of London Police,-0.081902,51.517296,On or near Liverpool Street,E01032739,City of London 001F,Shoplifting,Investigation complete; no suspect identified,
6183e6359c94959f47396c4d1240bacb52977077fad7b967124c2da530afffc6,2025-01,City of London Police,City of London Police,-0.081512,51.518692,On or near London Liverpool Street,E01032739,City of London 001F,Shoplifting,Investigation complete; no suspect identified,
e02868122a30dbd634ed6a118c315f7d06af0fe9a63a3cb3d3043872c79f0c95,2025-01,City of London Police,City of London Police,-0.091947,51.513188,On or near Pancras Lane,E01032739,City of London 001F,Shoplifting,Status update unavailable,
f6e3c9f2f39a1e5221b5566fc023c7c54688a0c78ef502faf5e5c0c620d6fde6,2025-01,City of London Police,City of London Police,-0.081512,51.518692,On or near London Liverpool Street,E01032739,City of London 001F,Shoplifting,Investigation complete; no suspect identified,
144d624c46fab1a4dfa2cc3415ac921660352cf093b08b66cea1335fbcc79bf1,2025-01,City of London Police,City of London Police,-0.084844,51.510725,On or near Eastcheap,E01032739,City of London 001F,Shoplifting,Court result unavailable,
7bd42f28439f8f410ebc57fad120765fc28e895e59e9f6bb2146ec247c0997be,2025-01,City of London Police,City of London Police,-0.091823,51.514427,On or near Ironmonger Lane,E01032739,City of London 001F,Shoplifting,Unable to prosecute suspect,
d2a5908003c5c7b40416bee5b4630dd2c07c2c14c12e14e450c01645934f44be,2025-01,City of London Police,City of London Police,-0.095224,51.513736,On or near Shopping Area,E01032739,City of London 001F,Shoplifting,Court result unavailable,
f55c7631631503b6425e65524b67943edd343d04eabe48ea58bad42d3111b31e,2025-01,City of London Police,City of London Police,-0.091823,51.514427,On or near Ironmonger Lane,E01032739,City of London 001F,Shoplifting,Investigation complete; no suspect identified,
0de469164999f4ece4f2d9917085114a2cb14913c705c3afd63c16ba6d9c8b8d,2025-01,City of London Police,City of London Police,-0.091823,51.514427,On or near Ironmonger Lane,E01032739,City of London 001F,Shoplifting,Investigation complete; no suspect identified,
277f21e99fee456055441305549dd53c8cc112267b527d79066b87c55ab63104,2025-01,City of London Police,City of London Police,-0.091823,51.514427,On or near Ironmonger Lane,E01032739,City of London 001F,Shoplifting,Investigation complete; no suspect identified,
993ef9931a75b15a62cfea32b707ad5757746776fd0dfdc223bcdd144920599e,2025-01,City of London Police,City of London Police,-0.085089,51.512105,On or near Gracechurch Street,E01032739,City of London 001F,Shoplifting,Investigation complete; no suspect identified,
16c9de4c2e6bf8011a8c43b5089f2f50b1a337cf8a3fc218f2f714f156a07d6a,2025-01,City of London Police,City of London Police,-0.097291,51.514626,On or near Supermarket,E01032739,City of London 001F,Shoplifting,Investigation complete; no suspect identified,
c79784e46256e2d803ffe83ffec975ca4c26a46a4bdb8e8c85ea5e486f076203,2025-01,City of London Police,City of London Police,-0.079138,51.508312,On or near Lower Thames Street,E01032739,City of London 001F,Shoplifting,Investigation complete; no suspect identified,
9283d428c110f3d0a937cff51689c07fb43872c98f0e4015a7afbf84a6b4c55a,2025-01,City of London Police,City of London Police,-0.091947,51.513188,On or near Pancras Lane,E01032739,City of London 001F,Shoplifting,Court result unavailable,
075f6359b413c21ebcd996d8d4821b3cb72853a619b6f5375ec3cf5be002665b,2025-01,City of London Police,City of London Police,-0.086815,51.517007,On or near Circus Place,E01032739,City of London 001F,Shoplifting,Investigation complete; no suspect identified,
8d40ec25e1dbdcff20973e3127f583ba84a2b144f43c130b39c9d8b131a8bedd,2025-01,City of London Police,City of London Police,-0.084836,51.511939,On or near Shopping Area,E01032739,City of London 001F,Shoplifting,Investigation complete; no suspect identified,
d449a914c8e7636a288a458f857372091aa93c534cd9ba12b8dc3ada413c8a25,2025-01,City of London Police,City of London Police,-0.085089,51.512105,On or near Gracechurch Street,E01032739,City of London 001F,Shoplifting,Court result unavailable,
f7d5786a9a2cd54851e6e98a56644286b045cafaf732e80749ffd4420512b15c,2025-01,City of London Police,City of London Police,-0.086815,51.517007,On or near Circus Place,E01032739,City of London 001F,Shoplifting,Investigation complete; no suspect identified,
5e17acb7f2601d3406dc2b7720760b08765d7209890fe3f1e0de4d872f77e33d,2025-01,City of London Police,City of London Police,-0.095924,51.513882,On or near Shopping Area,E01032739,City of London 001F,Shoplifting,Investigation complete; no suspect identified,
fa4447c07b376f8f87cbf76f85cc7265223323a66648e4f39752bd70e2e4b619,2025-01,City of London Police,City of London Police,-0.096501,51.513874,On or near New Change,E01032739,City of London 001F,Shoplifting,Investigation complete; no suspect identified,
9f2c30cb931db5b74163fa271df018463a18c3ba2c23052e33eddb6724e56561,2025-01,City of London Police,City of London Police,-0.097291,51.514626,On or near Supermarket,E01032739,City of London 001F,Shoplifting,Court result unavailable,
dca6366d32845f901de75d2296eb6ead1d25282f02bb55ae4693a0475b7d634d,2025-01,City of London Police,City of London Police,-0.097291,51.514626,On or near Supermarket,E01032739,City of London 001F,Shoplifting,Investigation complete; no suspect identified,
e59a195589d1c240797e6a47cf34a1e21120a6d3ddfc6a0fcccf84ec39597d58,2025-01,City of London Police,City of London Police,-0.088785,51.517102,On or near Moorgate,E01032739,City of London 001F,Shoplifting,Investigation complete; no suspect identified,
01d3dd1b3bb232cdc2867fe35a6965b405368dcfe1fece4cd48f7bb196c3df4c,2025-01,City of London Police,City of London Police,-0.091947,51.513188,On or near Pancras Lane,E01032739,City of London 001F,Shoplifting,Investigation complete; no suspect identified,
77cce219a2a0690801c47353da4a0f41c3e0cc1cda064f5ea67d3a40b6bc8547,2025-01,City of London Police,City of London Police,-0.085089,51.512105,On or near Gracechurch Street,E01032739,City of London 001F,Shoplifting,Court result unavailable,
af5ab6e678629cc9b6e7ef4beaa22f10ba4bec187f64d6e0a5c806f55351defe,2025-01,City of London Police,City of London Police,-0.095224,51.513736,On or near Shopping Area,E01032739,City of London 001F,Shoplifting,Investigation complete; no suspect identified,
5a5950a6f43d0f7d26acf87c012b3d5d1956b1ee1e93bcc85b327b2f0fac557a,2025-01,City of London Police,City of London Police,-0.097291,51.514626,On or near Supermarket,E01032739,City of London 001F,Shoplifting,Court result unavailable,
427c504d439234aab823a490c89d56bb00c40a553d8cc24618b14890c33905fa,2025-01,City of London Police,City of London Police,-0.087772,51.510665,On or near Martin Lane,E01032739,City of London 001F,Shoplifting,Investigation complete; no suspect identified,
462e0316ed69bf12c9708773b257ce7d6efd9e73366ac636faae50b3f11be3c7,2025-01,City of London Police,City of London Police,-0.079138,51.508312,On or near Lower Thames Street,E01032739,City of London 001F,Shoplifting,Investigation complete; no suspect identified,
65ec3f0f305f4bbacfecead52667b95d6b3dcae48775a01d7448af0f15aee59f,2025-01,City of London Police,City of London Police,-0.085089,51.512105,On or near Gracechurch Street,E01032739,City of London 001F,Shoplifting,Local resolution,
c0bf762c144293714958e7c04dd26253ae555895405b7d5c7a510d12f895399b,2025-01,City of London Police,City of London Police,-0.095224,51.513736,On or near Shopping Area,E01032739,City of London 001F,Shoplifting,Investigation complete; no suspect identified,
a28ecc947cb86a82fbb7e9114cdabc2023083778096d7c0030797dd286df1dd7,2025-01,City of London Police,City of London Police,-0.095224,51.513736,On or near Shopping Area,E01032739,City of London 001F,Shoplifting,Investigation complete; no suspect identified,
eb30e22e0016da6e33b2577fb63b2d0c6802de707a0c72124387b00c3df5dbbc,2025-01,City of London Police,City of London Police,-0.097291,51.514626,On or near Supermarket,E01032739,City of London 001F,Shoplifting,Investigation complete; no suspect identified,
cefafceb3b197ca49bba1009909506814aa9f523183d4183a5b30bbb2eff8724,2025-01,City of London Police,City of London Police,-0.085089,51.512105,On or near Gracechurch Street,E01032739,City of London 001F,Shoplifting,Status update unavailable,
d1370b25d57ede1e4ad5f46aff5a036ef3753b8861b5a7485915791d9226da84,2025-01,City of London Police,City of London Police,-0.095224,51.513736,On or near Shopping Area,E01032739,City of London 001F,Shoplifting,Unable to prosecute suspect,
fdad5463af40df578dec8bd918c3370872852fe83f556ae85e640a4184350a8a,2025-01,City of London Police,City of London Police,-0.095224,51.513736,On or near Shopping Area,E01032739,City of London 001F,Shoplifting,Court result unavailable,
0f35cfdfab717e8bb6362c2811d62d4a6e67f07b6f8a17cdf77f77c8b5731eaa,2025-01,City of London Police,City of London Police,-0.079907,51.517785,On or near Victoria Avenue,E01032739,City of London 001F,Shoplifting,Status update unavailable,
92574e10684770a68cdd8dd096d3122b273c1fdce3e6e6426efde97f75ee2b2e,2025-01,City of London Police,City of London Police,-0.084836,51.511939,On or near Shopping Area,E01032739,City of London 001F,Shoplifting,Status update unavailable,
7c8faccaa3492b4a3605f35348ce53473c1fcf959619e11d7d66e49b2b57c602,2025-01,City of London Police,City of London Police,-0.091823,51.514427,On or near Ironmonger Lane,E01032739,City of London 001F,Shoplifting,Investigation complete; no suspect identified,
10e54386be7a41d54da041af62548af83405c682ffb97a1f93bc423f82b93184,2025-01,City of London Police,City of London Police,-0.084836,51.511939,On or near Shopping Area,E01032739,City of London 001F,Shoplifting,Investigation complete; no suspect identified,
6de88869850987f58cf0d539deb6f3a3272e9836a37da5911893febfbf843ebf,2025-01,City of London Police,City of London Police,-0.081113,51.516869,On or near Bishopsgate,E01032739,City of London 001F,Shoplifting,Investigation complete; no suspect identified,
f4df845676e436143ae91ea34ccf620f2c347f3e23781534dfe6085db38e3f34,2025-01,City of London Police,City of London Police,-0.097291,51.514626,On or near Supermarket,E01032739,City of London 001F,Shoplifting,Investigation complete; no suspect identified,
c80f234adcf8e0e47548b0b54b9ad73fc0c22333b5528078d76f5caffab7d77a,2025-01,City of London Police,City of London Police,-0.088903,51.510836,On or near Laurence Pountney Hill,E01032739,City of London 001F,Shoplifting,Status update unavailable,
6ae8dc3772d7a19320bb3dc4d01065fb0face0dd927ec2375052e471724393a0,2025-01,City of London Police,City of London Police,-0.086019,51.513631,On or near Finch Lane,E01032739,City of London 001F,Shoplifting,Status update unavailable,
0ed0ad818cc54a90d1f71dd5f20e31551c0acc2c137f337dfeebebfbd60d4471,2025-01,City of London Police,City of London Police,-0.102134,51.513929,On or near Ludgate Hill,E01032739,City of London 001F,Shoplifting,Status update unavailable,
3db10ace0080e115ac07b54986b97517718d1ac96fdcdfc0d28d1cd968efd515,2025-01,City of London Police,City of London Police,-0.081643,51.510070,On or near Great Tower Street,E01032739,City of London 001F,Shoplifting,Investigation complete; no suspect identified,
5c976a3d7d4ee9d16e9d58dc1d635b19f83185f8f0e275babbd7f0ca80aa5acb,2025-01,City of London Police,City of London Police,-0.095224,51.513736,On or near Shopping Area,E01032739,City of London 001F,Theft from the person,Investigation complete; no suspect identified,
3f6f5669644ed8538be97450f8efdea81700acc388e53aef37163a25abe04fba,2025-01,City of London Police,City of London Police,-0.091947,51.513188,On or near Pancras Lane,E01032739,City of London 001F,Theft from the person,Investigation complete; no suspect identified,
4f777e6e873344abe3eaf8fb3858a9d6997f6b4c3a09826899af672517aedf62,2025-01,City of London Police,City of London Police,-0.081113,51.516869,On or near Bishopsgate,E01032739,City of London 001F,Theft from the person,Investigation complete; no suspect identified,
f1f9fb0e0c5dd7af06f42bd6ecaf72e2e91f2a803f6bc15bdadf7deef46db739,2025-01,City of London Police,City of London Police,-0.084844,51.510725,On or near Eastcheap,E01032739,City of London 001F,Theft from the person,Investigation complete; no suspect identified,
aa5364750b3d529c7eb6519899b9041f9e25a94681002b7c9c7d4104e63e0825,2025-01,City of London Police,City of London Police,-0.079838,51.514267,On or near Bury Street,E01032739,City of London 001F,Theft from the person,Investigation complete; no suspect identified,
a3a9962102d5cf8aec29b16fe06dea2d34975985fcab0ef6a1c11459cc141795,2025-01,City of London Police,City of London Police,-0.096501,51.513874,On or near New Change,E01032739,City of London 001F,Theft from the person,Investigation complete; no suspect identified,
3be022181d67db70d25efe94cf4eff5faf19d7a8fa5ba460f78afaf698d56eac,2025-01,City of London Police,City of London Police,-0.096501,51.513874,On or near New Change,E01032739,City of London 001F,Theft from the person,Investigation complete; no suspect identified,
04f7040e549d859f43622ba74ca63385442338a7c3858fa8c5ffa0b53d4aceb0,2025-01,City of London Police,City of London Police,-0.089208,51.509744,On or near Angel Lane,E01032739,City of London 001F,Theft from the person,Investigation complete; no suspect identified,
b923cf97f9c5003e8b221e82c2ceb10883357b544071fd43d1f1c20af8fa155f,2025-01,City of London Police,City of London Police,-0.079907,51.517785,On or near Victoria Avenue,E01032739,City of London 001F,Theft from the person,Status update unavailable,
cbecedd20a75f09ad52f5b3ae4944ee6ec14f66ad0bba1f72fc66c602f276e25,2025-01,City of London Police,City of London Police,-0.089808,51.517461,On or near London Wall,E01032739,City of London 001F,Theft from the person,Investigation complete; no suspect identified,
ef78d6ef35639a26fe7f8e5c40603f7754af4e05cef4d621905beb596defd914,2025-01,City of London Police,City of London Police,-0.095224,51.513736,On or near Shopping Area,E01032739,City of London 001F,Theft from the person,Investigation complete; no suspect identified,
b56099e395ee88947db9b821cce3f405ba27906d746cf16db729a6115968217d,2025-01,City of London Police,City of London Police,-0.089208,51.509744,On or near Angel Lane,E01032739,City of London 001F,Theft from the person,Investigation complete; no suspect identified,
aa98f28472789faa8785ffcf228719e341a7340ac38ccfeb60f513348a8ca1d8,2025-01,City of London Police,City of London Police,-0.078755,51.518440,On or near Artillery Lane,E01032739,City of London 001F,Theft from the person,Unable to prosecute suspect,
7a84dfef2a7c65192de02473321acc721c5441ec8368e831a19aa2dff2a28de1,2025-01,City of London Police,City of London Police,-0.095924,51.513882,On or near Shopping Area,E01032739,City of London 001F,Theft from the person,Investigation complete; no suspect identified,
cf6693cce0c303ad9f9062cf2a4da598557c30c6c6b9a0699f409d139960cee0,2025-01,City of London Police,City of London Police,-0.095224,51.513736,On or near Shopping Area,E01032739,City of London 001F,Theft from the person,Investigation complete; no suspect identified,
acfb6e8f5d2ac334a7fd63e125b5361488082b8af74609f937a4629e72fd54b8,2025-01,City of London Police,City of London Police,-0.079521,51.511196,On or near New London Street,E01032739,City of London 001F,Theft from the person,Investigation complete; no suspect identified,
f67d15307c30b320b49c0fd5d23de98ea9b92618c1a751a44987798673901008,2025-01,City of London Police,City of London Police,-0.086815,51.517007,On or near Circus Place,E01032739,City of London 001F,Theft from the person,Investigation complete; no suspect identified,
1a2bb1c9778e838239fb6abb342edf4597a76d09f2b9ccbb953ca101914ffc8d,2025-01,City of London Police,City of London Police,-0.091540,51.511896,On or near Cannon Street,E01032739,City of London 001F,Theft from the person,Investigation complete; no suspect identified,
f67ea76832c35ff864fd7e56e74d08c672226565940552bb37bcf92f9a2c9e4f,2025-01,City of London Police,City of London Police,-0.082993,51.516360,On or near Wormwood Street,E01032739,City of London 001F,Theft from the person,Investigation complete; no suspect identified,
446cc499cf8ca313d999a0065bf4fa862f7cbee36cdc0c4edb67779b1c9b7f5b,2025-01,City of London Police,City of London Police,-0.095924,51.513882,On or near Shopping Area,E01032739,City of London 001F,Theft from the person,Investigation complete; no suspect identified,
9655985a4c1d918fcc16e099f8420e6538d49491c6bae0ed94c9a7f3e6715aa6,2025-01,City of London Police,City of London Police,-0.101963,51.510761,On or near Ferry Terminal,E01032739,City of London 001F,Theft from the person,Investigation complete; no suspect identified,
9fb826ed91e000de3ddc29f0e3a10cbde950afc2b5a7011677314e1f12be02a6,2025-01,City of London Police,City of London Police,-0.095924,51.513882,On or near Shopping Area,E01032739,City of London 001F,Theft from the person,Investigation complete; no suspect identified,
9d436fe93a352873b9736e1a469a9abe3438fc8d2177ee6fa4d18e46f7b90922,2025-01,City of London Police,City of London Police,-0.095224,51.513736,On or near Shopping Area,E01032739,City of London 001F,Theft from the person,Investigation complete; no suspect identified,
6496e42af36c32fbacd05aa1c03d653d505f55c3e2efd6d25add50c7da412e97,2025-01,City of London Police,City of London Police,-0.095924,51.513882,On or near Shopping Area,E01032739,City of London 001F,Theft from the person,Investigation complete; no suspect identified,
0a609e0bbfea8202daf1a4bc5b0393842e79b39331b910502e6c742d1f69430a,2025-01,City of London Police,City of London Police,-0.095924,51.513882,On or near Shopping Area,E01032739,City of London 001F,Theft from the person,Investigation complete; no suspect identified,
20c343ba5bf57b84637f32c8f3c0baa1110b6804e3478bcc7d955f48af0aeaaf,2025-01,City of London Police,City of London Police,-0.094900,51.513209,On or near Bread Street,E01032739,City of London 001F,Theft from the person,Investigation complete; no suspect identified,
b8d0da6f879592973bcf2d74b2987d9b8a367706763a051634b3ecee70c5ecd8,2025-01,City of London Police,City of London Police,-0.083977,51.510441,On or near Lovat Lane,E01032739,City of London 001F,Theft from the person,Investigation complete; no suspect identified,
d7462775616062a7cd6e190158807b2e92d0bd20536be1bd3d6edf8bb5ce453d,2025-01,City of London Police,City of London Police,-0.094460,51.512024,On or near Great Trinity Lane,E01032739,City of London 001F,Theft from the person,Investigation complete; no suspect identified,
73fd7375b15085a7d63df19ff2034958b7250cae93b80adc72214453e76fcc24,2025-01,City of London Police,City of London Police,-0.088785,51.517102,On or near Moorgate,E01032739,City of London 001F,Theft from the person,Investigation complete; no suspect identified,
8379af4385fd0f5120e53ccd9b9009f6737b1ec92bc938aeeadba57202c6cf13,2025-01,City of London Police,City of London Police,-0.081902,51.517296,On or near Liverpool Street,E01032739,City of London 001F,Theft from the person,Investigation complete; no suspect identified,
7ba46dcd51d5423ef5d3f8cd3d9667619b1523d3fe47a04a758a2faa060811ce,2025-01,City of London Police,City of London Police,-0.084844,51.509700,On or near Monument Street,E01032739,City of London 001F,Theft from the person,Status update unavailable,
a26737ad4b3df6c617a97070c31df5559ff981aaa468caddc35bac145f28d97e,2025-01,City of London Police,City of London Police,-0.077070,51.510877,On or near Cooper'S Row,E01032739,City of London 001F,Theft from the person,Investigation complete; no suspect identified,
ccac1592204263cc80f0e3389df46e508dfe8906f7b7116eeb95198adb2471e9,2025-01,City of London Police,City of London Police,-0.083977,51.510441,On or near Lovat Lane,E01032739,City of London 001F,Theft from the person,Investigation complete; no suspect identified,
597de28e0fbbd3882191f946c7fa3c14be6012b5d9ca7446a74559d59483ed71,2025-01,City of London Police,City of London Police,-0.092531,51.512658,On or near Queen Street,E01032739,City of London 001F,Theft from the person,Investigation complete; no suspect identified,
53fd4f403654c48fcecbef04f52e1745892e6d8cc4c169da03e97801594ab890,2025-01,City of London Police,City of London Police,-0.089808,51.517461,On or near London Wall,E01032739,City of London 001F,Theft from the person,Investigation complete; no suspect identified,
5c26cfb4012dffc8eb7ca9b330d64cbe2a79bc52328e2131f77c3eeaec980e2d,2025-01,City of London Police,City of London Police,-0.081113,51.516869,On or near Bishopsgate,E01032739,City of London 001F,Theft from the person,Investigation complete; no suspect identified,
7c392bcbd5860b6cbc54c2869c743b41295265464f654efa2a2da98bb4b89893,2025-01,City of London Police,City of London Police,-0.088785,51.517102,On or near Moorgate,E01032739,City of London 001F,Theft from the person,Investigation complete; no suspect identified,
eca232d05ea539abcdb88fe9da4b6a27816c8ec30e8f258a8919652250f354a2,2025-01,City of London Police,City of London Police,-0.081902,51.517296,On or near Liverpool Street,E01032739,City of London 001F,Theft from the person,Investigation complete; no suspect identified,
3ddcc90e57a685c7bcba553569465e3bae1cf339f2b482b13e0fb41ccb9ead1d,2025-01,City of London Police,City of London Police,-0.078755,51.518440,On or near Artillery Lane,E01032739,City of London 001F,Theft from the person,Investigation complete; no suspect identified,
71087fd03702e4500ef7e8680d15c716593b244660085a830e8a0b361d27b9a9,2025-01,City of London Police,City of London Police,-0.095224,51.513736,On or near Shopping Area,E01032739,City of London 001F,Theft from the person,Investigation complete; no suspect identified,
01411517cadb90c0bd6fab61b574d4d28a2ab76205d5efe8c80d11de5f9593ed,2025-01,City of London Police,City of London Police,-0.089808,51.517461,On or near London Wall,E01032739,City of London 001F,Theft from the person,Investigation complete; no suspect identified,
9ae839e6be7dfeebb76ec309e09a5bde77a13499e37080e48044d2eafcb21112,2025-01,City of London Police,City of London Police,-0.081902,51.517296,On or near Liverpool Street,E01032739,City of London 001F,Theft from the person,Investigation complete; no suspect identified,
fc81aa71a98c52db6bcfd7da32cfd614429530410da316694dfdf102bab46a49,2025-01,City of London Police,City of London Police,-0.095924,51.513882,On or near Shopping Area,E01032739,City of London 001F,Theft from the person,Investigation complete; no suspect identified,
ffcb4d5f0e63488ce866b2de3ffb1e287fd563a1faf8cd661211a8a8a1ace8fd,2025-01,City of London Police,City of London Police,-0.091540,51.511896,On or near Cannon Street,E01032739,City of London 001F,Theft from the person,Investigation complete; no suspect identified,
bbd21afcc5e5fb40881e673cafecf59c659832edf227f35008cbeb8e9f5ee9b7,2025-01,City of London Police,City of London Police,-0.101906,51.511794,On or near Theatre/Concert Hall,E01032739,City of London 001F,Theft from the person,Investigation complete; no suspect identified,
da8025c842e0f69940ea5dc05e7c99f4e349114e1590e037f66809a7bf63c5d7,2025-01,City of London Police,City of London Police,-0.089208,51.509744,On or near Angel Lane,E01032739,City of London 001F,Theft from the person,Investigation complete; no suspect identified,
95dd4e705fb99e00c303efe513160cc0e4286bfdeaaf382a47d019fbfdc32ecf,2025-01,City of London Police,City of London Police,-0.091947,51.513188,On or near Pancras Lane,E01032739,City of London 001F,Theft from the person,Investigation complete; no suspect identified,
c457cd93a34d160042e4e95769542b9fdea5e8007f302382850aad6af0533471,2025-01,City of London Police,City of London Police,-0.096501,51.513874,On or near New Change,E01032739,City of London 001F,Theft from the person,Investigation complete; no suspect identified,
41552f2dec8b084a71f3e3af12e35b5627115ea8fcd5017b079e6e91c64da0cc,2025-01,City of London Police,City of London Police,-0.079907,51.517785,On or near Victoria Avenue,E01032739,City of London 001F,Theft from the person,Investigation complete; no suspect identified,
0c4e6fc02b1b77b976db39249ac7120ae6463f1500eeb2b86ab56d22fe6d3bfb,2025-01,City of London Police,City of London Police,-0.093339,51.511557,On or near Conference/Exhibition Centre,E01032739,City of London 001F,Theft from the person,Investigation complete; no suspect identified,
34385d6c40d6262d10e48ef3df614adbeb1b37784554d7097d339d0731f0db25,2025-01,City of London Police,City of London Police,-0.087772,51.510665,On or near Martin Lane,E01032739,City of London 001F,Theft from the person,Investigation complete; no suspect identified,
a8458a2eb83e52b09e8e753ec2d6fb49bde049d3d50eebbbb8a1dd0526b473f5,2025-01,City of London Police,City of London Police,-0.081512,51.518692,On or near London Liverpool Street,E01032739,City of London 001F,Theft from the person,Investigation complete; no suspect identified,
7b51152d124577bb53ad9faf9d52314d10d3d35cd0166c50c465c9b0c40c66ed,2025-01,City of London Police,City of London Police,-0.081643,51.510070,On or near Great Tower Street,E01032739,City of London 001F,Vehicle crime,Status update unavailable,
6c5338a7fb31240748bd8ce3bcef3df69c6ca68512a323f1b17da08529c1ac23,2025-01,City of London Police,City of London Police,-0.092633,51.509872,On or near Bell Wharf Lane,E01032739,City of London 001F,Vehicle crime,Investigation complete; no suspect identified,
550b4e3de7c4cb4e263aa7605f9c42da622afa59d2cfb8dbdceafd3a58327900,2025-01,City of London Police,City of London Police,-0.092633,51.509872,On or near Bell Wharf Lane,E01032739,City of London 001F,Vehicle crime,Investigation complete; no suspect identified,
a26f04ff1eb43cec4eb9f8832e86f8dccd639b3e688170139754a0e884e55339,2025-01,City of London Police,City of London Police,-0.101906,51.511794,On or near Theatre/Concert Hall,E01032739,City of London 001F,Vehicle crime,Investigation complete; no suspect identified,
60c6407aa1a273d0c7428e6c3fba4b6a7688beb528901092f1e5a581474f095d,2025-01,City of London Police,City of London Police,-0.104276,51.513712,On or near A201,E01032739,City of London 001F,Vehicle crime,Investigation complete; no suspect identified,
d133645058d89c6904c1cc6c9defd6b15b862cad55c7d902bb8d7d648e824d76,2025-01,City of London Police,City of London Police,-0.087157,51.512624,On or near Lombard Street,E01032739,City of London 001F,Vehicle crime,Unable to prosecute suspect,
dac6417e141aa13b82ac7cf493c1df604a13e0f8ecbfa512599576a4e2fed4b8,2025-01,City of London Police,City of London Police,-0.079127,51.509607,On or near Byward Street,E01032739,City of London 001F,Vehicle crime,Investigation complete; no suspect identified,
b0edf7736bdb16b5af8f275fa0d12006fa11fdaa61a547b9d3dc151ee544953d,2025-01,City of London Police,City of London Police,-0.086815,51.517007,On or near Circus Place,E01032739,City of London 001F,Vehicle crime,Status update unavailable,
e9d0cf49099d994189d2c0b3aa4d2aff8bb24eb71fb1859894cc55f6a0367a2d,2025-01,City of London Police,City of London Police,-0.101292,51.514770,On or near Amen Court,E01032739,City of London 001F,Violence and sexual offences,Investigation complete; no suspect identified,
ca8f225e127f35284f650f6281d856bcc7758c9985e8b5625afc166933cbc0b2,2025-01,City of London Police,City of London Police,-0.081113,51.516869,On or near Bishopsgate,E01032739,City of London 001F,Violence and sexual offences,Local resolution,
a07711f4da425646014bf55ed2a7948930672bfa752bab332840f5f5fbbabbc9,2025-01,City of London Police,City of London Police,-0.091540,51.511896,On or near Cannon Street,E01032739,City of London 001F,Violence and sexual offences,Unable to prosecute suspect,
283b92f4b34946e480454d3342ad07cfd92e4e678e842a47fbfaa71da244bb15,2025-01,City of London Police,City of London Police,-0.091947,51.513188,On or near Pancras Lane,E01032739,City of London 001F,Violence and sexual offences,Unable to prosecute suspect,
73d37681efe126f4b4187949bdd21f49c212159b7793eec2d6c7a3accd7d1dad,2025-01,City of London Police,City of London Police,-0.077070,51.510877,On or near Cooper'S Row,E01032739,City of London 001F,Violence and sexual offences,Unable to prosecute suspect,
6b98ba0c2d8b29b24e8191dc938446a0d7942c912570178d76a174c474f39879,2025-01,City of London Police,City of London Police,-0.101292,51.514770,On or near Amen Court,E01032739,City of London 001F,Violence and sexual offences,Status update unavailable,
759608940740dee5132e8d07cb57ae546037c8c8a84c92cf43671e2e2a3e86d6,2025-01,City of London Police,City of London Police,-0.081113,51.516869,On or near Bishopsgate,E01032739,City of London 001F,Violence and sexual offences,Unable to prosecute suspect,
ad813f78dea1095c40c62254d832329a35f9212255f53469bbbd3be7d6fcd184,2025-01,City of London Police,City of London Police,-0.091540,51.511896,On or near Cannon Street,E01032739,City of London 001F,Violence and sexual offences,Status update unavailable,
6e74974e374ef3d986bde12fd00a42c1e6bd162a59c39f9e58922e1ccbcbc5c0,2025-01,City of London Police,City of London Police,-0.087157,51.512624,On or near Lombard Street,E01032739,City of London 001F,Violence and sexual offences,Investigation complete; no suspect identified,
26806450d9257d1f3ccc1019c7d0b3802c76bea17c71af0ec5cf7414aa5e9b07,2025-01,City of London Police,City of London Police,-0.085228,51.511190,On or near Talbot Court,E01032739,City of London 001F,Violence and sexual offences,Status update unavailable,
1a9dd1b1c461e73824834cdfc2c09f89746c6bc6916d8744b9f1d311f644b8a7,2025-01,City of London Police,City of London Police,-0.081113,51.516869,On or near Bishopsgate,E01032739,City of London 001F,Violence and sexual offences,Court result unavailable,
df854b3867f7c3f868964b3da7f11788c98df14a533cd36e1e52428c8a2ba6a3,2025-01,City of London Police,City of London Police,-0.081808,51.520567,On or near Pindar Street,E01032739,City of London 001F,Violence and sexual offences,Unable to prosecute suspect,
26806450d9257d1f3ccc1019c7d0b3802c76bea17c71af0ec5cf7414aa5e9b07,2025-01,City of London Police,City of London Police,-0.083600,51.509797,On or near St Mary At Hill,E01032739,City of London 001F,Violence and sexual offences,Unable to prosecute suspect,
5268ccd45a8e14faf4c46ec84e3ea7ad25e24819a27f1ea5f21bd0c78fb8be80,2025-01,City of London Police,City of London Police,-0.081113,51.516869,On or near Bishopsgate,E01032739,City of London 001F,Violence and sexual offences,Awaiting court outcome,
3ec3a8e3c21a1b38a32ca9f6bca7ca0e66289c8833a7f0d05da4c60b1028fb69,2025-01,City of London Police,City of London Police,-0.081113,51.516869,On or near Bishopsgate,E01032739,City of London 001F,Violence and sexual offences,Unable to prosecute suspect,
365a664fbabb68177d81d756b6c666120d4731e41ba1b85fbbfdb2100b3966af,2025-01,City of London Police,City of London Police,-0.077070,51.510877,On or near Cooper'S Row,E01032739,City of London 001F,Violence and sexual offences,Unable to prosecute suspect,
e8968bf6583d15f74677e820e63532ab19ccb5631560e703486646758bf72e9e,2025-01,City of London Police,City of London Police,-0.082133,51.515222,On or near St Helen'S Place,E01032739,City of London 001F,Violence and sexual offences,Investigation complete; no suspect identified,
b722a202aef35e59be5555fbe786e22134d0a1ec1a9e94313373d5acd9555bfc,2025-01,City of London Police,City of London Police,-0.094900,51.513209,On or near Bread Street,E01032739,City of London 001F,Violence and sexual offences,Formal action is not in the public interest,
953bcd41f9f61a2be00d199be349a38ee886c541534cdb1db0e7211d635d3725,2025-01,City of London Police,City of London Police,-0.079883,51.517326,On or near New Street,E01032739,City of London 001F,Violence and sexual offences,Court result unavailable,
0e62bd0fae602e53cf1725eebc62e4e80e5d146a188d7cdcd7edba64e3402807,2025-01,City of London Police,City of London Police,-0.084844,51.510725,On or near Eastcheap,E01032739,City of London 001F,Violence and sexual offences,Unable to prosecute suspect,
197dbe9715a8469f780e23779343519239c134ca29678730a09d5e43a14131a1,2025-01,City of London Police,City of London Police,-0.079883,51.517326,On or near New Street,E01032739,City of London 001F,Violence and sexual offences,Investigation complete; no suspect identified,
ffad7e7299b47dfb229f3a5c6dbc2dde54a4990670108f240b54ce34ca870d33,2025-01,City of London Police,City of London Police,-0.086019,51.513631,On or near Finch Lane,E01032739,City of London 001F,Violence and sexual offences,Awaiting court outcome,
6a72e33b92025af0e3b651a2c9b0549642556df6655187689b938cfd16cafb28,2025-01,City of London Police,City of London Police,-0.091540,51.511896,On or near Cannon Street,E01032739,City of London 001F,Violence and sexual offences,Awaiting court outcome,
6a72e33b92025af0e3b651a2c9b0549642556df6655187689b938cfd16cafb28,2025-01,City of London Police,City of London Police,-0.101906,51.511794,On or near Theatre/Concert Hall,E01032739,City of London 001F,Violence and sexual offences,Status update unavailable,
e89102ec242c3c6c21fefe977a20a83be6e8486cea28971ef25d8daa69b8f2ec,2025-01,City of London Police,City of London Police,-0.084836,51.511939,On or near Shopping Area,E01032739,City of London 001F,Violence and sexual offences,Status update unavailable,
3b277bfe5ab09c92fc0fe44fa0d54e507ae324be35f35e0b80523f9ee983ea69,2025-01,City of London Police,City of London Police,-0.104276,51.513712,On or near A201,E01032739,City of London 001F,Violence and sexual offences,Unable to prosecute suspect,
0c3abc2cad7cf69349822e8aab8429a29d7cd66db0908cf01910eee3395c5fd0,2025-01,City of London Police,City of London Police,-0.078059,51.509967,On or near Trinity Square,E01032739,City of London 001F,Violence and sexual offences,Investigation complete; no suspect identified,
200529ec39e0913ca6c8e346a5d3d0416164df5fa658a19b58a08bc66beeebe5,2025-01,City of London Police,City of London Police,-0.078059,51.509967,On or near Trinity Square,E01032739,City of London 001F,Violence and sexual offences,Unable to prosecute suspect,
31c17e29b97b1654e7b098d8ea1771cf16833de55fd75e85126fc65e132dcfd6,2025-01,City of London Police,City of London Police,-0.078278,51.513666,On or near Mitre Street,E01032739,City of London 001F,Violence and sexual offences,Investigation complete; no suspect identified,
09ae712e6864a01ac064b6d8cfb2e0acdc0dbc0d435de354f87b168e85ad08fa,2025-01,City of London Police,City of London Police,-0.095924,51.513882,On or near Shopping Area,E01032739,City of London 001F,Violence and sexual offences,Unable to prosecute suspect,
0a4bb75215eb14c2ae672fb42634027db32cb3dc6da428dd30c5d6b4924e1960,2025-01,City of London Police,City of London Police,-0.097291,51.514626,On or near Supermarket,E01032739,City of London 001F,Violence and sexual offences,Court result unavailable,
68a2c8f55125d33c49b644196ea388deb01552acdc43330f73241f527ef566d3,2025-01,City of London Police,City of London Police,-0.077070,51.510877,On or near Cooper'S Row,E01032739,City of London 001F,Violence and sexual offences,Unable to prosecute suspect,
5db73884ca90c57e97abe9255362f9337da58aa385d060d79af9c286903381ea,2025-01,City of London Police,City of London Police,-0.101475,51.511077,On or near A3211,E01032739,City of London 001F,Violence and sexual offences,Investigation complete; no suspect identified,
5d9080889c40aa4e78a3043e3b3926085a6199e42aa3fd00cbebb6db252cdd4c,2025-01,City of London Police,City of London Police,-0.078278,51.513666,On or near Mitre Street,E01032739,City of London 001F,Violence and sexual offences,Status update unavailable,
927e6ad0f1648c9de83c906839746db434f15601e602e439ab6eeb6a52488758,2025-01,City of London Police,City of London Police,-0.087157,51.512624,On or near Lombard Street,E01032739,City of London 001F,Violence and sexual offences,Investigation complete; no suspect identified,
4e6552274c1d691f7e65cdb6ada02cbd3c16c403d0c84a73b9938433dfa75135,2025-01,City of London Police,City of London Police,-0.091947,51.513188,On or near Pancras Lane,E01032739,City of London 001F,Violence and sexual offences,Court result unavailable,
06d5eb944bcf4d3fbcad86c24b11d93830fda9f5fd4fcdfcf6bda94085e9ffd0,2025-01,City of London Police,City of London Police,-0.079883,51.517326,On or near New Street,E01032739,City of London 001F,Violence and sexual offences,Investigation complete; no suspect identified,
92d4658bcd99ffdc1cd50fc0daf3bcfc7d9f8e4ebac99072306ba1bebbc2db61,2025-01,City of London Police,City of London Police,-0.101906,51.511794,On or near Theatre/Concert Hall,E01032739,City of London 001F,Violence and sexual offences,Status update unavailable,
91f0ea805d1431509ebef348432265858daae60a6d0dced256b35c9ebe5080ef,2025-01,City of London Police,City of London Police,-0.081113,51.516869,On or near Bishopsgate,E01032739,City of London 001F,Violence and sexual offences,Investigation complete; no suspect identified,
27a15549cd54671e18716f8e89539369681bf0e33e21a14a508c946ae1e9fbb0,2025-01,City of London Police,City of London Police,-0.095224,51.513736,On or near Shopping Area,E01032739,City of London 001F,Violence and sexual offences,Unable to prosecute suspect,
2946afaf0d6d16e04e0b720a2607472a7717761b5b8de4b1ca4d520e2b31f531,2025-01,City of London Police,City of London Police,-0.079907,51.517785,On or near Victoria Avenue,E01032739,City of London 001F,Violence and sexual offences,Status update unavailable,
f4c501e5e68d88172df20dc2d2ed31cf3edb8033075c9fe2127b7c0233ca32e8,2025-01,City of London Police,City of London Police,-0.088785,51.517102,On or near Moorgate,E01032739,City of London 001F,Violence and sexual offences,Unable to prosecute suspect,
1c0a0a01db2bf6889a47a9efc6bb50d6a51f0b3aa2871131d233f6bcac22381e,2025-01,City of London Police,City of London Police,-0.088785,51.517102,On or near Moorgate,E01032739,City of London 001F,Violence and sexual offences,Unable to prosecute suspect,
a3c27427d338eed154b6d4f0e3b90f748fcb1531d5a50e2466a38eaff28a19b9,2025-01,City of London Police,City of London Police,-0.086815,51.517007,On or near Circus Place,E01032739,City of London 001F,Violence and sexual offences,Status update unavailable,
72118e09471085ec04fcbf4deb3749109efc3a229574ffd8b332502f1927d1ba,2025-01,City of London Police,City of London Police,-0.084844,51.510725,On or near Eastcheap,E01032739,City of London 001F,Violence and sexual offences,Unable to prosecute suspect,
56fc2f5635e30cb7db994377d4cc15e14aa78d7b446f022ad4c5a4772a7d92fa,2025-01,City of London Police,City of London Police,-0.081902,51.517296,On or near Liverpool Street,E01032739,City of London 001F,Violence and sexual offences,Unable to prosecute suspect,
51ba68aab6ec06b89eb26ff86527108b26f98ed1fb8f6585893e74f0b75bc500,2025-01,City of London Police,City of London Police,-0.084844,51.510725,On or near Eastcheap,E01032739,City of London 001F,Violence and sexual offences,Unable to prosecute suspect,
2be8ba7c1f878f8a8a6af7f533d16cfb6ed291ba4939ed6e17cee2c4727bc8df,2025-01,City of London Police,City of London Police,-0.084844,51.510725,On or near Eastcheap,E01032739,City of London 001F,Violence and sexual offences,Unable to prosecute suspect,
7cf5cbbd57d5259d48e23dce31c056e737b9f5f70d67b74ad3574f870d6a379b,2025-01,City of London Police,City of London Police,-0.078755,51.518440,On or near Artillery Lane,E01032739,City of London 001F,Violence and sexual offences,Unable to prosecute suspect,
82e3b7e26f69a7c3d5ae5870cb8b7bd19c7d7a700603bae1c2fdb5651ad65c7e,2025-01,City of London Police,City of London Police,-0.079907,51.517785,On or near Victoria Avenue,E01032739,City of London 001F,Violence and sexual offences,Court result unavailable,
336e54913f061f2a723a57877416a96944079a077ee9b752b2ec349ff5d2a42c,2025-01,City of London Police,City of London Police,-0.081113,51.516869,On or near Bishopsgate,E01032739,City of London 001F,Violence and sexual offences,Unable to prosecute suspect,
a15ea10416417a53e15c7edc6562ef9e7951ae9a02e6455b9102232ce27d85c9,2025-01,City of London Police,City of London Police,-0.077959,51.511332,On or near Crutched Friars,E01032739,City of London 001F,Violence and sexual offences,Unable to prosecute suspect,
217772a068158986897a3d0f738f65cb77b1b1db55ebc4ec9da00b8076da80d1,2025-01,City of London Police,City of London Police,-0.095924,51.513882,On or near Shopping Area,E01032739,City of London 001F,Violence and sexual offences,Investigation complete; no suspect identified,
ec6fa15e9561766d1a89356a7b4d406edad3793019d7c75256e4e8ef7208dc29,2025-01,City of London Police,City of London Police,-0.101292,51.514770,On or near Amen Court,E01032739,City of London 001F,Violence and sexual offences,Investigation complete; no suspect identified,
2ded131adde10aa4d556b0e33c4ec15846bd9e8aa67df49346f4981e60e997ce,2025-01,City of London Police,City of London Police,-0.095924,51.513882,On or near Shopping Area,E01032739,City of London 001F,Violence and sexual offences,Unable to prosecute suspect,
ad76c712fbbd5991bb079b7ee07af726f90b778f5b7f638e0f74f4ffcf9431a0,2025-01,City of London Police,City of London Police,-0.091947,51.513188,On or near Pancras Lane,E01032739,City of London 001F,Violence and sexual offences,Unable to prosecute suspect,
796f308b1a642c525457a4a014550114f17449ed2fc92abde854a8807ea607a7,2025-01,City of London Police,City of London Police,-0.079907,51.517785,On or near Victoria Avenue,E01032739,City of London 001F,Violence and sexual offences,Unable to prosecute suspect,
e2ebea2a357b4259f4201f6681be5d17c7449637d03c09e56ed89a2a1ea337be,2025-01,City of London Police,City of London Police,-0.081113,51.516869,On or near Bishopsgate,E01032739,City of London 001F,Violence and sexual offences,Status update unavailable,
44bab2f89987f1acc63b14a003a85ea095996572111242a8917ca4ed6eb2e708,2025-01,City of London Police,City of London Police,-0.079907,51.517785,On or near Victoria Avenue,E01032739,City of London 001F,Violence and sexual offences,Status update unavailable,
d93dbe931b2079eac0825ff9f662fb3939522d7f8233967ef6787d856944c588,2025-01,City of London Police,City of London Police,-0.091947,51.513188,On or near Pancras Lane,E01032739,City of London 001F,Violence and sexual offences,Investigation complete; no suspect identified,
a192edd28f755b946a722917e217945b66c0ba10e986c63a093ae62f35016f8c,2025-01,City of London Police,City of London Police,-0.089479,51.510864,On or near Gophir Lane,E01032739,City of London 001F,Violence and sexual offences,Unable to prosecute suspect,
d017a68624caff8bf9cb3a1803e7488deab8a0d5076af96f74c49afea277c5de,2025-01,City of London Police,City of London Police,-0.079521,51.511196,On or near New London Street,E01032739,City of London 001F,Violence and sexual offences,Court result unavailable,
1212191cc74898a79b709d125814f35faa66512b24d86d2ce5b5248965e05f64,2025-01,City of London Police,City of London Police,-0.089208,51.509744,On or near Angel Lane,E01032739,City of London 001F,Violence and sexual offences,Unable to prosecute suspect,
32222cdc4d66575fb5fbb1b5f3f988b5e3872898dd724e3174e01464bef2480d,2025-01,City of London Police,City of London Police,-0.081113,51.516869,On or near Bishopsgate,E01032739,City of London 001F,Violence and sexual offences,Unable to prosecute suspect,
773ce54051071bd6969668f74e892fa186eaa596499b06a70e308c65628db497,2025-01,City of London Police,City of London Police,-0.079907,51.517785,On or near Victoria Avenue,E01032739,City of London 001F,Violence and sexual offences,Court result unavailable,
79e75a7d55a1f517414846737b31952cad1b151395614d6aa457abed4c7d26f1,2025-01,City of London Police,City of London Police,-0.087772,51.510665,On or near Martin Lane,E01032739,City of London 001F,Violence and sexual offences,Status update unavailable,
e8597c88e19b92f7c0e783149e030641243952dd9448e413457e4a7b78c58ba7,2025-01,City of London Police,City of London Police,-0.087772,51.510665,On or near Martin Lane,E01032739,City of London 001F,Violence and sexual offences,Status update unavailable,
979fd495802d763ce8b4f2655f6e1af1cd2492c69eb9ca8274c236604379891f,2025-01,City of London Police,City of London Police,-0.079907,51.517785,On or near Victoria Avenue,E01032739,City of London 001F,Violence and sexual offences,Investigation complete; no suspect identified,
bbc171ff6603235a01f8d62800c7ff8e8d55e5cf4fbfc0e1817086be0f5fd2ed,2025-01,City of London Police,City of London Police,-0.087772,51.510665,On or near Martin Lane,E01032739,City of London 001F,Violence and sexual offences,Status update unavailable,
1b60088a8d65a0bbe0f91cacf58820c5354df1d1c89cf5fd689f4ddba26ee2d4,2025-01,City of London Police,City of London Police,-0.081113,51.516869,On or near Bishopsgate,E01032739,City of London 001F,Violence and sexual offences,Unable to prosecute suspect,
086289118571d1068daeb7a59d40f6a191498b1d69b5f65249840b21c6679d28,2025-01,City of London Police,City of London Police,-0.081113,51.516869,On or near Bishopsgate,E01032739,City of London 001F,Violence and sexual offences,Investigation complete; no suspect identified,
94abaddd96f851013f195e1b4e75abe037979bfb42f2c495f043e95f64917485,2025-01,City of London Police,City of London Police,-0.077804,51.518083,On or near Sandy'S Row,E01032739,City of London 001F,Violence and sexual offences,Court result unavailable,
dd763f7dd04fcebc7eeac1d684a1ba50226d986706c30ef5d312709e68f2b137,2025-01,City of London Police,City of London Police,-0.101292,51.514770,On or near Amen Court,E01032739,City of London 001F,Other crime,Unable to prosecute suspect,
9adf156f571fbb773d418131300ce4428d985500967c4b38d96b67e01530c4a8,2025-01,City of London Police,City of London Police,-0.100888,51.514448,On or near Amen Corner,E01032739,City of London 001F,Other crime,Investigation complete; no suspect identified,
5af80085024da0e37fcd5edaf916f057a8c976f2388dbcc9c3fcc9e8ed99a473,2025-01,City of London Police,City of London Police,-0.101292,51.514770,On or near Amen Court,E01032739,City of London 001F,Other crime,Status update unavailable,
,2025-01,City of London Police,City of London Police,-0.112111,51.517687,On or near Parking Area,E01032740,City of London 001G,Anti-social behaviour,,
27722540bc51ae6908d73a8c4f2104b24e6b268d8ad70b9fcc15c07bb3ec0c9d,2025-01,City of London Police,City of London Police,-0.098017,51.519689,On or near Cloth Street,E01032740,City of London 001G,Bicycle theft,Investigation complete; no suspect identified,
0a1a3b1a8d6fff6405d5f7f50edbaa462c3eb34df992420ccbaf8b5f1d413525,2025-01,City of London Police,City of London Police,-0.109297,51.515681,On or near Fetter Lane,E01032740,City of London 001G,Bicycle theft,Investigation complete; no suspect identified,
0bb6d141ee9fe9d0475adadae0d5a3ed21b695655d4e6645156042912f88c6a6,2025-01,City of London Police,City of London Police,-0.104980,51.512033,On or near Kingscote Street,E01032740,City of London 001G,Burglary,Status update unavailable,
c06dd95034c0a8b0a5a3dc377c744834491f2c928dd04cab371ebef22217a12b,2025-01,City of London Police,City of London Police,-0.104980,51.512033,On or near Kingscote Street,E01032740,City of London 001G,Burglary,Awaiting court outcome,
5cc95cbf75482d1c1d27214d1f14f88b1a1654d5d23fcc2686d6af7510dc7949,2025-01,City of London Police,City of London Police,-0.104980,51.512033,On or near Kingscote Street,E01032740,City of London 001G,Burglary,Investigation complete; no suspect identified,
2a6db9c7e13d7cbb2c4f90df3fcc470c2eb4ce0e1d88ceaac51207e573b1a204,2025-01,City of London Police,City of London Police,-0.101621,51.516906,On or near Giltspur Street,E01032740,City of London 001G,Burglary,Investigation complete; no suspect identified,
f21199e1af000b7458f04d4b41ed7c4907317d12e579fa6cd66dd46a21c1de95,2025-01,City of London Police,City of London Police,-0.099803,51.519026,On or near Cloth Fair,E01032740,City of London 001G,Burglary,Investigation complete; no suspect identified,
000f05c21364f5d012c53d846b0328c766526f0ffaa9d3666ce492037369cc9d,2025-01,City of London Police,City of London Police,-0.104980,51.512033,On or near Kingscote Street,E01032740,City of London 001G,Burglary,Investigation complete; no suspect identified,
090d431b9bd0c0ea3f2562b5a723ad99fce7771cbd13b454d2d1d75ce2b13913,2025-01,City of London Police,City of London Police,-0.099709,51.519906,On or near Farringdon,E01032740,City of London 001G,Criminal damage and arson,Investigation complete; no suspect identified,
e47c0e81955b1d015ecba61ff507ab576a6163d8416c207440f3432e985ec86a,2025-01,City of London Police,City of London Police,-0.107443,51.515534,On or near Printer Street,E01032740,City of London 001G,Criminal damage and arson,Status update unavailable,
4f0d77627f8f7d5ebcfb44ce3a077356b94e1ac844a3f1d034d4f8a6146e1719,2025-01,City of London Police,City of London Police,-0.109387,51.513839,On or near Old Mitre Court,E01032740,City of London 001G,Criminal damage and arson,Investigation complete; no suspect identified,
1a2527d5e27652be91be629f06b18a003a1fb7efa208afa1a9aa3021f9ed5a82,2025-01,City of London Police,City of London Police,-0.099803,51.519026,On or near Cloth Fair,E01032740,City of London 001G,Criminal damage and arson,Investigation complete; no suspect identified,
0f23f7015abc6f8be6f1eecb3414965a831157a11d57c4495622844193c4ba85,2025-01,City of London Police,City of London Police,-0.108027,51.511884,On or near Temple Avenue,E01032740,City of London 001G,Drugs,Local resolution,
2d2b598c49cbe06a9be723f762b31acc8b1646fd5c6a422d6d582751877fdcd4,2025-01,City of London Police,City of London Police,-0.101621,51.516906,On or near Giltspur Street,E01032740,City of London 001G,Other theft,Investigation complete; no suspect identified,
6d4f9e18bb8a7f70f8c872c45eaebf2163d766e75a0a7bdbbccf4d1d841306fd,2025-01,City of London Police,City of London Police,-0.104980,51.512033,On or near Kingscote Street,E01032740,City of London 001G,Other theft,Investigation complete; no suspect identified,
3c5f918ad526f542f30608a1cea82cd03d007c246e99115eb57653d991b27d1b,2025-01,City of London Police,City of London Police,-0.103490,51.513897,On or near City Thameslink,E01032740,City of London 001G,Other theft,Investigation complete; no suspect identified,
f34ae84a8c321eaff6a3d68bea7b558bceb757533b7747e6a1cfbc175ed809cc,2025-01,City of London Police,City of London Police,-0.105131,51.513941,On or near Bride Lane,E01032740,City of London 001G,Other theft,Investigation complete; no suspect identified,
5148348bdf94c08a0a8a5f07d8c0a5bdbc574fb9ec73b2601690a9a6399617f0,2025-01,City of London Police,City of London Police,-0.109387,51.513839,On or near Old Mitre Court,E01032740,City of London 001G,Other theft,Investigation complete; no suspect identified,
43e0f0fbc4b85337651836e10ad8d5e7f0e18d78579f0e2d29ab85e528822a33,2025-01,City of London Police,City of London Police,-0.104980,51.512033,On or near Kingscote Street,E01032740,City of London 001G,Other theft,Investigation complete; no suspect identified,
a956e5f1d373f08a7a6697a9974531413d223859a7d29055f0991084d0ac3b12,2025-01,City of London Police,City of London Police,-0.102812,51.517051,On or near Police Station,E01032740,City of London 001G,Other theft,Investigation complete; no suspect identified,
4126531ebf6c3c49b888096919c3e668fce3bcf92bd92c69a1f980ec245cc09a,2025-01,City of London Police,City of London Police,-0.105909,51.513262,On or near Dorset Buildings,E01032740,City of London 001G,Other theft,Investigation complete; no suspect identified,
41ebbaf26899ce3b88534f1337b4f471015c6c1d15285049798f19a5ccf91d05,2025-01,City of London Police,City of London Police,-0.105131,51.513941,On or near Bride Lane,E01032740,City of London 001G,Other theft,Court result unavailable,
ff62d968a78afa00408ca48e25249701b4c147231cba0042eeafb66b6db692ea,2025-01,City of London Police,City of London Police,-0.112019,51.516067,On or near Chancery Lane,E01032740,City of London 001G,Other theft,Unable to prosecute suspect,
3bfdd469937f94d850a2dc160ae908a253c49182ee9a64437e3d1ac787497241,2025-01,City of London Police,City of London Police,-0.098017,51.519689,On or near Cloth Street,E01032740,City of London 001G,Other theft,Investigation complete; no suspect identified,
20b75197b75c35f6b8ad9ab717062bc0e6c656cd6b077595f604b0c057be7ea8,2025-01,City of London Police,City of London Police,-0.102538,51.517739,On or near Hosier Lane,E01032740,City of London 001G,Other theft,Unable to prosecute suspect,
6e47ec7d9216f37238bfcd58a40886abaee015103e2238963637b06b6d647eb1,2025-01,City of London Police,City of London Police,-0.102812,51.517051,On or near Police Station,E01032740,City of London 001G,Other theft,Unable to prosecute suspect,
d014b2274cce3de4ea79fe51ecb9ded5ab6d71ab4968e4fcd5b9a88f8c353560,2025-01,City of London Police,City of London Police,-0.106076,51.517239,On or near Conference/Exhibition Centre,E01032740,City of London 001G,Public order,Investigation complete; no suspect identified,
305786046ca8976739ac975e70787003874263d3d0b05cca4a31de9e90053b98,2025-01,City of London Police,City of London Police,-0.110690,51.517916,On or near Further/Higher Educational Building,E01032740,City of London 001G,Public order,Investigation complete; no suspect identified,
0bcd1f27107b81469655a0a9d1d5ed82a15238012e3be070f5af0ece96659c44,2025-01,City of London Police,City of London Police,-0.101359,51.518700,On or near Parking Area,E01032740,City of London 001G,Public order,Investigation complete; no suspect identified,
24b128a5f00ca4a511747d936f10fee410fe3287006d21e0b4d4bf0336373e29,2025-01,City of London Police,City of London Police,-0.107443,51.515534,On or near Printer Street,E01032740,City of London 001G,Public order,Unable to prosecute suspect,
150c2655084fcbe3120ca976e731fd3caceaf8d8534bcfde8cc6a14cfc50d1a4,2025-01,City of London Police,City of London Police,-0.099803,51.519026,On or near Cloth Fair,E01032740,City of London 001G,Public order,Status update unavailable,
40ccf5f3c27dce9b42111dccaba3bb5c28586b24f837282afaf6c60c05734729,2025-01,City of London Police,City of London Police,-0.101359,51.518700,On or near Parking Area,E01032740,City of London 001G,Public order,Investigation complete; no suspect identified,
ed9cf8636012808fa8c216c8745efe9f31e05b4c9060aca33a44ae17318d43d9,2025-01,City of London Police,City of London Police,-0.104980,51.512033,On or near Kingscote Street,E01032740,City of London 001G,Public order,Unable to prosecute suspect,
3f2081177118ed1dc24683740f4d39fc94ec0fdee5a766a0a2683e769f55b052,2025-01,City of London Police,City of London Police,-0.098017,51.519689,On or near Cloth Street,E01032740,City of London 001G,Public order,Status update unavailable,
606ec9b0043a66936e7fe012543026e9497d3f2830b4ad8550b047a5ffb50ad9,2025-01,City of London Police,City of London Police,-0.109387,51.513839,On or near Old Mitre Court,E01032740,City of London 001G,Public order,Unable to prosecute suspect,
fb998ad541557c21794b2e328a19384830c18faffeec1ef20a8e12e5c7dc89bd,2025-01,City of London Police,City of London Police,-0.105131,51.513941,On or near Bride Lane,E01032740,City of London 001G,Public order,Status update unavailable,
351e8946ecd9bd71be40d9c733af53421fba91f523a2e267c72023e1f1cc2458,2025-01,City of London Police,City of London Police,-0.109387,51.513839,On or near Old Mitre Court,E01032740,City of London 001G,Public order,Unable to prosecute suspect,
2e2f072020d185c81d3f02a2113da866409754dfccb9a72fb06c721fedbbcee7,2025-01,City of London Police,City of London Police,-0.108450,51.514202,On or near Fleet Street,E01032740,City of London 001G,Robbery,Investigation complete; no suspect identified,
c56cb9c66f6f9ad7362ac2f0063a83cb9ae64fea5e20d5085ce6f23729e7596c,2025-01,City of London Police,City of London Police,-0.104980,51.512033,On or near Kingscote Street,E01032740,City of London 001G,Robbery,Investigation complete; no suspect identified,
b2d231ced78f8d959f2c0ecb083742cf398f0f9d2c2ea699275f03464149841b,2025-01,City of London Police,City of London Police,-0.104980,51.512033,On or near Kingscote Street,E01032740,City of London 001G,Shoplifting,Status update unavailable,
f1a802920f3d00c28d9132a2bd68f14fbc78f5d49c9c87afb3f701adbff772ae,2025-01,City of London Police,City of London Police,-0.112953,51.518231,On or near Southampton Buildings,E01032740,City of London 001G,Shoplifting,Unable to prosecute suspect,
c229ab964f56a4e22ef9d9de5f41a91d5efb4817bc98ad013e30ac39ad44c9a3,2025-01,City of London Police,City of London Police,-0.104980,51.512033,On or near Kingscote Street,E01032740,City of London 001G,Shoplifting,Court result unavailable,
00a06e4ec8d3b7a9e3ef2ead9075963710769917261d2d8a6885e9224ceff15f,2025-01,City of London Police,City of London Police,-0.109387,51.513839,On or near Old Mitre Court,E01032740,City of London 001G,Theft from the person,Investigation complete; no suspect identified,
d920404814eb817f7f5a6802a709a6e41ed30549bde1d875c77e936b09f79372,2025-01,City of London Police,City of London Police,-0.108450,51.514202,On or near Fleet Street,E01032740,City of London 001G,Theft from the person,Status update unavailable,
d61016d6429b748ac10bac6c0e6767a84686236cd2f8df77ccac343107950103,2025-01,City of London Police,City of London Police,-0.109297,51.515681,On or near Fetter Lane,E01032740,City of London 001G,Theft from the person,Investigation complete; no suspect identified,
843b47493ab57879234b5301a49dd553b79dbbc487f6c8ade7d6905755324a76,2025-01,City of London Police,City of London Police,-0.110690,51.517916,On or near Further/Higher Educational Building,E01032740,City of London 001G,Theft from the person,Investigation complete; no suspect identified,
590e6e92c751037cfab0c0d7e02e8ea5948d57ba3e63c7bf77cfec768dedbb9a,2025-01,City of London Police,City of London Police,-0.102726,51.513911,On or near Pageantmaster Court,E01032740,City of London 001G,Theft from the person,Investigation complete; no suspect identified,
985713fc757256968e324f77307a37041e09625b5e2e77c8b17d5609fcd4ca03,2025-01,City of London Police,City of London Police,-0.099803,51.519026,On or near Cloth Fair,E01032740,City of London 001G,Theft from the person,Investigation complete; no suspect identified,
fdf893106026c259007760b22f04b7082bb0a6b385ab53767456304e984665c7,2025-01,City of London Police,City of London Police,-0.101359,51.518700,On or near Parking Area,E01032740,City of London 001G,Theft from the person,Investigation complete; no suspect identified,
c95b45b46eaa7178b9768fb8b55e24500ef30d349fcf0fe17926a7a8ef10be98,2025-01,City of London Police,City of London Police,-0.108909,51.515297,On or near West Harding Street,E01032740,City of London 001G,Theft from the person,Investigation complete; no suspect identified,
a2ad4f7e29c5ce884698014352c3e013b2df1e34dc749eee6d3c5f967e56a873,2025-01,City of London Police,City of London Police,-0.106076,51.517239,On or near Conference/Exhibition Centre,E01032740,City of London 001G,Theft from the person,Investigation complete; no suspect identified,
56554e9d7cd1ee73541731f2197626d0dd8efbde85a2c7476bde2a15969757ea,2025-01,City of London Police,City of London Police,-0.106076,51.517239,On or near Conference/Exhibition Centre,E01032740,City of London 001G,Theft from the person,Investigation complete; no suspect identified,
299a82a7044bbcc04691f235777aa78a00a0f4cbf48798cfe398a80166888e18,2025-01,City of London Police,City of London Police,-0.106076,51.517239,On or near Conference/Exhibition Centre,E01032740,City of London 001G,Theft from the person,Investigation complete; no suspect identified,
c6d436577476c8084833d40522cd23d7dad58951511b205fd2a37e743e8044f4,2025-01,City of London Police,City of London Police,-0.108450,51.514202,On or near Fleet Street,E01032740,City of London 001G,Violence and sexual offences,Unable to prosecute suspect,
e12450666c464e6eb78bbd824a7dac4dbd417d63d8728ec2ccfa5e678a8d5c6d,2025-01,City of London Police,City of London Police,-0.108450,51.514202,On or near Fleet Street,E01032740,City of London 001G,Violence and sexual offences,Unable to prosecute suspect,
1a136d67b3207c05db21082210be3e63e745f521b65ea3cc9fb9a43859e04d3e,2025-01,City of London Police,City of London Police,-0.106076,51.517239,On or near Conference/Exhibition Centre,E01032740,City of London 001G,Violence and sexual offences,Court result unavailable,
2019ae80b2865dc36911abff621876392c0faf6ab96ffcb094bda728c59f11c2,2025-01,City of London Police,City of London Police,-0.107997,51.513313,On or near Bouverie Street,E01032740,City of London 001G,Violence and sexual offences,Investigation complete; no suspect identified,
a1d3f1c60dbea435b5711616f590676d957e51091922659b74a9fc916122d873,2025-01,City of London Police,City of London Police,-0.101621,51.516906,On or near Giltspur Street,E01032740,City of London 001G,Violence and sexual offences,Unable to prosecute suspect,
ca1f856ba08a957b571ee1c4bd42c89904f6cda645ed303092c9f6627784bc00,2025-01,City of London Police,City of London Police,-0.108027,51.511884,On or near Temple Avenue,E01032740,City of London 001G,Violence and sexual offences,Investigation complete; no suspect identified,
f066df037371e608ced437d49e2445c84138af3bd60146794bf9eb19e78f450e,2025-01,City of London Police,City of London Police,-0.101621,51.516906,On or near Giltspur Street,E01032740,City of London 001G,Violence and sexual offences,Status update unavailable,
49f8f361c7657982c17f68ff33618adf04e20ad180db910fa942295c4abd9d23,2025-01,City of London Police,City of London Police,-0.108027,51.511884,On or near Temple Avenue,E01032740,City of London 001G,Violence and sexual offences,Unable to prosecute suspect,
d1c0e1fb229133f0c81e1905b371f27aa35fa8d7cfb61111fec9ffd43ac687d9,2025-01,City of London Police,City of London Police,-0.055430,51.563504,On or near Brampton Close,E01001798,Hackney 028A,Other theft,Investigation complete; no suspect identified,
c422bbdcb55ca6ed82cf815dae5f4397be78fb3c3a0860f520922166884522e9,2025-01,City of London Police,City of London Police,-0.082648,51.520455,On or near Earl Street,E01033708,Hackney 033C,Theft from the person,Investigation complete; no suspect identified,
f066df037371e608ced437d49e2445c84138af3bd60146794bf9eb19e78f450e,2025-01,City of London Police,City of London Police,-0.086516,51.522749,On or near Bonhill Street,E01002704,Islington 023D,Violence and sexual offences,Unable to prosecute suspect,
7c32efcfee98552fa6f0f2ede8914b506575f2e8fcfa29d13ed6ceee87d6a44a,2025-01,City of London Police,City of London Police,-0.088195,51.506419,On or near Borough High Street,E01033884,Southwark 035A,Drugs,Court result unavailable,
8ac27f6523fa0b6210d68f99b3bddaab9cd6696a94c70109359b169dd26d5144,2025-01,City of London Police,City of London Police,-0.083438,51.505424,On or near Battle Bridge Lane,E01033884,Southwark 035A,Violence and sexual offences,Unable to prosecute suspect,
739f73fca25e549b6a069244f4dcdbf0041f1a613bacf6a35f92755dfbfb5a18,2025-01,City of London Police,City of London Police,-0.063757,51.527114,On or near Florida Street,E01004204,Tower Hamlets 005D,Other crime,Status update unavailable,
5ef80c2096eea328104241af679906c20a010bbe02b16c243b8fb52903dff8fe,2025-01,City of London Police,City of London Police,-0.078757,51.520455,On or near Spital Square,E01004307,Tower Hamlets 015B,Criminal damage and arson,Investigation complete; no suspect identified,
f45b92b88caeba1852a65a339be456190f2f99944558f2bf841e56ca78b504e8,2025-01,City of London Police,City of London Police,-0.077597,51.518907,On or near Steward Street,E01004307,Tower Hamlets 015B,Other theft,Unable to prosecute suspect,
68814776c3af9455308af6b76748c9bef8cf10975bce80541c3f4accf45b0ee6,2025-01,City of London Police,City of London Police,-0.077597,51.518907,On or near Steward Street,E01004307,Tower Hamlets 015B,Shoplifting,Investigation complete; no suspect identified,
d2625d565f9f839b9eb74779d2ca6a7e5a5f0bdc3e286aa4f752343e987102ca,2025-01,City of London Police,City of London Police,-0.057886,51.518735,On or near Raven Row,E01004322,Tower Hamlets 017A,Violence and sexual offences,Unable to prosecute suspect,
573205f721777c08d2ec52fd17176d52807ae48769ebf9a83069680769548cfb,2025-01,City of London Police,City of London Police,-0.062335,51.514762,On or near Hessel Street,E01004321,Tower Hamlets 021C,Shoplifting,Unable to prosecute suspect,
a0bb4cb12396b7fb0bb922ef978e7230bed32eaa97982a82cf45825dfd27c1f9,2025-01,City of London Police,City of London Police,-0.068095,51.509785,On or near Dock Street,E01035697,Tower Hamlets 026F,Drugs,Local resolution,
644043a1b1c21342bdd47bceada0f2ac09a9885f7c0a76427953716df643174c,2025-01,City of London Police,City of London Police,-0.074039,51.508588,On or near Tower Bridge Approach,E01004293,Tower Hamlets 027B,Public order,Investigation complete; no suspect identified,
,2025-01,City of London Police,City of London Police,,,No Location,,,Anti-social behaviour,,
dce96dab6b6c4491a14bfa3704e5a96251ecd71941862b5897a6e544208c24a4,2025-01,City of London Police,City of London Police,,,No Location,,,Burglary,Investigation complete; no suspect identified,
24da073f43afbbffda0fe6ae9dac07d38fcb384975797ef1f19a6d0470d15143,2025-01,City of London Police,City of London Police,,,No Location,,,Burglary,Investigation complete; no suspect identified,
cacd4f8162ee1a25732d40edea77e6cc150335eeb31bdaaf66f9b06d558b896c,2025-01,City of London Police,City of London Police,,,No Location,,,Burglary,Investigation complete; no suspect identified,
09303be48dda6184374507589b9bcebb1957f0eda34484afaf51d5f91fbd0757,2025-01,City of London Police,City of London Police,,,No Location,,,Criminal damage and arson,Investigation complete; no suspect identified,
1a476d5c45d5904a67334c0287ab6f7416486193868ec6569a24a622ae4e05b4,2025-01,City of London Police,City of London Police,,,No Location,,,Criminal damage and arson,Investigation complete; no suspect identified,
5ff2112cc6ae568ecfef7ac232e513f0ee66985358d5d5c30345cddd0e129a44,2025-01,City of London Police,City of London Police,,,No Location,,,Criminal damage and arson,Unable to prosecute suspect,
366c27047b06e72c001aaf8affe8d5ffb6585e332f76152b31c1f8fe5ba0c02f,2025-01,City of London Police,City of London Police,,,No Location,,,Drugs,Awaiting court outcome,
9a0c528eda9c1eedf7f702cc14ba043add8f699a0a144cc705c3727e21be795d,2025-01,City of London Police,City of London Police,,,No Location,,,Drugs,Court result unavailable,
cb2b4eee1e9d19ae3547cc8f41cfcfe1ac66ac1fd433af49ffdb43aa82bb2972,2025-01,City of London Police,City of London Police,,,No Location,,,Drugs,Court result unavailable,
0261d259c4516da3403d51afadaced85ea41c0838d5ff177c208c25ce14f81a4,2025-01,City of London Police,City of London Police,,,No Location,,,Drugs,Further investigation is not in the public interest,
6e0166158bddbaab2d6b4808b38650991c562588fc31f8f55e0c0b980400e302,2025-01,City of London Police,City of London Police,,,No Location,,,Drugs,Court result unavailable,
288f2c739090623dcf35e8b095b991d28adb3277c5ea3cc7dd658ba077507bf4,2025-01,City of London Police,City of London Police,,,No Location,,,Other theft,Investigation complete; no suspect identified,
092257adaee6466add93dd57eb98e60d2fd6b3f38f13764812c54cd546a756b7,2025-01,City of London Police,City of London Police,,,No Location,,,Other theft,Investigation complete; no suspect identified,
685cc207bddd0a09d7718b13b2a0f9ce95994d4dd584c0dab2ba7026c1b1086d,2025-01,City of London Police,City of London Police,,,No Location,,,Other theft,Investigation complete; no suspect identified,
95aae33e65ba4d06a5e2d6846b214b6b966270e308e4ef6c81bc60397ec709d2,2025-01,City of London Police,City of London Police,,,No Location,,,Other theft,Status update unavailable,
bd736970955cdff339c4409c89301102e992812708155cb3f02038bb9fdcdea2,2025-01,City of London Police,City of London Police,,,No Location,,,Other theft,Investigation complete; no suspect identified,
48d4ec7e76af14073e2cbc4a8b48faf0ef97f3f4731db4329c9ed33b0211925f,2025-01,City of London Police,City of London Police,,,No Location,,,Other theft,Investigation complete; no suspect identified,
6fdcf1652cfe17db884df8523a94116ab203f6a768c683cd360744bd65a5dce2,2025-01,City of London Police,City of London Police,,,No Location,,,Public order,Unable to prosecute suspect,
47a38745ac2356395a45b201ab49bd12c833f06f360cf6de04f5323992710f5e,2025-01,City of London Police,City of London Police,,,No Location,,,Public order,Unable to prosecute suspect,
98cb2e3de899055a1b867b197a078edc97d88ee42aa7895d7e98632f60669e1a,2025-01,City of London Police,City of London Police,,,No Location,,,Robbery,Investigation complete; no suspect identified,
8f781a3fe6ab28ae89cb9138f77cb5e9dcfc99697671596299565b74f36e28c5,2025-01,City of London Police,City of London Police,,,No Location,,,Robbery,Investigation complete; no suspect identified,
b871299570b19286576d4b16c62caac5f0eb68b4e1cf44ccf741550e12840896,2025-01,City of London Police,City of London Police,,,No Location,,,Robbery,Court result unavailable,
676c18ebf58e15b8ccb526c28a6aa4b3c7fd7673b11b7f0f92bcde0d4b939d67,2025-01,City of London Police,City of London Police,,,No Location,,,Shoplifting,Investigation complete; no suspect identified,
2316431c7b0551e9999f84e07207bd0e802b7f340881668f30f5c3ea3a40af37,2025-01,City of London Police,City of London Police,,,No Location,,,Shoplifting,Court result unavailable,
0f1ca306733c4938ca6d675c4c01f2b5500fa810f9bdd8f73370ee18e9d0df74,2025-01,City of London Police,City of London Police,,,No Location,,,Shoplifting,Court result unavailable,
cefafceb3b197ca49bba1009909506814aa9f523183d4183a5b30bbb2eff8724,2025-01,City of London Police,City of London Police,,,No Location,,,Shoplifting,Local resolution,
86890bfc396b17ef1c4408ab289cec5624ba118240c624ed58c375b71b1388d6,2025-01,City of London Police,City of London Police,,,No Location,,,Shoplifting,Status update unavailable,
630dec2e72af54336c4522ae4951331322b4ec29929b52b576b93a31cd7f548f,2025-01,City of London Police,City of London Police,,,No Location,,,Shoplifting,Investigation complete; no suspect identified,
9bc127b92c39bee198e32781d6a63326ba234cfcffbc51220e8b7f58d57fb212,2025-01,City of London Police,City of London Police,,,No Location,,,Shoplifting,Court result unavailable,
167ada43b543dc392aac2db3b1f45045adf35628a49f82327e7a692956aa354f,2025-01,City of London Police,City of London Police,,,No Location,,,Shoplifting,Investigation complete; no suspect identified,
09119389b9d65b1bad4b9e48a4cd51cfab6755d1fe9a6ad9d3886b410a41058a,2025-01,City of London Police,City of London Police,,,No Location,,,Shoplifting,Investigation complete; no suspect identified,
d4380f590021b5f99b5701d6c28a82cd8cbb13864484cb99e00de61aab949701,2025-01,City of London Police,City of London Police,,,No Location,,,Theft from the person,Investigation complete; no suspect identified,
90cc5aa5d31352591d2828725bafe24cd2f5d57091a0296b7b89c0045b2a3594,2025-01,City of London Police,City of London Police,,,No Location,,,Theft from the person,Investigation complete; no suspect identified,
fdcff0a7c2d306b8494c8935f006f15993da35fcc2e273bf04249847cc6bc492,2025-01,City of London Police,City of London Police,,,No Location,,,Theft from the person,Investigation complete; no suspect identified,
57ab40da9262a04d7a2c4e916b3391a342a3d234ccbab369a8b5c31b1ed56ebc,2025-01,City of London Police,City of London Police,,,No Location,,,Theft from the person,Investigation complete; no suspect identified,
791ffc0a22d4a9587eb4074ab2a62908e72fb49849fd418475fa2114cded7606,2025-01,City of London Police,City of London Police,,,No Location,,,Theft from the person,Investigation complete; no suspect identified,
a2e385a184df186470d5dbf8278321f1a8f7a064984c29f24ab6bae39ccb53ba,2025-01,City of London Police,City of London Police,,,No Location,,,Theft from the person,Investigation complete; no suspect identified,
c24c31e631f07100bec6caff65506b477374799ad18fb2a8593ee8e1d33503a0,2025-01,City of London Police,City of London Police,,,No Location,,,Theft from the person,Investigation complete; no suspect identified,
68a8c0584aeaf8423f499e0a119d0bc5e6c2239c2d17ed353aac4b3d42d97403,2025-01,City of London Police,City of London Police,,,No Location,,,Theft from the person,Investigation complete; no suspect identified,
d1cdc4a0ecbe6013458e7078e6da8bd5b6990169bc5d5c6fa4a017389744bce3,2025-01,City of London Police,City of London Police,,,No Location,,,Theft from the person,Status update unavailable,
59a528ba3b598d88e7b8d94403619e2e5c9a5ccec9965a8eda6729a948cd6bfe,2025-01,City of London Police,City of London Police,,,No Location,,,Violence and sexual offences,Investigation complete; no suspect identified,
5e25b825ae4387a26fd303f0860b3b4a5beca34fe10cd38d48f1ca1e90b74025,2025-01,City of London Police,City of London Police,,,No Location,,,Violence and sexual offences,Unable to prosecute suspect,
cbec096552b16212534d114dd9af714ddaa7e8b8a7b7a0a399eb77ffe2bd0200,2025-01,City of London Police,City of London Police,,,No Location,,,Violence and sexual offences,Investigation complete; no suspect identified,
7af419cee36b1934d00f40b86e7166fb9f954f9fe0ca4d9d84ba9599edc9d5f7,2025-01,City of London Police,City of London Police,,,No Location,,,Violence and sexual offences,Investigation complete; no suspect identified,
4dceef6bff07dc40ad3b32e7093872b8f51963ee82b17bdfd5a3d40ea98ffa64,2025-01,City of London Police,City of London Police,,,No Location,,,Violence and sexual offences,Investigation complete; no suspect identified,
a4b3cece596efb3b3b123de6509d05adb85ca617bb7c9d952c0c2adf42b77c73,2025-01,City of London Police,City of London Police,,,No Location,,,Violence and sexual offences,Status update unavailable,
c3b50440f10aa02d1d727be8e3e716380187424e92356ff5620beff0c1a78275,2025-01,City of London Police,City of London Police,,,No Location,,,Violence and sexual offences,Investigation complete; no suspect identified,
376ec209d465f00279f289e87b6ec4cbd049b496e85b508e9fa96e66d9332af4,2025-01,City of London Police,City of London Police,,,No Location,,,Violence and sexual offences,Unable to prosecute suspect,
6a5130a3b6adce896bd954f21764bd25284a2d9dbed6dd5399c3c68d3b04c0c2,2025-01,City of London Police,City of London Police,,,No Location,,,Violence and sexual offences,Unable to prosecute suspect,
6b98ba0c2d8b29b24e8191dc938446a0d7942c912570178d76a174c474f39879,2025-01,City of London Police,City of London Police,,,No Location,,,Violence and sexual offences,Status update unavailable,
56becc974138ba73925aa8c7e8a011845825f78fc36ff1c2234df855ff150a53,2025-01,City of London Police,City of London Police,,,No Location,,,Violence and sexual offences,Investigation complete; no suspect identified,
f08de4673c5715b9163c388282b60fd19f03eca08967d1edb5eaa906035991ad,2025-01,City of London Police,City of London Police,,,No Location,,,Violence and sexual offences,Status update unavailable,
2558261fbb8d4ce28ac2e730d94926be68126d84b7a85182e22de2914e9d98f9,2025-01,City of London Police,City of London Police,,,No Location,,,Violence and sexual offences,Investigation complete; no suspect identified,
c2d678dae288a8beebbd178820c162332a71721737059cbbbf7ab7e260e650b2,2025-01,City of London Police,City of London Police,,,No Location,,,Violence and sexual offences,Court result unavailable,
d9e4932fa33ac1e01da801a7e8ed8834a858a1467791cc6b142f7f257db37ac3,2025-01,City of London Police,City of London Police,,,No Location,,,Violence and sexual offences,Unable to prosecute suspect,
57cb7b896da3bfafbf18dba76e09b10fa80b4abd806b3d6b2208edeb0e170228,2025-01,City of London Police,City of London Police,,,No Location,,,Other crime,Status update unavailable,
cdede94db360432158e0c27b8da9ce5dc557843526761cb4415bf0a30c80b793,2025-01,City of London Police,City of London Police,,,No Location,,,Other crime,Formal action is not in the public interest,
ad381068dd8a02eccf8127db404f0f5c5ae9837e13dfba7b07b0b9a3fe3fca90,2025-01,City of London Police,City of London Police,,,No Location,,,Other crime,Offender given a caution,
f2fc1e68b398620aac94bc8df578695f469851c2d032294dbc292a2e6563b929,2025-01,City of London Police,City of London Police,,,No Location,,,Other crime,Further action is not in the public interest,
5ff8ee94b9065b413961b58f695f044c2f1774f4454cdb1fed7bfe6b0259d682,2025-01,City of London Police,City of London Police,,,No Location,,,Other crime,Court result unavailable,
1b38bc565a82962512e35c4fe4608f1c18d6c03c942a9831f7c04e2b04d7e502,2025-01,City of London Police,City of London Police,,,No Location,,,Other crime,Status update unavailable,
