Crime ID,Month,Reported by,Falls within,Longitude,Latitude,Location,LSOA code,LSOA name,Crime type,Last outcome category,Context
279f546357bfe6387ee11ddb7ae7dfa7bb5b8869a26bee86d0d4dbb1e799167b,2025-02,City of London Police,City of London Police,-0.106220,51.518275,On or near B500,E01000916,Camden 027B,Theft from the person,Investigation complete; no suspect identified,
39275cdce8d27f8435e32cd7ea924b71e9356370df1cc9c4240759003bbbd816,2025-02,City of London Police,City of London Police,-0.113212,51.516841,On or near Old Square,E01000914,Camden 028B,Burglary,Investigation complete; no suspect identified,
9e9e753841640599e19698463ccbb38bb0f20983d9b2b61dd4eaafa0e8f0bc46,2025-02,City of London Police,City of London Police,-0.111596,51.518281,On or near Chancery Lane,E01000914,Camden 028B,Other theft,Investigation complete; no suspect identified,
44a730ec3aee48500495be2ccc2d219a567eaab964bb4bf38db979f25395be5d,2025-02,City of London Police,City of London Police,-0.111596,51.518281,On or near Chancery Lane,E01000914,Camden 028B,Theft from the person,Investigation complete; no suspect identified,
5e4cc320bf0c96cded38440a3c77b0c519828239d924ef227956dedd0e67ab83,2025-02,City of London Police,City of London Police,-0.128196,51.514537,On or near St Giles Passage,E01000919,Camden 028D,Theft from the person,Status update unavailable,
622eec169f3de38efccc126d10ad73609079070d5ca919c0184004aa2d457eae,2025-02,City of London Police,City of London Police,-0.097078,51.519045,On or near A1,E01000001,City of London 001A,Drugs,Local resolution,
8a2a3c949bbf69ea4361180fe60df91f14ac784e53ad5df6bcc19a19824e3d6f,2025-02,City of London Police,City of London Police,-0.097290,51.521575,On or near Fann Street,E01000001,City of London 001A,Other theft,Investigation complete; no suspect identified,
5228befd260f976d409640ac2d4d601a0a288ecac021037a4544f06de6c1a33d,2025-02,City of London Police,City of London Police,-0.097290,51.521575,On or near Fann Street,E01000001,City of London 001A,Other theft,Court result unavailable,
bfbeff511787bdb2f8daa46f8248931343a24d2cfab68d335f025d2c83246f54,2025-02,City of London Police,City of London Police,-0.097562,51.518864,On or near Parking Area,E01000001,City of London 001A,Other theft,Unable to prosecute suspect,
9bad406407e2f4bf92bcaeacea6872def76aef9a30d9ace1a852d507c5fce5a8,2025-02,City of London Police,City of London Police,-0.098519,51.517332,On or near Little Britain,E01000001,City of London 001A,Other theft,Investigation complete; no suspect identified,
70cdc792c5581ede72fbd300135a010e40cb426a2ae7794b4d6cc9307f0acde4,2025-02,City of London Police,City of London Police,-0.098519,51.517332,On or near Little Britain,E01000001,City of London 001A,Other theft,Unable to prosecute suspect,
6229c315d331ea55fd086cea8f5fe625aa8abce5f5035e9248d303e622fc380b,2025-02,City of London Police,City of London Police,-0.097506,51.521228,On or near Aldersgate Street,E01000001,City of London 001A,Theft from the person,Investigation complete; no suspect identified,
844feb4592b180a64396a414944b67d56ea4196f5d8f63029af802100ce1414f,2025-02,City of London Police,City of London Police,-0.097144,51.515062,On or near St Paul'S,E01000001,City of London 001A,Violence and sexual offences,Investigation complete; no suspect identified,
688e775920e98e4a94e460da0660848ce9af0d316581fe9a8e727091f36d1e44,2025-02,City of London Police,City of London Police,-0.092488,51.520598,On or near Silk Street,E01000002,City of London 001B,Bicycle theft,Investigation complete; no suspect identified,
2a9ac22cd0d57f8c71b774e76dea83d33d22dc706b582e21a73e4159ed6690b3,2025-02,City of London Police,City of London Police,-0.094130,51.519961,On or near Theatre/Concert Hall,E01000002,City of London 001B,Bicycle theft,Investigation complete; no suspect identified,
30b1e9d1d84f8edc04ddbcad8bd358f5e25ba712fb5db38dbf38b58342330d0a,2025-02,City of London Police,City of London Police,-0.094655,51.517369,On or near Parking Area,E01000002,City of London 001B,Criminal damage and arson,Investigation complete; no suspect identified,
33c968fcf1b2d86b1666c4cf24dd02cdc22f5fc278c0084f629fe36260cfad24,2025-02,City of London Police,City of London Police,-0.092971,51.516271,On or near Aldermanbury,E01000002,City of London 001B,Drugs,Court result unavailable,
975eb4e1f7119fa1dff9c2bfa5cde823ee015a1f63fcc63d0c75c0f4e99efeff,2025-02,City of London Police,City of London Police,-0.094655,51.517369,On or near Parking Area,E01000002,City of London 001B,Drugs,Court result unavailable,
b118931e881320e7c229cead0d32ceb9d71ff5900d2f9d772dca94652389bdc7,2025-02,City of London Police,City of London Police,-0.090105,51.520001,On or near Milton Court,E01000002,City of London 001B,Other theft,Investigation complete; no suspect identified,
d2d8e84ecb1253bf0ccc8ade7d580069ca406f8e07756ab1f69d79e372fe1638,2025-02,City of London Police,City of London Police,-0.092488,51.520598,On or near Silk Street,E01000002,City of London 001B,Other theft,Investigation complete; no suspect identified,
7a287200be9f61d7edeb8a5d80f3a4f7a77e14e700ff80c150e3fb3652cd7a6d,2025-02,City of London Police,City of London Police,-0.092971,51.516271,On or near Aldermanbury,E01000002,City of London 001B,Other theft,Unable to prosecute suspect,
9193b8ae707bd65f8fca3e32ab03837737c369276d16f755568e241a4a1a23b8,2025-02,City of London Police,City of London Police,-0.095704,51.516747,On or near Noble Street,E01000002,City of London 001B,Other theft,Status update unavailable,
8055afae356cedf987ad1e49031371ad4e0f20f69079f0506f87a3104fe8a436,2025-02,City of London Police,City of London Police,-0.092488,51.520598,On or near Silk Street,E01000002,City of London 001B,Other theft,Investigation complete; no suspect identified,
ea8b4335e7cdeea5e9357df78ae27e882b494249743256c498e0081326f78608,2025-02,City of London Police,City of London Police,-0.093919,51.519812,On or near Parking Area,E01000002,City of London 001B,Other theft,Court result unavailable,
0b590ae59965424c594de63d62bb464d452cb7871ba0ca47971e114c256f8d8b,2025-02,City of London Police,City of London Police,-0.094130,51.519961,On or near Theatre/Concert Hall,E01000002,City of London 001B,Other theft,Court result unavailable,
a45016dc838f796402ffbe5a11137923572d55ad6a745478b9f141f21f4fd2f7,2025-02,City of London Police,City of London Police,-0.092488,51.520598,On or near Silk Street,E01000002,City of London 001B,Other theft,Investigation complete; no suspect identified,
3552bf392e7e8a8e092911dcd594426870e953db0ced0c7d16776a1b46cdcfab,2025-02,City of London Police,City of London Police,-0.090553,51.518948,On or near Moor Lane,E01000002,City of London 001B,Other theft,Investigation complete; no suspect identified,
4f685e495b96c340c879f4ef31d73460723c08476a8148890c6e4cc1dbb9ed77,2025-02,City of London Police,City of London Police,-0.090105,51.520001,On or near Milton Court,E01000002,City of London 001B,Other theft,Status update unavailable,
73b703bb38fb0521e77853e36d2dcd3a61256254e1e89380fba7c2145018ddef,2025-02,City of London Police,City of London Police,-0.092971,51.516271,On or near Aldermanbury,E01000002,City of London 001B,Other theft,Status update unavailable,
2724a4fb9a0b2a01632860113d527b5b6d65cb2e9c5003632c651b1856f9ae67,2025-02,City of London Police,City of London Police,-0.094655,51.517369,On or near Parking Area,E01000002,City of London 001B,Public order,Status update unavailable,
51cb84b0e32b10c0f831e07e59344ad82d45756da52333f1011cd1d3b405cdbe,2025-02,City of London Police,City of London Police,-0.090553,51.518948,On or near Moor Lane,E01000002,City of London 001B,Public order,Unable to prosecute suspect,
c00c218f13ca015b0407d71c1d54d09c687593bf5b7166f2c71b9278cadab103,2025-02,City of London Police,City of London Police,-0.090553,51.518948,On or near Moor Lane,E01000002,City of London 001B,Public order,Investigation complete; no suspect identified,
26c825c2bed2b47003e40d2116f41016f05e079f5f5a48bed049f0f825de0b97,2025-02,City of London Police,City of London Police,-0.090553,51.518948,On or near Moor Lane,E01000002,City of London 001B,Shoplifting,Local resolution,
0998618b6bdc12616a0c2e798b3aad313acc94bbaee5450a34a6e5e8be6701f1,2025-02,City of London Police,City of London Police,-0.090553,51.518948,On or near Moor Lane,E01000002,City of London 001B,Shoplifting,Investigation complete; no suspect identified,
d628ca3bffb50a3e1706eca4441e889542218881daa785b63ef830e3e5c8814c,2025-02,City of London Police,City of London Police,-0.090553,51.518948,On or near Moor Lane,E01000002,City of London 001B,Shoplifting,Unable to prosecute suspect,
8fb5cc354dcbb5e7c562d09ea2d26ae93ebc8ce31349a0ccaf7ec202e8212ec3,2025-02,City of London Police,City of London Police,-0.090553,51.518948,On or near Moor Lane,E01000002,City of London 001B,Shoplifting,Investigation complete; no suspect identified,
f88c72df275e54bb607c8bfc187571328515da234551f24f25f82002223207ae,2025-02,City of London Police,City of London Police,-0.090553,51.518948,On or near Moor Lane,E01000002,City of London 001B,Shoplifting,Investigation complete; no suspect identified,
e985d6dc6cd07b5bb44e809c148b7f69fb2fc4d68cddfa670799bd7645f07cb7,2025-02,City of London Police,City of London Police,-0.090553,51.518948,On or near Moor Lane,E01000002,City of London 001B,Shoplifting,Investigation complete; no suspect identified,
d6094212be7b84314efb9162e944c87d38f6c5bda02b469b1818814871c3fbee,2025-02,City of London Police,City of London Police,-0.090553,51.518948,On or near Moor Lane,E01000002,City of London 001B,Shoplifting,Investigation complete; no suspect identified,
36a1fc90aa4b281199b8421f87c836e0df19f68d03c4c9810a839e2568b09ec6,2025-02,City of London Police,City of London Police,-0.090553,51.518948,On or near Moor Lane,E01000002,City of London 001B,Shoplifting,Court result unavailable,
365f317f9f1c78918160b2083c95b6988673628d681cf6e6bd33059c30b1b7ec,2025-02,City of London Police,City of London Police,-0.095704,51.516747,On or near Noble Street,E01000002,City of London 001B,Theft from the person,Investigation complete; no suspect identified,
069fd089b900752a5d6c3d27cad6ec79224a20303680a337186a162f3813b0fe,2025-02,City of London Police,City of London Police,-0.092971,51.516271,On or near Aldermanbury,E01000002,City of London 001B,Theft from the person,Investigation complete; no suspect identified,
917999351b116271b1c0ee2c256c5f8314384ef354ce75b82b303d724534b172,2025-02,City of London Police,City of London Police,-0.094130,51.519961,On or near Theatre/Concert Hall,E01000002,City of London 001B,Theft from the person,Investigation complete; no suspect identified,
9d6c197d2d29c2d6669b03e239e526158af33d16d35aa739d5afd7ba94d87f82,2025-02,City of London Police,City of London Police,-0.090553,51.518948,On or near Moor Lane,E01000002,City of London 001B,Violence and sexual offences,Status update unavailable,
23a3ecb2f65e94e5f936a602830e038bde699b5962209ec33dfd53a28a181fd0,2025-02,City of London Police,City of London Police,-0.092488,51.520598,On or near Silk Street,E01000002,City of London 001B,Violence and sexual offences,Unable to prosecute suspect,
732ff51d2b216401511306a4341ddd3ba0c45bac76f787200556140bff7d9666,2025-02,City of London Police,City of London Police,-0.093969,51.519300,On or near Park/Open Space,E01000002,City of London 001B,Violence and sexual offences,Unable to prosecute suspect,
ffe89563477f708d849b6f2ded7c42f1df1328ea431f2bb9a34b14eec66ccf7e,2025-02,City of London Police,City of London Police,-0.090553,51.518948,On or near Moor Lane,E01000002,City of London 001B,Violence and sexual offences,Investigation complete; no suspect identified,
f5cf2e782c43c2a46c7e86ad7302f30361bc7ebc9fcadfba368b30742a30f21b,2025-02,City of London Police,City of London Police,-0.092488,51.520598,On or near Silk Street,E01000002,City of London 001B,Violence and sexual offences,Court result unavailable,
622eec169f3de38efccc126d10ad73609079070d5ca919c0184004aa2d457eae,2025-02,City of London Police,City of London Police,-0.096984,51.522426,On or near Sports/Recreation Area,E01000003,City of London 001C,Drugs,Status update unavailable,
884f04e53edd713f1059d64587e14e32b4e6243baaa091b5b2df0dcab1780685,2025-02,City of London Police,City of London Police,-0.094759,51.521435,On or near Brackley Street,E01000003,City of London 001C,Public order,Investigation complete; no suspect identified,
78faf000b07bd661ff2386b8028162f34d205087a4575e476be9183c9e43bd2d,2025-02,City of London Police,City of London Police,-0.095758,51.521667,On or near Fann Street,E01000003,City of London 001C,Public order,Status update unavailable,
,2025-02,City of London Police,City of London Police,-0.073717,51.510084,On or near Shorter Street,E01000005,City of London 001E,Anti-social behaviour,,
029c172a253eb5e0c60d816a0978aea083b5535c957ff9d02f452ee846d7a92d,2025-02,City of London Police,City of London Police,-0.073531,51.513813,On or near Braham Street,E01000005,City of London 001E,Bicycle theft,Investigation complete; no suspect identified,
a7a25a8fc18c7c54d00a0f5203456ed7b28d0859a3ddc35b0c64fc266fc6853d,2025-02,City of London Police,City of London Police,-0.073531,51.513813,On or near Braham Street,E01000005,City of London 001E,Bicycle theft,Status update unavailable,
c718f19c1aaf72c52d22f70f92c760eb13053f5efe0582e5c6dec1704f45fd40,2025-02,City of London Police,City of London Police,-0.073456,51.513542,On or near Little Somerset Street,E01000005,City of London 001E,Burglary,Investigation complete; no suspect identified,
116ed1f1a7cbf45ae6e164f5d9797561905e366d9b366f20db50369c070c679a,2025-02,City of London Police,City of London Police,-0.075401,51.511164,On or near Supermarket,E01000005,City of London 001E,Burglary,Investigation complete; no suspect identified,
c7cd5410d1b2978f3acfb95c99a247a849ed2aaedf05a51ffc80517f6938aebf,2025-02,City of London Police,City of London Police,-0.076145,51.512642,On or near India Street,E01000005,City of London 001E,Burglary,Investigation complete; no suspect identified,
df4ef0f7a4d2a742fe7b46c99916d8d7b9a2ca505b9eeeb2b32b2fd0c8947e62,2025-02,City of London Police,City of London Police,-0.077511,51.515812,On or near Artizan Street,E01000005,City of London 001E,Criminal damage and arson,Investigation complete; no suspect identified,
33b03b76c4218fa62bf99102f1479dff28a5b840121ebc4dd5f3b021aa7ed079,2025-02,City of London Police,City of London Police,-0.073456,51.513542,On or near Little Somerset Street,E01000005,City of London 001E,Criminal damage and arson,Court result unavailable,
3ded4eaddc86ec2174977987bb0b4ceea756dfdb400cdd54d3ec44ba2621d1ab,2025-02,City of London Police,City of London Police,-0.074925,51.514924,On or near St Botolph Street,E01000005,City of London 001E,Criminal damage and arson,Unable to prosecute suspect,
e4f21be4df4821a01288fd8a2f7fe94fff845795c7c27942e25a94132b35a507,2025-02,City of London Police,City of London Police,-0.075866,51.511406,On or near America Square,E01000005,City of London 001E,Drugs,Local resolution,
33cb0ebeefb2e46cade7acc83ff609ba631c7c4e9655851c77aefba89fd5b816,2025-02,City of London Police,City of London Police,-0.074925,51.514924,On or near St Botolph Street,E01000005,City of London 001E,Drugs,Court result unavailable,
f392a51f270d1fafbb977ba8120a4e21cdaf30ec08de6e9bbe82368a4cb27a5e,2025-02,City of London Police,City of London Police,-0.074925,51.514924,On or near St Botolph Street,E01000005,City of London 001E,Drugs,Local resolution,
adb845633b6ab8fb80115da58e0ce04e6f773959b6ccff75df182d669f8b5ba8,2025-02,City of London Police,City of London Police,-0.074253,51.511037,On or near Goodman'S Court,E01000005,City of London 001E,Drugs,Court result unavailable,
c67c44c28566cc4ec33824fa87e6e89223fc5354bd9935a00662601450c9a4af,2025-02,City of London Police,City of London Police,-0.075453,51.511965,On or near Minories,E01000005,City of London 001E,Drugs,Local resolution,
33cb0ebeefb2e46cade7acc83ff609ba631c7c4e9655851c77aefba89fd5b816,2025-02,City of London Police,City of London Police,-0.076716,51.515178,On or near Gravel Lane,E01000005,City of London 001E,Drugs,Status update unavailable,
be64e1fc1e59b37f9be4ad82ceaaba2ea91d206541add152b27ff9f0a981a12e,2025-02,City of London Police,City of London Police,-0.075453,51.511965,On or near Minories,E01000005,City of London 001E,Drugs,Court result unavailable,
6b25107ab497b35be9a47c6dac472e7cce8385fddff78ead48c63f0f9691f7de,2025-02,City of London Police,City of London Police,-0.076145,51.512642,On or near India Street,E01000005,City of London 001E,Other theft,Investigation complete; no suspect identified,
70e059cebbf33db8b52aeb4aed64d9f3efea4d7abb9328ee79cdfda44e5c3371,2025-02,City of London Police,City of London Police,-0.075401,51.511164,On or near Supermarket,E01000005,City of London 001E,Other theft,Investigation complete; no suspect identified,
464a4a5c4488da21c6fb7776fe8358c74fff74be9ad6cc766bd78650d794a235,2025-02,City of London Police,City of London Police,-0.075401,51.511164,On or near Supermarket,E01000005,City of London 001E,Other theft,Investigation complete; no suspect identified,
b651b52bbf6576429f07cfed598062cace6fbb87d493dd0e17fd1c52bc0f83e6,2025-02,City of London Police,City of London Police,-0.076145,51.512642,On or near India Street,E01000005,City of London 001E,Other theft,Investigation complete; no suspect identified,
8de18b8644d7bacbdb0f69e856778ccc0447ba40fe6851aab71850539ae0cf4d,2025-02,City of London Police,City of London Police,-0.078839,51.515753,On or near Cutler Street,E01000005,City of London 001E,Other theft,Investigation complete; no suspect identified,
b14f137fea25a45c09de39a78e49fc587d6900b499122f5b7f0aaba7f7c34550,2025-02,City of London Police,City of London Police,-0.075453,51.511965,On or near Minories,E01000005,City of London 001E,Other theft,Investigation complete; no suspect identified,
a8d0225d1a20d3e14dc90c4c6cf39fde384ab2cd6fdd59d4784d8850258b89e7,2025-02,City of London Police,City of London Police,-0.077169,51.517083,On or near Strype Street,E01000005,City of London 001E,Other theft,Status update unavailable,
07a6a574ea14f719937f01938eb81068ecaba4a04860620028c054e659870eed,2025-02,City of London Police,City of London Police,-0.075453,51.511965,On or near Minories,E01000005,City of London 001E,Other theft,Investigation complete; no suspect identified,
40ddb23131e3a30a9850b0dae8820cd3f5e9bc0ed960462b6e45e058463ddb0c,2025-02,City of London Police,City of London Police,-0.077511,51.515812,On or near Artizan Street,E01000005,City of London 001E,Other theft,Status update unavailable,
0febe3ed29217eedc6b1563b2080fa5986f0a9707ff220412b7b8e1d1eb70b6b,2025-02,City of London Police,City of London Police,-0.074330,51.513647,On or near Little Somerset Street,E01000005,City of London 001E,Public order,Court result unavailable,
8f9b3ad6bcaa34d6b8a0d3ee9b4f9f1c89583d694b4ef8673495f17643887fae,2025-02,City of London Police,City of London Police,-0.074925,51.514924,On or near St Botolph Street,E01000005,City of London 001E,Public order,Status update unavailable,
76ae6d23fb7ace66eb60189b9da705860d4973bf81545cc7acc44176aaadcc7c,2025-02,City of London Police,City of London Police,-0.075401,51.511164,On or near Supermarket,E01000005,City of London 001E,Public order,Court result unavailable,
3fab3cc550ccb4f555626e9ea82469cec9e9fa81ec84640e45f32773c80d967e,2025-02,City of London Police,City of London Police,-0.073456,51.513542,On or near Little Somerset Street,E01000005,City of London 001E,Public order,Court result unavailable,
27e92627df9176ee81b816af4ff9766a238b77877f5da906fb1b3593c70053fc,2025-02,City of London Police,City of London Police,-0.077511,51.515812,On or near Artizan Street,E01000005,City of London 001E,Public order,Investigation complete; no suspect identified,
40ffbeab873fffa895ce051355c2e02d4647ac280b5686379c5840dcac3386e9,2025-02,City of London Police,City of London Police,-0.074925,51.514924,On or near St Botolph Street,E01000005,City of London 001E,Public order,Status update unavailable,
98bacd08064755d8223a73a330ef75d2f5a5b95c9cc5086c9ac70c25ed75242d,2025-02,City of London Police,City of London Police,-0.075401,51.511164,On or near Supermarket,E01000005,City of London 001E,Shoplifting,Status update unavailable,
8c097dd8564861de33b43e2a8475a9f758dd4e7fee5b4c0d1b8fff4b708c03e8,2025-02,City of London Police,City of London Police,-0.075401,51.511164,On or near Supermarket,E01000005,City of London 001E,Shoplifting,Court result unavailable,
2d9080cbffe75376b0c8f3ffda8331297960c4ba7ea23a116e4467836f278a34,2025-02,City of London Police,City of London Police,-0.075401,51.511164,On or near Supermarket,E01000005,City of London 001E,Shoplifting,Investigation complete; no suspect identified,
5893f22b5707b8888ac0c8087250cb421f815eebaeeab68740975e0f18e8ef66,2025-02,City of London Police,City of London Police,-0.075401,51.511164,On or near Supermarket,E01000005,City of London 001E,Shoplifting,Local resolution,
65b4139274a451e772cd11e0986395510b4919e13b093396ff229bdc38468778,2025-02,City of London Police,City of London Police,-0.075401,51.511164,On or near Supermarket,E01000005,City of London 001E,Shoplifting,Court result unavailable,
87d4bd6522ea7336226398cee902c00d537d6bc16f89b7c976db3c7dbaef5d63,2025-02,City of London Police,City of London Police,-0.074330,51.513647,On or near Little Somerset Street,E01000005,City of London 001E,Shoplifting,Investigation complete; no suspect identified,
f821054689ea67f4b5d190834d271ba8e60d04340be25c425789b8ad6cde737c,2025-02,City of London Police,City of London Police,-0.074330,51.513647,On or near Little Somerset Street,E01000005,City of London 001E,Shoplifting,Investigation complete; no suspect identified,
6b6459777241b2bd6a0171e432e411d5220825ee3099154f1e237d92b2dbd15d,2025-02,City of London Police,City of London Police,-0.075401,51.511164,On or near Supermarket,E01000005,City of London 001E,Shoplifting,Court result unavailable,
4361c0d95c91010075ede7e062521aebbc623dae523ec88fce11f75fbad703be,2025-02,City of London Police,City of London Police,-0.075401,51.511164,On or near Supermarket,E01000005,City of London 001E,Shoplifting,Court result unavailable,
60b6c4c007df51c2786c9d0a5bb370ba7bbfcca0304ce7e14430b6738252dd85,2025-02,City of London Police,City of London Police,-0.075401,51.511164,On or near Supermarket,E01000005,City of London 001E,Shoplifting,Investigation complete; no suspect identified,
f85480ed7e8df8186558b7cd98d37da4afc1662d641f482bfcac78e81c5247b0,2025-02,City of London Police,City of London Police,-0.075401,51.511164,On or near Supermarket,E01000005,City of London 001E,Shoplifting,Investigation complete; no suspect identified,
2db5c588c93906932835e883fd098b007a51715efa75ca970ff30ce431599ed0,2025-02,City of London Police,City of London Police,-0.075080,51.512625,On or near St Clare Street,E01000005,City of London 001E,Theft from the person,Investigation complete; no suspect identified,
08f3c04fed6798282417f0024fb8ff6cf1d8d56a9a2dad14903850a8140abc3f,2025-02,City of London Police,City of London Police,-0.074330,51.513647,On or near Little Somerset Street,E01000005,City of London 001E,Theft from the person,Investigation complete; no suspect identified,
b148cec6975737482f875a34b6f333c832447b2cb928c89ac6df618289c7f7e3,2025-02,City of London Police,City of London Police,-0.077169,51.517083,On or near Strype Street,E01000005,City of London 001E,Theft from the person,Investigation complete; no suspect identified,
7400ca057a728516a6a8b4a563cbabc3f601009125e7ee260981be78285a30dd,2025-02,City of London Police,City of London Police,-0.078839,51.515753,On or near Cutler Street,E01000005,City of London 001E,Violence and sexual offences,Status update unavailable,
d01824e4fbd221da9ac2e0ba60c4378f6d4f8b299b518621dd866e7b53325151,2025-02,City of London Police,City of London Police,-0.076145,51.512642,On or near India Street,E01000005,City of London 001E,Violence and sexual offences,Unable to prosecute suspect,
d37ab9bf7c57c4a75f1e86f386da2837167bccb4ce6ec694783ad106f5754425,2025-02,City of London Police,City of London Police,-0.076145,51.512642,On or near India Street,E01000005,City of London 001E,Violence and sexual offences,Unable to prosecute suspect,
903772f30a1bf1f13040e66b49f07b2cf4d655126105712210f810d813ff9136,2025-02,City of London Police,City of London Police,-0.074925,51.514924,On or near St Botolph Street,E01000005,City of London 001E,Violence and sexual offences,Unable to prosecute suspect,
b8cc91e914b77d44a73f6d7c41b795aaa4fe6d7d837cbd750ae9f89efcdb38db,2025-02,City of London Police,City of London Police,-0.078839,51.515753,On or near Cutler Street,E01000005,City of London 001E,Violence and sexual offences,Status update unavailable,
ea1e6fe36a5d512ecf47712fdaa86fb96c2d63ccbecdec6b83fa5603c14542f2,2025-02,City of London Police,City of London Police,-0.074330,51.513647,On or near Little Somerset Street,E01000005,City of London 001E,Violence and sexual offences,Status update unavailable,
14008bb4127ce26307777733417d332d9b7ae015500fe6770ffde2dd2f2b533f,2025-02,City of London Police,City of London Police,-0.075453,51.511965,On or near Minories,E01000005,City of London 001E,Violence and sexual offences,Status update unavailable,
ebd2d0d4a5bd4944906000ec084dea1bbd4f1615b05d3e752d6f588d64abdc91,2025-02,City of London Police,City of London Police,-0.074925,51.514924,On or near St Botolph Street,E01000005,City of London 001E,Violence and sexual offences,Unable to prosecute suspect,
15840cd71d48912d31dcf97322bc9c48932efa657df488506348994df321395c,2025-02,City of London Police,City of London Police,-0.078839,51.515753,On or near Cutler Street,E01000005,City of London 001E,Violence and sexual offences,Unable to prosecute suspect,
d12416d5ec9b9422fb2fff4484b1954834195a67dad1616d0f88fc19cd0fc3f5,2025-02,City of London Police,City of London Police,-0.076145,51.512642,On or near India Street,E01000005,City of London 001E,Violence and sexual offences,Unable to prosecute suspect,
,2025-02,City of London Police,City of London Police,-0.081902,51.517296,On or near Liverpool Street,E01032739,City of London 001F,Anti-social behaviour,,
,2025-02,City of London Police,City of London Police,-0.081973,51.515948,On or near A10,E01032739,City of London 001F,Anti-social behaviour,,
,2025-02,City of London Police,City of London Police,-0.081113,51.516869,On or near Bishopsgate,E01032739,City of London 001F,Anti-social behaviour,,
f98336c9f5355dd1e3dfc691a1d2f3e01a7b7ead45abd64b4115443bb46cd751,2025-02,City of London Police,City of London Police,-0.091410,51.510167,On or near Cousin Lane,E01032739,City of London 001F,Bicycle theft,Investigation complete; no suspect identified,
c9e86240d52c27129a2548bc117005831b8dbe47cdcbd74c849a0994799cb19a,2025-02,City of London Police,City of London Police,-0.086815,51.517007,On or near Circus Place,E01032739,City of London 001F,Bicycle theft,Investigation complete; no suspect identified,
c29e3cd5e3040fe365972f431ffd44996d28b9f7f4a9cce84b85cab693675a43,2025-02,City of London Police,City of London Police,-0.095224,51.513736,On or near Shopping Area,E01032739,City of London 001F,Bicycle theft,Investigation complete; no suspect identified,
7cb6cf432fe1b5f95871874bce2d558ab5044f8beb3c6db96b5ad5d1ac575acf,2025-02,City of London Police,City of London Police,-0.084836,51.511939,On or near Shopping Area,E01032739,City of London 001F,Bicycle theft,Investigation complete; no suspect identified,
61abc724561757a9fb09880c25bb76adfc93878345647dca6642caaad4cc9a61,2025-02,City of London Police,City of London Police,-0.086019,51.513631,On or near Finch Lane,E01032739,City of London 001F,Bicycle theft,Investigation complete; no suspect identified,
f5553dfc068c8f32f673813abbd1851ce750bcd67d8fbd8cf4211d635811c360,2025-02,City of London Police,City of London Police,-0.086815,51.517007,On or near Circus Place,E01032739,City of London 001F,Bicycle theft,Investigation complete; no suspect identified,
d7bdc07b170675416bf953f18202b80d68ee135d24b675bad0ab9a5d5859c6e1,2025-02,City of London Police,City of London Police,-0.081902,51.517296,On or near Liverpool Street,E01032739,City of London 001F,Bicycle theft,Investigation complete; no suspect identified,
131416fc80c9de5d29c2896a6ac02269a5766117412e98be69f07182bfd7762a,2025-02,City of London Police,City of London Police,-0.081973,51.515948,On or near A10,E01032739,City of London 001F,Bicycle theft,Investigation complete; no suspect identified,
18f4abdfaa51d152895f8c7b0208851228cb0e2684b58593fcc82b94785a9809,2025-02,City of London Police,City of London Police,-0.092531,51.512658,On or near Queen Street,E01032739,City of London 001F,Bicycle theft,Investigation complete; no suspect identified,
3cc004986e9cb5211782136de9424dd23b973abaf5cd05cc5600156d0ae66510,2025-02,City of London Police,City of London Police,-0.094070,51.513079,On or near Watling Street,E01032739,City of London 001F,Bicycle theft,Court result unavailable,
51dd8bc0c9348971212e3cd3e3cd19f3584fc6c45a15e8e82588c159341372d8,2025-02,City of London Police,City of London Police,-0.083349,51.514830,On or near Shopping Area,E01032739,City of London 001F,Bicycle theft,Investigation complete; no suspect identified,
f78d6de5e122c8cb4540ca8fe9324c92aaaa3ca68604302bcbae2295def5004d,2025-02,City of London Police,City of London Police,-0.086019,51.513631,On or near Finch Lane,E01032739,City of London 001F,Bicycle theft,Investigation complete; no suspect identified,
ec7585c4695a2598ee6a13e6b7b57a963b4af54ea3223d725e66681c9805b066,2025-02,City of London Police,City of London Police,-0.101589,51.513515,On or near Ludgate Square,E01032739,City of London 001F,Burglary,Status update unavailable,
67942837c2d89315e07d8a6479d305f7fcf80eed53d904a87f78e0b094971ad0,2025-02,City of London Police,City of London Police,-0.101589,51.513515,On or near Ludgate Square,E01032739,City of London 001F,Burglary,Status update unavailable,
efa319e91e97aaf7fb0e6fdd73a03de7a0ce84cb4b60eb050574f43d4d561fb5,2025-02,City of London Police,City of London Police,-0.079196,51.513789,On or near Creechurch Lane,E01032739,City of London 001F,Burglary,Unable to prosecute suspect,
f43946b89b451c64763835ea7a431c501bd27d4e6331600ed607f9353cb006f1,2025-02,City of London Police,City of London Police,-0.102134,51.513929,On or near Ludgate Hill,E01032739,City of London 001F,Burglary,Investigation complete; no suspect identified,
44b85af2d681b06eec93406a2812ae74a5fcfeb3dc239e8f91a3d91d89d128ed,2025-02,City of London Police,City of London Police,-0.078477,51.509965,On or near Muscovy Street,E01032739,City of London 001F,Burglary,Investigation complete; no suspect identified,
e911bf9546804ffc790c0cc5aae5e454e4b396b6b24d563be07ccb0d596d7f81,2025-02,City of London Police,City of London Police,-0.101589,51.513515,On or near Ludgate Square,E01032739,City of London 001F,Burglary,Investigation complete; no suspect identified,
b07ad3586cec18d405949a3863dfd3c1a4b34ad3d9e5626ad93a572baa658b10,2025-02,City of London Police,City of London Police,-0.102134,51.513929,On or near Ludgate Hill,E01032739,City of London 001F,Burglary,Unable to prosecute suspect,
214c3af758e83fa0115c59822912166ffef6c445f6da6c36ea96d6528588a5c6,2025-02,City of London Police,City of London Police,-0.084559,51.510316,On or near Botolph Lane,E01032739,City of London 001F,Burglary,Investigation complete; no suspect identified,
7f10114a72f7ccf5774b37ce261d41a55a8dc785bf2cc3a549af94690e621071,2025-02,City of London Police,City of London Police,-0.084754,51.512882,On or near Corbet Court,E01032739,City of London 001F,Burglary,Investigation complete; no suspect identified,
4b9c8f07a7ffff891a46b17efb677a8ee0783099fa66a9a821dd5eaebeeab5c8,2025-02,City of London Police,City of London Police,-0.102732,51.513426,On or near Ludgate Broadway,E01032739,City of London 001F,Burglary,Investigation complete; no suspect identified,
90d168f06488e73304c19fd58c39966e3db301970d101eccdee2049d607de125,2025-02,City of London Police,City of London Police,-0.087772,51.510665,On or near Martin Lane,E01032739,City of London 001F,Burglary,Status update unavailable,
07f206d969ef81a1ca6efdbfd033957a1f0bedd9c14a395615a9ebc678d28859,2025-02,City of London Police,City of London Police,-0.101393,51.512685,On or near St Andrew'S Hill,E01032739,City of London 001F,Burglary,Investigation complete; no suspect identified,
41c3fb20d43a612b888db0ddf6c85290046251b08d82dce3070589ce71bf5a6a,2025-02,City of London Police,City of London Police,-0.097291,51.514626,On or near Supermarket,E01032739,City of London 001F,Burglary,Investigation complete; no suspect identified,
f962995c158e8de1fff9105951dbd08114141d3d230530333f18f5be821213a3,2025-02,City of London Police,City of London Police,-0.091540,51.511896,On or near Cannon Street,E01032739,City of London 001F,Burglary,Investigation complete; no suspect identified,
83a21ce843361be73439fb906f3714deb2c0793f5ea672a5d61425121ab86696,2025-02,City of London Police,City of London Police,-0.082993,51.516360,On or near Wormwood Street,E01032739,City of London 001F,Burglary,Investigation complete; no suspect identified,
c3502ab8b03033146e259b9ae276c39b50542bd77c3c05f4c510620fc16826f8,2025-02,City of London Police,City of London Police,-0.077372,51.512590,On or near Carlisle Avenue,E01032739,City of London 001F,Burglary,Unable to prosecute suspect,
ff58f2133402bb8bd64736906fb946a393010c708d4798d780f5621ff579656b,2025-02,City of London Police,City of London Police,-0.084910,51.512588,On or near Bell Inn Yard,E01032739,City of London 001F,Burglary,Investigation complete; no suspect identified,
d6b6b1a3cb1ff54374b11ccca65a375dcac3abf4a1a47f64dd3445ca0d535f4e,2025-02,City of London Police,City of London Police,-0.079883,51.517326,On or near New Street,E01032739,City of London 001F,Criminal damage and arson,Investigation complete; no suspect identified,
188c8902bb1d097ea93580ad1a2e3da04106ac33358afecac7b5b5b7df356a00,2025-02,City of London Police,City of London Police,-0.084836,51.511939,On or near Shopping Area,E01032739,City of London 001F,Criminal damage and arson,Investigation complete; no suspect identified,
08fbccbb41721e34c3be2466fcf8b6c2882bdbecafe5764b543dcb0f4b44f7de,2025-02,City of London Police,City of London Police,-0.081113,51.516869,On or near Bishopsgate,E01032739,City of London 001F,Criminal damage and arson,Investigation complete; no suspect identified,
0464a4c5fc0448c819152769bd9cf43580ffec47994053e7db6dbb34fa61cf73,2025-02,City of London Police,City of London Police,-0.079907,51.517785,On or near Victoria Avenue,E01032739,City of London 001F,Criminal damage and arson,Unable to prosecute suspect,
7e740ccda656b1eb6c587de57e58eb393bfaabbb74e5ed2432a087535f1192d9,2025-02,City of London Police,City of London Police,-0.091540,51.511896,On or near Cannon Street,E01032739,City of London 001F,Criminal damage and arson,Status update unavailable,
62ebec370dfb5674fccadf3bdaa9f03c3475ea89bf4f1437b407654ddb4efb51,2025-02,City of London Police,City of London Police,-0.084559,51.510316,On or near Botolph Lane,E01032739,City of London 001F,Criminal damage and arson,Investigation complete; no suspect identified,
cef7359b9900ce5e2f3568fe449a6a275b9f2655e521518a162a2fbcc3f80f99,2025-02,City of London Police,City of London Police,-0.077372,51.512590,On or near Carlisle Avenue,E01032739,City of London 001F,Criminal damage and arson,Investigation complete; no suspect identified,
c09ba3a38d6d8a01c0c98f68a9d06e4c267463edfa3e0fe2143ca7aab1399a2e,2025-02,City of London Police,City of London Police,-0.092633,51.509872,On or near Bell Wharf Lane,E01032739,City of London 001F,Criminal damage and arson,Status update unavailable,
598ae6ad29553282f9665aea2aaac39f8d3415c1e9433f8585cec67dc19b3002,2025-02,City of London Police,City of London Police,-0.079521,51.511196,On or near New London Street,E01032739,City of London 001F,Criminal damage and arson,Investigation complete; no suspect identified,
301472b6aa6c2a285e6f8cd0ef46a47e4a30094035b27bb2cedf26305c9dc20b,2025-02,City of London Police,City of London Police,-0.078424,51.518093,On or near Widegate Street,E01032739,City of London 001F,Criminal damage and arson,Investigation complete; no suspect identified,
e67522fb97d1253969b8768deb13b605eb89c668c1024738e14c4a31d94a9b62,2025-02,City of London Police,City of London Police,-0.100201,51.513286,On or near Dean'S Court,E01032739,City of London 001F,Criminal damage and arson,Unable to prosecute suspect,
58d0d008b0b17fb0ef997b5c2e3d010e1389e23daac8286a77ead08cc37e6e05,2025-02,City of London Police,City of London Police,-0.095224,51.513736,On or near Shopping Area,E01032739,City of London 001F,Criminal damage and arson,Local resolution,
6f4e15a91f9f330c12d9ea9e0761e67fd54aec7a40aa93889c852a86c8afc7e1,2025-02,City of London Police,City of London Police,-0.087157,51.512624,On or near Lombard Street,E01032739,City of London 001F,Criminal damage and arson,Investigation complete; no suspect identified,
8298736c296e987afe3da7ab4eb04f62d60bca5e6242143db6092169d9049b63,2025-02,City of London Police,City of London Police,-0.100588,51.512636,On or near Addle Hill,E01032739,City of London 001F,Criminal damage and arson,Investigation complete; no suspect identified,
ce9496b964460477e24195829a3ca00fe2dbbe567214ad4b48827595c0dd17f6,2025-02,City of London Police,City of London Police,-0.081113,51.516869,On or near Bishopsgate,E01032739,City of London 001F,Drugs,Court result unavailable,
eae61bdc3dfd4ceb7e8f1b4d9814525845250cf41494e41ab2dc25aac6957675,2025-02,City of London Police,City of London Police,-0.090578,51.509722,On or near Allhallows Lane,E01032739,City of London 001F,Drugs,Status update unavailable,
ca868b0360a941f2bd41578c983f0a07569651f0048bd403c7d17d6dc7a3cc58,2025-02,City of London Police,City of London Police,-0.097291,51.514626,On or near Supermarket,E01032739,City of London 001F,Drugs,Local resolution,
f096f6e8b74d6cd2bc6b3dcfa71cb8e13b2e09bc5c1caa70cd3893e61fda6d1c,2025-02,City of London Police,City of London Police,-0.081113,51.516869,On or near Bishopsgate,E01032739,City of London 001F,Drugs,Local resolution,
c8c18ed6cb586b7d0961a0a670914ea0c04b9facc9a6188c750097e287985f93,2025-02,City of London Police,City of London Police,-0.077563,51.517656,On or near Sandy'S Row,E01032739,City of London 001F,Drugs,Unable to prosecute suspect,
6638c69c543bc90356fa32a4f09888379502bcdc52b31dc9fa204d8acb155666,2025-02,City of London Police,City of London Police,-0.095224,51.513736,On or near Shopping Area,E01032739,City of London 001F,Drugs,Further investigation is not in the public interest,
069514286acb355f0d67f96f323ff675961f5ba42dfa3dc519f51336e73613e9,2025-02,City of London Police,City of London Police,-0.082993,51.516360,On or near Wormwood Street,E01032739,City of London 001F,Drugs,Further investigation is not in the public interest,
e24f5bf73a2614032da950d8f094957415946e8b8fa78202577f40e57b3a6393,2025-02,City of London Police,City of London Police,-0.097291,51.514626,On or near Supermarket,E01032739,City of London 001F,Drugs,Status update unavailable,
dde63263072625d8f69c94b3eee61e43c6e8c2802805d1db18d170eaee343752,2025-02,City of London Police,City of London Police,-0.097291,51.514626,On or near Supermarket,E01032739,City of London 001F,Drugs,Status update unavailable,
55d1c0b6a03b6f70bea2525aaff0ff9511ad527e0850f015d7f88ae624c59dcd,2025-02,City of London Police,City of London Police,-0.081113,51.516869,On or near Bishopsgate,E01032739,City of London 001F,Drugs,Court result unavailable,
28a72fb232f72ac9fa25b21488508ed0672ba7de739724b208d715f1e457705c,2025-02,City of London Police,City of London Police,-0.079907,51.517785,On or near Victoria Avenue,E01032739,City of London 001F,Drugs,Further investigation is not in the public interest,
aa22136d820a102ce0ef4112fc4f335440f6c527b9c4d9c1125fdb4b4bfea337,2025-02,City of London Police,City of London Police,-0.082993,51.516360,On or near Wormwood Street,E01032739,City of London 001F,Drugs,Court result unavailable,
371e1bff97a81498abce162de540951bf51bca0ae986037467d349f4ab5cb366,2025-02,City of London Police,City of London Police,-0.081113,51.516869,On or near Bishopsgate,E01032739,City of London 001F,Drugs,Offender given a caution,
6487139c4c1a109b243d080e1ed0654ab260136b678bebc9101fdb8724888a17,2025-02,City of London Police,City of London Police,-0.097291,51.514626,On or near Supermarket,E01032739,City of London 001F,Drugs,Local resolution,
dfe9685188b7c2ad8d7ea048422fb7ba7197d455d8a1684957293605b77b7297,2025-02,City of London Police,City of London Police,-0.089808,51.517461,On or near London Wall,E01032739,City of London 001F,Drugs,Unable to prosecute suspect,
37c26f46517c5238f1de5ce29c990c08f83b462468a907be369c4f09f577665c,2025-02,City of London Police,City of London Police,-0.095224,51.513736,On or near Shopping Area,E01032739,City of London 001F,Drugs,Formal action is not in the public interest,
d252f33c3e5df594bd63d5dcbf0ff4756a4ad43aff1f24facf31c73a1d953ec2,2025-02,City of London Police,City of London Police,-0.091540,51.511896,On or near Cannon Street,E01032739,City of London 001F,Drugs,Local resolution,
c816a97d621a758eddfd9c649fe0215dcddd7bd80697e573db622861da977c77,2025-02,City of London Police,City of London Police,-0.077563,51.517656,On or near Sandy'S Row,E01032739,City of London 001F,Drugs,Court result unavailable,
e126ad8853a68f1f60967f1ede8c1a0c4e2a1a96fa1252044110cd9796d55aae,2025-02,City of London Police,City of London Police,-0.084844,51.509700,On or near Monument Street,E01032739,City of London 001F,Other theft,Investigation complete; no suspect identified,
aacce08ce09bf997bf5fc8c3e4a2ac776667351e0802e03808380ee812ad1d88,2025-02,City of London Police,City of London Police,-0.085228,51.511190,On or near Talbot Court,E01032739,City of London 001F,Other theft,Status update unavailable,
5d4dbf9e4a3a0136df7dfa256e790932182bc32754111a34a0bafa87c7e08538,2025-02,City of London Police,City of London Police,-0.082993,51.516360,On or near Wormwood Street,E01032739,City of London 001F,Other theft,Status update unavailable,
824a143dbe0b7e7dfff9204c17eb2a576afbb546a7fa211335c030a6e2067cba,2025-02,City of London Police,City of London Police,-0.078278,51.513666,On or near Mitre Street,E01032739,City of London 001F,Other theft,Investigation complete; no suspect identified,
b6bdacc2b62c4ed7760d52828a3f0ac26415d8a2b0a1e92337170587d21fc3b2,2025-02,City of London Police,City of London Police,-0.100201,51.513286,On or near Dean'S Court,E01032739,City of London 001F,Other theft,Investigation complete; no suspect identified,
3b1983b28f6822f76015ad4ca040ee0c43cadd039b20eaee75a1f2cd75dc5f55,2025-02,City of London Police,City of London Police,-0.091947,51.513188,On or near Pancras Lane,E01032739,City of London 001F,Other theft,Investigation complete; no suspect identified,
442205afafd4b53fd7ae7b90141180bb439d26267beabee61f63f0e0bba4168b,2025-02,City of London Police,City of London Police,-0.092531,51.512658,On or near Queen Street,E01032739,City of London 001F,Other theft,Court result unavailable,
9f32358a3158e88909a218b97e19df2a0592215095fbf3b1be6d94e111304547,2025-02,City of London Police,City of London Police,-0.086019,51.513631,On or near Finch Lane,E01032739,City of London 001F,Other theft,Investigation complete; no suspect identified,
c8ff6f6d34e97e4a2a907612c0c4f9052eb9bcacbcb8c4aa36eac8dfcc5656f2,2025-02,City of London Police,City of London Police,-0.078755,51.518440,On or near Artillery Lane,E01032739,City of London 001F,Other theft,Court result unavailable,
5a65e91726a038d874b024085eddaeb62412f3293383dbb90a3901a98789eca7,2025-02,City of London Police,City of London Police,-0.081113,51.516869,On or near Bishopsgate,E01032739,City of London 001F,Other theft,Investigation complete; no suspect identified,
0c943b995a1b9ec8caa4b382e073a381795aa4d5b3f67fafae6fa4d5a69eb10e,2025-02,City of London Police,City of London Police,-0.102847,51.512717,On or near Playhouse Yard,E01032739,City of London 001F,Other theft,Investigation complete; no suspect identified,
668df33b4139795fe3035078cc7f067c83279cc426e1320ef608e3b24f1407d8,2025-02,City of London Police,City of London Police,-0.079883,51.517326,On or near New Street,E01032739,City of London 001F,Other theft,Investigation complete; no suspect identified,
faf64f42c425dd2c670a6ad6684681837782583bd68c9d3efd6e2371fc76cc74,2025-02,City of London Police,City of London Police,-0.084754,51.512882,On or near Corbet Court,E01032739,City of London 001F,Other theft,Investigation complete; no suspect identified,
37214df67120a7edbf0618b81b81b4fd24fc6243986cbe1d8e638216615d2600,2025-02,City of London Police,City of London Police,-0.079127,51.509607,On or near Byward Street,E01032739,City of London 001F,Other theft,Investigation complete; no suspect identified,
2b1a0a6c3eb31e615bb3e0c3645d216450a2969420069f944aad0c316d2ab117,2025-02,City of London Police,City of London Police,-0.081643,51.510070,On or near Great Tower Street,E01032739,City of London 001F,Other theft,Investigation complete; no suspect identified,
abafe62154bd110173e71a8db472bc0b00693f94ef211601e54dca2aae34a21f,2025-02,City of London Police,City of London Police,-0.094070,51.513079,On or near Watling Street,E01032739,City of London 001F,Other theft,Investigation complete; no suspect identified,
9193b8ae707bd65f8fca3e32ab03837737c369276d16f755568e241a4a1a23b8,2025-02,City of London Police,City of London Police,-0.085089,51.512105,On or near Gracechurch Street,E01032739,City of London 001F,Other theft,Court result unavailable,
cade57198efe0adb42045d2912c4d4a4166f127571cbbb5d7b12a6c179db8ba0,2025-02,City of London Police,City of London Police,-0.084910,51.512588,On or near Bell Inn Yard,E01032739,City of London 001F,Other theft,Investigation complete; no suspect identified,
bb6bd82c91ed91b7728e02fee605fc1fd8a96157ea8dc11da8f7585ddc927721,2025-02,City of London Police,City of London Police,-0.094070,51.513079,On or near Watling Street,E01032739,City of London 001F,Other theft,Unable to prosecute suspect,
586a2fff54c9346614ee6b4243206d7d1a5bce8b531617b411d859c7a7bbb7d3,2025-02,City of London Police,City of London Police,-0.081512,51.518692,On or near London Liverpool Street,E01032739,City of London 001F,Other theft,Investigation complete; no suspect identified,
74f3555c9ea7cba2c7371662d0e140e3d3965e7e1551b66c5b5a0267300d5df0,2025-02,City of London Police,City of London Police,-0.100201,51.513286,On or near Dean'S Court,E01032739,City of London 001F,Other theft,Investigation complete; no suspect identified,
2339ee4342eeb4658e9118e2c1b2948c24a5771d20a7fc8e3a93d63e1d98bfa3,2025-02,City of London Police,City of London Police,-0.080291,51.514814,On or near Bury Court,E01032739,City of London 001F,Other theft,Investigation complete; no suspect identified,
b70ff105d3c59ac261a561732513c08303aadee0ae4db0f8bd5ead53820f40ed,2025-02,City of London Police,City of London Police,-0.085089,51.512105,On or near Gracechurch Street,E01032739,City of London 001F,Other theft,Unable to prosecute suspect,
f8c66b5e2772fe44a70c9f5f15182ee75eeacb45b44bcb7a8e13ce9ea17355ba,2025-02,City of London Police,City of London Police,-0.095924,51.513882,On or near Shopping Area,E01032739,City of London 001F,Other theft,Investigation complete; no suspect identified,
3232f0b2ff4d4e4eb91eae97a7a3f46701ba8381340cd3189aaf09bdd0ae914c,2025-02,City of London Police,City of London Police,-0.089208,51.509744,On or near Angel Lane,E01032739,City of London 001F,Other theft,Investigation complete; no suspect identified,
de41ab27c1f6039855dca4529da5b6afa817eb11151043a65965cd02b02babb7,2025-02,City of London Police,City of London Police,-0.089208,51.509744,On or near Angel Lane,E01032739,City of London 001F,Other theft,Investigation complete; no suspect identified,
dbfd5587c1ae3b6ee677f0f9cfb0b7817f4a7fc28d6d13ac320f4ff5245f0048,2025-02,City of London Police,City of London Police,-0.086815,51.517007,On or near Circus Place,E01032739,City of London 001F,Other theft,Investigation complete; no suspect identified,
1c48f2a3b25b469517a0daaf68e817e23cd86cb058f060b9edfb415cb3fbe0b9,2025-02,City of London Police,City of London Police,-0.087157,51.512624,On or near Lombard Street,E01032739,City of London 001F,Other theft,Court result unavailable,
397afe353bd89160e4635f062e147284eb34e2039ecad43966133c4c0586ba63,2025-02,City of London Police,City of London Police,-0.087744,51.516492,On or near Copthall Avenue,E01032739,City of London 001F,Other theft,Investigation complete; no suspect identified,
66fa551719dd90085ff719ca5bfc7ba47b9b7e10d5ca6d801dcb82c2d31ea31b,2025-02,City of London Police,City of London Police,-0.077070,51.510877,On or near Cooper'S Row,E01032739,City of London 001F,Other theft,Investigation complete; no suspect identified,
1d46e49799b829cc3fd0c36b5adfabd3cfa89a459681c1da912f70088bde69cf,2025-02,City of London Police,City of London Police,-0.086019,51.513631,On or near Finch Lane,E01032739,City of London 001F,Other theft,Investigation complete; no suspect identified,
5bc7ae02fae52894dee0aa650550ab438a64116a9cecb121dd68359345e73ea8,2025-02,City of London Police,City of London Police,-0.089822,51.516103,On or near Coleman Street,E01032739,City of London 001F,Other theft,Investigation complete; no suspect identified,
b226f015a866a3f76c103fcfd8d060a19f74ef9feee5174352a825c1deff938a,2025-02,City of London Police,City of London Police,-0.086019,51.513631,On or near Finch Lane,E01032739,City of London 001F,Other theft,Investigation complete; no suspect identified,
c34a2d587b4a9e935051e79bfe7dab27e5909301b474333045720a03e4e3d54f,2025-02,City of London Police,City of London Police,-0.084836,51.511939,On or near Shopping Area,E01032739,City of London 001F,Other theft,Investigation complete; no suspect identified,
fdb432c893c836aa57b7d7ccd1b1ee7fbd2dfafa72389676eb99a853cfd54178,2025-02,City of London Police,City of London Police,-0.085228,51.511190,On or near Talbot Court,E01032739,City of London 001F,Other theft,Investigation complete; no suspect identified,
09aec81169d4b46482fcc1eb0910c8484536fd28e2db8eef928380ab9c597cd0,2025-02,City of London Police,City of London Police,-0.100201,51.513286,On or near Dean'S Court,E01032739,City of London 001F,Other theft,Investigation complete; no suspect identified,
17ae034e64ee1159edf4cbf851d7f762cf489d544dcc72d0058ad5731577c7ee,2025-02,City of London Police,City of London Police,-0.079907,51.517785,On or near Victoria Avenue,E01032739,City of London 001F,Other theft,Investigation complete; no suspect identified,
bf07676d743ff8e3bb575e2e5754788ab0fbe39ad56b32b038fc5603d3cf4942,2025-02,City of London Police,City of London Police,-0.101475,51.511077,On or near A3211,E01032739,City of London 001F,Other theft,Investigation complete; no suspect identified,
9742832bd2d369d28a1d5e4d14d9accdf7e624318d29d7279eacd0a18a2a0e12,2025-02,City of London Police,City of London Police,-0.081643,51.510070,On or near Great Tower Street,E01032739,City of London 001F,Other theft,Investigation complete; no suspect identified,
c420de163ad975908052175f5f0b012e708dd4bf49faa065b57382b1251aac7e,2025-02,City of London Police,City of London Police,-0.079138,51.508312,On or near Lower Thames Street,E01032739,City of London 001F,Other theft,Investigation complete; no suspect identified,
332123c67b8851f3b3c86119c73d58a7072fee2c9183765348dcde066284b4ad,2025-02,City of London Police,City of London Police,-0.079907,51.517785,On or near Victoria Avenue,E01032739,City of London 001F,Other theft,Investigation complete; no suspect identified,
4bd8862f327caa3023320c309907ab0bbc60b5d22bf4dc11d92a3a178b4a6c66,2025-02,City of London Police,City of London Police,-0.084754,51.512882,On or near Corbet Court,E01032739,City of London 001F,Other theft,Investigation complete; no suspect identified,
8d59c307b4fdbb555e1bf0dd39d8b3c1e1b613ce996976b16384719d849cbf6b,2025-02,City of London Police,City of London Police,-0.083977,51.510441,On or near Lovat Lane,E01032739,City of London 001F,Other theft,Investigation complete; no suspect identified,
057416e0c79e97863b0f09b79388b6f75dc44ea5ba7da8e6a26bcea404408fe8,2025-02,City of London Police,City of London Police,-0.083977,51.510441,On or near Lovat Lane,E01032739,City of London 001F,Other theft,Court result unavailable,
fbc7713984073e9299efd8f3dd79918b45b9833e1bf34bd53c07db4e14992db5,2025-02,City of London Police,City of London Police,-0.086019,51.513631,On or near Finch Lane,E01032739,City of London 001F,Other theft,Investigation complete; no suspect identified,
ec7348853b1ae71162fc48ff7c9d871e50d28cfdc15cb1f92567aeacf97f916d,2025-02,City of London Police,City of London Police,-0.077985,51.518239,On or near Sandy'S Row,E01032739,City of London 001F,Other theft,Investigation complete; no suspect identified,
4513070aa18191c78c4e787a1ef9cd5b4218c0b2fbb96f9fd3b8c6ab6592ee63,2025-02,City of London Police,City of London Police,-0.081512,51.518692,On or near London Liverpool Street,E01032739,City of London 001F,Other theft,Investigation complete; no suspect identified,
02495d3fdded00f8de3b403d02914a40f502aad1c5cc426206064ac06b7ef94c,2025-02,City of London Police,City of London Police,-0.095924,51.513882,On or near Shopping Area,E01032739,City of London 001F,Other theft,Investigation complete; no suspect identified,
597c309e22314765ca6a40e637f4be9108a819713e28f55742903d6704b4b387,2025-02,City of London Police,City of London Police,-0.089479,51.510864,On or near Gophir Lane,E01032739,City of London 001F,Other theft,Investigation complete; no suspect identified,
caf15cecbd154757930f36034660dac151a91cb3dd9ce96aaccda7c6dbc80d6d,2025-02,City of London Police,City of London Police,-0.084754,51.512882,On or near Corbet Court,E01032739,City of London 001F,Other theft,Investigation complete; no suspect identified,
f11ba68b4d094dcdee26b296fe50ae72aad3e6042d96175a7ca5a458ef9ee372,2025-02,City of London Police,City of London Police,-0.083977,51.510441,On or near Lovat Lane,E01032739,City of London 001F,Other theft,Investigation complete; no suspect identified,
f79f5e563a8abea43ef4ed521b1572c63ce01497ba0a3f2e5694989949632703,2025-02,City of London Police,City of London Police,-0.102134,51.513929,On or near Ludgate Hill,E01032739,City of London 001F,Other theft,Investigation complete; no suspect identified,
78df21145ad9383a19c07ebb9b1a25258ab7a15bb47eaa8096ad6eb6e70cd978,2025-02,City of London Police,City of London Police,-0.097176,51.510836,On or near Trig Lane,E01032739,City of London 001F,Other theft,Status update unavailable,
175ab2d1ce456ef269bf8410163a790afd12149ce299d4af123a263dfa3d0cfc,2025-02,City of London Police,City of London Police,-0.081113,51.516869,On or near Bishopsgate,E01032739,City of London 001F,Other theft,Investigation complete; no suspect identified,
619e44d362a89c15e27be3a684fab64c2569f2be805fe6aa5f22e343aaf5196a,2025-02,City of London Police,City of London Police,-0.078755,51.518440,On or near Artillery Lane,E01032739,City of London 001F,Other theft,Investigation complete; no suspect identified,
66123eec4a720f262734a2a3d09db64c0d1f413804d575d1be17d7efed899013,2025-02,City of London Police,City of London Police,-0.087157,51.512624,On or near Lombard Street,E01032739,City of London 001F,Other theft,Investigation complete; no suspect identified,
e7b53e7d7bebd7aa790559324d1bfe1f1a9909e1c79f186649ed24786e3b7710,2025-02,City of London Police,City of London Police,-0.085228,51.511190,On or near Talbot Court,E01032739,City of London 001F,Other theft,Investigation complete; no suspect identified,
201cc459f02311cbed34312ca4bc2da156f792c9c6139826a142bbfc32fe95f2,2025-02,City of London Police,City of London Police,-0.101589,51.513515,On or near Ludgate Square,E01032739,City of London 001F,Other theft,Investigation complete; no suspect identified,
2251c6b26d981ac39c783c1f8a140c914084fdc7f4101042bdb2f227035772c8,2025-02,City of London Police,City of London Police,-0.077372,51.512590,On or near Carlisle Avenue,E01032739,City of London 001F,Other theft,Unable to prosecute suspect,
d992ccf4dd8728b51b4e4f520710e1b2e4ea24f4da32af695365086f7ba3e136,2025-02,City of London Police,City of London Police,-0.082133,51.515222,On or near St Helen'S Place,E01032739,City of London 001F,Other theft,Investigation complete; no suspect identified,
c9fc790b80c64fe13e54429b444ce17061ae722cf0ce746f3a081b5d05f0ec8d,2025-02,City of London Police,City of London Police,-0.102134,51.513929,On or near Ludgate Hill,E01032739,City of London 001F,Other theft,Investigation complete; no suspect identified,
1dd4c348e44e88c1ba2411a4fa52e0b058324a36d64dd01459762741458d29db,2025-02,City of London Police,City of London Police,-0.086019,51.513631,On or near Finch Lane,E01032739,City of London 001F,Other theft,Investigation complete; no suspect identified,
e3a20ee0d95b919fead43f01866fbf7883160b83db6dd75cb120d402e6c66a65,2025-02,City of London Police,City of London Police,-0.081512,51.518692,On or near London Liverpool Street,E01032739,City of London 001F,Other theft,Investigation complete; no suspect identified,
57da7551394a816d68e36a28df974e9b84ed33627fc78229b630436c3461b77f,2025-02,City of London Police,City of London Police,-0.077959,51.511332,On or near Crutched Friars,E01032739,City of London 001F,Other theft,Investigation complete; no suspect identified,
8ca40238d6857e5a9f2f495c5f092bc1b4805692cb5dd8f6268f94f0da5e879d,2025-02,City of London Police,City of London Police,-0.097291,51.514626,On or near Supermarket,E01032739,City of London 001F,Other theft,Investigation complete; no suspect identified,
2cf9d6af0e4563ea255434520d542c76381c24aeb2bcbf98ead0a2d3b3e7559b,2025-02,City of London Police,City of London Police,-0.084559,51.510316,On or near Botolph Lane,E01032739,City of London 001F,Other theft,Status update unavailable,
d836e73f11c1df9c90549552f5e0f37f5c178dbdc48371f953d16282a9993b64,2025-02,City of London Police,City of London Police,-0.082993,51.516360,On or near Wormwood Street,E01032739,City of London 001F,Other theft,Investigation complete; no suspect identified,
190f843c28c74a406d9d93ad144a4277c5f5130979a7efda9280aa971964ed67,2025-02,City of London Police,City of London Police,-0.079907,51.517785,On or near Victoria Avenue,E01032739,City of London 001F,Other theft,Status update unavailable,
a64811b8a6650cbae7ebf4a5b62a4e56995fd558e65e8bd438b2f50fb9d5b554,2025-02,City of London Police,City of London Police,-0.081643,51.510070,On or near Great Tower Street,E01032739,City of London 001F,Other theft,Investigation complete; no suspect identified,
6c72eea4a2a475f3195603e167c981e5e21c050772264dcd35da76235dd20647,2025-02,City of London Police,City of London Police,-0.077985,51.518239,On or near Sandy'S Row,E01032739,City of London 001F,Other theft,Investigation complete; no suspect identified,
8cc4782670c5d22d909f1e51e1fe97b01ccb6073505f79f4fae88e4dab402cd8,2025-02,City of London Police,City of London Police,-0.082993,51.516360,On or near Wormwood Street,E01032739,City of London 001F,Other theft,Investigation complete; no suspect identified,
2b044440bd9f4bd5ca830d5be2261640c3e45b30e5a3347521d92b44049a1a03,2025-02,City of London Police,City of London Police,-0.084754,51.512882,On or near Corbet Court,E01032739,City of London 001F,Other theft,Court result unavailable,
45f7c65837383e7551696584af4ffc0a43b280aaec0965785fb336c789054006,2025-02,City of London Police,City of London Police,-0.079883,51.517326,On or near New Street,E01032739,City of London 001F,Other theft,Investigation complete; no suspect identified,
31a8db0f4ecbc27ebc534b8f4adc039052da16e21eb3404429771d43d59cf939,2025-02,City of London Police,City of London Police,-0.092531,51.512658,On or near Queen Street,E01032739,City of London 001F,Other theft,Status update unavailable,
f22bdad3534c3968c41cc206e25c1ceae786612f9e8d96b59fd404e7015ff479,2025-02,City of London Police,City of London Police,-0.085228,51.511190,On or near Talbot Court,E01032739,City of London 001F,Other theft,Investigation complete; no suspect identified,
f719147120a4249c96f3983f39eaae58b112b188b0c6472d5d45de00cda1f41c,2025-02,City of London Police,City of London Police,-0.079521,51.511196,On or near New London Street,E01032739,City of London 001F,Other theft,Investigation complete; no suspect identified,
ddf1bdf5eaea422abc208a49a255b5452165732c42fcedca5405f8bdc3a035ea,2025-02,City of London Police,City of London Police,-0.097291,51.514626,On or near Supermarket,E01032739,City of London 001F,Other theft,Court result unavailable,
571f079e5518a554b1926686a2591c72a4de3ca327afdb9693c02f9ad4be563e,2025-02,City of London Police,City of London Police,-0.088456,51.514975,On or near Tokenhouse Yard,E01032739,City of London 001F,Other theft,Status update unavailable,
6f7ad3a023e1e50a3f95d55a9ed84604a3d512df8a5778154c3cb101ba95072e,2025-02,City of London Police,City of London Police,-0.091823,51.514427,On or near Ironmonger Lane,E01032739,City of London 001F,Other theft,Status update unavailable,
ee0052c46c5412a2fff900d623c67b5d9a1cc89cb434ca1a544fc98cf606e846,2025-02,City of London Police,City of London Police,-0.081643,51.510070,On or near Great Tower Street,E01032739,City of London 001F,Other theft,Investigation complete; no suspect identified,
68735c2d92b93674c21d42c9a7eb47ad214968bdf5a0fbe4487dc74e0a6a07b3,2025-02,City of London Police,City of London Police,-0.094900,51.513209,On or near Bread Street,E01032739,City of London 001F,Other theft,Status update unavailable,
cb45d768f4645b5b057b25ae04a6f006930189aa993a6f537cdbb58de1619fc2,2025-02,City of London Police,City of London Police,-0.079138,51.508312,On or near Lower Thames Street,E01032739,City of London 001F,Other theft,Investigation complete; no suspect identified,
a7323361116ecff3e5db2382519a1645e1633eb20904bf7453e9772025e01b83,2025-02,City of London Police,City of London Police,-0.101393,51.512685,On or near St Andrew'S Hill,E01032739,City of London 001F,Other theft,Status update unavailable,
89d0fa0ad3b98cce9f9f5b338f3edf990f843e5adf93e1f79609d3bfa25fd088,2025-02,City of London Police,City of London Police,-0.079196,51.513789,On or near Creechurch Lane,E01032739,City of London 001F,Other theft,Investigation complete; no suspect identified,
b2aac203c0eb9bee411abeb669425d6d123b9e7ca6899fc3cc81cee34dbdf38a,2025-02,City of London Police,City of London Police,-0.084844,51.510725,On or near Eastcheap,E01032739,City of London 001F,Other theft,Investigation complete; no suspect identified,
7874c7ec2f92c06c4d8fa50a93301be31f02ffdb8f975a42dee93def5f7e6050,2025-02,City of London Police,City of London Police,-0.102847,51.512717,On or near Playhouse Yard,E01032739,City of London 001F,Other theft,Investigation complete; no suspect identified,
3bb21270c3e103a824801cb38e44623fce4d7e8da02f596d4ad7406ee7a00ea8,2025-02,City of London Police,City of London Police,-0.077070,51.510877,On or near Cooper'S Row,E01032739,City of London 001F,Other theft,Investigation complete; no suspect identified,
27b88a77c0d0186000e5c262de7a45619a151813aee438ec9ac213cc002e3078,2025-02,City of London Police,City of London Police,-0.084836,51.511939,On or near Shopping Area,E01032739,City of London 001F,Other theft,Investigation complete; no suspect identified,
b50f6d4586b65f5ec6562e23ebe13e5fd0223c24f3889ae41b075765b1103863,2025-02,City of London Police,City of London Police,-0.079907,51.517785,On or near Victoria Avenue,E01032739,City of London 001F,Other theft,Investigation complete; no suspect identified,
2cb60ad2b5e543c1d586e161cbc55e0b9b244dba7913bbf68d09e3eebca1012c,2025-02,City of London Police,City of London Police,-0.087772,51.510665,On or near Martin Lane,E01032739,City of London 001F,Other theft,Investigation complete; no suspect identified,
25788f15cc500fd40066e4d45e6194fb179004075f63a680c8b498471ebd98a5,2025-02,City of London Police,City of London Police,-0.079907,51.517785,On or near Victoria Avenue,E01032739,City of London 001F,Other theft,Investigation complete; no suspect identified,
e9823e26e0104ba3e86bd7b453163a4dfb142f7022a510de2766ec2d19ea635e,2025-02,City of London Police,City of London Police,-0.087772,51.510665,On or near Martin Lane,E01032739,City of London 001F,Other theft,Investigation complete; no suspect identified,
d72dcf0062efe1db5d34e6497dae98cc9c8d4d634599d6ba19bcbfe8f019db29,2025-02,City of London Police,City of London Police,-0.085228,51.511190,On or near Talbot Court,E01032739,City of London 001F,Other theft,Status update unavailable,
65865f16a17c4405c5e0fa87d4a2d4b1e8220943bc2effb53e163a56a4492cbf,2025-02,City of London Police,City of London Police,-0.097176,51.510836,On or near Trig Lane,E01032739,City of London 001F,Possession of weapons,Court result unavailable,
d135d00815136b9fefd222dd720e4c72ea026347e826ac22753df03ebaffb7ae,2025-02,City of London Police,City of London Police,-0.081113,51.516869,On or near Bishopsgate,E01032739,City of London 001F,Possession of weapons,Unable to prosecute suspect,
fcdf7bcdda443c5e9024e68b5c7059ebc3957b1784da670ea5917e3f46902b5d,2025-02,City of London Police,City of London Police,-0.079521,51.511196,On or near New London Street,E01032739,City of London 001F,Possession of weapons,Unable to prosecute suspect,
0fec155f28348a7cb98c0ec96fd8025c9281146920eea5eb2c52ad3d2e749266,2025-02,City of London Police,City of London Police,-0.094900,51.513209,On or near Bread Street,E01032739,City of London 001F,Public order,Unable to prosecute suspect,
a70d376ace9977a39ebc4335329ad74b06c3a8bcb7b7a3e473a7363a09b0896d,2025-02,City of London Police,City of London Police,-0.087772,51.510665,On or near Martin Lane,E01032739,City of London 001F,Public order,Investigation complete; no suspect identified,
ca130c83e1315e24b6658f88676ea94b320501c375b6d8e7d904bb4f2c7df34e,2025-02,City of London Police,City of London Police,-0.087157,51.512624,On or near Lombard Street,E01032739,City of London 001F,Public order,Investigation complete; no suspect identified,
70b36297c1c9f8eef1253c17b56c3c29ac2865a0b812024f95aff897e9841899,2025-02,City of London Police,City of London Police,-0.087772,51.510665,On or near Martin Lane,E01032739,City of London 001F,Public order,Unable to prosecute suspect,
fc4b8c00155a90f0d9ada3e25197a64c14a8da60d4aaca2af2f70a8ea64a5707,2025-02,City of London Police,City of London Police,-0.097291,51.514626,On or near Supermarket,E01032739,City of London 001F,Public order,Court result unavailable,
e162252b8a85fadd5f727ca6664fdf09635177d077c44142f5090e49575b64ad,2025-02,City of London Police,City of London Police,-0.079883,51.517326,On or near New Street,E01032739,City of London 001F,Public order,Status update unavailable,
e5dbeae513396530cf153286864f757cb0b269ca28fda20231b9b21d6f29883e,2025-02,City of London Police,City of London Police,-0.088903,51.510836,On or near Laurence Pountney Hill,E01032739,City of London 001F,Public order,Investigation complete; no suspect identified,
795d4d1a2b4973bc0f365ff1a5442e4b9dd1c8919b437c6b21feb89179fee51f,2025-02,City of London Police,City of London Police,-0.079907,51.517785,On or near Victoria Avenue,E01032739,City of London 001F,Public order,Court result unavailable,
daadd50d74a302dae5bbee521310b47799e3c1ceab369acad40af6ee4c69174b,2025-02,City of London Police,City of London Police,-0.091540,51.511896,On or near Cannon Street,E01032739,City of London 001F,Public order,Status update unavailable,
86e6d6af35b3428a81e483c5cfa8b9f258b7e7aa1fe89c20af6efc6bc4d64a04,2025-02,City of London Police,City of London Police,-0.102847,51.512717,On or near Playhouse Yard,E01032739,City of London 001F,Public order,Investigation complete; no suspect identified,
b96c53fcb9f0a9270b76fab0b9db9bebceeca3d42f129ed7fd22bc52990aaae5,2025-02,City of London Police,City of London Police,-0.078278,51.513666,On or near Mitre Street,E01032739,City of London 001F,Public order,Unable to prosecute suspect,
0149c475cfe1ee691c5ff792442b2ec176c798b90f251897ff2e254de239ac24,2025-02,City of London Police,City of London Police,-0.091540,51.511896,On or near Cannon Street,E01032739,City of London 001F,Public order,Status update unavailable,
789772797a18ba6f3ffe6fcc6add636dabf40714a4a5d79ad4aa8b055ff23a3d,2025-02,City of London Police,City of London Police,-0.097291,51.514626,On or near Supermarket,E01032739,City of London 001F,Public order,Unable to prosecute suspect,
9b4d2386b490e274f15c1721b3a3b109ebccd17a11fb795f67385bcb1763c98e,2025-02,City of London Police,City of London Police,-0.078755,51.518440,On or near Artillery Lane,E01032739,City of London 001F,Public order,Court result unavailable,
6b28063ae6e7f940d7d6d4d5aa19688fc7d686905e39f4d57f2357ca78e25509,2025-02,City of London Police,City of London Police,-0.081902,51.517296,On or near Liverpool Street,E01032739,City of London 001F,Public order,Status update unavailable,
e26a12ec3e769b46672991cf8a8481df4f87ab3bcd0e8a30ee26a767bf7fd547,2025-02,City of London Police,City of London Police,-0.078278,51.513666,On or near Mitre Street,E01032739,City of London 001F,Public order,Local resolution,
e2bed505f223ac8f09ebbec0f8363d7f1ce5eb76b23c9abb926a8716f737e283,2025-02,City of London Police,City of London Police,-0.081113,51.516869,On or near Bishopsgate,E01032739,City of London 001F,Public order,Unable to prosecute suspect,
98036b263382efe83f967bb5a4f53f580ea70709394bded7db87071e8df905de,2025-02,City of London Police,City of London Police,-0.088456,51.514975,On or near Tokenhouse Yard,E01032739,City of London 001F,Public order,Investigation complete; no suspect identified,
84adde6703b0855bd2a5067f23e23ebdf21a0283afa6d6c6b9aca7685decd6fa,2025-02,City of London Police,City of London Police,-0.081902,51.517296,On or near Liverpool Street,E01032739,City of London 001F,Public order,Investigation complete; no suspect identified,
d851924d678df2003baa4b22d93821a4cb63568cabbc9ef94c6984a7316abc5f,2025-02,City of London Police,City of London Police,-0.091540,51.511896,On or near Cannon Street,E01032739,City of London 001F,Public order,Status update unavailable,
cbe09f40c24903452dc20b7f38e9af64ac67bd1826c8b2fce804fb06f5ce71bf,2025-02,City of London Police,City of London Police,-0.082993,51.516360,On or near Wormwood Street,E01032739,City of London 001F,Public order,Unable to prosecute suspect,
d30b7e8f254d88035516df4f5ac41964140fe42c2e50d4ea5a9ab92de7b94c88,2025-02,City of London Police,City of London Police,-0.077070,51.510877,On or near Cooper'S Row,E01032739,City of London 001F,Public order,Status update unavailable,
f824910bd6beba0adc6ad9f31f9bf851ace26948713fab49c6dd9a9d06b7cf23,2025-02,City of London Police,City of London Police,-0.081973,51.515948,On or near A10,E01032739,City of London 001F,Public order,Unable to prosecute suspect,
95a6cff4bfad1675b957d07ff7e0ab70877eb9c2cad96c6c66430f07b3307f4d,2025-02,City of London Police,City of London Police,-0.081113,51.516869,On or near Bishopsgate,E01032739,City of London 001F,Public order,Investigation complete; no suspect identified,
af9d3f5e00bddc7eba8857fa82c071c312c2b582c32f38f0f336bdcb7919fefa,2025-02,City of London Police,City of London Police,-0.104276,51.513712,On or near A201,E01032739,City of London 001F,Public order,Status update unavailable,
3bcd6f5300508e85222875fa3ab463edd40ef2fe2ca99162fb8b28745a9c5eca,2025-02,City of London Police,City of London Police,-0.079907,51.517785,On or near Victoria Avenue,E01032739,City of London 001F,Public order,Court result unavailable,
37dee056f9f00c5f63a4d383f0e976e1a73a15598b4be2285a2c0c5dabadab23,2025-02,City of London Police,City of London Police,-0.080291,51.514814,On or near Bury Court,E01032739,City of London 001F,Public order,Unable to prosecute suspect,
1dae72e5bde0bd8c4b48f6ceb97c070f61d0c76974414ec31bee2fa45006085c,2025-02,City of London Police,City of London Police,-0.095924,51.513882,On or near Shopping Area,E01032739,City of London 001F,Public order,Investigation complete; no suspect identified,
fa46c819dc5d07025b29038c6d64f22561b2682b9ec3b4fbdd9c96963223853b,2025-02,City of London Police,City of London Police,-0.087772,51.510665,On or near Martin Lane,E01032739,City of London 001F,Public order,Investigation complete; no suspect identified,
efae09ae25e8c9142b12490537fc67d585b68f58bab24d7bce5454101ad0bac2,2025-02,City of London Police,City of London Police,-0.079907,51.517785,On or near Victoria Avenue,E01032739,City of London 001F,Public order,Court result unavailable,
fb0409ef257736c8c05d7b762d81ab56444172522201c3c603b9f46c7e808b92,2025-02,City of London Police,City of London Police,-0.081643,51.510070,On or near Great Tower Street,E01032739,City of London 001F,Public order,Unable to prosecute suspect,
7e9788b21d3e4292c35082ab7bd3f075e2fce02c07ca95b3e3f34238ba649424,2025-02,City of London Police,City of London Police,-0.078278,51.513666,On or near Mitre Street,E01032739,City of London 001F,Public order,Investigation complete; no suspect identified,
6ce322cdeb8fe481f9d5b9a392d3c06f951e3b7813e500263fa6b77ba7c2cee6,2025-02,City of London Police,City of London Police,-0.079907,51.517785,On or near Victoria Avenue,E01032739,City of London 001F,Public order,Court result unavailable,
42ea957f23a27d707687773130b9441484a0fb0e1cd4ebafb880cefd65292ca3,2025-02,City of London Police,City of London Police,-0.101292,51.514770,On or near Amen Court,E01032739,City of London 001F,Public order,Investigation complete; no suspect identified,
3266aebe0759a276c2fe9ee9384d85c0fa9770846528d962789c92585d5f6536,2025-02,City of London Police,City of London Police,-0.082993,51.516360,On or near Wormwood Street,E01032739,City of London 001F,Public order,Investigation complete; no suspect identified,
113fe6c4b6802ff527c14c0c70c0c754791ff66d2bd4294a11dfa8495e5e5820,2025-02,City of London Police,City of London Police,-0.088456,51.514975,On or near Tokenhouse Yard,E01032739,City of London 001F,Public order,Unable to prosecute suspect,
66722b62fe6e396f310469e3c2ef38d82aab26c4dd4cff19a72ade81e0445bb6,2025-02,City of London Police,City of London Police,-0.091947,51.513188,On or near Pancras Lane,E01032739,City of London 001F,Public order,Unable to prosecute suspect,
8cc4be9d24bd2109ba0146df8d17062939615c0d6808128453fcb37885f4465f,2025-02,City of London Police,City of London Police,-0.081902,51.517296,On or near Liverpool Street,E01032739,City of London 001F,Public order,Unable to prosecute suspect,
3a67aec0e27b909538bbe57f7f3f6642b5cff84cdb814942a9d263d1026119ff,2025-02,City of London Police,City of London Police,-0.100201,51.513286,On or near Dean'S Court,E01032739,City of London 001F,Public order,Unable to prosecute suspect,
dc202306a6fceb398e5f80d54253dd2f4b40b1ebef1e618655a3fdb150fcb4d5,2025-02,City of London Police,City of London Police,-0.100201,51.513286,On or near Dean'S Court,E01032739,City of London 001F,Public order,Unable to prosecute suspect,
c2b5e126c9dd15f565991cbd7782468e9dc4f29fe372280040a496d78ac3ff1e,2025-02,City of London Police,City of London Police,-0.088785,51.517102,On or near Moorgate,E01032739,City of London 001F,Robbery,Status update unavailable,
8a3767adf7c0c6c8767da7fd8129454427473b6a1a8e4fb9685f7ae4e62890fa,2025-02,City of London Police,City of London Police,-0.087772,51.510665,On or near Martin Lane,E01032739,City of London 001F,Robbery,Unable to prosecute suspect,
a157a1e6782a15f334035eb404e20631d8ca5bd17d8d103f6ad706afb4fb5e8d,2025-02,City of London Police,City of London Police,-0.081902,51.517296,On or near Liverpool Street,E01032739,City of London 001F,Robbery,Court result unavailable,
4d55cdc6f0627f3dcef4fa412b6f880b907e8e09f448760771df78fa07af718d,2025-02,City of London Police,City of London Police,-0.081113,51.516869,On or near Bishopsgate,E01032739,City of London 001F,Shoplifting,Status update unavailable,
85c08d8f20fbf855d38d00ada143210b8aa8830208ba9f9f63ed9c859917ecba,2025-02,City of London Police,City of London Police,-0.088785,51.517102,On or near Moorgate,E01032739,City of London 001F,Shoplifting,Investigation complete; no suspect identified,
2f5e58664e4d9e1c850ea3fab4e5e3dc1a06a61b3f4b8c3851f58e8936e8ecfd,2025-02,City of London Police,City of London Police,-0.091540,51.511896,On or near Cannon Street,E01032739,City of London 001F,Shoplifting,Unable to prosecute suspect,
471855cc7ae8dde0360a6740c9000c13e86721e35243166e63c604d9256b8045,2025-02,City of London Police,City of London Police,-0.097291,51.514626,On or near Supermarket,E01032739,City of London 001F,Shoplifting,Status update unavailable,
8295a10121e85d6dcd79c264b9c86d6e2506dd1df017df255d7d333e60626a55,2025-02,City of London Police,City of London Police,-0.088785,51.517102,On or near Moorgate,E01032739,City of London 001F,Shoplifting,Investigation complete; no suspect identified,
b8c482af3befc93b54a725988f61172f56f3184fa5529c3dbede7be0fc08ff5c,2025-02,City of London Police,City of London Police,-0.087772,51.510665,On or near Martin Lane,E01032739,City of London 001F,Shoplifting,Investigation complete; no suspect identified,
a8340b1f66af9c846a5145f00ac168626e2d0ca904410e643b0183ece9275653,2025-02,City of London Police,City of London Police,-0.084754,51.512882,On or near Corbet Court,E01032739,City of London 001F,Shoplifting,Unable to prosecute suspect,
80e4d439d63ac6f4d257e4a2ebc97ee293f5a10c58169082e64436e2a11febc2,2025-02,City of London Police,City of London Police,-0.084844,51.510725,On or near Eastcheap,E01032739,City of London 001F,Shoplifting,Investigation complete; no suspect identified,
c88e18133b7a117a81548c483ab17cd5778e0b51ed45a20f52befb4793978c72,2025-02,City of London Police,City of London Police,-0.082993,51.516360,On or near Wormwood Street,E01032739,City of London 001F,Shoplifting,Unable to prosecute suspect,
5631817496a7a28ac860f81bf12d918a85f8fd4ce03ae066e5342ba88e9461d6,2025-02,City of London Police,City of London Police,-0.087772,51.510665,On or near Martin Lane,E01032739,City of London 001F,Shoplifting,Investigation complete; no suspect identified,
29a346ba4030f71bef630768687116578f743baf752b303eb35478492548ecd4,2025-02,City of London Police,City of London Police,-0.081902,51.517296,On or near Liverpool Street,E01032739,City of London 001F,Shoplifting,Status update unavailable,
81e8221a2c6eec7be70a84600c1b8d90e83d214a1f3656cfc80dedd422ca6dc7,2025-02,City of London Police,City of London Police,-0.095924,51.513882,On or near Shopping Area,E01032739,City of London 001F,Shoplifting,Investigation complete; no suspect identified,
6f5e8f1a6f230f3d6b64bf4fc6f60bc3f60bc8b1cae977e7087b206875c011e9,2025-02,City of London Police,City of London Police,-0.087772,51.510665,On or near Martin Lane,E01032739,City of London 001F,Shoplifting,Investigation complete; no suspect identified,
7f86f5267fca0e133906a58ef93e511db247ec24b03b42a77c20e4a0a4eab613,2025-02,City of London Police,City of London Police,-0.084910,51.512588,On or near Bell Inn Yard,E01032739,City of London 001F,Shoplifting,Court result unavailable,
bbeb2a8965c1f95e30940076309111a640ac37bddc1f8d640ab82b3dfba84aff,2025-02,City of London Police,City of London Police,-0.079883,51.517326,On or near New Street,E01032739,City of London 001F,Shoplifting,Court result unavailable,
855d53c25ad57e2e8da3b9d7ab124074d861c9ae9dcf407eaabd5dff573828d5,2025-02,City of London Police,City of London Police,-0.097291,51.514626,On or near Supermarket,E01032739,City of London 001F,Shoplifting,Investigation complete; no suspect identified,
4c461e2299e61101d791ea11ca56a054041fdd4a4a16a6cb7af910f6b7e41eaf,2025-02,City of London Police,City of London Police,-0.078278,51.513666,On or near Mitre Street,E01032739,City of London 001F,Shoplifting,Investigation complete; no suspect identified,
ba18d68a31f3eccc11785ec81a194114be8490c71d900c122e434113f44aebb6,2025-02,City of London Police,City of London Police,-0.084754,51.512882,On or near Corbet Court,E01032739,City of London 001F,Shoplifting,Investigation complete; no suspect identified,
7688f2b5f1e00e293d42534b33ff3d1ef3d3e68319da8828e887228650836bca,2025-02,City of London Police,City of London Police,-0.095924,51.513882,On or near Shopping Area,E01032739,City of London 001F,Shoplifting,Unable to prosecute suspect,
adf577233bb84e41ed87920b74b73365ad975c52320365b21a7594bf9a49a411,2025-02,City of London Police,City of London Police,-0.081902,51.517296,On or near Liverpool Street,E01032739,City of London 001F,Shoplifting,Investigation complete; no suspect identified,
6c70665b80b44e89973ec5692569bb4599ace7925dc10517660363ea48826bd5,2025-02,City of London Police,City of London Police,-0.081902,51.517296,On or near Liverpool Street,E01032739,City of London 001F,Shoplifting,Investigation complete; no suspect identified,
4c0bc9e5c2299eea0f90fae38f0f83cca4360af74ac8b1e1ee1e31f4ae84f8b7,2025-02,City of London Police,City of London Police,-0.097291,51.514626,On or near Supermarket,E01032739,City of London 001F,Shoplifting,Status update unavailable,
7ef1341be036f069eafbe1af67d5837a3107716445fbae5605584f527b5e644a,2025-02,City of London Police,City of London Police,-0.079883,51.517326,On or near New Street,E01032739,City of London 001F,Shoplifting,Court result unavailable,
91403ca121ca7a76dfeb3016320290d5f55e4da56e1fcd41ac4032a2734110ea,2025-02,City of London Police,City of London Police,-0.084910,51.512588,On or near Bell Inn Yard,E01032739,City of London 001F,Shoplifting,Status update unavailable,
1cf44d6a04c009339286eb821ac2e756a93fc1a72165cacbe3be97dc820b52db,2025-02,City of London Police,City of London Police,-0.081902,51.517296,On or near Liverpool Street,E01032739,City of London 001F,Shoplifting,Investigation complete; no suspect identified,
325aafa259510c9f11de607a44e0da6fdb82b7e896db838b369bd4307526aef8,2025-02,City of London Police,City of London Police,-0.084754,51.512882,On or near Corbet Court,E01032739,City of London 001F,Shoplifting,Investigation complete; no suspect identified,
a2eaaf1f2b19e41cd11db8c7d67b1795d5e12c7f25ccd9c6c82e404d353d7304,2025-02,City of London Police,City of London Police,-0.084559,51.510316,On or near Botolph Lane,E01032739,City of London 001F,Shoplifting,Court result unavailable,
59a28a93ae04d4994d2c310b7977e2bdce19012cecd07e30db0e4de214f75d3f,2025-02,City of London Police,City of London Police,-0.079883,51.517326,On or near New Street,E01032739,City of London 001F,Shoplifting,Unable to prosecute suspect,
4a83e42aaeefbfe37c1ad72cef3e02e6180b488f1231910327a986b8a13a05a9,2025-02,City of London Police,City of London Police,-0.079907,51.517785,On or near Victoria Avenue,E01032739,City of London 001F,Shoplifting,Status update unavailable,
9236c36e4d03d44b34c96b4a388226103cf504fe6077c6c54b46474634687b22,2025-02,City of London Police,City of London Police,-0.097291,51.514626,On or near Supermarket,E01032739,City of London 001F,Shoplifting,Investigation complete; no suspect identified,
4b6dffa51094f4dad608514225aecfff0c05acdeae2bf4678e80fe8d083f6719,2025-02,City of London Police,City of London Police,-0.081643,51.510070,On or near Great Tower Street,E01032739,City of London 001F,Shoplifting,Unable to prosecute suspect,
29c1470492db5cbcaf5adc2ce6248190084c693585f14dd7a8076dde1a38e3a8,2025-02,City of London Police,City of London Police,-0.097291,51.514626,On or near Supermarket,E01032739,City of London 001F,Shoplifting,Local resolution,
d7ea6658329b41f5a619ff831c692470c5e36427b18ac156436bb5cf7ae4c0c3,2025-02,City of London Police,City of London Police,-0.097291,51.514626,On or near Supermarket,E01032739,City of London 001F,Shoplifting,Local resolution,
a8ddd8bfc2cec96e2ca9441d5223406bc6f436464b815562f4548e761593dba8,2025-02,City of London Police,City of London Police,-0.081902,51.517296,On or near Liverpool Street,E01032739,City of London 001F,Shoplifting,Investigation complete; no suspect identified,
2c3761dcb92a15cebddc6ee22b777fe59760ac4632a21d7d9946f0009a529da1,2025-02,City of London Police,City of London Police,-0.091947,51.513188,On or near Pancras Lane,E01032739,City of London 001F,Shoplifting,Offender given a caution,
16d80b2c5408552ef0b50e3ecdc35532694f41c50861d631eb3e876a74d712dd,2025-02,City of London Police,City of London Police,-0.097291,51.514626,On or near Supermarket,E01032739,City of London 001F,Shoplifting,Investigation complete; no suspect identified,
205f8e141999bbe6248c3b5d097c19f1186febf5b94dc2fd9bb01e2a0fccc892,2025-02,City of London Police,City of London Police,-0.081902,51.517296,On or near Liverpool Street,E01032739,City of London 001F,Shoplifting,Investigation complete; no suspect identified,
e14202d0ab0074cfc92aacf8817f086ef918ff98a05781c2ab29490a85a401df,2025-02,City of London Police,City of London Police,-0.091823,51.514427,On or near Ironmonger Lane,E01032739,City of London 001F,Shoplifting,Court result unavailable,
5f36937889ff44b1afe62650c0f14058c873ec4c3bfcf1605b9856392dd498b4,2025-02,City of London Police,City of London Police,-0.081902,51.517296,On or near Liverpool Street,E01032739,City of London 001F,Shoplifting,Investigation complete; no suspect identified,
ad832d062c3d42705e5c73476286ce99557eb3ed67d505077980a2ce5b630fc4,2025-02,City of London Police,City of London Police,-0.097291,51.514626,On or near Supermarket,E01032739,City of London 001F,Shoplifting,Investigation complete; no suspect identified,
c2473eead79bf524f45f6392fc2c98314dd3171e0283c515369b8f2c83d7aaf0,2025-02,City of London Police,City of London Police,-0.081113,51.516869,On or near Bishopsgate,E01032739,City of London 001F,Shoplifting,Unable to prosecute suspect,
fda47ef1dfe3259542cda8614eac9c88c261acb4257bbcb24da6b7f67c731153,2025-02,City of London Police,City of London Police,-0.081902,51.517296,On or near Liverpool Street,E01032739,City of London 001F,Shoplifting,Investigation complete; no suspect identified,
974a956f3771438e78c0a29fd3e7f4b1d08f455f4502c66122dc2efe85f5e6ec,2025-02,City of London Police,City of London Police,-0.095224,51.513736,On or near Shopping Area,E01032739,City of London 001F,Shoplifting,Investigation complete; no suspect identified,
a3d1d2622ecb91ca276ca4b9337c14abd0ea97e858d45e38452538ad1bfecb96,2025-02,City of London Police,City of London Police,-0.079138,51.508312,On or near Lower Thames Street,E01032739,City of London 001F,Shoplifting,Investigation complete; no suspect identified,
f45e2a9a73e6331207a0ec05ac3499c95f8f70f7a9e84f6d57d0312665f6143c,2025-02,City of London Police,City of London Police,-0.082993,51.516360,On or near Wormwood Street,E01032739,City of London 001F,Shoplifting,Unable to prosecute suspect,
e3ed819214e4d1590e12d7f450fb34d92759ffa3844ff9950581b2188a695159,2025-02,City of London Police,City of London Police,-0.097291,51.514626,On or near Supermarket,E01032739,City of London 001F,Shoplifting,Unable to prosecute suspect,
71b0ba90e1294f702600990f7fbd737a628502a3dba9388afeb3a2d04e860a64,2025-02,City of London Police,City of London Police,-0.097291,51.514626,On or near Supermarket,E01032739,City of London 001F,Shoplifting,Further investigation is not in the public interest,
a7f0e14b3d8964166b7011136808091e9c1913f44d31ad9e6fa330068d619bf6,2025-02,City of London Police,City of London Police,-0.084836,51.511939,On or near Shopping Area,E01032739,City of London 001F,Shoplifting,Investigation complete; no suspect identified,
0903d7add82bb770430b2b4cac1a604c6c70d179a3c9da8cf69f19e297a1d394,2025-02,City of London Police,City of London Police,-0.097291,51.514626,On or near Supermarket,E01032739,City of London 001F,Shoplifting,Court result unavailable,
eeebdf593b6b462815002e8c8bcd8ebde558c045d27c546a7319bf2d770c0288,2025-02,City of London Police,City of London Police,-0.084754,51.512882,On or near Corbet Court,E01032739,City of London 001F,Shoplifting,Investigation complete; no suspect identified,
72ee0e02c3c4c515c963350dacec7f49299a6de95bf49544ed4e7e630dfba2ac,2025-02,City of London Police,City of London Police,-0.097291,51.514626,On or near Supermarket,E01032739,City of London 001F,Shoplifting,Investigation complete; no suspect identified,
6c8297933493c2c80b05829fe2499f4fd389c067360fc98666a5c76f27909264,2025-02,City of London Police,City of London Police,-0.095224,51.513736,On or near Shopping Area,E01032739,City of London 001F,Shoplifting,Court result unavailable,
050ab43ea5fbafb4f415a0805ee5ba537f22c7efd5eb7957ad7320fa4dff3d4c,2025-02,City of London Police,City of London Police,-0.097291,51.514626,On or near Supermarket,E01032739,City of London 001F,Shoplifting,Local resolution,
68f62703919f563c6f3af9201095c0038c8c70ff43fe2c5af309604b93fb0831,2025-02,City of London Police,City of London Police,-0.081902,51.517296,On or near Liverpool Street,E01032739,City of London 001F,Shoplifting,Court result unavailable,
d27be8ea37475f666c312482a3a6393bef7a373d20f17ef87f57b5b31d216af8,2025-02,City of London Police,City of London Police,-0.086815,51.517007,On or near Circus Place,E01032739,City of London 001F,Shoplifting,Investigation complete; no suspect identified,
b7b9918521a27642314179cc8ce92cddfbaf439c9419c9b0f29ffdfc3ff55c00,2025-02,City of London Police,City of London Police,-0.081902,51.517296,On or near Liverpool Street,E01032739,City of London 001F,Shoplifting,Investigation complete; no suspect identified,
a00c49b0381864b1c996a97359e78b13f7a9512fd3dafed64e5044bd50fec6ee,2025-02,City of London Police,City of London Police,-0.081113,51.516869,On or near Bishopsgate,E01032739,City of London 001F,Shoplifting,Status update unavailable,
957dc1044bc0454e77d91504a2bbaf1f51bcd59107b61634d1d52d13a1e0005b,2025-02,City of London Police,City of London Police,-0.085089,51.512105,On or near Gracechurch Street,E01032739,City of London 001F,Shoplifting,Court result unavailable,
98ec4f53e08572b1ef185f35b7973c3419245de6173e40924287f6709fcc4c24,2025-02,City of London Police,City of London Police,-0.079883,51.517326,On or near New Street,E01032739,City of London 001F,Shoplifting,Unable to prosecute suspect,
b5c84e28e781386a08735265f143da42a98e88f995c9d6ba7e7e80bb04fd9b1f,2025-02,City of London Police,City of London Police,-0.085089,51.512105,On or near Gracechurch Street,E01032739,City of London 001F,Shoplifting,Local resolution,
0a437784ecb4c362b8c1b76b2a60c5b8baee92367f9f4d314ad0f1b11c807676,2025-02,City of London Police,City of London Police,-0.097291,51.514626,On or near Supermarket,E01032739,City of London 001F,Shoplifting,Investigation complete; no suspect identified,
61aa21c13b5487e3d83b8ea3020b16f9e63ade1c254445a494f3295de71dbde3,2025-02,City of London Police,City of London Police,-0.081902,51.517296,On or near Liverpool Street,E01032739,City of London 001F,Shoplifting,Unable to prosecute suspect,
3c3d000ae627591821cafb94acbeedf87eab732fb43359d8a916e79c10837544,2025-02,City of London Police,City of London Police,-0.091540,51.511896,On or near Cannon Street,E01032739,City of London 001F,Shoplifting,Investigation complete; no suspect identified,
a26e025b075e409f61e554008e21a0d7b39dccfe88e7331e8887691678aff520,2025-02,City of London Police,City of London Police,-0.081902,51.517296,On or near Liverpool Street,E01032739,City of London 001F,Shoplifting,Investigation complete; no suspect identified,
d54786cec4eb2faf28777f8aa7a8a94fe4304febaabf8ddab3e9acfdeb9746c2,2025-02,City of London Police,City of London Police,-0.088903,51.510836,On or near Laurence Pountney Hill,E01032739,City of London 001F,Shoplifting,Investigation complete; no suspect identified,
8453b7a3f9beaaa158135059ffc5d0a6bf1e53b08afafc26b68984ea2f536ca5,2025-02,City of London Police,City of London Police,-0.096501,51.513874,On or near New Change,E01032739,City of London 001F,Shoplifting,Local resolution,
f33cc627bd4b2db31f7891aca533d2466cc5518fa36c5955a0a35e3bec7ee24f,2025-02,City of London Police,City of London Police,-0.089822,51.516103,On or near Coleman Street,E01032739,City of London 001F,Shoplifting,Investigation complete; no suspect identified,
7d0d6c27ede2a00192e9cfd4174840fea8ec662834ce0a06e6a6e3179d049e69,2025-02,City of London Police,City of London Police,-0.088903,51.510836,On or near Laurence Pountney Hill,E01032739,City of London 001F,Shoplifting,Investigation complete; no suspect identified,
23f9890f828942e7be15f632acc5f3968fe9cf48d7e485502e0cea91a4b94582,2025-02,City of London Police,City of London Police,-0.097291,51.514626,On or near Supermarket,E01032739,City of London 001F,Shoplifting,Investigation complete; no suspect identified,
3fcf300f690b6fc449861c33d3f893e8721b5a8caca5154bf9453db8b724d39f,2025-02,City of London Police,City of London Police,-0.095924,51.513882,On or near Shopping Area,E01032739,City of London 001F,Shoplifting,Status update unavailable,
d07e4739aca2e4238fdfe4f30478c33a7f34156d1da42c12e7f5b857fb11a420,2025-02,City of London Police,City of London Police,-0.097291,51.514626,On or near Supermarket,E01032739,City of London 001F,Shoplifting,Investigation complete; no suspect identified,
6f8fe75aebf4ce375172c6c7724a0ce80262ff3a5da2195623fc4d349774b1d9,2025-02,City of London Police,City of London Police,-0.085089,51.512105,On or near Gracechurch Street,E01032739,City of London 001F,Shoplifting,Unable to prosecute suspect,
ba381cc68361ae67a2d17954270fee3881221bc55b66a8a91abbc9c7db0e0d95,2025-02,City of London Police,City of London Police,-0.078278,51.513666,On or near Mitre Street,E01032739,City of London 001F,Shoplifting,Court result unavailable,
efc0284fb7d346137432ce32b966c72785496c6bf5e7117a19962ebf11677d1e,2025-02,City of London Police,City of London Police,-0.095924,51.513882,On or near Shopping Area,E01032739,City of London 001F,Shoplifting,Unable to prosecute suspect,
e7392afa0ae54c7d93a0594ef7e1101f6aaa5ec1ed69a8a6cc8707206ac415fc,2025-02,City of London Police,City of London Police,-0.097291,51.514626,On or near Supermarket,E01032739,City of London 001F,Shoplifting,Court result unavailable,
5e60aa973d67d05115aa4e36f1d36e180c1d552c847f569cd6c3972afbad3c35,2025-02,City of London Police,City of London Police,-0.095224,51.513736,On or near Shopping Area,E01032739,City of London 001F,Shoplifting,Investigation complete; no suspect identified,
97338c6d5ff2161211c5238efccd20a597795d8f16e6418d8de56d709c5aba9c,2025-02,City of London Police,City of London Police,-0.091947,51.513188,On or near Pancras Lane,E01032739,City of London 001F,Shoplifting,Court result unavailable,
6ac11ecd176bf4665ee19b9254ac3841f352d451de6a48e8622199112c1b77a3,2025-02,City of London Police,City of London Police,-0.081902,51.517296,On or near Liverpool Street,E01032739,City of London 001F,Shoplifting,Court result unavailable,
27b5efb453e019643d0784e76d442baa0df6c1a2758e108e1e41ba411b6f4fca,2025-02,City of London Police,City of London Police,-0.097291,51.514626,On or near Supermarket,E01032739,City of London 001F,Shoplifting,Investigation complete; no suspect identified,
6c0a28f8e9bf0488f780e6f9c1903b3bd8d57474731aa3c39aa075bd59e7a875,2025-02,City of London Police,City of London Police,-0.100201,51.513286,On or near Dean'S Court,E01032739,City of London 001F,Shoplifting,Investigation complete; no suspect identified,
330d32226868172b75a73f3e48767aefcfe48952ec8f941dabe0079ef1db5073,2025-02,City of London Police,City of London Police,-0.088785,51.517102,On or near Moorgate,E01032739,City of London 001F,Theft from the person,Investigation complete; no suspect identified,
dfd3b5f4db201af835c077e97423d32d44a43a271dd6e8a6266fd275e97b9c8e,2025-02,City of London Police,City of London Police,-0.081902,51.517296,On or near Liverpool Street,E01032739,City of London 001F,Theft from the person,Investigation complete; no suspect identified,
8bb41c43d23b44e9df0c2b8d807e4b90ea6db1cee1cc4c07f5250fd525f569c9,2025-02,City of London Police,City of London Police,-0.092531,51.512658,On or near Queen Street,E01032739,City of London 001F,Theft from the person,Investigation complete; no suspect identified,
1a356e5c8c217ce3a7081d19b343f79c22fd9ffdcadda69a7edec89a8961a4f7,2025-02,City of London Police,City of London Police,-0.085089,51.512105,On or near Gracechurch Street,E01032739,City of London 001F,Theft from the person,Investigation complete; no suspect identified,
8263e11f0bc31b7543b4338da962992bbfccd1c7043f0c83be48c1f067b0ed94,2025-02,City of London Police,City of London Police,-0.095924,51.513882,On or near Shopping Area,E01032739,City of London 001F,Theft from the person,Investigation complete; no suspect identified,
dcd80466a97547d790ece67cc8b9c30eeee2cfbe3eb0f4d60ee264ff91778409,2025-02,City of London Police,City of London Police,-0.096501,51.513874,On or near New Change,E01032739,City of London 001F,Theft from the person,Investigation complete; no suspect identified,
ea89c2ffbd7958543113234260e3afec8969526a3ffe07243203542415d9357a,2025-02,City of London Police,City of London Police,-0.082993,51.516360,On or near Wormwood Street,E01032739,City of London 001F,Theft from the person,Investigation complete; no suspect identified,
0293cb48c0dccf8a98dd6ae35ae48d443204cd12845609d5e4345cee32eeaa7e,2025-02,City of London Police,City of London Police,-0.089208,51.509744,On or near Angel Lane,E01032739,City of London 001F,Theft from the person,Investigation complete; no suspect identified,
ed9381189f6050f58c05469a9dd5397607ec263bc6afa0ea0b7d59d45b51271d,2025-02,City of London Police,City of London Police,-0.079883,51.517326,On or near New Street,E01032739,City of London 001F,Theft from the person,Investigation complete; no suspect identified,
ae64500f082cf5e16e2131b810164deed672cc7e58370de4bba1bfd0ace1296e,2025-02,City of London Police,City of London Police,-0.087157,51.512624,On or near Lombard Street,E01032739,City of London 001F,Theft from the person,Investigation complete; no suspect identified,
1b8da2c84a57856b47741249e1ca632c90db08b288b7806689340c0ddf9c76f2,2025-02,City of London Police,City of London Police,-0.095224,51.513736,On or near Shopping Area,E01032739,City of London 001F,Theft from the person,Investigation complete; no suspect identified,
b8f134ce085d3a62bc6b003742428902d44959482153915b2d82955073b5c47b,2025-02,City of London Police,City of London Police,-0.095224,51.513736,On or near Shopping Area,E01032739,City of London 001F,Theft from the person,Investigation complete; no suspect identified,
e8fe7ef845a8c6332ff37d33d61012f3d2239477df977e076bcf4e95981e0988,2025-02,City of London Police,City of London Police,-0.081902,51.517296,On or near Liverpool Street,E01032739,City of London 001F,Theft from the person,Investigation complete; no suspect identified,
589a7db9ded62af7a8ab68f4ea464c3bc8229c682d197fa6bf50441ea7e417c9,2025-02,City of London Police,City of London Police,-0.077372,51.512590,On or near Carlisle Avenue,E01032739,City of London 001F,Theft from the person,Investigation complete; no suspect identified,
a765bf25bc02a47868bc1cbe6b3fb0fb918e3856884950af6c74f74cd581d4a1,2025-02,City of London Police,City of London Police,-0.077985,51.518239,On or near Sandy'S Row,E01032739,City of London 001F,Theft from the person,Investigation complete; no suspect identified,
e102b58d56e37090591b85a4d219241e608099a7333863a0518b379a6f8c9c90,2025-02,City of London Police,City of London Police,-0.095224,51.513736,On or near Shopping Area,E01032739,City of London 001F,Theft from the person,Investigation complete; no suspect identified,
794b4c17545a96555ba62dee2f76f8d159b124af4cce166519a29e7400841b32,2025-02,City of London Police,City of London Police,-0.094070,51.513079,On or near Watling Street,E01032739,City of London 001F,Theft from the person,Investigation complete; no suspect identified,
6a304af91feba0ab448714c13a42085cde69475a6fd9ac25ff149474e29ce3c4,2025-02,City of London Police,City of London Police,-0.078424,51.518093,On or near Widegate Street,E01032739,City of London 001F,Theft from the person,Investigation complete; no suspect identified,
fb2278120a5c3a8b20c77199b60cfe2db66e1bddff9d01f53025d8933813aca4,2025-02,City of London Police,City of London Police,-0.081902,51.517296,On or near Liverpool Street,E01032739,City of London 001F,Theft from the person,Investigation complete; no suspect identified,
e00614dc0948e88240f783b115001608b5bf5f161520ab7213bc1da3fe8c6125,2025-02,City of London Police,City of London Police,-0.084844,51.509700,On or near Monument Street,E01032739,City of London 001F,Theft from the person,Investigation complete; no suspect identified,
2361f232484adeb348717f81e2f7610f098d93d0af82b60573beb420cb59671e,2025-02,City of London Police,City of London Police,-0.087772,51.510665,On or near Martin Lane,E01032739,City of London 001F,Theft from the person,Investigation complete; no suspect identified,
811e2a098d637069a26e0d3fc4d9a1a2a660f34b66077511ddaa07c45c54ec87,2025-02,City of London Police,City of London Police,-0.101292,51.514770,On or near Amen Court,E01032739,City of London 001F,Theft from the person,Investigation complete; no suspect identified,
91f9c56f1c552834646e20f73089f0a41bba0270eead9076a08762361a103b28,2025-02,City of London Police,City of London Police,-0.081113,51.516869,On or near Bishopsgate,E01032739,City of London 001F,Theft from the person,Investigation complete; no suspect identified,
36d4c11a82e7c71de69cd7d5f440cc917daf1d3260553b42f81d171060f3dcac,2025-02,City of London Police,City of London Police,-0.086815,51.517007,On or near Circus Place,E01032739,City of London 001F,Theft from the person,Investigation complete; no suspect identified,
873d45d85e7c075dfc970ec373ddc49d6523456eab47650a7b9b0344def9d2c1,2025-02,City of London Police,City of London Police,-0.085089,51.512105,On or near Gracechurch Street,E01032739,City of London 001F,Theft from the person,Investigation complete; no suspect identified,
3792630731509fad93a0eb5c06ca5f83fa66fad741f84a7384ccfb19d2ed73e9,2025-02,City of London Police,City of London Police,-0.081902,51.517296,On or near Liverpool Street,E01032739,City of London 001F,Theft from the person,Investigation complete; no suspect identified,
0f63e22abc98f40bf310c5d9da31b63b66d83f1961fde2477f094ebd0b48c7a3,2025-02,City of London Police,City of London Police,-0.091540,51.511896,On or near Cannon Street,E01032739,City of London 001F,Theft from the person,Status update unavailable,
0f63e22abc98f40bf310c5d9da31b63b66d83f1961fde2477f094ebd0b48c7a3,2025-02,City of London Police,City of London Police,-0.089479,51.510864,On or near Gophir Lane,E01032739,City of London 001F,Theft from the person,Investigation complete; no suspect identified,
df78024e6a2613c36bb7c79d0f9184a3fb1dd9319f67378d32521b7a9f4ae6e2,2025-02,City of London Police,City of London Police,-0.078477,51.509965,On or near Muscovy Street,E01032739,City of London 001F,Theft from the person,Investigation complete; no suspect identified,
2e16995e97af008d327005243cf122cc23737732302be7c94fd0b0554a8cfdf4,2025-02,City of London Police,City of London Police,-0.079127,51.509607,On or near Byward Street,E01032739,City of London 001F,Theft from the person,Investigation complete; no suspect identified,
156999a476f7088d39a07b745e88536709c7ede951ffb7a6c78d715cbf7173a8,2025-02,City of London Police,City of London Police,-0.081902,51.517296,On or near Liverpool Street,E01032739,City of London 001F,Theft from the person,Investigation complete; no suspect identified,
8183c55e4357f163a493111893ff8c608870c3e139e37a232fa8298cf0adf00e,2025-02,City of London Police,City of London Police,-0.101963,51.510761,On or near Ferry Terminal,E01032739,City of London 001F,Theft from the person,Investigation complete; no suspect identified,
ef336abdefbbab9ff58168f50e0b3ff9b3c2b4a99c7dfe31e56dcb1dedc142ad,2025-02,City of London Police,City of London Police,-0.095224,51.513736,On or near Shopping Area,E01032739,City of London 001F,Theft from the person,Status update unavailable,
18338b5ec9248a9475ca2ecba1fb499cf887d9f76fdb2a08b7d78273cc4a1045,2025-02,City of London Police,City of London Police,-0.095924,51.513882,On or near Shopping Area,E01032739,City of London 001F,Theft from the person,Investigation complete; no suspect identified,
907ede162946eef10718b91c0d4b779f42706a92c98829eafa887b196bbf849b,2025-02,City of London Police,City of London Police,-0.079883,51.517326,On or near New Street,E01032739,City of London 001F,Theft from the person,Status update unavailable,
0c574bd9c612adbd912dc16af7a513643df15d7bb4d29a2e86b4c41327ca9281,2025-02,City of London Police,City of London Police,-0.104276,51.513712,On or near A201,E01032739,City of London 001F,Theft from the person,Investigation complete; no suspect identified,
4d6a271a6633b6046bbcc7c7d95bb7e32f19cabffed4c08bbabe90f9168b4802,2025-02,City of London Police,City of London Police,-0.085089,51.512105,On or near Gracechurch Street,E01032739,City of London 001F,Theft from the person,Investigation complete; no suspect identified,
740ee6178f18d74943f362259a434ecc4ed8f2c665c0f8a86942768cda11e6cd,2025-02,City of London Police,City of London Police,-0.083977,51.510441,On or near Lovat Lane,E01032739,City of London 001F,Theft from the person,Investigation complete; no suspect identified,
e12019ce64e4e773109f35735ef4d7478288b71e57b9f4aa531e79204e87d38f,2025-02,City of London Police,City of London Police,-0.084754,51.512882,On or near Corbet Court,E01032739,City of London 001F,Theft from the person,Status update unavailable,
71b19122fc875eb31cd542494727a7598a4ef79f1132dd1418de888ca949779e,2025-02,City of London Police,City of London Police,-0.079138,51.508312,On or near Lower Thames Street,E01032739,City of London 001F,Theft from the person,Investigation complete; no suspect identified,
2cdfe33f0a403875fa591f1edaf80bfeac986b6160e8bb7792eb38a837e354d3,2025-02,City of London Police,City of London Police,-0.089208,51.509744,On or near Angel Lane,E01032739,City of London 001F,Theft from the person,Investigation complete; no suspect identified,
413a4506cb00eda152ad32c071f07c19b93874b68447a927df71623f85c98a22,2025-02,City of London Police,City of London Police,-0.081902,51.517296,On or near Liverpool Street,E01032739,City of London 001F,Theft from the person,Investigation complete; no suspect identified,
04ea4e16b3ef2aa7eb91fd4817ef14abe8e891308dde1b49bc826f1876ac7285,2025-02,City of London Police,City of London Police,-0.084844,51.510725,On or near Eastcheap,E01032739,City of London 001F,Theft from the person,Investigation complete; no suspect identified,
bc1bf7f89af14141e252453b4ba7fbb8da8bbdcc2658c3b15d84c87e8bf8f3fb,2025-02,City of London Police,City of London Police,-0.081113,51.516869,On or near Bishopsgate,E01032739,City of London 001F,Theft from the person,Investigation complete; no suspect identified,
5c4390aacdbe445e9d0be96fe8039541048b0127fa441428fdbaca43ab91c5ca,2025-02,City of London Police,City of London Police,-0.095924,51.513882,On or near Shopping Area,E01032739,City of London 001F,Theft from the person,Investigation complete; no suspect identified,
7536cfa3b3b135ac2e6ffae7eb2db405544233883760139d79835063ca2178ef,2025-02,City of London Police,City of London Police,-0.079883,51.517326,On or near New Street,E01032739,City of London 001F,Theft from the person,Investigation complete; no suspect identified,
830742db94cb8b8d91699c330a09515404fec8d304971dc6c5f785986cc63318,2025-02,City of London Police,City of London Police,-0.085089,51.512105,On or near Gracechurch Street,E01032739,City of London 001F,Theft from the person,Investigation complete; no suspect identified,
bb481aa437f4f8b99a563305d5fb26ea4028088d5b73d770717d8411a9294d49,2025-02,City of London Police,City of London Police,-0.081113,51.516869,On or near Bishopsgate,E01032739,City of London 001F,Theft from the person,Investigation complete; no suspect identified,
269f783c9c330d09dcc9be064cf9f67bd2b6689e5f7d5246df122f88a0956c8c,2025-02,City of London Police,City of London Police,-0.101292,51.514770,On or near Amen Court,E01032739,City of London 001F,Theft from the person,Investigation complete; no suspect identified,
91dbb481cc41282ef176bb82a7d26b71b8558cdbbb4bdfdd706bdd05bec4a86f,2025-02,City of London Police,City of London Police,-0.081113,51.516869,On or near Bishopsgate,E01032739,City of London 001F,Theft from the person,Investigation complete; no suspect identified,
ff71ac45fabded91e5312d46b7e5ff52853b41128c43dd2debad41457e6e80a2,2025-02,City of London Police,City of London Police,-0.095224,51.513736,On or near Shopping Area,E01032739,City of London 001F,Theft from the person,Investigation complete; no suspect identified,
d7a43a9567f005aa82826a4810cf0dda6b9882969e3bd636be2325c2b022f42a,2025-02,City of London Police,City of London Police,-0.095924,51.513882,On or near Shopping Area,E01032739,City of London 001F,Theft from the person,Investigation complete; no suspect identified,
8a4ebd8d94e267c607d0664b75db4dc2e6e78d6d3a1aed6780896b3b16e78055,2025-02,City of London Police,City of London Police,-0.081902,51.517296,On or near Liverpool Street,E01032739,City of London 001F,Theft from the person,Investigation complete; no suspect identified,
e2468c7638b5d6b60abe7acc80d431f3c25fc49941e6865518b50444be7b202f,2025-02,City of London Police,City of London Police,-0.084844,51.509700,On or near Monument Street,E01032739,City of London 001F,Theft from the person,Investigation complete; no suspect identified,
cca4dbb1a700b8ad1ed1b4b58bdcf618505ad125aa5846e8e348d126fbe5c85b,2025-02,City of London Police,City of London Police,-0.102134,51.513929,On or near Ludgate Hill,E01032739,City of London 001F,Theft from the person,Investigation complete; no suspect identified,
5f91355220e1c2ab009f5cace0a713208a3fb43da3661e7a45bfba5f973b743a,2025-02,City of London Police,City of London Police,-0.081113,51.516869,On or near Bishopsgate,E01032739,City of London 001F,Theft from the person,Investigation complete; no suspect identified,
c73d84e4d75566cce50f5d166bfd0c485dc2a1a61d2d4ea1eb7123dddcb66822,2025-02,City of London Police,City of London Police,-0.096501,51.513874,On or near New Change,E01032739,City of London 001F,Theft from the person,Investigation complete; no suspect identified,
98f026c798ba86b1d4a1cbfbb3b93c5ef0a1487bfd1dfd2dc4fbcac2df0fca3c,2025-02,City of London Police,City of London Police,-0.081113,51.516869,On or near Bishopsgate,E01032739,City of London 001F,Theft from the person,Investigation complete; no suspect identified,
40042fa6257c3bfb6b34be14d52c5b684bb48000a024caa80a181e9bdb09f71e,2025-02,City of London Police,City of London Police,-0.084844,51.510725,On or near Eastcheap,E01032739,City of London 001F,Theft from the person,Investigation complete; no suspect identified,
99c1cddb54c467045880096d935b76860c57ba88f20b91d4f5d6ebecc025bd03,2025-02,City of London Police,City of London Police,-0.091823,51.514427,On or near Ironmonger Lane,E01032739,City of London 001F,Theft from the person,Investigation complete; no suspect identified,
4f97045d3f832f569a4d941e8c6edc6784d72fa3b7127d24fcdcced010870c8b,2025-02,City of London Police,City of London Police,-0.092633,51.509872,On or near Bell Wharf Lane,E01032739,City of London 001F,Vehicle crime,Investigation complete; no suspect identified,
21e7c5661ec31edd29191900dca2f407e2ab0ebcf32d9d33650e42bc5fca814c,2025-02,City of London Police,City of London Police,-0.083600,51.509797,On or near St Mary At Hill,E01032739,City of London 001F,Vehicle crime,Investigation complete; no suspect identified,
08fb49b7de1de79877da1214b92d0f3831975358afa987722e1c3373ca5e6ef9,2025-02,City of London Police,City of London Police,-0.092633,51.509872,On or near Bell Wharf Lane,E01032739,City of London 001F,Vehicle crime,Investigation complete; no suspect identified,
260fdbd7e6a56ccc40e391e5f99b6cec37e675ebbf04185dbb4d1871268d6559,2025-02,City of London Police,City of London Police,-0.089479,51.510864,On or near Gophir Lane,E01032739,City of London 001F,Vehicle crime,Unable to prosecute suspect,
bf454cbc694fd42bf576d71f4a8c1417361625979422574581b4c8180ee57d1c,2025-02,City of London Police,City of London Police,-0.079907,51.517785,On or near Victoria Avenue,E01032739,City of London 001F,Violence and sexual offences,Unable to prosecute suspect,
77f87cb41ce9d9807f8d357f12bc843e3ba85f099e4efdfb2298d5049b3c47f7,2025-02,City of London Police,City of London Police,-0.095924,51.513882,On or near Shopping Area,E01032739,City of London 001F,Violence and sexual offences,Status update unavailable,
9d64ad494701240dba2a5aa53d00fdf2a6a67f31df79ee3d5d39ca2062e6e0a8,2025-02,City of London Police,City of London Police,-0.079907,51.517785,On or near Victoria Avenue,E01032739,City of London 001F,Violence and sexual offences,Unable to prosecute suspect,
81acf312dbf09096525d3e50a103cf8652ea53bdafb768d7cd3a70f7042d0b42,2025-02,City of London Police,City of London Police,-0.095924,51.513882,On or near Shopping Area,E01032739,City of London 001F,Violence and sexual offences,Status update unavailable,
de0aedf837e2a2a9d6042c67f3630eb08a92cbcc368ccee2d707e662bd985a1f,2025-02,City of London Police,City of London Police,-0.092531,51.512658,On or near Queen Street,E01032739,City of London 001F,Violence and sexual offences,Investigation complete; no suspect identified,
910b20f53e2e0873ef5f6d52fa6357b59ca4841a10a3b5e86428dfe5e5317289,2025-02,City of London Police,City of London Police,-0.095924,51.513882,On or near Shopping Area,E01032739,City of London 001F,Violence and sexual offences,Status update unavailable,
066d465dedf1d28852289d7d118b8fb116fc221105d7afa8d6f6f4ce8d1121c9,2025-02,City of London Police,City of London Police,-0.081512,51.518692,On or near London Liverpool Street,E01032739,City of London 001F,Violence and sexual offences,Status update unavailable,
4a8c6185ae3aea0bff9342b7c0ad92a78b3a541ea16ed1ae6aeb7f3037f5a00a,2025-02,City of London Police,City of London Police,-0.100201,51.513286,On or near Dean'S Court,E01032739,City of London 001F,Violence and sexual offences,Unable to prosecute suspect,
b7c9e484d0a003a47b6be023cc7302c3fbb97c03783afcc8f8c83e840202ac1f,2025-02,City of London Police,City of London Police,-0.095924,51.513882,On or near Shopping Area,E01032739,City of London 001F,Violence and sexual offences,Court result unavailable,
0ef4b6216b61cf262cccbd955e0e0cd3d086385cdb31c53a4ef9b89a73f99dd4,2025-02,City of London Police,City of London Police,-0.078755,51.518440,On or near Artillery Lane,E01032739,City of London 001F,Violence and sexual offences,Awaiting court outcome,
b1dd06032318013c9442d21aba4d2ca3d27b678ed1497a7546cf1ed904d722eb,2025-02,City of London Police,City of London Police,-0.090578,51.509722,On or near Allhallows Lane,E01032739,City of London 001F,Violence and sexual offences,Court result unavailable,
53d6665eaf8f7fad9f7438750964780f842aa9e1b0338ae5be2d40d682f2977c,2025-02,City of London Police,City of London Police,-0.078755,51.518440,On or near Artillery Lane,E01032739,City of London 001F,Violence and sexual offences,Unable to prosecute suspect,
bef983d6b394aa3965be659efb4f95a674cafb4a530250d7fe8a72d21443ac92,2025-02,City of London Police,City of London Police,-0.101906,51.511794,On or near Theatre/Concert Hall,E01032739,City of London 001F,Violence and sexual offences,Status update unavailable,
e008df38c2727443662f2800e2b3e9c8f04240d6bf5f9982f09974d2ab0192d5,2025-02,City of London Police,City of London Police,-0.095924,51.513882,On or near Shopping Area,E01032739,City of London 001F,Violence and sexual offences,Status update unavailable,
a135216af262311abcaf66e6ad1242559f5c4e70fc589c0d78cbc88ddb2a8b31,2025-02,City of London Police,City of London Police,-0.091947,51.513188,On or near Pancras Lane,E01032739,City of London 001F,Violence and sexual offences,Awaiting court outcome,
df00b4ad96051c7bfddecdd4a6e449c366e13087646c6b1aadb844721682f984,2025-02,City of London Police,City of London Police,-0.082993,51.516360,On or near Wormwood Street,E01032739,City of London 001F,Violence and sexual offences,Local resolution,
78a962d65c2a2721295951394e57e1c7d54767a41f15c114d9e08616b9d78b28,2025-02,City of London Police,City of London Police,-0.087157,51.512624,On or near Lombard Street,E01032739,City of London 001F,Violence and sexual offences,Status update unavailable,
3eacab02cda8575b3808b1de5c88ca8c1b3493f1c2be02cfa0b504803b51139b,2025-02,City of London Police,City of London Police,-0.081643,51.510070,On or near Great Tower Street,E01032739,City of London 001F,Violence and sexual offences,Investigation complete; no suspect identified,
a63e3d9dfe6c3ace67bbf9ed34801dd52581b4036caedf54212b4c4710e00d55,2025-02,City of London Police,City of London Police,-0.091540,51.511896,On or near Cannon Street,E01032739,City of London 001F,Violence and sexual offences,Investigation complete; no suspect identified,
b7bf142f7f70cc4bf63a1586ad169888671910d18317703364021fffc395c068,2025-02,City of London Police,City of London Police,-0.101292,51.514770,On or near Amen Court,E01032739,City of London 001F,Violence and sexual offences,Status update unavailable,
4398c279d9c507f305249bd1130da439a7650019048b91a43c91c913315fb35f,2025-02,City of London Police,City of London Police,-0.097291,51.514626,On or near Supermarket,E01032739,City of London 001F,Violence and sexual offences,Unable to prosecute suspect,
c4a81e730b2c5293602715f6c87c6444ae7c739858aae85c057e1c0949cae427,2025-02,City of London Police,City of London Police,-0.097291,51.514626,On or near Supermarket,E01032739,City of London 001F,Violence and sexual offences,Unable to prosecute suspect,
a106d5d8b80a871d210631496c5c3c9105fe325aab054953278e1dd0447e9103,2025-02,City of London Police,City of London Police,-0.084836,51.511939,On or near Shopping Area,E01032739,City of London 001F,Violence and sexual offences,Investigation complete; no suspect identified,
140b8aaa2d6d76a0ed1c8371691656faae2d7bb684826d9f06c599aef833a3be,2025-02,City of London Police,City of London Police,-0.097291,51.514626,On or near Supermarket,E01032739,City of London 001F,Violence and sexual offences,Unable to prosecute suspect,
1e323314d97143e42e5512e25fbf4584cbc440e622db12984acdf6a3b5d1b0eb,2025-02,City of London Police,City of London Police,-0.077959,51.511332,On or near Crutched Friars,E01032739,City of London 001F,Violence and sexual offences,Unable to prosecute suspect,
7eed9de6f96b3a089fdc9f810b3ba48f2a680df9e8a64f1582e955159b4a3257,2025-02,City of London Police,City of London Police,-0.084844,51.510725,On or near Eastcheap,E01032739,City of London 001F,Violence and sexual offences,Court result unavailable,
a5bdb0d5045bceec28eaa69c36519e3e3b8d90433cfbb1261178f932102ab1d0,2025-02,City of London Police,City of London Police,-0.095224,51.513736,On or near Shopping Area,E01032739,City of London 001F,Violence and sexual offences,Unable to prosecute suspect,
6e794d90162fb412289d6b5a0e360193a75ca8fec96abc2f31195779b7f206c4,2025-02,City of London Police,City of London Police,-0.079907,51.517785,On or near Victoria Avenue,E01032739,City of London 001F,Violence and sexual offences,Court result unavailable,
526b67fbce399b896eaa4d2242b6f7afe4c075afbc5a188c187a347e06bc7cae,2025-02,City of London Police,City of London Police,-0.081113,51.516869,On or near Bishopsgate,E01032739,City of London 001F,Violence and sexual offences,Investigation complete; no suspect identified,
e92b12184618c517d3141cd5a148186500f8224f86adebb13a1efefbe242c1bd,2025-02,City of London Police,City of London Police,-0.088456,51.514975,On or near Tokenhouse Yard,E01032739,City of London 001F,Violence and sexual offences,Investigation complete; no suspect identified,
9ff33ed52496bc317b033df0820c90ee9d06b9d944b127a39e5425c4e0ad2bbe,2025-02,City of London Police,City of London Police,-0.100588,51.512636,On or near Addle Hill,E01032739,City of London 001F,Violence and sexual offences,Court result unavailable,
3ee65a71d98176e21d93a8fa989b76f56a09f71abbe0e93db0e667a296ae19e0,2025-02,City of London Police,City of London Police,-0.082993,51.516360,On or near Wormwood Street,E01032739,City of London 001F,Violence and sexual offences,Unable to prosecute suspect,
a544f6bc13e07d85b9b2c82fc6af9a511cff344b17f4573cb0f4c055d8b4b268,2025-02,City of London Police,City of London Police,-0.095224,51.513736,On or near Shopping Area,E01032739,City of London 001F,Violence and sexual offences,Unable to prosecute suspect,
012ca748af8a1d427389448d9eabe8587b5186112bfca094eae094ddb83b512b,2025-02,City of London Police,City of London Police,-0.095224,51.513736,On or near Shopping Area,E01032739,City of London 001F,Violence and sexual offences,Unable to prosecute suspect,
edc79c1aeda275674bb9ce6ee1a0badd156bc00f473b6d8bb9091525ded29903,2025-02,City of London Police,City of London Police,-0.079907,51.517785,On or near Victoria Avenue,E01032739,City of London 001F,Violence and sexual offences,Status update unavailable,
c2fc3eb93fad6f1dc09b218c7aeb3c83c47779758c2d10244ac228092be0ef75,2025-02,City of London Police,City of London Police,-0.100201,51.513286,On or near Dean'S Court,E01032739,City of London 001F,Violence and sexual offences,Unable to prosecute suspect,
14b14e2f5b33c6850877b3a0f43b1fe6e5b9204fd0dee30a413fbb11bf250358,2025-02,City of London Police,City of London Police,-0.089208,51.509744,On or near Angel Lane,E01032739,City of London 001F,Violence and sexual offences,Unable to prosecute suspect,
dac95072cf90957f20ecad7fc2c9261aaa712cfdd4df7c689c8b9c1438273626,2025-02,City of London Police,City of London Police,-0.079521,51.511196,On or near New London Street,E01032739,City of London 001F,Violence and sexual offences,Court result unavailable,
340c268e3df70a109c9427d50fb7f7e7747a5cc783ea12dcf76808652793055e,2025-02,City of London Police,City of London Police,-0.079907,51.517785,On or near Victoria Avenue,E01032739,City of London 001F,Violence and sexual offences,Status update unavailable,
2152a9eb15664ebd48778d6d327982cc7324fa716ee7b55efcc13aebe5d7b01b,2025-02,City of London Police,City of London Police,-0.081113,51.516869,On or near Bishopsgate,E01032739,City of London 001F,Violence and sexual offences,Unable to prosecute suspect,
f2d78240d06a8a10f2a8e9cb888dd21d7ed32ef044916f585f869455e88effc2,2025-02,City of London Police,City of London Police,-0.081113,51.516869,On or near Bishopsgate,E01032739,City of London 001F,Violence and sexual offences,Unable to prosecute suspect,
2ccfc6b663f77823d068036018770fea85f1f88dca100d051e96ad8b9bf7e695,2025-02,City of London Police,City of London Police,-0.082993,51.516360,On or near Wormwood Street,E01032739,City of London 001F,Violence and sexual offences,Status update unavailable,
624f3395196022f30825279717afc7d2d029cbd351b1cd934286b4700f09270f,2025-02,City of London Police,City of London Police,-0.084836,51.511939,On or near Shopping Area,E01032739,City of London 001F,Violence and sexual offences,Court result unavailable,
ce5d55428ffa71a1789a9de7b6fc556a658a5c5c9c852cd5b902c3d3934f4186,2025-02,City of London Police,City of London Police,-0.079907,51.517785,On or near Victoria Avenue,E01032739,City of London 001F,Violence and sexual offences,Status update unavailable,
f090d032cc9b2de9f7ca8c440ca9edba907ea700cebdcf412cdaa70277fe4686,2025-02,City of London Police,City of London Police,-0.089479,51.510864,On or near Gophir Lane,E01032739,City of London 001F,Violence and sexual offences,Unable to prosecute suspect,
1ee23a40a87a47e1e7345df177d6a97bcc8c49256892963e84fd311e74697399,2025-02,City of London Police,City of London Police,-0.087744,51.516492,On or near Copthall Avenue,E01032739,City of London 001F,Violence and sexual offences,Investigation complete; no suspect identified,
ce5d55428ffa71a1789a9de7b6fc556a658a5c5c9c852cd5b902c3d3934f4186,2025-02,City of London Police,City of London Police,-0.079907,51.517785,On or near Victoria Avenue,E01032739,City of London 001F,Violence and sexual offences,Unable to prosecute suspect,
dd3bfb55a16bb2818509e03f426e2d8dc07516bbf915e089d4ae4d67521bae1c,2025-02,City of London Police,City of London Police,-0.079883,51.517326,On or near New Street,E01032739,City of London 001F,Violence and sexual offences,Court result unavailable,
53ae0a3618665b4f7cd41cde3f452e5f4e58cfdf5cb4ef0eb036bfe872b70aff,2025-02,City of London Police,City of London Police,-0.088903,51.510836,On or near Laurence Pountney Hill,E01032739,City of London 001F,Violence and sexual offences,Status update unavailable,
3c153f5e37eeab6d77fdae2fa1edeac34c66338668abcada54ddba1ee5d1daa9,2025-02,City of London Police,City of London Police,-0.084844,51.509700,On or near Monument Street,E01032739,City of London 001F,Violence and sexual offences,Court result unavailable,
f09715540c13e0121f5020ecde5f6192b1f7a5ddf65a3c61fca9a8f3046af7dc,2025-02,City of London Police,City of London Police,-0.079883,51.517326,On or near New Street,E01032739,City of London 001F,Violence and sexual offences,Investigation complete; no suspect identified,
2998a94b570494a6e93e382d71f752fa561b0c0100b4a71fbcf27e043b6959e0,2025-02,City of London Police,City of London Police,-0.083977,51.510441,On or near Lovat Lane,E01032739,City of London 001F,Violence and sexual offences,Unable to prosecute suspect,
a7fc45d2e28e1771b5e6c3297604a6025050cb5eb524b3dc4d51e98090dbab4f,2025-02,City of London Police,City of London Police,-0.095924,51.513882,On or near Shopping Area,E01032739,City of London 001F,Violence and sexual offences,Court result unavailable,
3334d066b49c1e079232b25d44e8dfc84f41ed5c56d758ccc797c786216d6a14,2025-02,City of London Police,City of London Police,-0.083977,51.510441,On or near Lovat Lane,E01032739,City of London 001F,Violence and sexual offences,Status update unavailable,
e3411da4cb68d225b4391b01b707be08aa11c546e95d3ff22674baca4a440a2d,2025-02,City of London Police,City of London Police,-0.079907,51.517785,On or near Victoria Avenue,E01032739,City of London 001F,Violence and sexual offences,Court result unavailable,
bd98496ea809fbb40ee47deb34fa096b694ecd2f3f75bae938989b991f19f71b,2025-02,City of London Police,City of London Police,-0.095924,51.513882,On or near Shopping Area,E01032739,City of London 001F,Violence and sexual offences,Status update unavailable,
05a929caa5540b3b33b45f6dc2337b059e5396d7707e235c0586bfb23529eb0a,2025-02,City of London Police,City of London Police,-0.083349,51.514830,On or near Shopping Area,E01032739,City of London 001F,Violence and sexual offences,Unable to prosecute suspect,
1d535b60d28fa499ae75f6eaca7bccafeb52fac9a62a7b4473a37152393a77ba,2025-02,City of London Police,City of London Police,-0.079907,51.517785,On or near Victoria Avenue,E01032739,City of London 001F,Violence and sexual offences,Court result unavailable,
bd99c5eb94fbc0b28dfe96c9597364fd21a1cdfdf4c64008fb5e4e55518cbd8a,2025-02,City of London Police,City of London Police,-0.084844,51.510725,On or near Eastcheap,E01032739,City of London 001F,Violence and sexual offences,Unable to prosecute suspect,
5a2b0cb7cf6f9a0c30dab341573d4bfa5a0c3d93dba5f52c0a6edb3be47f28b5,2025-02,City of London Police,City of London Police,-0.079907,51.517785,On or near Victoria Avenue,E01032739,City of London 001F,Violence and sexual offences,Court result unavailable,
cc4877de4cf07cf89358c0cff0fbb9b27c02ddbaafc05861ff6e7c109c581054,2025-02,City of London Police,City of London Police,-0.079521,51.511196,On or near New London Street,E01032739,City of London 001F,Violence and sexual offences,Status update unavailable,
88920db73d332612acbb7e5b289f7d87f0b5a97589e35c9d8be7697337cfd0b0,2025-02,City of London Police,City of London Police,-0.084836,51.511939,On or near Shopping Area,E01032739,City of London 001F,Violence and sexual offences,Status update unavailable,
cda782af5bb40b883ff631e7c5631bf1246923176df8d3a03c7a8ccfc06f3cfd,2025-02,City of London Police,City of London Police,-0.084754,51.512882,On or near Corbet Court,E01032739,City of London 001F,Violence and sexual offences,Awaiting court outcome,
36a407ca7dcba71f07fda5109c035e803a0df4b2639766dfe85e1837dc2565cd,2025-02,City of London Police,City of London Police,-0.084844,51.509700,On or near Monument Street,E01032739,City of London 001F,Violence and sexual offences,Unable to prosecute suspect,
b67a012edb526d891945a18eeb6fbd25dfd0f3ca23954d1c1c6af531690e807e,2025-02,City of London Police,City of London Police,-0.084910,51.512588,On or near Bell Inn Yard,E01032739,City of London 001F,Violence and sexual offences,Investigation complete; no suspect identified,
d366116869340741cb1eb44702c1902651f9716298c62877d39cdcc777c6fe05,2025-02,City of London Police,City of London Police,-0.084836,51.511939,On or near Shopping Area,E01032739,City of London 001F,Violence and sexual offences,Investigation complete; no suspect identified,
ee378d9e65c333701fbda4a0a1963d7f3da1414a23b83728513e8ddac476f6c4,2025-02,City of London Police,City of London Police,-0.091540,51.511896,On or near Cannon Street,E01032739,City of London 001F,Violence and sexual offences,Status update unavailable,
3536ab0b91dcb1feeb8d9abd52d15305e326fd22049fadaf7297483d4f43bcc5,2025-02,City of London Police,City of London Police,-0.084844,51.509700,On or near Monument Street,E01032739,City of London 001F,Violence and sexual offences,Unable to prosecute suspect,
bbade81daf86082d34942da23ad5aaa92a859809266dbd5f548454bcb3cc8d2d,2025-02,City of London Police,City of London Police,-0.101475,51.511077,On or near A3211,E01032739,City of London 001F,Violence and sexual offences,Unable to prosecute suspect,
73ece8d13c52a3376bbc28b46aedf7552e6e4b48ff757856d1df44853579e045,2025-02,City of London Police,City of London Police,-0.079907,51.517785,On or near Victoria Avenue,E01032739,City of London 001F,Violence and sexual offences,Unable to prosecute suspect,
59327c74e4af18d6f7758bc329e03c09524a7ed87f79abf9f06d263b4427bfd0,2025-02,City of London Police,City of London Police,-0.089479,51.510864,On or near Gophir Lane,E01032739,City of London 001F,Violence and sexual offences,Unable to prosecute suspect,
01fbbd7484b1e811f211d4a919fe18ae137f040784b4bc3a8c2a274c08f5fca5,2025-02,City of London Police,City of London Police,-0.084844,51.509700,On or near Monument Street,E01032739,City of London 001F,Violence and sexual offences,Unable to prosecute suspect,
88cfe45e907ccf4fb4e9f7ba1b92b7f84b11421d08891739cd7c702cb31d9c3b,2025-02,City of London Police,City of London Police,-0.078937,51.514109,On or near Heneage Place,E01032739,City of London 001F,Violence and sexual offences,Investigation complete; no suspect identified,
9424ffdf714a43e8f4bb5d84921d935ebdee03fe7032ef0a6c240daa0aa2687e,2025-02,City of London Police,City of London Police,-0.081973,51.515948,On or near A10,E01032739,City of London 001F,Violence and sexual offences,Unable to prosecute suspect,
ce70d20a52004df4f1a6cd00a48db02532ad4658ba0f944791919dcf831eedfd,2025-02,City of London Police,City of London Police,-0.087157,51.512624,On or near Lombard Street,E01032739,City of London 001F,Violence and sexual offences,Court result unavailable,
e03d8a56972eb031a0ffa5a09a7703746348e196b0f6fa93c905d50834326226,2025-02,City of London Police,City of London Police,-0.087772,51.510665,On or near Martin Lane,E01032739,City of London 001F,Violence and sexual offences,Investigation complete; no suspect identified,
cf1da649e4f5ed971265082c6bbc223ae56b34d7fd3e7a80d9416761e241f978,2025-02,City of London Police,City of London Police,-0.088303,51.510728,On or near Laurence Pountney Lane,E01032739,City of London 001F,Violence and sexual offences,Status update unavailable,
942cbe0e219e341e0c526454ef7d9b739689bba30d628ef6a59b06737b0bb8aa,2025-02,City of London Police,City of London Police,-0.087772,51.510665,On or near Martin Lane,E01032739,City of London 001F,Violence and sexual offences,Investigation complete; no suspect identified,
f4b243c39fd8cd8207ca7404ded2c2f72f76f3a40fba84807bd80a8d36e7c0ef,2025-02,City of London Police,City of London Police,-0.079907,51.517785,On or near Victoria Avenue,E01032739,City of London 001F,Violence and sexual offences,Status update unavailable,
4544d4e6a2dd8fae6900b41122594e3518b9084b6e6c8bc20d0e165c5f3fd6e6,2025-02,City of London Police,City of London Police,-0.079521,51.511196,On or near New London Street,E01032739,City of London 001F,Violence and sexual offences,Investigation complete; no suspect identified,
568871303ebeca81edff5747ff64e67d565779366221fc7f422fecfa01cbcc39,2025-02,City of London Police,City of London Police,-0.081113,51.516869,On or near Bishopsgate,E01032739,City of London 001F,Violence and sexual offences,Court result unavailable,
cb43285decb5b5346df6543a63edeae2f08f7407fd16793c2062e1bf112cec40,2025-02,City of London Police,City of London Police,-0.082993,51.516360,On or near Wormwood Street,E01032739,City of London 001F,Violence and sexual offences,Awaiting court outcome,
c38212364bfe0479e5668a89331806b54c41cbb9e29d8c2853029c0deb6cca93,2025-02,City of London Police,City of London Police,-0.087772,51.510665,On or near Martin Lane,E01032739,City of London 001F,Violence and sexual offences,Investigation complete; no suspect identified,
9ebf7a6d43a51b8de819bcc9882b5f49b0368d2718ba73af95f1d77b6582f6a8,2025-02,City of London Police,City of London Police,-0.088903,51.510836,On or near Laurence Pountney Hill,E01032739,City of London 001F,Violence and sexual offences,Investigation complete; no suspect identified,
60ac99eebdec9a9286f0d4b4c58bbb684dadd1d8137c755ce0e82ed7bdefc0fa,2025-02,City of London Police,City of London Police,-0.081512,51.518692,On or near London Liverpool Street,E01032739,City of London 001F,Violence and sexual offences,Status update unavailable,
a361679e2f0cb906211036e35f390386091d5a18f472c4d5882b5b26ffa9f69f,2025-02,City of London Police,City of London Police,-0.081113,51.516869,On or near Bishopsgate,E01032739,City of London 001F,Other crime,Court result unavailable,
6667d65cce2ca02028a43d1a93a3e9715583d792cdefe2d85fdd986be938626e,2025-02,City of London Police,City of London Police,-0.096501,51.513874,On or near New Change,E01032739,City of London 001F,Other crime,Status update unavailable,
d44dcca12b259a633d89f210663c978c75cc1de97878264b691ce916cc1394af,2025-02,City of London Police,City of London Police,-0.081902,51.517296,On or near Liverpool Street,E01032739,City of London 001F,Other crime,Court result unavailable,
ec424f4541010ceecc6b54a2acd8cac5a277dc9cb41fccab419ffa6c4e0852e2,2025-02,City of London Police,City of London Police,-0.096501,51.513874,On or near New Change,E01032739,City of London 001F,Other crime,Investigation complete; no suspect identified,
,2025-02,City of London Police,City of London Police,-0.108069,51.515041,On or near Gough Square,E01032740,City of London 001G,Anti-social behaviour,,
29566d3af606e99dbc2faa6c995d3e9b149c854552382d4c248bd0bba9458e36,2025-02,City of London Police,City of London Police,-0.099892,51.519675,On or near Lindsey Street,E01032740,City of London 001G,Bicycle theft,Investigation complete; no suspect identified,
9fe59d0c2dfe85e6c8cc979e4622572170d8095dc68206f4c38d84adb3469298,2025-02,City of London Police,City of London Police,-0.098017,51.519689,On or near Cloth Street,E01032740,City of London 001G,Bicycle theft,Investigation complete; no suspect identified,
90c4cb5b4e982caf456d0bf625c253dd8289dd1b8fdd52692265ae73949a15a9,2025-02,City of London Police,City of London Police,-0.099803,51.519026,On or near Cloth Fair,E01032740,City of London 001G,Burglary,Investigation complete; no suspect identified,
8e4dfca340b046479662cd1e06676760a764dd65a88fc396b0f97e1246f7d655,2025-02,City of London Police,City of London Police,-0.105131,51.513941,On or near Bride Lane,E01032740,City of London 001G,Burglary,Court result unavailable,
96880b2b859d839d7a69ae437c2a92fe2e237afceb43646e6d0f92e3b5d45bb9,2025-02,City of London Police,City of London Police,-0.108450,51.514202,On or near Fleet Street,E01032740,City of London 001G,Burglary,Unable to prosecute suspect,
47104119851ecad0443da16681a49574e344f8ca7f75fb444de9718b0ae9e391,2025-02,City of London Police,City of London Police,-0.102538,51.517739,On or near Hosier Lane,E01032740,City of London 001G,Burglary,Investigation complete; no suspect identified,
1126c5c528bfff38bab61c122926fb46969ec359dfeec03e0a14b0d76d06ec68,2025-02,City of London Police,City of London Police,-0.110474,51.517193,On or near Furnival Street,E01032740,City of London 001G,Burglary,Investigation complete; no suspect identified,
49c41a1757d6d6c625a6b9313b559241deb5fb4ca1bdbf182047d634c99d61dc,2025-02,City of London Police,City of London Police,-0.099301,51.519674,On or near Hayne Street,E01032740,City of London 001G,Burglary,Investigation complete; no suspect identified,
b16d15576c76e9007ba8ea14b08efe2cd170ba6a32be77eb6289a3bd1708e26c,2025-02,City of London Police,City of London Police,-0.107201,51.514092,On or near Conference/Exhibition Centre,E01032740,City of London 001G,Burglary,Investigation complete; no suspect identified,
0ff983cc8ec2a50c59e6b10072300e7515bb81b2ccf49edeb78beb5633830bd2,2025-02,City of London Police,City of London Police,-0.105131,51.513941,On or near Bride Lane,E01032740,City of London 001G,Burglary,Investigation complete; no suspect identified,
5985c288d5ae8d833328f32a031d2fedde097cc12994c53dbe36e467df9180c7,2025-02,City of London Police,City of London Police,-0.112953,51.518231,On or near Southampton Buildings,E01032740,City of London 001G,Burglary,Investigation complete; no suspect identified,
36d07b892beb94cda12b8510e108191a5b5534fe27452ef256962467d521df0b,2025-02,City of London Police,City of London Police,-0.098204,51.517984,On or near Albion Way,E01032740,City of London 001G,Burglary,Investigation complete; no suspect identified,
7391cbbb56717678139f875bf4357f4e4f7bd25773287c455b792e6f323507c1,2025-02,City of London Police,City of London Police,-0.098017,51.519689,On or near Cloth Street,E01032740,City of London 001G,Criminal damage and arson,Investigation complete; no suspect identified,
962f61235325c41fc01ec5cbccec758c7ebe27367527015895092f52c4de9f92,2025-02,City of London Police,City of London Police,-0.101359,51.518700,On or near Parking Area,E01032740,City of London 001G,Criminal damage and arson,Investigation complete; no suspect identified,
ded79c4f5a7c52ea44490fd2702a31fbc3bde8fabf0970a013381a81f05b7501,2025-02,City of London Police,City of London Police,-0.102538,51.517739,On or near Hosier Lane,E01032740,City of London 001G,Criminal damage and arson,Unable to prosecute suspect,
2eb7885641fa0f47309f505f40e8f6f201e3154f4c5222315af1d45da3887253,2025-02,City of London Police,City of London Police,-0.110474,51.517193,On or near Furnival Street,E01032740,City of London 001G,Drugs,Status update unavailable,
345ae3fa84d08c471297d65375b01a9e66ae4836a83bb1d317c56ebc4d3627e1,2025-02,City of London Police,City of London Police,-0.098886,51.519254,On or near Kinghorn Street,E01032740,City of London 001G,Other theft,Unable to prosecute suspect,
dde9c32b386a174582e8fbd8ffb9d56d3f0d5d76ad3db48d83998a79bca4eca3,2025-02,City of London Police,City of London Police,-0.107201,51.514092,On or near Conference/Exhibition Centre,E01032740,City of London 001G,Other theft,Investigation complete; no suspect identified,
b5929042c653f971a3c00867a2f58a49583232f276bb01b0bec0049dc83a9e23,2025-02,City of London Police,City of London Police,-0.105131,51.513941,On or near Bride Lane,E01032740,City of London 001G,Other theft,Investigation complete; no suspect identified,
e8b9babce920abd69f7e8bffcadc0dbdc1abd21a38a61bb464a1d7fc1d284c9f,2025-02,City of London Police,City of London Police,-0.101621,51.516906,On or near Giltspur Street,E01032740,City of London 001G,Other theft,Status update unavailable,
15cbba8ab597f163c32ebca46036d15c4e5fba0fb575fb470e9bc3f641195a43,2025-02,City of London Police,City of London Police,-0.108162,51.512834,On or near Parking Area,E01032740,City of London 001G,Other theft,Investigation complete; no suspect identified,
c8bc3bf4271fdaddecf7ea6d7f31618c74384a013b5c57f10b41e1eb3f077294,2025-02,City of London Police,City of London Police,-0.106076,51.517239,On or near Conference/Exhibition Centre,E01032740,City of London 001G,Other theft,Investigation complete; no suspect identified,
65ee38083831303180ccbc0d4db45778d7903790ca4cd9f2727d9d5030a31619,2025-02,City of London Police,City of London Police,-0.102726,51.513911,On or near Pageantmaster Court,E01032740,City of London 001G,Other theft,Investigation complete; no suspect identified,
2356414b7d0bdc5d8424f4d0a9102b346e19c059b507cb5a3b2dbc03bad1368b,2025-02,City of London Police,City of London Police,-0.109387,51.513839,On or near Old Mitre Court,E01032740,City of London 001G,Other theft,Investigation complete; no suspect identified,
fbea1824a4fd23e936f6ea786613ea0d69b9702f20b2134eb054098c575313ed,2025-02,City of London Police,City of London Police,-0.102812,51.517051,On or near Police Station,E01032740,City of London 001G,Other theft,Investigation complete; no suspect identified,
4995d89349ed52feaa08a871c19093805d8c65ca438998ac38aae9cf48ee1c2a,2025-02,City of London Police,City of London Police,-0.105131,51.513941,On or near Bride Lane,E01032740,City of London 001G,Other theft,Investigation complete; no suspect identified,
0f2fd527ddc657d1b1608a45b2a37107ff04b268d8c9292dd39b2c3420ea630d,2025-02,City of London Police,City of London Police,-0.105131,51.513941,On or near Bride Lane,E01032740,City of London 001G,Other theft,Investigation complete; no suspect identified,
489460633056634a2f6625037b86d0f71c27ee646490ad7a2915636e22ceab94,2025-02,City of London Police,City of London Police,-0.105131,51.513941,On or near Bride Lane,E01032740,City of London 001G,Other theft,Investigation complete; no suspect identified,
fc3561b716e598a8ee62dd3782248509a48b6ac8589a6b6958bef2259900dd0f,2025-02,City of London Police,City of London Police,-0.102812,51.517051,On or near Police Station,E01032740,City of London 001G,Other theft,Investigation complete; no suspect identified,
77c107388762287c648d471866c138d0aa872b1e0c892ba3572e62bc3263c094,2025-02,City of London Police,City of London Police,-0.107997,51.513313,On or near Bouverie Street,E01032740,City of London 001G,Public order,Unable to prosecute suspect,
1249030e5a3b371d21b252c0f8fe649eb23cb6fbf0afa84f160b507a66220754,2025-02,City of London Police,City of London Police,-0.108450,51.514202,On or near Fleet Street,E01032740,City of London 001G,Public order,Status update unavailable,
47bebfd316c8ef3e0b3ef1fa2fac72b6f4aec615e114132bac39dd9834550a2e,2025-02,City of London Police,City of London Police,-0.108450,51.514202,On or near Fleet Street,E01032740,City of London 001G,Public order,Unable to prosecute suspect,
aa1aa82b71bdcb6db39736dabc53c6fffa197be48d2b40966e504e15cb959f5f,2025-02,City of London Police,City of London Police,-0.107997,51.513313,On or near Bouverie Street,E01032740,City of London 001G,Public order,Investigation complete; no suspect identified,
336df00263010cb16284279f4c8327e40ee1a09bbf6f272397442e80475ae2d9,2025-02,City of London Police,City of London Police,-0.104980,51.512033,On or near Kingscote Street,E01032740,City of London 001G,Robbery,Investigation complete; no suspect identified,
a1545d0618dbca701008b7ea72f61a690fe94489307eb016fbebe591918bed20,2025-02,City of London Police,City of London Police,-0.109297,51.515681,On or near Fetter Lane,E01032740,City of London 001G,Robbery,Court result unavailable,
2ba35cdc8bb516be02ea23e52a41a6b9d8156e0e94184178a3d248069abe2f98,2025-02,City of London Police,City of London Police,-0.109164,51.517846,On or near Holborn,E01032740,City of London 001G,Shoplifting,Investigation complete; no suspect identified,
ce2fd35dde17a92dd5b3fdecd606a20ff2e9e40f1af3194a7e303ee3930f4876,2025-02,City of London Police,City of London Police,-0.108450,51.514202,On or near Fleet Street,E01032740,City of London 001G,Theft from the person,Investigation complete; no suspect identified,
22ea721bb33d74345d59990d9db4e7c9fd4cc8aa35ef1a2939a8968487459121,2025-02,City of London Police,City of London Police,-0.106076,51.517239,On or near Conference/Exhibition Centre,E01032740,City of London 001G,Theft from the person,Investigation complete; no suspect identified,
5cba543824f75bb4f8418c6a39d4395caa15d38fee7a48103e4a6ddcbd91a388,2025-02,City of London Police,City of London Police,-0.108027,51.511884,On or near Temple Avenue,E01032740,City of London 001G,Theft from the person,Investigation complete; no suspect identified,
584958a3d261c85b3c6c9fe52fe914d4793732eaf5589e7a59c8c62b593a6e4a,2025-02,City of London Police,City of London Police,-0.101621,51.516906,On or near Giltspur Street,E01032740,City of London 001G,Theft from the person,Investigation complete; no suspect identified,
55bd4b2f87ad245f53bac6c08b490fc14dcf406897feb3baf6a26425c502a1ef,2025-02,City of London Police,City of London Police,-0.102585,51.517308,On or near Cock Lane,E01032740,City of London 001G,Theft from the person,Court result unavailable,
7796e051feaf9302708550226eba523f1bc596103c4748810af8d34fe431f623,2025-02,City of London Police,City of London Police,-0.109164,51.517846,On or near Holborn,E01032740,City of London 001G,Theft from the person,Investigation complete; no suspect identified,
4fee9a0cef46dd07f44c0054881fdb4e3fc98eed9f5a857b4c7954a40b1ae064,2025-02,City of London Police,City of London Police,-0.108450,51.514202,On or near Fleet Street,E01032740,City of London 001G,Theft from the person,Investigation complete; no suspect identified,
472cad194f0122b7bb9c361edc90c17a727c952d819669711c2e0b7aec8527c5,2025-02,City of London Police,City of London Police,-0.106076,51.517239,On or near Conference/Exhibition Centre,E01032740,City of London 001G,Theft from the person,Investigation complete; no suspect identified,
ee2c02ab642170fd0cb646fc9a44d1c5815a688e7853b1cd42e23090f902f3a8,2025-02,City of London Police,City of London Police,-0.097959,51.517629,On or near Montague Street,E01032740,City of London 001G,Theft from the person,Investigation complete; no suspect identified,
bf2627b0f40a316d9437fb7e1c17001f3b584f196c1ae29c388db276bde9c999,2025-02,City of London Police,City of London Police,-0.098397,51.519561,On or near Middle Street,E01032740,City of London 001G,Theft from the person,Investigation complete; no suspect identified,
49e689af1acbd990cf54d0471b331096df091ebc07f4c4632bd1759daebd0336,2025-02,City of London Police,City of London Police,-0.111065,51.512302,On or near Middle Temple Lane,E01032740,City of London 001G,Theft from the person,Investigation complete; no suspect identified,
09e3952a58b66a2fc3d1130c1b85d07147d0e14a168681caabe8ddfd7604fc4b,2025-02,City of London Police,City of London Police,-0.108450,51.514202,On or near Fleet Street,E01032740,City of London 001G,Theft from the person,Investigation complete; no suspect identified,
21dd0ceec92cb8e8cc2cda128b08bcbb7e31b789420d1625668ef807c41c6333,2025-02,City of London Police,City of London Police,-0.109297,51.515681,On or near Fetter Lane,E01032740,City of London 001G,Theft from the person,Investigation complete; no suspect identified,
3d611bb59b83cfdb89fb8f9772efe57466e72a814da9021f1972f40391651f8f,2025-02,City of London Police,City of London Police,-0.108909,51.515297,On or near West Harding Street,E01032740,City of London 001G,Theft from the person,Investigation complete; no suspect identified,
25f3d66f855ebe5a824fe1d4254652c8140b33c6dece9e95fcd9839a3aad3637,2025-02,City of London Police,City of London Police,-0.103490,51.513897,On or near City Thameslink,E01032740,City of London 001G,Theft from the person,Investigation complete; no suspect identified,
9e902cdc1d2eb7cf25a7bd0e5ea9364a451129668bcac31fbb72488aa6b4af4e,2025-02,City of London Police,City of London Police,-0.101359,51.518700,On or near Parking Area,E01032740,City of London 001G,Theft from the person,Court result unavailable,
350efbe88e019c78330df30111015dce37749ff6e25364cb9e0d50ecc4f7b970,2025-02,City of London Police,City of London Police,-0.108450,51.514202,On or near Fleet Street,E01032740,City of London 001G,Theft from the person,Investigation complete; no suspect identified,
e6037c213a021918e612e20a5f8618ac576812ac780c9febefafa30798ae9283,2025-02,City of London Police,City of London Police,-0.112019,51.516067,On or near Chancery Lane,E01032740,City of London 001G,Theft from the person,Investigation complete; no suspect identified,
3c7e1fcf10f58326c7d44fbdf39eeeb39b71185fea70fe21967a62d7e5eb9dbe,2025-02,City of London Police,City of London Police,-0.108027,51.511884,On or near Temple Avenue,E01032740,City of London 001G,Theft from the person,Investigation complete; no suspect identified,
4289037cd5614145d388530e7eb61ea1b4deaffec91716101f07620ebda9a40c,2025-02,City of London Police,City of London Police,-0.102726,51.513911,On or near Pageantmaster Court,E01032740,City of London 001G,Theft from the person,Investigation complete; no suspect identified,
81338353d48d6fa48dcfc10216a42ee526132c49ffca9dbaf68747ad452d7378,2025-02,City of London Police,City of London Police,-0.109164,51.517846,On or near Holborn,E01032740,City of London 001G,Theft from the person,Investigation complete; no suspect identified,
ee7e4e96b3fe2f1bcede82b72133831922905ad2c1ff7c2f0714203c9ffa7bbc,2025-02,City of London Police,City of London Police,-0.107201,51.514092,On or near Conference/Exhibition Centre,E01032740,City of London 001G,Theft from the person,Investigation complete; no suspect identified,
ec4f25b5ced8694f6da5a8c6761b386d235f7b3a85c2994e213677a70ca62ae9,2025-02,City of London Police,City of London Police,-0.110690,51.517916,On or near Further/Higher Educational Building,E01032740,City of London 001G,Theft from the person,Investigation complete; no suspect identified,
5fb1167df0fe4e07a9e69539335d09331ee78d9474a703b011a76952264aa8e8,2025-02,City of London Police,City of London Police,-0.107443,51.515534,On or near Printer Street,E01032740,City of London 001G,Theft from the person,Investigation complete; no suspect identified,
c752a89a23c55852fb5cc5b8066283f07ba18847871ae6dbc8d20199d257c8c6,2025-02,City of London Police,City of London Police,-0.107979,51.515480,On or near East Harding Street,E01032740,City of London 001G,Theft from the person,Investigation complete; no suspect identified,
483ce447e3d4a26a4e72de4a71b296324e93a411fcb0164b41222a5ad7279dbd,2025-02,City of London Police,City of London Police,-0.112111,51.517687,On or near Parking Area,E01032740,City of London 001G,Violence and sexual offences,Investigation complete; no suspect identified,
1e108855bb7a03ad3ac99a38666c433fbaf93a965c6e61550d74d755faa1499b,2025-02,City of London Police,City of London Police,-0.106076,51.517239,On or near Conference/Exhibition Centre,E01032740,City of London 001G,Violence and sexual offences,Investigation complete; no suspect identified,
d199e80bbe23088e3bfb6034c9a9810cdcb67007f173d367e0ada2b2d9b6ccc6,2025-02,City of London Police,City of London Police,-0.101621,51.516906,On or near Giltspur Street,E01032740,City of London 001G,Violence and sexual offences,Investigation complete; no suspect identified,
74594fe256eeb0a34b456e549c727a0316546129fce5aaa9bf296d200e1dda2b,2025-02,City of London Police,City of London Police,-0.102538,51.517739,On or near Hosier Lane,E01032740,City of London 001G,Violence and sexual offences,Status update unavailable,
7cfdde0949bd408da4cf457e6bed6827336a87029dab5927468d0123b18e851f,2025-02,City of London Police,City of London Police,-0.101359,51.518700,On or near Parking Area,E01032740,City of London 001G,Violence and sexual offences,Unable to prosecute suspect,
02bd37a79364d5166c8f8cf78e58e93746456012efc026c5785ca1c2a06122da,2025-02,City of London Police,City of London Police,-0.108909,51.515297,On or near West Harding Street,E01032740,City of London 001G,Violence and sexual offences,Further investigation is not in the public interest,
75da6b60ee5e6c9a98cd21650ea3288bee702c80a8c0e2489bcf9d5112d5c366,2025-02,City of London Police,City of London Police,-0.108450,51.514202,On or near Fleet Street,E01032740,City of London 001G,Violence and sexual offences,Unable to prosecute suspect,
0c0f95eb9fb2314a6a118a36ccc7c063f56dfd39ccbb968d72dee0467396a4da,2025-02,City of London Police,City of London Police,-0.102538,51.517739,On or near Hosier Lane,E01032740,City of London 001G,Violence and sexual offences,Court result unavailable,
7d7b5bb3e9b8b5075942420b13ea5c7f284b540148a8c135cedc763aa930285c,2025-02,City of London Police,City of London Police,-0.108162,51.512834,On or near Parking Area,E01032740,City of London 001G,Violence and sexual offences,Status update unavailable,
ad6988b46fe2045382f5fe6cc016e9dc1834e255ea3bea72c5a030c32791b9fd,2025-02,City of London Police,City of London Police,-0.108450,51.514202,On or near Fleet Street,E01032740,City of London 001G,Violence and sexual offences,Unable to prosecute suspect,
066210d68e15156fa15716a27e6be46a97f766c787c906feb71b2756f383b9dc,2025-02,City of London Police,City of London Police,-0.101320,51.519293,On or near Grand Avenue,E01032740,City of London 001G,Violence and sexual offences,Status update unavailable,
255d945e361f83f79b615098f6073aa43316f48bbb9c8cf597131aba10e33c33,2025-02,City of London Police,City of London Police,-0.106076,51.517239,On or near Conference/Exhibition Centre,E01032740,City of London 001G,Violence and sexual offences,Investigation complete; no suspect identified,
c5d031f8c3406a1baaa4d649051ea74233369e30745f35e04fc32bd3d6419da4,2025-02,City of London Police,City of London Police,-0.101359,51.518700,On or near Parking Area,E01032740,City of London 001G,Violence and sexual offences,Unable to prosecute suspect,
c760715957711a83467c3dc9cfc17ef941b2f5b4eb77c47aa70e919a4a09f0a3,2025-02,City of London Police,City of London Police,-0.104980,51.512033,On or near Kingscote Street,E01032740,City of London 001G,Violence and sexual offences,Investigation complete; no suspect identified,
578778c4dfc0c811c3b810fa74fbe484da2470d9ab0ab7fc6bba6e170e1e8980,2025-02,City of London Police,City of London Police,-0.106076,51.517239,On or near Conference/Exhibition Centre,E01032740,City of London 001G,Violence and sexual offences,Unable to prosecute suspect,
4bd12a8239f91d262e1d7ded76dee1f05cdb8b8fd74904d8477e3d6b1f2915ad,2025-02,City of London Police,City of London Police,-0.105909,51.513262,On or near Dorset Buildings,E01032740,City of London 001G,Violence and sexual offences,Offender given a caution,
9181a4daec5192ffa3aec69e916a7ec7e11d702af74bb425ed585cde9e875247,2025-02,City of London Police,City of London Police,-0.107443,51.515534,On or near Printer Street,E01032740,City of London 001G,Violence and sexual offences,Unable to prosecute suspect,
47a38eee799c487387d01efd635048686d2897ce9e3e89bea9606408dbdc2474,2025-02,City of London Police,City of London Police,-0.102538,51.517739,On or near Hosier Lane,E01032740,City of London 001G,Violence and sexual offences,Investigation complete; no suspect identified,
89beeae398f46dc521fb18f1b661501e8fc0fff7b4b6f2f4b3a9d72a3bfd1d94,2025-02,City of London Police,City of London Police,-0.108027,51.511884,On or near Temple Avenue,E01032740,City of London 001G,Other crime,Local resolution,
48666485ea7bb07b30d585ab6eb67054d932dde68eb080b186248d4b69019411,2025-02,City of London Police,City of London Police,-0.102538,51.517739,On or near Hosier Lane,E01032740,City of London 001G,Other crime,Unable to prosecute suspect,
6451362cdbe7d70c08d345de908e5905fce515f35a5b972a3d0649d82f69ff2d,2025-02,City of London Police,City of London Police,-0.078339,51.527361,On or near Conference/Exhibition Centre,E01033706,Hackney 033B,Theft from the person,Status update unavailable,
7b5f913b109a06e37008fe173100ca494c436c9f3c6601169c06961ff8916688,2025-02,City of London Police,City of London Police,-0.122280,51.532553,On or near Conference/Exhibition Centre,E01002711,Islington 021B,Theft from the person,Investigation complete; no suspect identified,
4911a28ca9e4b6672c686a1987004a89931383d456161f849b3befd26ba0ca06,2025-02,City of London Police,City of London Police,-0.100311,51.526930,On or near Goswell Road,E01002723,Islington 022C,Drugs,Court result unavailable,
5b6bc48d1866ba6649a533d922493643cd75baefacd45f29924f35789a0153c8,2025-02,City of London Police,City of London Police,-0.098500,51.520551,On or near Carthusian Street,E01033490,Islington 022H,Criminal damage and arson,Court result unavailable,
0e92f7ac03ebfcc76f211d1484b9ace088db145236184f0d41eec1df2d35d55d,2025-02,City of London Police,City of London Police,-0.098500,51.520551,On or near Carthusian Street,E01033490,Islington 022H,Criminal damage and arson,Unable to prosecute suspect,
f234d66c54e502e774b2c99d78a67d86a1a8d0ed9e7c26bde31f54b1b79878ed,2025-02,City of London Police,City of London Police,-0.099096,51.520435,On or near Charterhouse Square,E01033490,Islington 022H,Theft from the person,Investigation complete; no suspect identified,
43e6dbe1fa43dbd068894bd423d921c4d559fb181818d441300175359ebb2699,2025-02,City of London Police,City of London Police,-0.078805,51.503558,On or near Potters Fields,E01033884,Southwark 035A,Other theft,Status update unavailable,
032248bc020ab8e4eaacf328ed28fa3f7c5e4f658351513e110ec2ae2547da5d,2025-02,City of London Police,City of London Police,-0.028301,51.517558,On or near St Paul'S Way,E01004271,Tower Hamlets 014C,Violence and sexual offences,Status update unavailable,
539865a972355b4fca18be621e79a986702fc39dce8f7d513b7a50357b02a476,2025-02,City of London Police,City of London Police,-0.076567,51.519052,On or near Brushfield Street,E01004307,Tower Hamlets 015B,Violence and sexual offences,Investigation complete; no suspect identified,
62cac13db97d21cdcc56e1cf5e145602a323b521fc1bae970aede7e67c481179,2025-02,City of London Police,City of London Police,-0.036408,51.516408,On or near Maroon Street,E01004286,Tower Hamlets 019C,Possession of weapons,Court result unavailable,
1e041966939f79f854fe851e30ce2af700c2dfb0b3b942d52e1473889a806ac7,2025-02,City of London Police,City of London Police,-0.070460,51.514509,On or near Buckle Street,E01035688,Tower Hamlets 021I,Theft from the person,Status update unavailable,
194d3a9a4996af6173e9c9f1a6e1b97e665ddaef7f331b3d3178f6fd6f6c477a,2025-02,City of London Police,City of London Police,0.000923,51.508196,On or near Jamestown Way,E01035702,Tower Hamlets 034C,Violence and sexual offences,Status update unavailable,
17c74161c54eabcb9da69982e75a823930f2066a0af19fd8325797b2fc8a7bf6,2025-02,City of London Police,City of London Police,-0.028993,51.574304,On or near A1006,E01004448,Waltham Forest 018D,Violence and sexual offences,Status update unavailable,
d5a8b02367dccb008ef3b58a20154753b65e1ae897ee99d662c739239d989b51,2025-02,City of London Police,City of London Police,-0.124658,51.509786,On or near Police Station,E01004734,Westminster 018A,Violence and sexual offences,Investigation complete; no suspect identified,
2f3a2225d44c0b8227ff1b1d8439947dbe4b42d5e17d0120e32d82ece48f71ce,2025-02,City of London Police,City of London Police,-0.111756,51.513724,On or near Fleet Street,E01004735,Westminster 018B,Public order,Status update unavailable,
,2025-02,City of London Police,City of London Police,,,No Location,,,Anti-social behaviour,,
38a7a4fd759b8a7dc6617b011bd28e7c576df05ce236f0a7db5deba089e5bb59,2025-02,City of London Police,City of London Police,,,No Location,,,Burglary,Investigation complete; no suspect identified,
2f32cb8e3d3fbba796187bddfaa511132bf535bc8fc644bb87b690bb63f41cdf,2025-02,City of London Police,City of London Police,,,No Location,,,Burglary,Investigation complete; no suspect identified,
7054225903d4c8fad8b563fa0ec90873e321ba3b086c772b0ca748f4a1c299d5,2025-02,City of London Police,City of London Police,,,No Location,,,Criminal damage and arson,Unable to prosecute suspect,
6f45a109278f6e34942df6dc413661869b3d4d193a6a3c11d7856b8c3636cfa5,2025-02,City of London Police,City of London Police,,,No Location,,,Criminal damage and arson,Investigation complete; no suspect identified,
8441a651649b18a594ccbd07e57ac55b40e36b07cc8103520691a456454a7ef9,2025-02,City of London Police,City of London Police,,,No Location,,,Drugs,Status update unavailable,
5072b54c3111eafc831cab220e534b5c97846df484fa03f97cfe917fe13a1fe8,2025-02,City of London Police,City of London Police,,,No Location,,,Other theft,Investigation complete; no suspect identified,
2bcafb7538ed22ca5a62394a9aa4a8ba50c5b82e9998e6e053004fb5309fe03e,2025-02,City of London Police,City of London Police,,,No Location,,,Other theft,Investigation complete; no suspect identified,
98056608cd2d5acf8e2f89c0e3f44de34bfe25a46715ff7910019bf209bb50b3,2025-02,City of London Police,City of London Police,,,No Location,,,Other theft,Status update unavailable,
35299ad76747c30637981c0d211e833f30b04b67ff7e61a6350902f9eb52a213,2025-02,City of London Police,City of London Police,,,No Location,,,Other theft,Investigation complete; no suspect identified,
69f9973131b37f786b51632e80691f19035d81719095391bf4e922eb4b28b35a,2025-02,City of London Police,City of London Police,,,No Location,,,Other theft,Unable to prosecute suspect,
40966fbd5b5c926795fae45ef6fa9c40ad95c8ef97b72688c4f2e284cb7354ee,2025-02,City of London Police,City of London Police,,,No Location,,,Other theft,Status update unavailable,
e99c671f2b07195fbcc651c1d099f5f48c1bc2f727ce844fd43f84446b06d525,2025-02,City of London Police,City of London Police,,,No Location,,,Other theft,Status update unavailable,
b2668f88d7f81d1db131777dd7269a0431a09902e6a3d991b22b50f1565bbfab,2025-02,City of London Police,City of London Police,,,No Location,,,Public order,Status update unavailable,
ecd20dcdad2a90717ef6cf76663c6b46902ec04590cf72c2448a105f8287e540,2025-02,City of London Police,City of London Police,,,No Location,,,Shoplifting,Investigation complete; no suspect identified,
d42ed6fefcb515b4b34c548a68084d8860d6d315e4c1e78adbdf1ff590e971fe,2025-02,City of London Police,City of London Police,,,No Location,,,Shoplifting,Status update unavailable,
31a9224d0f2deae87779eedfb7f5c4e4a213587f680c062619c38f12594dd356,2025-02,City of London Police,City of London Police,,,No Location,,,Shoplifting,Investigation complete; no suspect identified,
86de92ee61d6c510a1fd7f645edec16c64bdc59aa07bec441db5f6ac32d97b17,2025-02,City of London Police,City of London Police,,,No Location,,,Shoplifting,Unable to prosecute suspect,
89eb1b7e1f919bc6ca1adcaf94673030f03e658adc5741ce803478495d264dbd,2025-02,City of London Police,City of London Police,,,No Location,,,Shoplifting,Investigation complete; no suspect identified,
6be8f2c6601623e852582cebbdb690f90a4f5de34bf37c40de1e34782e635a64,2025-02,City of London Police,City of London Police,,,No Location,,,Shoplifting,Status update unavailable,
a2362eeec6fba78eecac958a44482b2be13e1f5c156f0607d4768298c2e47550,2025-02,City of London Police,City of London Police,,,No Location,,,Theft from the person,Investigation complete; no suspect identified,
063487ff807e03433e776c67ff2b382421953de206aa96b9a1d50fcce9c1a860,2025-02,City of London Police,City of London Police,,,No Location,,,Theft from the person,Investigation complete; no suspect identified,
ff36590ffcdd4d307bacd7767e104d65cfde740c4465d598dd033b2444545bb9,2025-02,City of London Police,City of London Police,,,No Location,,,Theft from the person,Status update unavailable,
d2ac6f23b61913861bb43020ab2b752e49d25d2a5f49b065a243a4b0922b09bf,2025-02,City of London Police,City of London Police,,,No Location,,,Theft from the person,Investigation complete; no suspect identified,
e85c1a62557a34bc556e70fd5bf8972e9fa9c4cd1bddf8f58b5165ce6f34b5f7,2025-02,City of London Police,City of London Police,,,No Location,,,Theft from the person,Investigation complete; no suspect identified,
fe94d02dddf15b6dfa1f99c2a53608776194467c10877a4c76f262a9f9e8ecc0,2025-02,City of London Police,City of London Police,,,No Location,,,Theft from the person,Status update unavailable,
5336c9c3fa1fc9fe8756f336067f0855865a207e4c0b3676367769e3bdfde307,2025-02,City of London Police,City of London Police,,,No Location,,,Theft from the person,Investigation complete; no suspect identified,
41da8014994c71cd7cf41e9f5c0fa9065d6985a3e7510a8a9002fa133c73e6b7,2025-02,City of London Police,City of London Police,,,No Location,,,Theft from the person,Status update unavailable,
c94cafedeae176a3f2c821a3f066e5570c91238c3dd561e5900f20da90fcfa10,2025-02,City of London Police,City of London Police,,,No Location,,,Theft from the person,Investigation complete; no suspect identified,
f26468fdd124148014a6fd5d9fdab4714a7734f8f45093c6ccf75debef14aea0,2025-02,City of London Police,City of London Police,,,No Location,,,Theft from the person,Investigation complete; no suspect identified,
38d515879901adad2d6e90acf1841d5fd878af85898784c3f06dc9336e09b3e4,2025-02,City of London Police,City of London Police,,,No Location,,,Theft from the person,Investigation complete; no suspect identified,
fdb42eb78d4b08ae094e8206e01d45e6506929f26faf4ea87ad933e535a78adf,2025-02,City of London Police,City of London Police,,,No Location,,,Theft from the person,Status update unavailable,
dcf4f03719e002066e9886c8a850d5f2f1951a7482fcc2b087b70867553885c5,2025-02,City of London Police,City of London Police,,,No Location,,,Theft from the person,Investigation complete; no suspect identified,
4299ee626ac62c4ee9db29d2755cf58d20bef6eef9191aff43853a0425a6c38a,2025-02,City of London Police,City of London Police,,,No Location,,,Theft from the person,Status update unavailable,
c7fda0465578673e47f084d1b789baaf002c9653566f9cfa2955de2851428914,2025-02,City of London Police,City of London Police,,,No Location,,,Theft from the person,Investigation complete; no suspect identified,
3e9996ae79bc106c6a92826f25c269d83b32d5e60507886256c9f63ac87fb044,2025-02,City of London Police,City of London Police,,,No Location,,,Violence and sexual offences,Unable to prosecute suspect,
9e3c609e17abac7204b9c5e79d25eb7286ad83e4075a6b98c1f68a906dc40d37,2025-02,City of London Police,City of London Police,,,No Location,,,Violence and sexual offences,Status update unavailable,
eca6b94aa35cc7d8eefafc733d62b23336be496574a62a8e548ef4ca73bcf176,2025-02,City of London Police,City of London Police,,,No Location,,,Violence and sexual offences,Unable to prosecute suspect,
7ccaff6002cad370622b7f0f9d129f3903bdc5d45a4166ac3c145443d5692b03,2025-02,City of London Police,City of London Police,,,No Location,,,Violence and sexual offences,Unable to prosecute suspect,
109fc1e9673e799ed0143a421a961ddf1ed107a6af62511b9eee32c39ae674c5,2025-02,City of London Police,City of London Police,,,No Location,,,Violence and sexual offences,Unable to prosecute suspect,
317980da55782eb1630d154798eda35289c8aab108cf39390736536e8375de44,2025-02,City of London Police,City of London Police,,,No Location,,,Violence and sexual offences,Unable to prosecute suspect,
99e60331378b2217817b2c3e372d1f2267c8783ca4f060582a74a199aadfd0e5,2025-02,City of London Police,City of London Police,,,No Location,,,Violence and sexual offences,Unable to prosecute suspect,
90f6cb033c72ff24aac4f09954846a676a01e12160bb543303f96f786ea88e5e,2025-02,City of London Police,City of London Police,,,No Location,,,Violence and sexual offences,Court result unavailable,
1dd6a612ea79574601e1d29fc88cb4efc7d9cb99abc3dbef14ae3accb5fedd98,2025-02,City of London Police,City of London Police,,,No Location,,,Violence and sexual offences,Unable to prosecute suspect,
3ee65a71d98176e21d93a8fa989b76f56a09f71abbe0e93db0e667a296ae19e0,2025-02,City of London Police,City of London Police,,,No Location,,,Violence and sexual offences,Status update unavailable,
268d60a9f3b83d6cbc884cf0ded59bfbbcef6b9e304a918f4f2d78863ba7aa73,2025-02,City of London Police,City of London Police,,,No Location,,,Violence and sexual offences,Unable to prosecute suspect,
4f692785a671aac27fa116bf47c85b64c58a9de1a5cdfec56d4c63c35c30a5cd,2025-02,City of London Police,City of London Police,,,No Location,,,Violence and sexual offences,Status update unavailable,
d64fcaca1d2facd8cbdfbe5daa7bcabf44e465f377e348286990d5aaec4813c2,2025-02,City of London Police,City of London Police,,,No Location,,,Violence and sexual offences,Status update unavailable,
423384a2752d57d4cdbf09dfdaff3258403866c1d7f4216e295576cff5438258,2025-02,City of London Police,City of London Police,,,No Location,,,Violence and sexual offences,Unable to prosecute suspect,
e7b9447d05ff7e2013f937581713ebf3980f42dad84e4b08865f943dd41fc35a,2025-02,City of London Police,City of London Police,,,No Location,,,Violence and sexual offences,Status update unavailable,
d42574477a788dc5394dccb5699e2921d790e5f3634f78a7ab1f632efa6c727d,2025-02,City of London Police,City of London Police,,,No Location,,,Violence and sexual offences,Status update unavailable,
86230698d3b7eca2a7481a5654ef79bc8a4f7795729d49212d1ba38bd95910cf,2025-02,City of London Police,City of London Police,,,No Location,,,Violence and sexual offences,Unable to prosecute suspect,
c86f25964f958e1240b56479e01226582e602665a1cdbc2e0b4dc5cb3eef2307,2025-02,City of London Police,City of London Police,,,No Location,,,Violence and sexual offences,Status update unavailable,
2a172224985bdb61bb93902cad134e908ba26d170e1238a56a550d57f081c9d3,2025-02,City of London Police,City of London Police,,,No Location,,,Violence and sexual offences,Unable to prosecute suspect,
d066830ee94236b1da45556c3144ca5220e14ed656fb0c6e7f650ca35638d7f9,2025-02,City of London Police,City of London Police,,,No Location,,,Violence and sexual offences,Unable to prosecute suspect,
50420d57f7b6e5ac8227c284badbc350f07b3089c2c972b153583ec063adf844,2025-02,City of London Police,City of London Police,,,No Location,,,Other crime,Status update unavailable,
87e6e5924422a6d2b701b0cf5686697efc5bfc8f8ee06762daff2d7bc2c735ce,2025-02,City of London Police,City of London Police,,,No Location,,,Other crime,Further action is not in the public interest,
ef16c75399dc6f26c1c0b0709641deb3a02ba74adddb82f86be693c190bd6b68,2025-02,City of London Police,City of London Police,,,No Location,,,Other crime,Investigation complete; no suspect identified,
ad880317023642980948d9bce53f65ea37ec7ef616513bdd16c0061d47d68b3d,2025-02,City of London Police,City of London Police,,,No Location,,,Other crime,Status update unavailable,
3f4b3416b4cc43e00b506b3e34cee47bf627ca8ebc5480138a9eb7330f68a5a6,2025-02,City of London Police,City of London Police,,,No Location,,,Other crime,Investigation complete; no suspect identified,
d682f0e32bd56e04a35cea960620e61178f6ceff633bc8579d5cc97cea911860,2025-02,City of London Police,City of London Police,,,No Location,,,Other crime,Status update unavailable,
472ea91c494a24664249e72ca3e6c982e4971f91a6dd0b9cfcf888386a6e179a,2025-02,City of London Police,City of London Police,,,No Location,,,Other crime,Status update unavailable,
