Crime ID,Month,Reported by,Falls within,Longitude,Latitude,Location,LSOA code,LSOA name,Crime type,Last outcome category,Context
b7dc0ac996bc0c0570819482bc06dc7a17d4150ab1de42ab3c433e5241146463,2025-04,City of London Police,City of London Police,-0.107682,51.517786,On or near B521,E01000917,Camden 027C,Other theft,Unable to prosecute suspect,
c9877d69c1f144e288540abee5f9387fe293a709988b4c1abfd2775fff70f670,2025-04,City of London Police,City of London Police,-0.107682,51.517786,On or near B521,E01000917,Camden 027C,Robbery,Status update unavailable,
d77a5d5b2510b92e9ecc9a8b84f99ed1918a51581e5c4b19e2db4e4bba405dd8,2025-04,City of London Police,City of London Police,-0.107682,51.517786,On or near B521,E01000917,Camden 027C,Theft from the person,Status update unavailable,
d8402bf5cb5b34799377efaf705f84eed16b66bb34b599b19bc32e1a985d0eaf,2025-04,City of London Police,City of London Police,-0.107682,51.517786,On or near B521,E01000917,Camden 027C,Theft from the person,Investigation complete; no suspect identified,
b23c1207c98960afd9e0d7f2d6d1e71aa907a4245a436deb1a828ce990b440ed,2025-04,City of London Police,City of London Police,-0.111596,51.518281,On or near Chancery Lane,E01000914,Camden 028B,Other theft,Investigation complete; no suspect identified,
53d17a678a5eea8ac4d68af8fb29136569b52383bb05825a3c47532aaa03343e,2025-04,City of London Police,City of London Police,-0.111596,51.518281,On or near Chancery Lane,E01000914,Camden 028B,Other theft,Unable to prosecute suspect,
57db9b620aed964a4d30d52d5bde2808d1e9b6b030a44efab76b375c1b7c8381,2025-04,City of London Police,City of London Police,-0.111596,51.518281,On or near Chancery Lane,E01000914,Camden 028B,Theft from the person,Investigation complete; no suspect identified,
,2025-04,City of London Police,City of London Police,-0.097078,51.519045,On or near A1,E01000001,City of London 001A,Anti-social behaviour,,
,2025-04,City of London Police,City of London Police,-0.097070,51.518892,On or near Aldersgate Street,E01000001,City of London 001A,Anti-social behaviour,,
c42290330f920cd1b04fadb0b1cfccc5f002a6b79040ffb222ed03b3d4fd0341,2025-04,City of London Police,City of London Police,-0.097245,51.515387,On or near St Martin'S Le Grand,E01000001,City of London 001A,Burglary,Investigation complete; no suspect identified,
49023a5bd1aa17fa6fb54ed73ae5733f293a065ce2345cc7550b4940ab666297,2025-04,City of London Police,City of London Police,-0.097245,51.515387,On or near St Martin'S Le Grand,E01000001,City of London 001A,Other theft,Investigation complete; no suspect identified,
c482acbe4a5b2bbba79f0537de9d5ba3c117088fdaab5f6b6c3032e4990fa4a6,2025-04,City of London Police,City of London Police,-0.098519,51.517332,On or near Little Britain,E01000001,City of London 001A,Other theft,Investigation complete; no suspect identified,
dba0d09d06a793ebd414aee032d6e70a1f50581a67d56106856c9a6d37c88203,2025-04,City of London Police,City of London Police,-0.097078,51.519045,On or near A1,E01000001,City of London 001A,Other theft,Status update unavailable,
f00e451e2d777a5e816ba712a03463c305a1f8994345772af91e602e24b933af,2025-04,City of London Police,City of London Police,-0.098519,51.517332,On or near Little Britain,E01000001,City of London 001A,Other theft,Status update unavailable,
0f220067cefe474f1450e6f39bfbb8104255727fed4bc0cd9cc92707aaa308ce,2025-04,City of London Police,City of London Police,-0.097245,51.515387,On or near St Martin'S Le Grand,E01000001,City of London 001A,Other theft,Investigation complete; no suspect identified,
a23716aaade9d467f4dcb22c6697b2ee59f7758234cf780969ae8d47b1a00f12,2025-04,City of London Police,City of London Police,-0.098519,51.517332,On or near Little Britain,E01000001,City of London 001A,Other theft,Investigation complete; no suspect identified,
12910592b75db562f8e1d0bd911647a1c19ec01d0a98e77a43260c891607b71a,2025-04,City of London Police,City of London Police,-0.098519,51.517332,On or near Little Britain,E01000001,City of London 001A,Public order,Investigation complete; no suspect identified,
5b9b57e897feca2586ecc3a091941fe9fcbc6a7ca6389b0866a2251c4b005b35,2025-04,City of London Police,City of London Police,-0.097245,51.515387,On or near St Martin'S Le Grand,E01000001,City of London 001A,Robbery,Investigation complete; no suspect identified,
07ba6f5ae1b5a78b8209efeffa6c923338dd73091af006766e078181fe613f4f,2025-04,City of London Police,City of London Police,-0.097245,51.515387,On or near St Martin'S Le Grand,E01000001,City of London 001A,Shoplifting,Investigation complete; no suspect identified,
136f340167fc276005ab22fb463d4ccc0eb1942a2155d175be51e85d113b8cdc,2025-04,City of London Police,City of London Police,-0.097078,51.519045,On or near A1,E01000001,City of London 001A,Theft from the person,Investigation complete; no suspect identified,
bba41fcb7e9451e2bed0349c598446ad6bf16119be54bc035781cc24a7e4f2a2,2025-04,City of London Police,City of London Police,-0.097245,51.515387,On or near St Martin'S Le Grand,E01000001,City of London 001A,Theft from the person,Investigation complete; no suspect identified,
0262aa7bb19de43cd15dc894d05cfb81153f1bd2bf78ac2bd31057e68d35fab0,2025-04,City of London Police,City of London Police,-0.098519,51.517332,On or near Little Britain,E01000001,City of London 001A,Theft from the person,Investigation complete; no suspect identified,
00120c125111edd5f6bcd18e5aaaee59b40ac19b3a96b7d7f07bce89753280d5,2025-04,City of London Police,City of London Police,-0.098519,51.517332,On or near Little Britain,E01000001,City of London 001A,Theft from the person,Investigation complete; no suspect identified,
ea475f7573cddd7fd1e6fbabf3976b03ab1ef0258faf1de61682d116da82007e,2025-04,City of London Police,City of London Police,-0.094130,51.519961,On or near Theatre/Concert Hall,E01000002,City of London 001B,Bicycle theft,Investigation complete; no suspect identified,
e194c52a28668486ef068bcd79ef228f08f885d5fabeb46c095833da29ce0d41,2025-04,City of London Police,City of London Police,-0.092488,51.520598,On or near Silk Street,E01000002,City of London 001B,Bicycle theft,Unable to prosecute suspect,
389f12166f5db516759229363882e7b1c34e005bb2bd9aed1615afc1a498d35c,2025-04,City of London Police,City of London Police,-0.092488,51.520598,On or near Silk Street,E01000002,City of London 001B,Bicycle theft,Investigation complete; no suspect identified,
39352102039739faf34644364eb55f8579907e84793329bdb31c29d3864dcd04,2025-04,City of London Police,City of London Police,-0.092488,51.520598,On or near Silk Street,E01000002,City of London 001B,Bicycle theft,Investigation complete; no suspect identified,
6640666919f50ac8fb0255635400215a643b9dfcb3615bee01c91ebc4585d41b,2025-04,City of London Police,City of London Police,-0.092971,51.516271,On or near Aldermanbury,E01000002,City of London 001B,Criminal damage and arson,Investigation complete; no suspect identified,
5091f16edb9a816f2c1c01a14667310d00dd75c4b8ea0553a15fa4e3c9c9375a,2025-04,City of London Police,City of London Police,-0.092971,51.516271,On or near Aldermanbury,E01000002,City of London 001B,Criminal damage and arson,Court result unavailable,
1e290d004e73953c7196120b95749232ae5258c114edf8fe59310e1a07e43e6c,2025-04,City of London Police,City of London Police,-0.091495,51.518145,On or near Fore Street,E01000002,City of London 001B,Other theft,Investigation complete; no suspect identified,
3791e449e48f94b1e57be80c6fc91aca28af55f176a7083be94400fa5f6a9c30,2025-04,City of London Police,City of London Police,-0.090105,51.520001,On or near Milton Court,E01000002,City of London 001B,Other theft,Investigation complete; no suspect identified,
067c6a2fad0cbd593a6092ca3d7b39161a86e6a864017c2547f57a0dc25e0db6,2025-04,City of London Police,City of London Police,-0.092374,51.519517,On or near Further/Higher Educational Building,E01000002,City of London 001B,Other theft,Investigation complete; no suspect identified,
ae211b16d701bd8ff86b47af3eb26d36aee0261f0df868dbfff29c2b7d73a189,2025-04,City of London Police,City of London Police,-0.095704,51.516747,On or near Noble Street,E01000002,City of London 001B,Other theft,Investigation complete; no suspect identified,
e9d5ce8009e9915a8ee0ca5b1540d2f3a0c5be7b531973086f414d018e5c8b93,2025-04,City of London Police,City of London Police,-0.094130,51.519961,On or near Theatre/Concert Hall,E01000002,City of London 001B,Other theft,Investigation complete; no suspect identified,
468b5b56dbf471e5fb011245c7f81bc6e88ccb93103fb99c9879b7b0c4dd2115,2025-04,City of London Police,City of London Police,-0.091082,51.519730,On or near Silk Street,E01000002,City of London 001B,Other theft,Investigation complete; no suspect identified,
0e82426f23b738596dee6c00fd752d7c39ad25e0378912e2a59e8555951f73e0,2025-04,City of London Police,City of London Police,-0.092488,51.520598,On or near Silk Street,E01000002,City of London 001B,Other theft,Investigation complete; no suspect identified,
8936dbf62d1e6be22255660de83154ede2b481600b0a288d272b60450fa6e34c,2025-04,City of London Police,City of London Police,-0.092488,51.520598,On or near Silk Street,E01000002,City of London 001B,Other theft,Investigation complete; no suspect identified,
352b3a910bcdd687367555b1d679bcce15b2c2b45f5ab11457b2c432d3d7b42a,2025-04,City of London Police,City of London Police,-0.094130,51.519961,On or near Theatre/Concert Hall,E01000002,City of London 001B,Other theft,Investigation complete; no suspect identified,
5088716c55dde0f9783bf17bb42e65a2f4a1e6a5a826f4ff8f36b2cd2af34358,2025-04,City of London Police,City of London Police,-0.090105,51.520001,On or near Milton Court,E01000002,City of London 001B,Public order,Court result unavailable,
140f612c1240f2bbe6864c05841568661541a6d91c6d421effc00bd15cc06ba7,2025-04,City of London Police,City of London Police,-0.090553,51.518948,On or near Moor Lane,E01000002,City of London 001B,Public order,Unable to prosecute suspect,
ff933aebc5df081b03d7faf8bb7d6adcc24d41194a146755241d970d098925b6,2025-04,City of London Police,City of London Police,-0.092971,51.516271,On or near Aldermanbury,E01000002,City of London 001B,Robbery,Unable to prosecute suspect,
231a9139a077ae2b43626b40630cae38e95e046f5d062f7213b0ee6aa005f16c,2025-04,City of London Police,City of London Police,-0.090553,51.518948,On or near Moor Lane,E01000002,City of London 001B,Robbery,Unable to prosecute suspect,
0eb257d954fd477e56d488c183b62d1d9854df39647939d5d77839829df450d4,2025-04,City of London Police,City of London Police,-0.090553,51.518948,On or near Moor Lane,E01000002,City of London 001B,Shoplifting,Unable to prosecute suspect,
ebc0b1340735ad29cde6b7153f5cac7189e6edc330f95d5c529f6a212645f86e,2025-04,City of London Police,City of London Police,-0.090553,51.518948,On or near Moor Lane,E01000002,City of London 001B,Shoplifting,Further investigation is not in the public interest,
9c7e1ce8ba55a8fb2740d6b6ce573cf750cb1e56a123b813443e149e1fa16017,2025-04,City of London Police,City of London Police,-0.090553,51.518948,On or near Moor Lane,E01000002,City of London 001B,Shoplifting,Court result unavailable,
691a4ddb616169bcbd51053cb8bc143d82a5ab246aceaa43ef25cc726d0fdc43,2025-04,City of London Police,City of London Police,-0.090553,51.518948,On or near Moor Lane,E01000002,City of London 001B,Shoplifting,Unable to prosecute suspect,
6836719b3533a8f1da227e32f9671d3ccf5802ba4d857adc1eab32d5bb21075e,2025-04,City of London Police,City of London Police,-0.090553,51.518948,On or near Moor Lane,E01000002,City of London 001B,Shoplifting,Unable to prosecute suspect,
af8673aebd5c597c9b550c1b388fa2d7788d3fca0e8029dfe790c3e956d18122,2025-04,City of London Police,City of London Police,-0.090553,51.518948,On or near Moor Lane,E01000002,City of London 001B,Shoplifting,Investigation complete; no suspect identified,
c16cd0d5e43ab90f1570ae2113d25194a5291bccf2bb9b40f267b2f55d19d7c6,2025-04,City of London Police,City of London Police,-0.090553,51.518948,On or near Moor Lane,E01000002,City of London 001B,Shoplifting,Court result unavailable,
4cdcd733a4e31081e7d14e0b96690097dae38bba55568678ce19449a7c819b57,2025-04,City of London Police,City of London Police,-0.090553,51.518948,On or near Moor Lane,E01000002,City of London 001B,Shoplifting,Investigation complete; no suspect identified,
a52ac5cb50bd0c749d87bf4fb3f095804ec21325085f60566b58ee409ec275a1,2025-04,City of London Police,City of London Police,-0.094130,51.519961,On or near Theatre/Concert Hall,E01000002,City of London 001B,Theft from the person,Status update unavailable,
e6231bca19e79f4f7e25aa9b8a51f2779125f223668cd55420d9f3a98ddb2055,2025-04,City of London Police,City of London Police,-0.091498,51.520483,On or near Conference/Exhibition Centre,E01000002,City of London 001B,Theft from the person,Investigation complete; no suspect identified,
6555fedec0aa6dbbb9e2d16dca8b67700aa3895a4e6abe2e4841d26e9b73d52d,2025-04,City of London Police,City of London Police,-0.090553,51.518948,On or near Moor Lane,E01000002,City of London 001B,Theft from the person,Investigation complete; no suspect identified,
ee39257843e4847304826f0d992e8efec0fc13d4412044a05a6e4939f1c04f36,2025-04,City of London Police,City of London Police,-0.090105,51.520001,On or near Milton Court,E01000002,City of London 001B,Theft from the person,Investigation complete; no suspect identified,
4098518fcc046a616bedc561cec54f5bd5be07c001154c021688bc82066d0e61,2025-04,City of London Police,City of London Police,-0.090553,51.518948,On or near Moor Lane,E01000002,City of London 001B,Theft from the person,Investigation complete; no suspect identified,
43516df984df7c78f7b43455d5af371b0aaf1211963e1ee4e15fcbd106fbf5bb,2025-04,City of London Police,City of London Police,-0.095026,51.518499,On or near Park/Open Space,E01000002,City of London 001B,Other crime,Unable to prosecute suspect,
8379efb3c7a3e155682b1962070aeadf3a2ee13df641061da3f215c94d93eed0,2025-04,City of London Police,City of London Police,-0.096984,51.522426,On or near Sports/Recreation Area,E01000003,City of London 001C,Criminal damage and arson,Unable to prosecute suspect,
259477940de31ba1d3abb948c850b93629ad3fcdcaedae0ca7f2e828908546c0,2025-04,City of London Police,City of London Police,-0.096984,51.522426,On or near Sports/Recreation Area,E01000003,City of London 001C,Shoplifting,Awaiting court outcome,
9ae58c23cf3d0f046572dbe7c751c1f7040d148ff49144d02f6507ea27e23691,2025-04,City of London Police,City of London Police,-0.095758,51.521667,On or near Fann Street,E01000003,City of London 001C,Theft from the person,Investigation complete; no suspect identified,
fa3cead2d54c0f1435ce53c50a0fc44ecf621ad421a7d0f07aea72b7ceb3dc49,2025-04,City of London Police,City of London Police,-0.096114,51.520747,On or near Park/Open Space,E01000003,City of London 001C,Theft from the person,Investigation complete; no suspect identified,
ad7914bad8af243c18d0889a3066ff84e9f819d3253e100c47ee750db49967c4,2025-04,City of London Police,City of London Police,-0.095758,51.521667,On or near Fann Street,E01000003,City of London 001C,Violence and sexual offences,Unable to prosecute suspect,
0c7069db0ad0a68cef498c75c237aa86c267c8a6f355438bc80f3b681cbd35b1,2025-04,City of London Police,City of London Police,-0.074330,51.513647,On or near Little Somerset Street,E01000005,City of London 001E,Bicycle theft,Investigation complete; no suspect identified,
e75cda2809e07b73eee6ddeef615220777528223ee0897d33e0bc6e3d1e76527,2025-04,City of London Police,City of London Police,-0.074330,51.513647,On or near Little Somerset Street,E01000005,City of London 001E,Burglary,Investigation complete; no suspect identified,
dc8c3d02968801a6edd570476b8129dd1ef9f57ce6a9acc2f2a1ebde2f36feb9,2025-04,City of London Police,City of London Police,-0.076145,51.512642,On or near India Street,E01000005,City of London 001E,Burglary,Investigation complete; no suspect identified,
d2a048f0d26b5b042ecb9cc72b0c06bbe9112964b9009ecbed62e58fee9cea65,2025-04,City of London Police,City of London Police,-0.075080,51.512625,On or near St Clare Street,E01000005,City of London 001E,Burglary,Court result unavailable,
6a86329a7fc33324b94a04d6156622ca3e2b8a566b18c962ce384d32756b72f3,2025-04,City of London Police,City of London Police,-0.073456,51.513542,On or near Little Somerset Street,E01000005,City of London 001E,Criminal damage and arson,Status update unavailable,
3b7e2ff53234e1c05058a8ed0105922e8f1373e3990684c80468ec0bc59647bf,2025-04,City of London Police,City of London Police,-0.073717,51.510084,On or near Shorter Street,E01000005,City of London 001E,Drugs,Court result unavailable,
27b056f0558a28b0b828325783d92a011c36de3f4aaef7a757ca3eef85b0e615,2025-04,City of London Police,City of London Police,-0.075866,51.511406,On or near America Square,E01000005,City of London 001E,Other theft,Investigation complete; no suspect identified,
f0974d9c7fdca4c91e0f5be737628bdc1637834d110c53007ae881de47eab80f,2025-04,City of London Police,City of London Police,-0.077511,51.515812,On or near Artizan Street,E01000005,City of London 001E,Other theft,Investigation complete; no suspect identified,
be320d013546775024c8d20896872a3446ec3b68d8a119aface5de6aefccf3cf,2025-04,City of London Police,City of London Police,-0.076716,51.515178,On or near Gravel Lane,E01000005,City of London 001E,Other theft,Investigation complete; no suspect identified,
f1dc65090de44f4f01b5ba5cdf93506dea831e6e61552353888a7a2e7d8f3ce2,2025-04,City of London Police,City of London Police,-0.074330,51.513647,On or near Little Somerset Street,E01000005,City of London 001E,Other theft,Court result unavailable,
89deb244bc53b95e32de1687e6047991d486e983da58b8fc421f9a553c28c85e,2025-04,City of London Police,City of London Police,-0.075401,51.511164,On or near Supermarket,E01000005,City of London 001E,Other theft,Investigation complete; no suspect identified,
3b9ff75713dc00f728a5067c6cf6052acc8638c29f3a2212a3b691d00698de8d,2025-04,City of London Police,City of London Police,-0.075401,51.511164,On or near Supermarket,E01000005,City of London 001E,Other theft,Court result unavailable,
3e64979e30c2b7934838fb0aad288543f83e0b220fccaa947462150e90cf2842,2025-04,City of London Police,City of London Police,-0.073704,51.511748,On or near Portsoken Street,E01000005,City of London 001E,Other theft,Investigation complete; no suspect identified,
3a579de5383268698b9beb4b4d405d4382d6a37c7b8ee46b2ab6e346cef9880d,2025-04,City of London Police,City of London Police,-0.076716,51.515178,On or near Gravel Lane,E01000005,City of London 001E,Other theft,Investigation complete; no suspect identified,
940caad2254c47978127afaa9a11ae0a45bbfb86fb396c1713ecdb84afd5a13f,2025-04,City of London Police,City of London Police,-0.076716,51.515178,On or near Gravel Lane,E01000005,City of London 001E,Public order,Unable to prosecute suspect,
9501cde27766504f923a6f1a74b54bded8bbb8ebd21589e2a8c84205ffdd97bf,2025-04,City of London Police,City of London Police,-0.073456,51.513542,On or near Little Somerset Street,E01000005,City of London 001E,Public order,Unable to prosecute suspect,
407ccf0545d337c68d08ae5aeb1b8544262fe2afc4eed74b6abea81135f74b76,2025-04,City of London Police,City of London Police,-0.075401,51.511164,On or near Supermarket,E01000005,City of London 001E,Shoplifting,Investigation complete; no suspect identified,
1c57055c7174d6ff05bee487c78d8c33724cdbe336125150a8830c7ea2deca51,2025-04,City of London Police,City of London Police,-0.075401,51.511164,On or near Supermarket,E01000005,City of London 001E,Shoplifting,Unable to prosecute suspect,
6ef0aa703ad2169df0e77638477ddb97bc3c48e4dd8a04742774b86812f0f30e,2025-04,City of London Police,City of London Police,-0.075401,51.511164,On or near Supermarket,E01000005,City of London 001E,Shoplifting,Investigation complete; no suspect identified,
6352a439d687a3cdc6b7f63c11c6154809f5f25df5fbf8fb689900f881091af1,2025-04,City of London Police,City of London Police,-0.075401,51.511164,On or near Supermarket,E01000005,City of London 001E,Shoplifting,Investigation complete; no suspect identified,
cc7b98f450778858679eb00d9a41eedf838351e760c2603dee4f93ff279bc59f,2025-04,City of London Police,City of London Police,-0.075401,51.511164,On or near Supermarket,E01000005,City of London 001E,Shoplifting,Court result unavailable,
6fe641d02a4b6f2333873be2549b94be8fe78a3e0af5ebd3577f9660e06ffaa5,2025-04,City of London Police,City of London Police,-0.075401,51.511164,On or near Supermarket,E01000005,City of London 001E,Shoplifting,Court result unavailable,
5b15fb151d33c4f87c04cd6b9dc65f0f30a524c81d9d7320d54ec5d6de7459d0,2025-04,City of London Police,City of London Police,-0.073103,51.511981,On or near A1210,E01000005,City of London 001E,Shoplifting,Status update unavailable,
64c2db40041ecb06b602683af18909a4be836b800da5dbb036ccac0929a8af91,2025-04,City of London Police,City of London Police,-0.075401,51.511164,On or near Supermarket,E01000005,City of London 001E,Shoplifting,Investigation complete; no suspect identified,
1c6852128ec8fb2fe2c758768c82cf36db11156e092ec4807981bf9cf496a27a,2025-04,City of London Police,City of London Police,-0.074330,51.513647,On or near Little Somerset Street,E01000005,City of London 001E,Theft from the person,Investigation complete; no suspect identified,
42d5b20df37a7e05cf533ee2faa9d7646af770ebac74f4e591b7875e589c231b,2025-04,City of London Police,City of London Police,-0.075866,51.511406,On or near America Square,E01000005,City of London 001E,Theft from the person,Investigation complete; no suspect identified,
417c68030703845a18b2b973ad76e8f13d4f996fdb4b18970749a83d3570243a,2025-04,City of London Police,City of London Police,-0.073717,51.510084,On or near Shorter Street,E01000005,City of London 001E,Theft from the person,Investigation complete; no suspect identified,
9b51916171e6bd8e1cc89296646a1afafd5677af14f73134b156778110f64b4f,2025-04,City of London Police,City of London Police,-0.075453,51.511965,On or near Minories,E01000005,City of London 001E,Theft from the person,Investigation complete; no suspect identified,
0361e6f81ada37cf4869737486e86972ccb91886304b18aac7b094b8888d3b4f,2025-04,City of London Police,City of London Police,-0.075453,51.511965,On or near Minories,E01000005,City of London 001E,Theft from the person,Investigation complete; no suspect identified,
386f10a23a27a011dde076c70c233928cb85a20c6659ebe437b711abdf1e05af,2025-04,City of London Police,City of London Police,-0.075453,51.511965,On or near Minories,E01000005,City of London 001E,Theft from the person,Investigation complete; no suspect identified,
667724f78e56d23d91e851bd7970146145be05e72e1bc70546743e08fc8cd86a,2025-04,City of London Police,City of London Police,-0.073530,51.510405,On or near Parking Area,E01000005,City of London 001E,Vehicle crime,Investigation complete; no suspect identified,
5de7eca681cc1d02d069f6bd098e1281cb60852647c8181a3781059fe4917506,2025-04,City of London Police,City of London Police,-0.078783,51.515383,On or near Houndsditch,E01000005,City of London 001E,Vehicle crime,Investigation complete; no suspect identified,
810e5075d8c6c559684f8a937b5c0587260beb50bd538741f1eeb1876a1b4e2b,2025-04,City of London Police,City of London Police,-0.073456,51.513542,On or near Little Somerset Street,E01000005,City of London 001E,Violence and sexual offences,Status update unavailable,
4d2389a33cb462a7376e71106cb9e53250412ca4f62592da9028a94c17742892,2025-04,City of London Police,City of London Police,-0.075401,51.511164,On or near Supermarket,E01000005,City of London 001E,Violence and sexual offences,Status update unavailable,
257356fcb5acbb94a21b402e2920c946fbc27f28afca775fdb745df305072a4f,2025-04,City of London Police,City of London Police,-0.075453,51.511965,On or near Minories,E01000005,City of London 001E,Violence and sexual offences,Unable to prosecute suspect,
241186aa3283a273799f8f63e7c16c8e504db1087577ab8d0d32533f1c396ebd,2025-04,City of London Police,City of London Police,-0.078783,51.515383,On or near Houndsditch,E01000005,City of London 001E,Violence and sexual offences,Unable to prosecute suspect,
29f6cb1cb0033d69e03d55c16e3f5a931a5cb50bf43ee56274860ce697ce259c,2025-04,City of London Police,City of London Police,-0.073704,51.511748,On or near Portsoken Street,E01000005,City of London 001E,Violence and sexual offences,Court result unavailable,
d90af90c000851e672f93f653bfa0f5b04a6d5d376c018fd60090ba0aaeb365a,2025-04,City of London Police,City of London Police,-0.075401,51.511164,On or near Supermarket,E01000005,City of London 001E,Violence and sexual offences,Unable to prosecute suspect,
12ef7fcda030ba881649ab1faf901f72a0f32e7e3a67d8f5504e509f6b1d14a3,2025-04,City of London Police,City of London Police,-0.078849,51.516212,On or near Devonshire Square,E01000005,City of London 001E,Violence and sexual offences,Court result unavailable,
1c2e31750616972740f26af617e2e43ae35df30c64c56b966966ace4188469ea,2025-04,City of London Police,City of London Police,-0.075401,51.511164,On or near Supermarket,E01000005,City of London 001E,Violence and sexual offences,Unable to prosecute suspect,
61a773be628b2288b735ac0a2470cb99894bddada44db3124133e165e30756c4,2025-04,City of London Police,City of London Police,-0.074330,51.513647,On or near Little Somerset Street,E01000005,City of London 001E,Other crime,Status update unavailable,
,2025-04,City of London Police,City of London Police,-0.081113,51.516869,On or near Bishopsgate,E01032739,City of London 001F,Anti-social behaviour,,
,2025-04,City of London Police,City of London Police,-0.101906,51.511794,On or near Theatre/Concert Hall,E01032739,City of London 001F,Anti-social behaviour,,
,2025-04,City of London Police,City of London Police,-0.078424,51.518093,On or near Widegate Street,E01032739,City of London 001F,Anti-social behaviour,,
,2025-04,City of London Police,City of London Police,-0.079883,51.517326,On or near New Street,E01032739,City of London 001F,Anti-social behaviour,,
,2025-04,City of London Police,City of London Police,-0.086019,51.513631,On or near Finch Lane,E01032739,City of London 001F,Anti-social behaviour,,
,2025-04,City of London Police,City of London Police,-0.100201,51.513286,On or near Dean'S Court,E01032739,City of London 001F,Anti-social behaviour,,
,2025-04,City of London Police,City of London Police,-0.079907,51.517785,On or near Victoria Avenue,E01032739,City of London 001F,Anti-social behaviour,,
,2025-04,City of London Police,City of London Police,-0.079883,51.517326,On or near New Street,E01032739,City of London 001F,Anti-social behaviour,,
,2025-04,City of London Police,City of London Police,-0.086815,51.517007,On or near Circus Place,E01032739,City of London 001F,Anti-social behaviour,,
,2025-04,City of London Police,City of London Police,-0.089822,51.516103,On or near Coleman Street,E01032739,City of London 001F,Anti-social behaviour,,
b5f873264f1dd2754647de8f36c288de2956bfa9decfde27df9729f550c5c0b0,2025-04,City of London Police,City of London Police,-0.083349,51.514830,On or near Shopping Area,E01032739,City of London 001F,Bicycle theft,Investigation complete; no suspect identified,
691ea3b4370c5affe8b32e12b59ca4a6c424374cbf914a630120f4e54e39b1c4,2025-04,City of London Police,City of London Police,-0.087873,51.516503,On or near Langthorn Court,E01032739,City of London 001F,Bicycle theft,Investigation complete; no suspect identified,
d092774ecf1bfb688633b622662c360544b96ec05f6f1d7e237bc8e8dad23038,2025-04,City of London Police,City of London Police,-0.078278,51.513666,On or near Mitre Street,E01032739,City of London 001F,Bicycle theft,Investigation complete; no suspect identified,
b71256deb97adaf5ef3db4ad7dbfc3ab349b4457d4c2b35afa62252e97275fe7,2025-04,City of London Police,City of London Police,-0.086815,51.517007,On or near Circus Place,E01032739,City of London 001F,Bicycle theft,Investigation complete; no suspect identified,
600f261a48e32d85de5919e410a8ea5e8a4728bf95badea359e7197544f08b7e,2025-04,City of London Police,City of London Police,-0.082133,51.515222,On or near St Helen'S Place,E01032739,City of London 001F,Bicycle theft,Investigation complete; no suspect identified,
90b71e7d4e2aa92b233ef6d0772f4f71e2bbf75c79d0da83c3a829ebe9690bae,2025-04,City of London Police,City of London Police,-0.086815,51.517007,On or near Circus Place,E01032739,City of London 001F,Bicycle theft,Investigation complete; no suspect identified,
bdccaac2e6e2ca18fd17ee349ac151e909faa0c18cd79b4bd3db34fcbed7598b,2025-04,City of London Police,City of London Police,-0.091947,51.513188,On or near Pancras Lane,E01032739,City of London 001F,Bicycle theft,Court result unavailable,
15dcc801be10d117962d4b2dd9401b779a033abf5ea16249d921af60b561850e,2025-04,City of London Police,City of London Police,-0.081113,51.516869,On or near Bishopsgate,E01032739,City of London 001F,Bicycle theft,Investigation complete; no suspect identified,
7d03d69cd848efad284657874a70028a31b4fa873f79146cbf14012a65afaf05,2025-04,City of London Police,City of London Police,-0.084836,51.511939,On or near Shopping Area,E01032739,City of London 001F,Burglary,Court result unavailable,
0bb7df1b1edf64671755e6922c5598b616988aa6320fee9c1f6c50ec2336d7ed,2025-04,City of London Police,City of London Police,-0.102732,51.513426,On or near Ludgate Broadway,E01032739,City of London 001F,Burglary,Court result unavailable,
260a2c7d8748683473b4e69aa441df66776d4d5bfd3fa000a6ee58f444338d51,2025-04,City of London Police,City of London Police,-0.095054,51.510559,On or near Queenhithe,E01032739,City of London 001F,Burglary,Investigation complete; no suspect identified,
47c2a8210c59e43d0505daa675d2fe62a1d02f75d2f54136fc5c5e6ddd74fa70,2025-04,City of London Police,City of London Police,-0.084754,51.512882,On or near Corbet Court,E01032739,City of London 001F,Burglary,Investigation complete; no suspect identified,
2c55d763bbbaa421982a77ab09f9187612947194afc838ce2fc3098a2ff2031d,2025-04,City of London Police,City of London Police,-0.092531,51.512658,On or near Queen Street,E01032739,City of London 001F,Burglary,Unable to prosecute suspect,
ed691410f42f4bf4316fa54782fda45161c2a8affba5ad7ff970aa1c9ad691c3,2025-04,City of London Police,City of London Police,-0.088785,51.517102,On or near Moorgate,E01032739,City of London 001F,Burglary,Investigation complete; no suspect identified,
7b0dcf9309b03c39749a983f7d1c436ec2f84f00ab7b8cbf1e3dc6d36e76e1e2,2025-04,City of London Police,City of London Police,-0.094070,51.513079,On or near Watling Street,E01032739,City of London 001F,Burglary,Court result unavailable,
b26d82ea4071745dcb741c3d3f6807a3aa86ba4ac4f54f5534c7e39dc1e402e3,2025-04,City of London Police,City of London Police,-0.079196,51.513789,On or near Creechurch Lane,E01032739,City of London 001F,Burglary,Awaiting court outcome,
ba765e1894411f2de39e49ed821f24aa164482799748f6578611fcc0461dcddc,2025-04,City of London Police,City of London Police,-0.077372,51.512590,On or near Carlisle Avenue,E01032739,City of London 001F,Burglary,Investigation complete; no suspect identified,
10e7f5d5be802d608551f0d233d65ba75c6d031422dbca14401407058e918fc8,2025-04,City of London Police,City of London Police,-0.084910,51.512588,On or near Bell Inn Yard,E01032739,City of London 001F,Burglary,Investigation complete; no suspect identified,
b48aa16c1b1ac1a257a8cd9edca8a98b7721ad4ac36cbf99f89f31e505025872,2025-04,City of London Police,City of London Police,-0.078278,51.513666,On or near Mitre Street,E01032739,City of London 001F,Burglary,Investigation complete; no suspect identified,
e1d76d4fcbde850828a3175f63a59be69c2d3e9b0b3b42b740f44c5c12e010d0,2025-04,City of London Police,City of London Police,-0.079127,51.509607,On or near Byward Street,E01032739,City of London 001F,Burglary,Investigation complete; no suspect identified,
d474107d5454c01f7ddf22e46fa1d89b2e9278bb86732c4690b5a61fd30b03c4,2025-04,City of London Police,City of London Police,-0.101589,51.513515,On or near Ludgate Square,E01032739,City of London 001F,Burglary,Investigation complete; no suspect identified,
841f054c92ddba076e0603c2a7ac679c661aac72ee47ff691c43d17c42be73e5,2025-04,City of London Police,City of London Police,-0.089822,51.516103,On or near Coleman Street,E01032739,City of London 001F,Burglary,Unable to prosecute suspect,
95ba228d6e46b8c90fc79c839148b5651f247db302003269a2caf5258387a807,2025-04,City of London Police,City of London Police,-0.094070,51.513079,On or near Watling Street,E01032739,City of London 001F,Burglary,Court result unavailable,
922eaec9f7af2566a441e090953eb44fdc6cf11900110042c6c2de1339b894b7,2025-04,City of London Police,City of London Police,-0.089479,51.510864,On or near Gophir Lane,E01032739,City of London 001F,Burglary,Court result unavailable,
900b3f90da70f47507f96e473d1e28957010352016f42bb0c849fce18562c4b9,2025-04,City of London Police,City of London Police,-0.084559,51.510316,On or near Botolph Lane,E01032739,City of London 001F,Burglary,Investigation complete; no suspect identified,
f32247e9ab0d2ba93c562f298beabae8398de6420271d244a603cb0c33ca5435,2025-04,City of London Police,City of London Police,-0.091540,51.511896,On or near Cannon Street,E01032739,City of London 001F,Burglary,Investigation complete; no suspect identified,
578d3cfd38a76c50c8841312ce8d7e89fd2176cf38f3d94a52547c54f785c323,2025-04,City of London Police,City of London Police,-0.101393,51.512685,On or near St Andrew'S Hill,E01032739,City of London 001F,Burglary,Awaiting court outcome,
0d7cd7767950adb07c7d1363a645d712ce71a183334c414705ba90a5881f83ff,2025-04,City of London Police,City of London Police,-0.094070,51.513079,On or near Watling Street,E01032739,City of London 001F,Burglary,Court result unavailable,
02f00565871120ebb9d8c056d08dae3fd4e6fa06dabdf074cf96cfc9dd90e7ba,2025-04,City of London Police,City of London Police,-0.084559,51.510316,On or near Botolph Lane,E01032739,City of London 001F,Burglary,Investigation complete; no suspect identified,
796fc5d69b3ff4c3b48d9bed3e6d394dc1a03a2ebf385bc894d5b63febda3746,2025-04,City of London Police,City of London Police,-0.081973,51.515948,On or near A10,E01032739,City of London 001F,Burglary,Unable to prosecute suspect,
6d9b0baa8d059ec57ced19cd8509e9ff380eb51374d06d8b300cc087721b0a07,2025-04,City of London Police,City of London Police,-0.088456,51.514975,On or near Tokenhouse Yard,E01032739,City of London 001F,Burglary,Investigation complete; no suspect identified,
d28d88fd6235aad9551fad31a973c50e369e11567fca02b1c58a93b033262796,2025-04,City of London Police,City of London Police,-0.083600,51.509797,On or near St Mary At Hill,E01032739,City of London 001F,Burglary,Investigation complete; no suspect identified,
97b5264c95ed51ba15f42d5849bdc849263e4a99924abf059a88185ccac9e58c,2025-04,City of London Police,City of London Police,-0.093339,51.511557,On or near Conference/Exhibition Centre,E01032739,City of London 001F,Burglary,Investigation complete; no suspect identified,
a46d4f521487e029b0dfb22dd25f7901259d0ebc2c2667bc937e427513f30153,2025-04,City of London Police,City of London Police,-0.093339,51.511557,On or near Conference/Exhibition Centre,E01032739,City of London 001F,Burglary,Investigation complete; no suspect identified,
0f7d446ffddd2ecbc428472e5622d233d87459db972081bbf1e4655d09bcb40c,2025-04,City of London Police,City of London Police,-0.091823,51.514427,On or near Ironmonger Lane,E01032739,City of London 001F,Burglary,Investigation complete; no suspect identified,
8ac05857bb60eb6a1f941a65c45757b68fd9604268a7457e15e417b750e9c80e,2025-04,City of London Police,City of London Police,-0.081643,51.510070,On or near Great Tower Street,E01032739,City of London 001F,Criminal damage and arson,Investigation complete; no suspect identified,
dadbfab6948c765176908e8d6cb9adfdfdefac5249d422a5f09457eb0b667adc,2025-04,City of London Police,City of London Police,-0.084836,51.511939,On or near Shopping Area,E01032739,City of London 001F,Criminal damage and arson,Unable to prosecute suspect,
ff94f2cd7833240f1db6c356b5c1d7716f57570f5e5766d8cfe8e63001914f91,2025-04,City of London Police,City of London Police,-0.077372,51.512590,On or near Carlisle Avenue,E01032739,City of London 001F,Criminal damage and arson,Investigation complete; no suspect identified,
0071bd141766e3db01c6111760295dcc1c556917117f7d0656ef185e7f20ae97,2025-04,City of London Police,City of London Police,-0.091947,51.513188,On or near Pancras Lane,E01032739,City of London 001F,Criminal damage and arson,Status update unavailable,
cf6d88838880c91ccba6cd49402d745344d520fad3174a4b4b8111f397ee0ce3,2025-04,City of London Police,City of London Police,-0.088303,51.510728,On or near Laurence Pountney Lane,E01032739,City of London 001F,Criminal damage and arson,Investigation complete; no suspect identified,
ac7b94ee93b6aaad12774e835998e5a400a58a7153498f1602063bb3bc03c65b,2025-04,City of London Police,City of London Police,-0.084836,51.511939,On or near Shopping Area,E01032739,City of London 001F,Criminal damage and arson,Investigation complete; no suspect identified,
ce4c913d507f779939543b47e7dfbc7bc71bb0ea4f2f48ca17050aaee815bc27,2025-04,City of London Police,City of London Police,-0.078755,51.518440,On or near Artillery Lane,E01032739,City of London 001F,Criminal damage and arson,Court result unavailable,
369bb5c9728f8a282bf770054013198d5df94e5e6c0c896c3f6697b391347ba2,2025-04,City of London Police,City of London Police,-0.089808,51.517461,On or near London Wall,E01032739,City of London 001F,Criminal damage and arson,Investigation complete; no suspect identified,
1360bf56038843ff816c279762a662622d01c3506c56ae00178b6ace52f7bae7,2025-04,City of London Police,City of London Police,-0.094460,51.512024,On or near Great Trinity Lane,E01032739,City of London 001F,Criminal damage and arson,Investigation complete; no suspect identified,
fe8871d1fed346fa55cc5f0f4d6cd35e4b352b871d0dade2bf07e24f8187bd17,2025-04,City of London Police,City of London Police,-0.080291,51.514814,On or near Bury Court,E01032739,City of London 001F,Criminal damage and arson,Investigation complete; no suspect identified,
40fafa479043f074ebba9e7983734e22c7c9695588c62f609ff5decd247d7465,2025-04,City of London Police,City of London Police,-0.087772,51.510665,On or near Martin Lane,E01032739,City of London 001F,Criminal damage and arson,Investigation complete; no suspect identified,
2362f9a6c0b5837b77a5eb99f798377347487cbd2e87056203222ccd74ff6b47,2025-04,City of London Police,City of London Police,-0.101906,51.511794,On or near Theatre/Concert Hall,E01032739,City of London 001F,Criminal damage and arson,Unable to prosecute suspect,
b954561dbfc3d63088ac683a2e1ea953c5943b03c555265068917da8dc4c63ad,2025-04,City of London Police,City of London Police,-0.084754,51.512882,On or near Corbet Court,E01032739,City of London 001F,Criminal damage and arson,Unable to prosecute suspect,
f735b1f656f298dcaeb7f89d857ed98a898f621c6d38629af49d52c0d99e8c45,2025-04,City of London Police,City of London Police,-0.087157,51.512624,On or near Lombard Street,E01032739,City of London 001F,Criminal damage and arson,Status update unavailable,
4c71568232273397d2f7c181f7a94e8390127c7a619544ed1f3812970e6f615f,2025-04,City of London Police,City of London Police,-0.078278,51.513666,On or near Mitre Street,E01032739,City of London 001F,Drugs,Status update unavailable,
39ae28106e513daa9aff7dd69d8ef5636677d064d9ed680eac0c5a88cdeca342,2025-04,City of London Police,City of London Police,-0.084844,51.510725,On or near Eastcheap,E01032739,City of London 001F,Drugs,Court result unavailable,
282e2d2097030859eb8a75b92685b00521d9dea176a6110b3e5a80fbcd643dda,2025-04,City of London Police,City of London Police,-0.079907,51.517785,On or near Victoria Avenue,E01032739,City of London 001F,Drugs,Status update unavailable,
5dbc258a7707e2728683553b649bc3671696ae54b4d728ef4dc541cda3df804b,2025-04,City of London Police,City of London Police,-0.088785,51.517102,On or near Moorgate,E01032739,City of London 001F,Drugs,Status update unavailable,
8fbb7783b55a54e7dbc13228bc42d1b2c4fa46f1644289ef7239b70dd99fd9e7,2025-04,City of London Police,City of London Police,-0.088456,51.514975,On or near Tokenhouse Yard,E01032739,City of London 001F,Drugs,Status update unavailable,
596a7fe80639a851b153ffb996391b1e9b8738c56694f285182a9b31d193160b,2025-04,City of London Police,City of London Police,-0.084844,51.510725,On or near Eastcheap,E01032739,City of London 001F,Drugs,Status update unavailable,
7997cfd83bd231c960c4cda6eb783057494ce93743ec46212e9a9f80760ba783,2025-04,City of London Police,City of London Police,-0.094070,51.513079,On or near Watling Street,E01032739,City of London 001F,Drugs,Further investigation is not in the public interest,
30b72b9a2dd0b8d0d8f0db0ca7733ec1d972340946eeddf8eca8a5387392e6f4,2025-04,City of London Police,City of London Police,-0.097176,51.510836,On or near Trig Lane,E01032739,City of London 001F,Drugs,Court result unavailable,
3c3a6ce7b5b825a4372efe3a771f7c8dc384695d2d7fdda72d2fcf009349d9f9,2025-04,City of London Police,City of London Police,-0.088785,51.517102,On or near Moorgate,E01032739,City of London 001F,Drugs,Status update unavailable,
5e5cfabd54bde43e357791d5aadcfcb2efcae87d236cf911ecff803710b343b1,2025-04,City of London Police,City of London Police,-0.086019,51.513631,On or near Finch Lane,E01032739,City of London 001F,Drugs,Local resolution,
30b72b9a2dd0b8d0d8f0db0ca7733ec1d972340946eeddf8eca8a5387392e6f4,2025-04,City of London Police,City of London Police,-0.101906,51.511794,On or near Theatre/Concert Hall,E01032739,City of London 001F,Drugs,Status update unavailable,
9866557156f51cc33646e65f74f293b7a400158c43234f4baad153647318c04d,2025-04,City of London Police,City of London Police,-0.082993,51.516360,On or near Wormwood Street,E01032739,City of London 001F,Drugs,Local resolution,
9389792c73bd0e547cc378996acdc62302e6b59dd1d69a5f326a0067178b0637,2025-04,City of London Police,City of London Police,-0.079521,51.511196,On or near New London Street,E01032739,City of London 001F,Drugs,Court result unavailable,
9648db94c691921dc5786767f55528a8be75d244e93192380eba366ef36a83ad,2025-04,City of London Police,City of London Police,-0.094900,51.513209,On or near Bread Street,E01032739,City of London 001F,Drugs,Status update unavailable,
3c3a6ce7b5b825a4372efe3a771f7c8dc384695d2d7fdda72d2fcf009349d9f9,2025-04,City of London Police,City of London Police,-0.079907,51.517785,On or near Victoria Avenue,E01032739,City of London 001F,Drugs,Local resolution,
44b74c038c23e83d0828c1403aa050f7300b10b7beb6d4488799cd576eb2ef44,2025-04,City of London Police,City of London Police,-0.083349,51.514830,On or near Shopping Area,E01032739,City of London 001F,Drugs,Local resolution,
44b02ce3af2f72163eff3309b0a1ef7f53c8e07571865ab56a49899629143174,2025-04,City of London Police,City of London Police,-0.079138,51.508312,On or near Lower Thames Street,E01032739,City of London 001F,Drugs,Local resolution,
ceb9a2553fec077f1bf4262226a6df6e4f81c652e0006e8703e1071c451d0aac,2025-04,City of London Police,City of London Police,-0.082993,51.516360,On or near Wormwood Street,E01032739,City of London 001F,Drugs,Local resolution,
be7109d03a37736210f7cef82175400df4af383bfbe8b7940e9106f029a73627,2025-04,City of London Police,City of London Police,-0.079521,51.511196,On or near New London Street,E01032739,City of London 001F,Drugs,Formal action is not in the public interest,
a78d496080d089ec83fdd3368adb887682772397cb105aa766e173ad4cff75ee,2025-04,City of London Police,City of London Police,-0.084754,51.512882,On or near Corbet Court,E01032739,City of London 001F,Drugs,Local resolution,
691567fd51cd2439d7ac587ed68a6227ac0b00c9d443104755019bbfcd892900,2025-04,City of London Police,City of London Police,-0.081902,51.517296,On or near Liverpool Street,E01032739,City of London 001F,Other theft,Investigation complete; no suspect identified,
52b2c79b39f1fdc74d359cf7d61231daa268ac0e4a9a91e4b8605f4b6ff1d0ad,2025-04,City of London Police,City of London Police,-0.078477,51.509965,On or near Muscovy Street,E01032739,City of London 001F,Other theft,Investigation complete; no suspect identified,
bf4181d0ad586971345019c4731623377b737f4ad2a79540dd8db782cd5262fd,2025-04,City of London Police,City of London Police,-0.088785,51.517102,On or near Moorgate,E01032739,City of London 001F,Other theft,Investigation complete; no suspect identified,
2a8bb9aecaa35da0509fb04e68cee498bf5526c0fb72e690267e2da54f7c78ed,2025-04,City of London Police,City of London Police,-0.081902,51.517296,On or near Liverpool Street,E01032739,City of London 001F,Other theft,Court result unavailable,
178cba37cbfae51c7c38fa920a69e4cc7bd18e1a184a0a84faccd2c2dbebdf2f,2025-04,City of London Police,City of London Police,-0.084844,51.509700,On or near Monument Street,E01032739,City of London 001F,Other theft,Investigation complete; no suspect identified,
c0c9f8aaf4c30be8285762ef56054f356bec554026fa7a174623958554575be6,2025-04,City of London Police,City of London Police,-0.079138,51.508312,On or near Lower Thames Street,E01032739,City of London 001F,Other theft,Investigation complete; no suspect identified,
b805b6c188cdf1c0d936e4934fca960bd44f8fc893abace5b28402491885d553,2025-04,City of London Police,City of London Police,-0.078278,51.513666,On or near Mitre Street,E01032739,City of London 001F,Other theft,Court result unavailable,
3031d1d4b18bc2d7a0a6b86986ba013a4a8b8d8be75b205f5d728d18665467f2,2025-04,City of London Police,City of London Police,-0.078477,51.509965,On or near Muscovy Street,E01032739,City of London 001F,Other theft,Status update unavailable,
0f9af713146847fdb60da11431cd54653b4143d74630af40c0f72279bcf50a52,2025-04,City of London Police,City of London Police,-0.101906,51.511794,On or near Theatre/Concert Hall,E01032739,City of London 001F,Other theft,Unable to prosecute suspect,
9ba5ac95518fd92178d7b475390c88d17b809a1cdfda0163c497aebf8019ff40,2025-04,City of London Police,City of London Police,-0.081902,51.517296,On or near Liverpool Street,E01032739,City of London 001F,Other theft,Investigation complete; no suspect identified,
dd01172d630feeeac3f6d518377596160b3e4615313deef9a693735bfddebb1a,2025-04,City of London Police,City of London Police,-0.083600,51.509797,On or near St Mary At Hill,E01032739,City of London 001F,Other theft,Court result unavailable,
e14fdaf50cb64974857499872c599ef674a09d09bfcfe04fe973c16419639c7b,2025-04,City of London Police,City of London Police,-0.089479,51.510864,On or near Gophir Lane,E01032739,City of London 001F,Other theft,Investigation complete; no suspect identified,
c50db32193be39a6598699184955597179be7256c777ffda5526091b4fc1f664,2025-04,City of London Police,City of London Police,-0.084754,51.512882,On or near Corbet Court,E01032739,City of London 001F,Other theft,Investigation complete; no suspect identified,
14bc88f8d4575e6d7925210266ff386a4de8ec290ec245f246a5c230dfe21548,2025-04,City of London Police,City of London Police,-0.081643,51.510070,On or near Great Tower Street,E01032739,City of London 001F,Other theft,Investigation complete; no suspect identified,
dbeffaa5542c5194c7629a92ef4ecc34b10d543e24cda42132afaaa6a9a49c8b,2025-04,City of London Police,City of London Police,-0.091410,51.510167,On or near Cousin Lane,E01032739,City of London 001F,Other theft,Investigation complete; no suspect identified,
9ee1dc22c50d9292c29576c34ba9ecc0537b74b4100dfb82bcca1a9f028835c2,2025-04,City of London Police,City of London Police,-0.079127,51.509607,On or near Byward Street,E01032739,City of London 001F,Other theft,Court result unavailable,
6b9b0273b4df988ed51edb66ce138a3f47a7e58b0a2c25ccc29fbaf38969628f,2025-04,City of London Police,City of London Police,-0.084844,51.509700,On or near Monument Street,E01032739,City of London 001F,Other theft,Investigation complete; no suspect identified,
0f8296b5d68dd80a7d38507ea67e7322135e4d694641bf090435da38e72dd323,2025-04,City of London Police,City of London Police,-0.097291,51.514626,On or near Supermarket,E01032739,City of London 001F,Other theft,Investigation complete; no suspect identified,
ebaee22aab58f3e86e47cb778cbc3d9be1013e251b13b6cc6ee6967be6051f22,2025-04,City of London Police,City of London Police,-0.079138,51.508312,On or near Lower Thames Street,E01032739,City of London 001F,Other theft,Investigation complete; no suspect identified,
8ab6c49b416856cfd8665f38199d0aef8d7cd9a1efa8894a682d0071e6312110,2025-04,City of London Police,City of London Police,-0.092531,51.512658,On or near Queen Street,E01032739,City of London 001F,Other theft,Investigation complete; no suspect identified,
11ec5532f9f1ff3d7643a6dd4dbbe3e2616ab649300d4425d80419642a3d31a8,2025-04,City of London Police,City of London Police,-0.077372,51.512590,On or near Carlisle Avenue,E01032739,City of London 001F,Other theft,Investigation complete; no suspect identified,
dbb47583fb49b300bff85596e887442c0b0d21955c38e22269f5adf8e36749ac,2025-04,City of London Police,City of London Police,-0.081902,51.517296,On or near Liverpool Street,E01032739,City of London 001F,Other theft,Court result unavailable,
e8175a2f01b35aaca383235b9405e3db98149f2b6ba923fceeb01e1fd640fa1a,2025-04,City of London Police,City of London Police,-0.078278,51.513666,On or near Mitre Street,E01032739,City of London 001F,Other theft,Investigation complete; no suspect identified,
fada5e9848a8f6e133d7b6cf9d13a60e1dad78930156cece3852c356764e7631,2025-04,City of London Police,City of London Police,-0.094070,51.513079,On or near Watling Street,E01032739,City of London 001F,Other theft,Investigation complete; no suspect identified,
ccb162062d6221df08ccba39e9018009302f2c4f02311bbc7ff4b1e01d5d88ac,2025-04,City of London Police,City of London Police,-0.077804,51.518083,On or near Sandy'S Row,E01032739,City of London 001F,Other theft,Investigation complete; no suspect identified,
b654df2aad2889a698619f53073c62f8c8e26135fe33ab4fae20d1c2b91aef0f,2025-04,City of London Police,City of London Police,-0.088785,51.517102,On or near Moorgate,E01032739,City of London 001F,Other theft,Court result unavailable,
faca7ca2fdcf52956d13184dce65b31f5cbf819262a8ddcfbc8077708d499d9f,2025-04,City of London Police,City of London Police,-0.078278,51.513666,On or near Mitre Street,E01032739,City of London 001F,Other theft,Court result unavailable,
5c7b642eac5c83af61a90d49214a9bb1cddc840ef8ef439044030001530ec204,2025-04,City of London Police,City of London Police,-0.086019,51.513631,On or near Finch Lane,E01032739,City of London 001F,Other theft,Investigation complete; no suspect identified,
e06ff784322991a9ec157ab46c4f9c7915d96aeff926a2d66e501b84d3a66a6b,2025-04,City of London Police,City of London Police,-0.077563,51.517656,On or near Sandy'S Row,E01032739,City of London 001F,Other theft,Investigation complete; no suspect identified,
f1529078750bc92ef438c065da00f8898698e642b5e69202a625ae2c5abd012d,2025-04,City of London Police,City of London Police,-0.102847,51.512717,On or near Playhouse Yard,E01032739,City of London 001F,Other theft,Investigation complete; no suspect identified,
66137934ef8ee67550cb614e16e6c7050633e877f8983f55ca41fbe5a15593f2,2025-04,City of London Police,City of London Police,-0.088785,51.517102,On or near Moorgate,E01032739,City of London 001F,Other theft,Investigation complete; no suspect identified,
348e92ed233e6d0e83a3d1b488bd4fd13e275cc3cdd490777d588ce7c38118ea,2025-04,City of London Police,City of London Police,-0.085228,51.511190,On or near Talbot Court,E01032739,City of London 001F,Other theft,Investigation complete; no suspect identified,
0b2d1a97aa7d70bad69e5f981cf5e88545cabae9bfd941b9bc04fa1050053726,2025-04,City of London Police,City of London Police,-0.092531,51.512658,On or near Queen Street,E01032739,City of London 001F,Other theft,Court result unavailable,
09ae2f14f24ef9005f10d360d8ef8712d22d9dc9f08c844288f16120cd83fe7b,2025-04,City of London Police,City of London Police,-0.085089,51.512105,On or near Gracechurch Street,E01032739,City of London 001F,Other theft,Formal action is not in the public interest,
2718cb8d1eca827e2fcf7be3d111ddf5c73c72998221505a71e6acedc0bfae76,2025-04,City of London Police,City of London Police,-0.078755,51.518440,On or near Artillery Lane,E01032739,City of London 001F,Other theft,Investigation complete; no suspect identified,
45e2ae92a12012da58ff3ae8a5bf5770a2598fa57e1006216c3d68a7cf8a456c,2025-04,City of London Police,City of London Police,-0.090578,51.509722,On or near Allhallows Lane,E01032739,City of London 001F,Other theft,Investigation complete; no suspect identified,
01b31a4fb0c53570a0198068c74781fcaee971acb45b0f06dd04abb105f1f9f8,2025-04,City of London Police,City of London Police,-0.094460,51.512024,On or near Great Trinity Lane,E01032739,City of London 001F,Other theft,Status update unavailable,
fd8d1e7d3cd391d9081c14481b39b6332914a68dbe3d96991090e776026dcf94,2025-04,City of London Police,City of London Police,-0.078755,51.518440,On or near Artillery Lane,E01032739,City of London 001F,Other theft,Investigation complete; no suspect identified,
c100b54560d9584c086ab63ff82747b6b1f27530bc6b9cb82796185599a0a69c,2025-04,City of London Police,City of London Police,-0.079138,51.508312,On or near Lower Thames Street,E01032739,City of London 001F,Other theft,Status update unavailable,
6d73f78cc63d630677cff7ff6e4e06213644ba9f82ef3c232d9eed58d297f308,2025-04,City of London Police,City of London Police,-0.088785,51.517102,On or near Moorgate,E01032739,City of London 001F,Other theft,Investigation complete; no suspect identified,
85f526b67390f1f7ff8d1782c94604eb49ad2538ae6011305db640c2c85cc173,2025-04,City of London Police,City of London Police,-0.085228,51.511190,On or near Talbot Court,E01032739,City of London 001F,Other theft,Court result unavailable,
2126c73c36104d83152ae6ac86219e72614046f8585af8bad8a46cd381f598cf,2025-04,City of London Police,City of London Police,-0.079138,51.508312,On or near Lower Thames Street,E01032739,City of London 001F,Other theft,Investigation complete; no suspect identified,
c9755faf87fb5799be7c3cab37eed009de6c2e7eca6d4e0eef03fda07225cadd,2025-04,City of London Police,City of London Police,-0.101589,51.513515,On or near Ludgate Square,E01032739,City of London 001F,Other theft,Investigation complete; no suspect identified,
b594632e2ad75eced3d60e27b3ba699f3d4e25d2aa66c98d4560c09a645fd7d0,2025-04,City of London Police,City of London Police,-0.082133,51.515222,On or near St Helen'S Place,E01032739,City of London 001F,Other theft,Investigation complete; no suspect identified,
304afbf7478bb18e9ccdb292c690c9f298d01254188d639e6db53eb6b0cd3b4f,2025-04,City of London Police,City of London Police,-0.102272,51.511656,On or near Puddle Dock,E01032739,City of London 001F,Other theft,Investigation complete; no suspect identified,
27a2eeae5eadfdc81f2bd6623c431eaf7d592bee31f8393b7cdbf642a06fd7d6,2025-04,City of London Police,City of London Police,-0.101393,51.512685,On or near St Andrew'S Hill,E01032739,City of London 001F,Other theft,Investigation complete; no suspect identified,
2c42be18828afc69982970eaefcc8c5cea5ed7a3f95c3a52adceed3e77e87c2c,2025-04,City of London Police,City of London Police,-0.079138,51.508312,On or near Lower Thames Street,E01032739,City of London 001F,Other theft,Investigation complete; no suspect identified,
6ef981c69ca8a0d68d69cc92c11029704675c83f698db381e7770d2d1d7da342,2025-04,City of London Police,City of London Police,-0.084844,51.510725,On or near Eastcheap,E01032739,City of London 001F,Other theft,Investigation complete; no suspect identified,
0103427926115a17318ec39b6e0cbc7c7ddcb189de0dd224378b435537e4d065,2025-04,City of London Police,City of London Police,-0.092531,51.512658,On or near Queen Street,E01032739,City of London 001F,Other theft,Investigation complete; no suspect identified,
69dec1df398239da80c0e6d02e2d077ba207ed66e7c1c2a4a0771a16ebe7f185,2025-04,City of London Police,City of London Police,-0.081643,51.510070,On or near Great Tower Street,E01032739,City of London 001F,Other theft,Investigation complete; no suspect identified,
6846f555693496861570dbf203433e59b5ec8099fdb2e24524ee1d0786c96a6b,2025-04,City of London Police,City of London Police,-0.081512,51.518692,On or near London Liverpool Street,E01032739,City of London 001F,Other theft,Investigation complete; no suspect identified,
04cba3b26fea460eee61a3a50ba5b79d6989677850004d497e37c323fdf6627c,2025-04,City of London Police,City of London Police,-0.084754,51.512882,On or near Corbet Court,E01032739,City of London 001F,Other theft,Investigation complete; no suspect identified,
dbc84207def39930694064ea670ef65aa9519e161af5292a803cb3f9a00805fe,2025-04,City of London Police,City of London Police,-0.081512,51.518692,On or near London Liverpool Street,E01032739,City of London 001F,Other theft,Investigation complete; no suspect identified,
83e8eea73f809b1816fd5be86215faaaaa1f4881baf03bcd8cf9e5c339fcde82,2025-04,City of London Police,City of London Police,-0.079120,51.514912,On or near Bevis Marks,E01032739,City of London 001F,Other theft,Status update unavailable,
f920b7985a6338e5d437b303ca5c132ccd3970e2050c2b0029f9dd2d806b8363,2025-04,City of London Police,City of London Police,-0.078278,51.513666,On or near Mitre Street,E01032739,City of London 001F,Other theft,Status update unavailable,
41e9407853d766cdc593c160ada9cf19afd000ac686e8b0482b3952864ba54f4,2025-04,City of London Police,City of London Police,-0.079907,51.517785,On or near Victoria Avenue,E01032739,City of London 001F,Other theft,Investigation complete; no suspect identified,
1d9d9ec6c120aa1ea9b98140fda443a12bc80776c6241dadce97852a9fa17f03,2025-04,City of London Police,City of London Police,-0.081512,51.518692,On or near London Liverpool Street,E01032739,City of London 001F,Other theft,Investigation complete; no suspect identified,
edb10b51497b18eebb39f717eb236b5031e9daaab2692d4f1c5be6dadf16a9f9,2025-04,City of London Police,City of London Police,-0.079138,51.508312,On or near Lower Thames Street,E01032739,City of London 001F,Other theft,Investigation complete; no suspect identified,
6b6391b5b9d23e4735761a1d59ed800e4dd5dea4d8cf50100caa56de1afa7354,2025-04,City of London Police,City of London Police,-0.100201,51.513286,On or near Dean'S Court,E01032739,City of London 001F,Other theft,Investigation complete; no suspect identified,
fc217e5dc4246ce08786fb58400720fbac322ced7e1fed6c7ce8d91c92f53dcb,2025-04,City of London Police,City of London Police,-0.081902,51.517296,On or near Liverpool Street,E01032739,City of London 001F,Other theft,Investigation complete; no suspect identified,
8971b0231c47a8724fa4a35b107fac97b17fe3adf4b6c365b8c3b8c8dde730ee,2025-04,City of London Police,City of London Police,-0.097291,51.514626,On or near Supermarket,E01032739,City of London 001F,Other theft,Investigation complete; no suspect identified,
374de4d354c0f893599fd3f6409a7c3406ea5575f8abd24a9eed425d551e5582,2025-04,City of London Police,City of London Police,-0.079521,51.511196,On or near New London Street,E01032739,City of London 001F,Other theft,Investigation complete; no suspect identified,
1764b48133c801805b570855d6ea9a3cbd4d603a8d2659320bddb74482352913,2025-04,City of London Police,City of London Police,-0.086019,51.513631,On or near Finch Lane,E01032739,City of London 001F,Other theft,Investigation complete; no suspect identified,
024357c680325953a83418ca2e0077de1988798ca54510a8eb1b86193970051b,2025-04,City of London Police,City of London Police,-0.087744,51.516492,On or near Copthall Avenue,E01032739,City of London 001F,Other theft,Investigation complete; no suspect identified,
d6fb07bb7480e60adc3eaa4d85781814b0167ec924dd33ece6ed4769219a8873,2025-04,City of London Police,City of London Police,-0.089208,51.509744,On or near Angel Lane,E01032739,City of London 001F,Other theft,Investigation complete; no suspect identified,
a4e91dfeb5cf8b68548bd1cb371e144a790f5c67e6a67c6b5e7263a446eafa5d,2025-04,City of London Police,City of London Police,-0.084844,51.510725,On or near Eastcheap,E01032739,City of London 001F,Other theft,Investigation complete; no suspect identified,
f769f033125c12bc0727076ccd8fa058f9b91a1c25619856e70fee4dc9bd5673,2025-04,City of London Police,City of London Police,-0.087157,51.512624,On or near Lombard Street,E01032739,City of London 001F,Other theft,Investigation complete; no suspect identified,
531add3d41641025c8025b2f425c657b43bc86f07e3ae5e2707ecee31ec8fb3e,2025-04,City of London Police,City of London Police,-0.089808,51.517461,On or near London Wall,E01032739,City of London 001F,Other theft,Investigation complete; no suspect identified,
1f1a3a4e9ca786edca1867e101fc871a48d4c904ccaa8c660bb8f64cbb856a9d,2025-04,City of London Police,City of London Police,-0.077372,51.512590,On or near Carlisle Avenue,E01032739,City of London 001F,Other theft,Unable to prosecute suspect,
288d9a0a5e76db0e4b7111a9bffd2444d3b1d42afb54a870a348c80f850febfa,2025-04,City of London Police,City of London Police,-0.084754,51.512882,On or near Corbet Court,E01032739,City of London 001F,Other theft,Investigation complete; no suspect identified,
92daa696be36bbd84b54eb15312771b043b1c0fd4f123860ba37c18a4d14f0ac,2025-04,City of London Police,City of London Police,-0.079138,51.508312,On or near Lower Thames Street,E01032739,City of London 001F,Other theft,Investigation complete; no suspect identified,
ca99327ed3d742a6eada5be8cd3ae0121d59d3861d4405aaab1b9bb2977d634f,2025-04,City of London Police,City of London Police,-0.081512,51.518692,On or near London Liverpool Street,E01032739,City of London 001F,Other theft,Investigation complete; no suspect identified,
d92db725bafcd2e1b7c868b198bfd9e7fbd145cd4a7a0f3d25b38546dc066850,2025-04,City of London Police,City of London Police,-0.100201,51.513286,On or near Dean'S Court,E01032739,City of London 001F,Other theft,Investigation complete; no suspect identified,
dba0d09d06a793ebd414aee032d6e70a1f50581a67d56106856c9a6d37c88203,2025-04,City of London Police,City of London Police,-0.079907,51.517785,On or near Victoria Avenue,E01032739,City of London 001F,Other theft,Local resolution,
ac2461876318420074abbc6d9ecec6630158becb29ea392b68e4731db2e5bb29,2025-04,City of London Police,City of London Police,-0.087744,51.516492,On or near Copthall Avenue,E01032739,City of London 001F,Other theft,Investigation complete; no suspect identified,
627b8972ac5ca14fce040d37bce0d1a08e15bb4c2dd3495637e63af947e63352,2025-04,City of London Police,City of London Police,-0.081113,51.516869,On or near Bishopsgate,E01032739,City of London 001F,Other theft,Investigation complete; no suspect identified,
79ee61a5310ac67ae74dd3e3f9379f86c2e3fadc6763691e972c0100bab8318d,2025-04,City of London Police,City of London Police,-0.079907,51.517785,On or near Victoria Avenue,E01032739,City of London 001F,Other theft,Investigation complete; no suspect identified,
d55c713bb2efb81d52187eb07426bf5ce73ad1e540b1d8bb3ce2b2b83d3e1b73,2025-04,City of London Police,City of London Police,-0.078278,51.513666,On or near Mitre Street,E01032739,City of London 001F,Other theft,Investigation complete; no suspect identified,
7c3d6ebf5e117168dc28a6264b5a2f0bbd9f2e5fb04d0fc8ec7cdfe0c29683f7,2025-04,City of London Police,City of London Police,-0.079138,51.508312,On or near Lower Thames Street,E01032739,City of London 001F,Other theft,Investigation complete; no suspect identified,
fd685c831dd6a3bbabb351b19d905f05e06529534716fb1f6325278e3a5c84c3,2025-04,City of London Police,City of London Police,-0.083349,51.514830,On or near Shopping Area,E01032739,City of London 001F,Other theft,Investigation complete; no suspect identified,
15ee0857591e7625c2325539c12d4b239d6f5195d655c90682e068cb16683b3d,2025-04,City of London Police,City of London Police,-0.078477,51.509965,On or near Muscovy Street,E01032739,City of London 001F,Other theft,Investigation complete; no suspect identified,
f2efc79cc09e04fd7247cd4a9ed60d17772b35d87eb41344edab04901f0255ba,2025-04,City of London Police,City of London Police,-0.088456,51.514975,On or near Tokenhouse Yard,E01032739,City of London 001F,Other theft,Investigation complete; no suspect identified,
d94893efdf76c0ce515cdd5f6d32c756747e056f9273eff5bc9c8f65dbbf5c1a,2025-04,City of London Police,City of London Police,-0.081512,51.518692,On or near London Liverpool Street,E01032739,City of London 001F,Other theft,Investigation complete; no suspect identified,
38648d1e9d606900104a7ca86bcb9732de41c577aebdee23e8d9b6d073211b17,2025-04,City of London Police,City of London Police,-0.077804,51.518083,On or near Sandy'S Row,E01032739,City of London 001F,Other theft,Investigation complete; no suspect identified,
c8ac498752e68ad494b80301e9f5385322de46aa5ae3da2583f6f7f1391c1287,2025-04,City of London Police,City of London Police,-0.084836,51.511939,On or near Shopping Area,E01032739,City of London 001F,Other theft,Investigation complete; no suspect identified,
2031888d5ae2bc4d8a78d12a4711b7ddfb7b4f7df7891e59fd334e7a652a903b,2025-04,City of London Police,City of London Police,-0.079521,51.511196,On or near New London Street,E01032739,City of London 001F,Other theft,Investigation complete; no suspect identified,
5f373580c0360b0e9d79cf73fbf68ec15ddb503e878464ff5f378036e3b887cb,2025-04,City of London Police,City of London Police,-0.092531,51.512658,On or near Queen Street,E01032739,City of London 001F,Other theft,Investigation complete; no suspect identified,
3b82aca5017de8cdec71a00ff12ba3f125531a781e6e59501535e88870e71245,2025-04,City of London Police,City of London Police,-0.080291,51.514814,On or near Bury Court,E01032739,City of London 001F,Other theft,Investigation complete; no suspect identified,
cbe97293d0bdccd5686bd4dc99f09479c922d2a87f3effd27fe539db86c3d246,2025-04,City of London Police,City of London Police,-0.081643,51.510070,On or near Great Tower Street,E01032739,City of London 001F,Other theft,Court result unavailable,
9312fd6a6004b126b389853b69edb3cb6a183c5d408b2fe08d9c4f70e0fad95d,2025-04,City of London Police,City of London Police,-0.095224,51.513736,On or near Shopping Area,E01032739,City of London 001F,Possession of weapons,Status update unavailable,
6cd7a17cb1a1ddc5d5105c412e5314ff56ef943c34ce1836379e4b52bfa9707d,2025-04,City of London Police,City of London Police,-0.083349,51.514830,On or near Shopping Area,E01032739,City of London 001F,Possession of weapons,Formal action is not in the public interest,
c0b7b61dca8b78d717d5ebfde63ba33d9723ee10f7ab30730769b782ccfb84b2,2025-04,City of London Police,City of London Police,-0.089808,51.517461,On or near London Wall,E01032739,City of London 001F,Possession of weapons,Status update unavailable,
1747f57091758231cf51fe6a9db051a6ab3586c2cdc9119c173253db42162216,2025-04,City of London Police,City of London Police,-0.101906,51.511794,On or near Theatre/Concert Hall,E01032739,City of London 001F,Possession of weapons,Court result unavailable,
7b0a88be4747380d44107768c422cae74fac683258f6a51e6954566824a042cd,2025-04,City of London Police,City of London Police,-0.079521,51.511196,On or near New London Street,E01032739,City of London 001F,Possession of weapons,Court result unavailable,
7d1687439446c7e8d3fd623e2f5ce09d405fc6b2dea525716220b10f0fdb1a29,2025-04,City of London Police,City of London Police,-0.090578,51.509722,On or near Allhallows Lane,E01032739,City of London 001F,Possession of weapons,Court result unavailable,
30a8b508577e27279d6c7fa7edee332c65c55349402e88b80ed9157262b6c99a,2025-04,City of London Police,City of London Police,-0.083349,51.514830,On or near Shopping Area,E01032739,City of London 001F,Possession of weapons,Status update unavailable,
5bd3f3d834c127312c39f4b2cc05137c6d90d8a029a9faf75dc7c0c9d500ae00,2025-04,City of London Police,City of London Police,-0.081512,51.518692,On or near London Liverpool Street,E01032739,City of London 001F,Possession of weapons,Court result unavailable,
034de481c382c02be3b52e3ac06e5b87e506d312d344dd3ccec02b75030332fc,2025-04,City of London Police,City of London Police,-0.083349,51.514830,On or near Shopping Area,E01032739,City of London 001F,Possession of weapons,Status update unavailable,
c5e15578351627eee92bf10ac299f945be681c985ecdec027d4bdff6f06a5206,2025-04,City of London Police,City of London Police,-0.084910,51.512588,On or near Bell Inn Yard,E01032739,City of London 001F,Public order,Status update unavailable,
78f8d27077bdf7fb8cc19e5b2f87768f4b83bb55281b7851c3d5f2d44ce6a881,2025-04,City of London Police,City of London Police,-0.079883,51.517326,On or near New Street,E01032739,City of London 001F,Public order,Court result unavailable,
59e0f9c25598a29a7e1d0a769e5a0c58b550bfd5ab07c54441a6ff26e80d3a7a,2025-04,City of London Police,City of London Police,-0.101292,51.514770,On or near Amen Court,E01032739,City of London 001F,Public order,Court result unavailable,
ff9456ca0ae3647c2c51d10819e8b42b74c40c800272dd49066b6950fe824dd3,2025-04,City of London Police,City of London Police,-0.095924,51.513882,On or near Shopping Area,E01032739,City of London 001F,Public order,Unable to prosecute suspect,
fd84a8505678e316c431c5a55df3fffcfab6c5b12b056bd0cf95689d2b5f8317,2025-04,City of London Police,City of London Police,-0.089808,51.517461,On or near London Wall,E01032739,City of London 001F,Public order,Local resolution,
9b8405ed3d12eefcde6c77a8145f9de7d875c87b7d14fcc5abf870ed0c1dde99,2025-04,City of London Police,City of London Police,-0.081902,51.517296,On or near Liverpool Street,E01032739,City of London 001F,Public order,Local resolution,
c130452371ea84d54db9454d0532f040631286101d9ec7d1f8aef68a2da5e234,2025-04,City of London Police,City of London Police,-0.082993,51.516360,On or near Wormwood Street,E01032739,City of London 001F,Public order,Unable to prosecute suspect,
98b64f5d160b20b37d58a8c706d6a31f9cff9c2b14f7fefc3e84e6d167da9eac,2025-04,City of London Police,City of London Police,-0.081113,51.516869,On or near Bishopsgate,E01032739,City of London 001F,Public order,Status update unavailable,
98b64f5d160b20b37d58a8c706d6a31f9cff9c2b14f7fefc3e84e6d167da9eac,2025-04,City of London Police,City of London Police,-0.078755,51.518440,On or near Artillery Lane,E01032739,City of London 001F,Public order,Unable to prosecute suspect,
65d217f8f553db35f7c6df25ab58c9e31891f8b21e486dc093c882f477218cde,2025-04,City of London Police,City of London Police,-0.078278,51.513666,On or near Mitre Street,E01032739,City of London 001F,Public order,Unable to prosecute suspect,
3cf1492359210634b10e87acb8a8c5f4a1d4b4136f9bed4b7c6c1ce95a0dbad4,2025-04,City of London Police,City of London Police,-0.096501,51.513874,On or near New Change,E01032739,City of London 001F,Public order,Investigation complete; no suspect identified,
110996357be8dff390b8958174ec57901db58be7d47102f6c5340e12c999fd63,2025-04,City of London Police,City of London Police,-0.079907,51.517785,On or near Victoria Avenue,E01032739,City of London 001F,Public order,Unable to prosecute suspect,
258c5313a33604fe7fccd02b3e5fd1d4404910b657d6ae05e3f0badb7766fd24,2025-04,City of London Police,City of London Police,-0.095054,51.510559,On or near Queenhithe,E01032739,City of London 001F,Public order,Status update unavailable,
755c9c4b6c196ee5d4d914b4b4aa95e6b947cfa9f231652cd8e1c16499d75851,2025-04,City of London Police,City of London Police,-0.085089,51.512105,On or near Gracechurch Street,E01032739,City of London 001F,Public order,Investigation complete; no suspect identified,
e2ad5fa73d65e76c61e3aa73c83fdb47e6d6bdaaac1f85dddd0308b307dc2020,2025-04,City of London Police,City of London Police,-0.081643,51.510070,On or near Great Tower Street,E01032739,City of London 001F,Public order,Unable to prosecute suspect,
cbf8512d37a41fdecf125debbe9ed66d17e5faaca2cd1d538792772d0c509761,2025-04,City of London Police,City of London Police,-0.086019,51.513631,On or near Finch Lane,E01032739,City of London 001F,Public order,Investigation complete; no suspect identified,
09c01690e56f8cffd6c12b0c9e0022793e0d868f56ec156e4f8f47d74bc0c256,2025-04,City of London Police,City of London Police,-0.087772,51.510665,On or near Martin Lane,E01032739,City of London 001F,Public order,Investigation complete; no suspect identified,
ba6b0e6d8b7e03c91c5e53dfdef7b279eadd510c8ead3668a00727523051f82d,2025-04,City of London Police,City of London Police,-0.082993,51.516360,On or near Wormwood Street,E01032739,City of London 001F,Public order,Investigation complete; no suspect identified,
a7a7cd6777dbc6ea1d6b9593af3c524e805113734658ce1a482dedc4fa97438f,2025-04,City of London Police,City of London Police,-0.079883,51.517326,On or near New Street,E01032739,City of London 001F,Public order,Unable to prosecute suspect,
bf1e0f2938ccbd557dafa1956f8357d934d0c5d76307952663cc434f225828e5,2025-04,City of London Police,City of London Police,-0.101292,51.514770,On or near Amen Court,E01032739,City of London 001F,Public order,Unable to prosecute suspect,
d269d9116e7e48f1276c6fa96389f57ccfc33b7dd4a14d1edddb22a163f12ed6,2025-04,City of London Police,City of London Police,-0.078755,51.518440,On or near Artillery Lane,E01032739,City of London 001F,Public order,Unable to prosecute suspect,
461d99822564da79b905dbf399a3c15b17b20d7434eb7076aec734c0fad866f5,2025-04,City of London Police,City of London Police,-0.088785,51.517102,On or near Moorgate,E01032739,City of London 001F,Public order,Court result unavailable,
d8580b3e2e6f43287b6a103a1bae3498afeaf9ff3822b3d5162b77833639b73c,2025-04,City of London Police,City of London Police,-0.083977,51.510441,On or near Lovat Lane,E01032739,City of London 001F,Public order,Court result unavailable,
874c52efca554947d1f73233c1d52cb9fe5fa6508717ba749b1ba9701d44bb92,2025-04,City of London Police,City of London Police,-0.087772,51.510665,On or near Martin Lane,E01032739,City of London 001F,Robbery,Investigation complete; no suspect identified,
9e30a9bd488f7682bef8b84624a5da02177df653570f67f0655c6704ad312b21,2025-04,City of London Police,City of London Police,-0.087157,51.512624,On or near Lombard Street,E01032739,City of London 001F,Robbery,Investigation complete; no suspect identified,
8d470f18b290ef06c62aff3c2c13279995db526ec120dd38431c004efe881225,2025-04,City of London Police,City of London Police,-0.084844,51.510725,On or near Eastcheap,E01032739,City of London 001F,Robbery,Unable to prosecute suspect,
a9310930f357ee2294e2890420389764b04d0c415fc0d936e540e7602f2b3a14,2025-04,City of London Police,City of London Police,-0.079883,51.517326,On or near New Street,E01032739,City of London 001F,Robbery,Court result unavailable,
7ef4ff6d5b231ad140fec806088b8ab2ddde9222b5a14492f1ed304f52511dd9,2025-04,City of London Police,City of London Police,-0.095224,51.513736,On or near Shopping Area,E01032739,City of London 001F,Robbery,Investigation complete; no suspect identified,
0e76d039e40530a51c452ce0b5d20a5d5e4f50d46832fc10dfc97138e8363b28,2025-04,City of London Police,City of London Police,-0.091823,51.514427,On or near Ironmonger Lane,E01032739,City of London 001F,Robbery,Awaiting court outcome,
38694e04cfe5db7aee1e6d5cd17da7dddf2a76ce009743a885c92956e52b7f69,2025-04,City of London Police,City of London Police,-0.084754,51.512882,On or near Corbet Court,E01032739,City of London 001F,Robbery,Unable to prosecute suspect,
65b35226bca15323321238bbb6a7b6262b7d3687ed78aaa509c5560a7b280999,2025-04,City of London Police,City of London Police,-0.082993,51.516360,On or near Wormwood Street,E01032739,City of London 001F,Robbery,Unable to prosecute suspect,
f974dc4b06cc93e2d73ae7f9d7b43031f71fd20ef93f65d6b0fd239cbaab33e1,2025-04,City of London Police,City of London Police,-0.091947,51.513188,On or near Pancras Lane,E01032739,City of London 001F,Robbery,Investigation complete; no suspect identified,
bfe77f926349ad735de2a99d040c04c2234bf182751490c8592e847b505d077b,2025-04,City of London Police,City of London Police,-0.094460,51.512024,On or near Great Trinity Lane,E01032739,City of London 001F,Robbery,Status update unavailable,
be59dafce308d82fb334d1e6e9a251fab1120cdbd2c895fcad5529c403fc784b,2025-04,City of London Police,City of London Police,-0.091947,51.513188,On or near Pancras Lane,E01032739,City of London 001F,Robbery,Status update unavailable,
e9f8db53ba7bb0bc9ce5ea615f733e0c1acb3b66b60093d5b5a10e2202d3cf7c,2025-04,City of London Police,City of London Police,-0.082133,51.515222,On or near St Helen'S Place,E01032739,City of London 001F,Robbery,Unable to prosecute suspect,
ca5cb457f80a0fc48f525eac17952858daebcca2b74b78df2aca8cccf9c137d3,2025-04,City of London Police,City of London Police,-0.097291,51.514626,On or near Supermarket,E01032739,City of London 001F,Robbery,Court result unavailable,
553de1183aa133467d9b909519662a91f62e9ab425e0048caff4b144f8351001,2025-04,City of London Police,City of London Police,-0.079883,51.517326,On or near New Street,E01032739,City of London 001F,Robbery,Court result unavailable,
3c7eb5f3dd526510544d9fa9f0c593e51f0c683fd37931f9c252401a9ce7dda2,2025-04,City of London Police,City of London Police,-0.082993,51.516360,On or near Wormwood Street,E01032739,City of London 001F,Shoplifting,Investigation complete; no suspect identified,
e50647908b543efd8b786fe8c50382e95b108fb0029c0072dfa3486f77594e52,2025-04,City of London Police,City of London Police,-0.078278,51.513666,On or near Mitre Street,E01032739,City of London 001F,Shoplifting,Court result unavailable,
aaec15d1b8e3becedc670d8aee1e693dd9747069b476d3f73cc43914f65afc1e,2025-04,City of London Police,City of London Police,-0.084836,51.511939,On or near Shopping Area,E01032739,City of London 001F,Shoplifting,Unable to prosecute suspect,
b0ff6e00627cd579b4a7959f1842d29bf5a6fd614ed5e357c8d24cb19b2a1b62,2025-04,City of London Police,City of London Police,-0.077372,51.512590,On or near Carlisle Avenue,E01032739,City of London 001F,Shoplifting,Status update unavailable,
6d29599d675c34afdfa55f964ea6d3e56c420a6cac12ad9e83e84773bd74815d,2025-04,City of London Police,City of London Police,-0.091823,51.514427,On or near Ironmonger Lane,E01032739,City of London 001F,Shoplifting,Court result unavailable,
e93ea2b9542bc6816c839fda1c6c94d533b38f3cc8f19fe00658a6121b29cc8e,2025-04,City of London Police,City of London Police,-0.097291,51.514626,On or near Supermarket,E01032739,City of London 001F,Shoplifting,Investigation complete; no suspect identified,
01b786fece85731aaec2db9df9acd9d0d63ccabe6bb46b67662c4dc739c2f762,2025-04,City of London Police,City of London Police,-0.088903,51.510836,On or near Laurence Pountney Hill,E01032739,City of London 001F,Shoplifting,Investigation complete; no suspect identified,
d514109efb85a9ea057a4bccfe4d17ebbc9970ff466caf3d8e8bb2ba8efe7f76,2025-04,City of London Police,City of London Police,-0.095224,51.513736,On or near Shopping Area,E01032739,City of London 001F,Shoplifting,Investigation complete; no suspect identified,
0a43859b071a37ff962565c2fd27de037e74ed1140076c55fc64fc2c49872855,2025-04,City of London Police,City of London Police,-0.079883,51.517326,On or near New Street,E01032739,City of London 001F,Shoplifting,Unable to prosecute suspect,
c07160e7158aade19f677fba45bf688522ec24554ddd58938780f21e552e2e2c,2025-04,City of London Police,City of London Police,-0.086815,51.517007,On or near Circus Place,E01032739,City of London 001F,Shoplifting,Court result unavailable,
fdeaf7d8cf929ea6baf1491290d95ad854867644aff516df48f15238ce043ea7,2025-04,City of London Police,City of London Police,-0.078278,51.513666,On or near Mitre Street,E01032739,City of London 001F,Shoplifting,Local resolution,
50bfff900dcdaa923f329985ddf69c169cbce0a2a91fd500559e4f9e0f13cb04,2025-04,City of London Police,City of London Police,-0.078278,51.513666,On or near Mitre Street,E01032739,City of London 001F,Shoplifting,Court result unavailable,
6971537fa4c03ef3380e86e162902c4d620236d53ac4585cd3d94e7485638994,2025-04,City of London Police,City of London Police,-0.095224,51.513736,On or near Shopping Area,E01032739,City of London 001F,Shoplifting,Investigation complete; no suspect identified,
3543e682d7e95678bdb8a34c59c57cb3657ab9e3fff12ed0db8a097aea2b5008,2025-04,City of London Police,City of London Police,-0.095924,51.513882,On or near Shopping Area,E01032739,City of London 001F,Shoplifting,Investigation complete; no suspect identified,
19c884b6133efb1ba28b3c3ec207a386db5cba7fc19e4d866143a1654efb9a21,2025-04,City of London Police,City of London Police,-0.078278,51.513666,On or near Mitre Street,E01032739,City of London 001F,Shoplifting,Court result unavailable,
44e48014b76cbca9027cf3f149c98a34f95edaafcabe1e6b4af5782d5c3d0c0f,2025-04,City of London Police,City of London Police,-0.084754,51.512882,On or near Corbet Court,E01032739,City of London 001F,Shoplifting,Investigation complete; no suspect identified,
bad18967ba9955abb83959b570bb370cce170fdbb80a42d2c553224b56f00539,2025-04,City of London Police,City of London Police,-0.095224,51.513736,On or near Shopping Area,E01032739,City of London 001F,Shoplifting,Investigation complete; no suspect identified,
d8dc80673dc3539ae65c0c348eb8b22447dacd54cefa93f830f5fb5c37cc8c9c,2025-04,City of London Police,City of London Police,-0.095224,51.513736,On or near Shopping Area,E01032739,City of London 001F,Shoplifting,Status update unavailable,
82c531f1bca841472287eb7bbbf086f0da8d92e5ffde91a2cfde91fd04cbb079,2025-04,City of London Police,City of London Police,-0.085089,51.512105,On or near Gracechurch Street,E01032739,City of London 001F,Shoplifting,Status update unavailable,
0e051b0bfb56ca64b1fb5a9ad831c6ba0a46839ebd879cd8776e604343016374,2025-04,City of London Police,City of London Police,-0.087772,51.510665,On or near Martin Lane,E01032739,City of London 001F,Shoplifting,Investigation complete; no suspect identified,
1f845e1e78be6fe8e5ac97c9f2f39699de990b6aa8cb6834d94ecd1d517ec0f7,2025-04,City of London Police,City of London Police,-0.079907,51.517785,On or near Victoria Avenue,E01032739,City of London 001F,Shoplifting,Status update unavailable,
3a9681f3ac03f5b061e827104e7d157028089ab7cebb614c6b9e99200ba086c7,2025-04,City of London Police,City of London Police,-0.078278,51.513666,On or near Mitre Street,E01032739,City of London 001F,Shoplifting,Unable to prosecute suspect,
1f6847250cc1cb4cfc548117441ea7bc422015317a999134e9d8826dfdcfa75b,2025-04,City of London Police,City of London Police,-0.097291,51.514626,On or near Supermarket,E01032739,City of London 001F,Shoplifting,Status update unavailable,
0e9c1649cd292e920deaae352ad66c6654409b45e4750b9a8025a893820d3670,2025-04,City of London Police,City of London Police,-0.085089,51.512105,On or near Gracechurch Street,E01032739,City of London 001F,Shoplifting,Local resolution,
a3c7e575c1ff2da91ee9ea8eab4f5b5ce807dc10079a6e6146dcd2ffe265539e,2025-04,City of London Police,City of London Police,-0.095924,51.513882,On or near Shopping Area,E01032739,City of London 001F,Shoplifting,Investigation complete; no suspect identified,
e8c1064cd236ad5b238c3a626eac939a570091867f0e2aae7841c7cf4a811fa8,2025-04,City of London Police,City of London Police,-0.081902,51.517296,On or near Liverpool Street,E01032739,City of London 001F,Shoplifting,Investigation complete; no suspect identified,
04a210b30d2974feb198210eb81f7c04e2d417f8c135c741155667658b74e119,2025-04,City of London Police,City of London Police,-0.085089,51.512105,On or near Gracechurch Street,E01032739,City of London 001F,Shoplifting,Unable to prosecute suspect,
036be2a436f27c718eb6d27d303d65907bf69269eca4df269cbf19b335dc242d,2025-04,City of London Police,City of London Police,-0.085089,51.512105,On or near Gracechurch Street,E01032739,City of London 001F,Shoplifting,Local resolution,
c851949896f576d7fa2702490b177f967293110816d9bc752b81e188066d3cf8,2025-04,City of London Police,City of London Police,-0.084754,51.512882,On or near Corbet Court,E01032739,City of London 001F,Shoplifting,Court result unavailable,
ffd992fb06bc203990054a48c4c7aa3375707eac1c91b0f3b81b1fb99a9db68c,2025-04,City of London Police,City of London Police,-0.081902,51.517296,On or near Liverpool Street,E01032739,City of London 001F,Shoplifting,Investigation complete; no suspect identified,
7810ff52ed2ee3e6db696ab4d0289f7af33b923405c6ecc4f601712276eb82d5,2025-04,City of London Police,City of London Police,-0.091823,51.514427,On or near Ironmonger Lane,E01032739,City of London 001F,Shoplifting,Investigation complete; no suspect identified,
d03d863cafbc78622ad046230db0a2789b63fcaa9a9f24252b973db6e3d764de,2025-04,City of London Police,City of London Police,-0.079907,51.517785,On or near Victoria Avenue,E01032739,City of London 001F,Shoplifting,Unable to prosecute suspect,
a8cdd1ad6feb71519f6a3dc2d0858d5b718ffd0bbcdc033d7339732a28e8c7be,2025-04,City of London Police,City of London Police,-0.084836,51.511939,On or near Shopping Area,E01032739,City of London 001F,Shoplifting,Investigation complete; no suspect identified,
e742d9258d3a1c8c73ddc665289c60c5cc3e5c5b456f8c5d21579eb4fdea0029,2025-04,City of London Police,City of London Police,-0.085089,51.512105,On or near Gracechurch Street,E01032739,City of London 001F,Shoplifting,Further action is not in the public interest,
4a33433d4750a39755f603fce943167621b62c6951dc2f0a856dd482af8e9989,2025-04,City of London Police,City of London Police,-0.097291,51.514626,On or near Supermarket,E01032739,City of London 001F,Shoplifting,Investigation complete; no suspect identified,
d801d66205ea108063aeccec8cdfea1cf4682cf2209bd9c9c62b42b8b74673cc,2025-04,City of London Police,City of London Police,-0.079883,51.517326,On or near New Street,E01032739,City of London 001F,Shoplifting,Unable to prosecute suspect,
7daa8a4188cef2a54cdf90585313b51c5b18bc4ffe48eec43631164a8f98a487,2025-04,City of London Police,City of London Police,-0.078278,51.513666,On or near Mitre Street,E01032739,City of London 001F,Shoplifting,Unable to prosecute suspect,
de07be2289c63d8dc4392e72fa76b444d6d19328f3e204e904d493e7246d014f,2025-04,City of London Police,City of London Police,-0.100201,51.513286,On or near Dean'S Court,E01032739,City of London 001F,Shoplifting,Investigation complete; no suspect identified,
583607fbc74d0aa63cacf892d754a3e3080f4d6318779f7b7e524613d944ea6d,2025-04,City of London Police,City of London Police,-0.082993,51.516360,On or near Wormwood Street,E01032739,City of London 001F,Shoplifting,Investigation complete; no suspect identified,
638cdc1dcc4499905aff2b994b6b955cc5348cc0ae5ef5c41e2d8a125838d7fd,2025-04,City of London Police,City of London Police,-0.095924,51.513882,On or near Shopping Area,E01032739,City of London 001F,Shoplifting,Status update unavailable,
7a2963905bebc6285b85f167961f0f9fe1c3e774d26f979a14872ef500e40541,2025-04,City of London Police,City of London Police,-0.079138,51.508312,On or near Lower Thames Street,E01032739,City of London 001F,Shoplifting,Investigation complete; no suspect identified,
66f59398b85839d5257dd90e05a6d40b20cb7419539776c55df5154edbfdb329,2025-04,City of London Police,City of London Police,-0.087772,51.510665,On or near Martin Lane,E01032739,City of London 001F,Shoplifting,Investigation complete; no suspect identified,
9b58bdebba28b3bff42ff473b9cbef313fe8401f750da8cec5243140b168e73a,2025-04,City of London Police,City of London Police,-0.084836,51.511939,On or near Shopping Area,E01032739,City of London 001F,Shoplifting,Investigation complete; no suspect identified,
0924e935f93a82b8e219fc2cf833ada343774cf5b6507a56f1d0e46e90508a2e,2025-04,City of London Police,City of London Police,-0.086815,51.517007,On or near Circus Place,E01032739,City of London 001F,Shoplifting,Investigation complete; no suspect identified,
ea817e2bb01410ec7881de49a53d3bc0304c20efc7f75569c6c3e34dd8e01f5e,2025-04,City of London Police,City of London Police,-0.091823,51.514427,On or near Ironmonger Lane,E01032739,City of London 001F,Shoplifting,Unable to prosecute suspect,
d2bc903578f43c62282ce4d6b8dd09fd32caffbba6042a78558fea38f9679554,2025-04,City of London Police,City of London Police,-0.086815,51.517007,On or near Circus Place,E01032739,City of London 001F,Shoplifting,Investigation complete; no suspect identified,
a796dc564bf024d4bd0bed7f0133fb2e20fbaf6ed162c49bebcd7ef25ed90566,2025-04,City of London Police,City of London Police,-0.097291,51.514626,On or near Supermarket,E01032739,City of London 001F,Shoplifting,Unable to prosecute suspect,
c31478fb676a57c26a132eb1825b88e405b126341a793ca303cbefe94a34c125,2025-04,City of London Police,City of London Police,-0.095924,51.513882,On or near Shopping Area,E01032739,City of London 001F,Shoplifting,Local resolution,
c1dd0cb778916e3adec5ea00cdef3e397a1ea6a432c0ad6a0159b341f29da606,2025-04,City of London Police,City of London Police,-0.096501,51.513874,On or near New Change,E01032739,City of London 001F,Shoplifting,Unable to prosecute suspect,
ae38ec74c70e3b646b1466d69e51712ae835725a88f964aca3535f8edec78064,2025-04,City of London Police,City of London Police,-0.078278,51.513666,On or near Mitre Street,E01032739,City of London 001F,Shoplifting,Court result unavailable,
5101f2f26e6d6f98ba3f5b389671977f7d239651d4ba97ad478458ae70a3bc52,2025-04,City of London Police,City of London Police,-0.089822,51.516103,On or near Coleman Street,E01032739,City of London 001F,Shoplifting,Unable to prosecute suspect,
d22f61947fb1dde527580f763275e9b12b25f3a7235ef1b7c5fe04e9f29dc6ea,2025-04,City of London Police,City of London Police,-0.085089,51.512105,On or near Gracechurch Street,E01032739,City of London 001F,Shoplifting,Unable to prosecute suspect,
48820b12a1969f1a6dd79dcd6172ea1d991aaa27c3f5f7052f8a6a31b31ff889,2025-04,City of London Police,City of London Police,-0.081902,51.517296,On or near Liverpool Street,E01032739,City of London 001F,Shoplifting,Investigation complete; no suspect identified,
3e5af059710f12c76205270477166a25c5737dcda1b80ba2de6567b1efffae30,2025-04,City of London Police,City of London Police,-0.078278,51.513666,On or near Mitre Street,E01032739,City of London 001F,Shoplifting,Status update unavailable,
e5d1daf1f9d6b04742ce8a812a807bad554f71401e7545f7359cafad74934a47,2025-04,City of London Police,City of London Police,-0.096501,51.513874,On or near New Change,E01032739,City of London 001F,Shoplifting,Investigation complete; no suspect identified,
97e4ffebf674d524ca53a5df01be1a212131f0a862deb6a9aed476d8dcf13bee,2025-04,City of London Police,City of London Police,-0.088785,51.517102,On or near Moorgate,E01032739,City of London 001F,Shoplifting,Court result unavailable,
6a763836c7c3e477b0431cb1b1df4e2bcff30adead67323d23096e7ff8238f7c,2025-04,City of London Police,City of London Police,-0.082993,51.516360,On or near Wormwood Street,E01032739,City of London 001F,Shoplifting,Investigation complete; no suspect identified,
fde99731682340e82f8400f23c3a2aac5653d49c24b128819c62caed2e90e931,2025-04,City of London Police,City of London Police,-0.081902,51.517296,On or near Liverpool Street,E01032739,City of London 001F,Shoplifting,Investigation complete; no suspect identified,
bb331fe3f1c567ae22d02d40bcdecb0e28db7e092705e8b9386b5ff50085c1f1,2025-04,City of London Police,City of London Police,-0.086815,51.517007,On or near Circus Place,E01032739,City of London 001F,Shoplifting,Investigation complete; no suspect identified,
45957790ccae4c5c9926d1e822135fccf0fc7981ecd6dd1dfd77857fc7488522,2025-04,City of London Police,City of London Police,-0.097291,51.514626,On or near Supermarket,E01032739,City of London 001F,Shoplifting,Status update unavailable,
961212d33e44932994617c8ef0e55d1842f7b07f5daa10f9cb63466cf554cfad,2025-04,City of London Police,City of London Police,-0.097291,51.514626,On or near Supermarket,E01032739,City of London 001F,Shoplifting,Status update unavailable,
025b5ed1d05c0927af291a4ee3125903e3a68d562348a58c8b2202fd792049cc,2025-04,City of London Police,City of London Police,-0.085089,51.512105,On or near Gracechurch Street,E01032739,City of London 001F,Shoplifting,Court result unavailable,
87d2b164c6dde9ff9bfb5e42984c24355be7c5bc217f7d48fb6ea87662545b1b,2025-04,City of London Police,City of London Police,-0.091540,51.511896,On or near Cannon Street,E01032739,City of London 001F,Shoplifting,Unable to prosecute suspect,
828627d70a89d5a7e4982504403de6c9e54c5ad400803b78d1c2a5dc2c0f2c17,2025-04,City of London Police,City of London Police,-0.084754,51.512882,On or near Corbet Court,E01032739,City of London 001F,Shoplifting,Investigation complete; no suspect identified,
f500947a3b76fbc82c4727166e4f3f284946ded0cfab39886134f78504d8722d,2025-04,City of London Police,City of London Police,-0.079883,51.517326,On or near New Street,E01032739,City of London 001F,Shoplifting,Status update unavailable,
1c3802c33206c75471b7059a65879e0a7b732fa08732c5322de8379f3ecf19be,2025-04,City of London Police,City of London Police,-0.079883,51.517326,On or near New Street,E01032739,City of London 001F,Shoplifting,Court result unavailable,
e21a26e42bc84b437e6e90556683f76098e75e244f688e1698d06671868d0c9c,2025-04,City of London Police,City of London Police,-0.086815,51.517007,On or near Circus Place,E01032739,City of London 001F,Shoplifting,Investigation complete; no suspect identified,
f69a187783ce1cc834e220de2926f7103aa2d7600b9183aa5e659a7918ede052,2025-04,City of London Police,City of London Police,-0.091823,51.514427,On or near Ironmonger Lane,E01032739,City of London 001F,Shoplifting,Status update unavailable,
39cb85b55eb03ea02a47d5bb6f10f94dde05eb2dbd18ba157aa364688425e5ae,2025-04,City of London Police,City of London Police,-0.097291,51.514626,On or near Supermarket,E01032739,City of London 001F,Shoplifting,Investigation complete; no suspect identified,
84bfb2f0caf9c2f48282f457b5d732aa656ad9f491d812691afa7822c318f33d,2025-04,City of London Police,City of London Police,-0.079883,51.517326,On or near New Street,E01032739,City of London 001F,Shoplifting,Unable to prosecute suspect,
176c1c5dc0d4f5a9127f97688852f2c74ea8f97b5125fd4f53bc95e252ad6f5b,2025-04,City of London Police,City of London Police,-0.078278,51.513666,On or near Mitre Street,E01032739,City of London 001F,Shoplifting,Local resolution,
e1d5c53a4f0d525c3fe891bac048017c76dc5fcd2758a0720dccc9f538ae4c2b,2025-04,City of London Police,City of London Police,-0.091823,51.514427,On or near Ironmonger Lane,E01032739,City of London 001F,Shoplifting,Status update unavailable,
5479bb1fff483209a7569a9df21e9c42872d45b9a5f2486c14878bb8006444a5,2025-04,City of London Police,City of London Police,-0.095224,51.513736,On or near Shopping Area,E01032739,City of London 001F,Shoplifting,Investigation complete; no suspect identified,
7cc2054069d52489ce396108f25ac5edb7429f7ce6d5cf1c290164a46ddf0e30,2025-04,City of London Police,City of London Police,-0.078278,51.513666,On or near Mitre Street,E01032739,City of London 001F,Shoplifting,Further investigation is not in the public interest,
39873373dd85b47b158d3088946720237a8c5d9f72b851d859fde832db6560c7,2025-04,City of London Police,City of London Police,-0.084836,51.511939,On or near Shopping Area,E01032739,City of London 001F,Shoplifting,Investigation complete; no suspect identified,
9f1572143a77742c9fea2dc611143e375be41a2931df309c6bdcbae2ee7b9215,2025-04,City of London Police,City of London Police,-0.091947,51.513188,On or near Pancras Lane,E01032739,City of London 001F,Shoplifting,Investigation complete; no suspect identified,
c16742c3596cf6f3bc09d3789d4017e0a7fc6555886568de0fdb91f5c649b345,2025-04,City of London Police,City of London Police,-0.078278,51.513666,On or near Mitre Street,E01032739,City of London 001F,Shoplifting,Investigation complete; no suspect identified,
c8ac409ee6376cce9f8a2562608b61627a85398f79a49f9b287da923bbd05c2a,2025-04,City of London Police,City of London Police,-0.078278,51.513666,On or near Mitre Street,E01032739,City of London 001F,Shoplifting,Court result unavailable,
0e961002df1cdcb79ca27df7c52ce566403cde34dd95e91e52a9bd8a827ab4d9,2025-04,City of London Police,City of London Police,-0.084754,51.512882,On or near Corbet Court,E01032739,City of London 001F,Shoplifting,Unable to prosecute suspect,
f27626b85b77c86a078009f621ad0f6eb08082dc336cc0273ab52d3c5eec194d,2025-04,City of London Police,City of London Police,-0.089822,51.516103,On or near Coleman Street,E01032739,City of London 001F,Shoplifting,Investigation complete; no suspect identified,
8600603e2088c51c93bfd7299a908c96ded4331ee64ac00c02ddacd204f56f21,2025-04,City of London Police,City of London Police,-0.095924,51.513882,On or near Shopping Area,E01032739,City of London 001F,Shoplifting,Court result unavailable,
628f2f68054dd84452ea447ff7bc3ff15adf10c86eac25ba3f40bdd3040aeedd,2025-04,City of London Police,City of London Police,-0.095924,51.513882,On or near Shopping Area,E01032739,City of London 001F,Shoplifting,Investigation complete; no suspect identified,
a722757febcb4db6dcdded7c1fb3c102ddbb28f83b28da1f346db995b19e6b73,2025-04,City of London Police,City of London Police,-0.084836,51.511939,On or near Shopping Area,E01032739,City of London 001F,Shoplifting,Court result unavailable,
98f2948390ad3e2b7a5de6b164f45996ba170e50d9d6e3ea3e0d97aaf3da41df,2025-04,City of London Police,City of London Police,-0.097291,51.514626,On or near Supermarket,E01032739,City of London 001F,Shoplifting,Investigation complete; no suspect identified,
4dd28ababc33f7366cb7a3e8981ae005f43e400d839a4ee83d8d00d3398a8a99,2025-04,City of London Police,City of London Police,-0.078278,51.513666,On or near Mitre Street,E01032739,City of London 001F,Shoplifting,Local resolution,
1634065f1037328c16c3232359c09aefc82a4ebdc93ca0b2009baeb7676217fa,2025-04,City of London Police,City of London Police,-0.088785,51.517102,On or near Moorgate,E01032739,City of London 001F,Shoplifting,Investigation complete; no suspect identified,
fda11dff638ae97cbb4ea23385b5c98a7c0bc50b90fa5d147fe252575e5d0b65,2025-04,City of London Police,City of London Police,-0.087873,51.516503,On or near Langthorn Court,E01032739,City of London 001F,Theft from the person,Investigation complete; no suspect identified,
4001ebd1cc67a628516287dd10b10011c1aa5e523140ee387218cb818fd23399,2025-04,City of London Police,City of London Police,-0.091823,51.514427,On or near Ironmonger Lane,E01032739,City of London 001F,Theft from the person,Investigation complete; no suspect identified,
afab76b7ab7ab6815524dcd1c7da098d6f1798a5534a4b4c12b62bb86985e865,2025-04,City of London Police,City of London Police,-0.083349,51.514830,On or near Shopping Area,E01032739,City of London 001F,Theft from the person,Investigation complete; no suspect identified,
6c0b5c7ed51b90c3401176f416f3eca16e9dd0e6a8feba11a719b9e2cb8b40a5,2025-04,City of London Police,City of London Police,-0.095924,51.513882,On or near Shopping Area,E01032739,City of London 001F,Theft from the person,Investigation complete; no suspect identified,
d2a5122cdab4d4d6d09835bbe98ab5eb585dfd1e5035ac839ab82eb8f259cc9f,2025-04,City of London Police,City of London Police,-0.091540,51.511896,On or near Cannon Street,E01032739,City of London 001F,Theft from the person,Investigation complete; no suspect identified,
e0c8496e2f68c0e99ca70e53278d94fbd94624aafc295e59cf88a76267c997c5,2025-04,City of London Police,City of London Police,-0.089208,51.509744,On or near Angel Lane,E01032739,City of London 001F,Theft from the person,Investigation complete; no suspect identified,
aa3c53173ceaeb4a7bc75dfebb559e6fc401bc717d018b217f13fd9cee611b79,2025-04,City of London Police,City of London Police,-0.084754,51.512882,On or near Corbet Court,E01032739,City of London 001F,Theft from the person,Investigation complete; no suspect identified,
d77d365a93e55360a7641b2761194fe6117c6b771a4e8fefed56d8fc8f7055da,2025-04,City of London Police,City of London Police,-0.078755,51.518440,On or near Artillery Lane,E01032739,City of London 001F,Theft from the person,Investigation complete; no suspect identified,
7f086f8cf2d044b232cc2b2dcd58b1a639f1170077445e0ea57c8ca5fe2a7811,2025-04,City of London Police,City of London Police,-0.088456,51.514975,On or near Tokenhouse Yard,E01032739,City of London 001F,Theft from the person,Investigation complete; no suspect identified,
e63bd3ab101ff31d4fb9605ff4a2d2a8d729ddf0f97564c848b60d0f900c045d,2025-04,City of London Police,City of London Police,-0.089208,51.509744,On or near Angel Lane,E01032739,City of London 001F,Theft from the person,Investigation complete; no suspect identified,
301faecc6790b82f79f9c00119555ca9cf21784820034c72bd96b8c7e1728e4f,2025-04,City of London Police,City of London Police,-0.081902,51.517296,On or near Liverpool Street,E01032739,City of London 001F,Theft from the person,Investigation complete; no suspect identified,
c7770d2d5cc5185a044ee3eabc13c8845308eb3b2d6ef2a3269d87537b72445c,2025-04,City of London Police,City of London Police,-0.081902,51.517296,On or near Liverpool Street,E01032739,City of London 001F,Theft from the person,Investigation complete; no suspect identified,
5ddac2973657a7292687379bcbff5d3ddaaf509dca0bf956d42cc5da0c351c50,2025-04,City of London Police,City of London Police,-0.081902,51.517296,On or near Liverpool Street,E01032739,City of London 001F,Theft from the person,Investigation complete; no suspect identified,
b121fe7bca098b92126f0572e2bbe0e59a2138cbf036bb85b9616fbf918b3afa,2025-04,City of London Police,City of London Police,-0.079907,51.517785,On or near Victoria Avenue,E01032739,City of London 001F,Theft from the person,Investigation complete; no suspect identified,
444387c06531f6b301ed6409192044e02392e4f3ddee474dcd88cc23d3be6370,2025-04,City of London Police,City of London Police,-0.088785,51.517102,On or near Moorgate,E01032739,City of London 001F,Theft from the person,Investigation complete; no suspect identified,
c7bf86bc46e709fe0fc3749869756fdc79055a254de4b00c5115c95b09cb3900,2025-04,City of London Police,City of London Police,-0.091540,51.511896,On or near Cannon Street,E01032739,City of London 001F,Theft from the person,Investigation complete; no suspect identified,
66007525a4052fe04c503e08ffeb6487b8c5dea07983cad4f48a362e5cdd9a75,2025-04,City of London Police,City of London Police,-0.082993,51.516360,On or near Wormwood Street,E01032739,City of London 001F,Theft from the person,Investigation complete; no suspect identified,
a703f5fdecefb72853fef9d404c97626cff22176b11f7f9c83a6e60d4d56ab9c,2025-04,City of London Police,City of London Police,-0.079838,51.514267,On or near Bury Street,E01032739,City of London 001F,Theft from the person,Investigation complete; no suspect identified,
a5be670c3422bb7419995165a53aedac62817cea4f187ad5c3cbb26a97008a25,2025-04,City of London Police,City of London Police,-0.081902,51.517296,On or near Liverpool Street,E01032739,City of London 001F,Theft from the person,Investigation complete; no suspect identified,
20c8172ce4bcf9ca752e77be0e363cd92e47d925450b527eac74a4c4f4a0e46b,2025-04,City of London Police,City of London Police,-0.081113,51.516869,On or near Bishopsgate,E01032739,City of London 001F,Theft from the person,Investigation complete; no suspect identified,
390b6fc2554ab515fc8cdf7202f009ba2a189964abb76987c400f1c9e52c2ba9,2025-04,City of London Police,City of London Police,-0.084844,51.509700,On or near Monument Street,E01032739,City of London 001F,Theft from the person,Investigation complete; no suspect identified,
6faf450df6d52197c5e8c4cd46c8e062eece4d7481d298e7b671551f28e468ef,2025-04,City of London Police,City of London Police,-0.096501,51.513874,On or near New Change,E01032739,City of London 001F,Theft from the person,Investigation complete; no suspect identified,
ef0b29c6c105f20a0bddf8bb20e0e199c4cf281feab721dbf5419516943416ed,2025-04,City of London Police,City of London Police,-0.094070,51.513079,On or near Watling Street,E01032739,City of London 001F,Theft from the person,Investigation complete; no suspect identified,
02ec3223ddfce2fe0252a05386e3a59d015835240c480b47ef7e68406343252c,2025-04,City of London Police,City of London Police,-0.086815,51.517007,On or near Circus Place,E01032739,City of London 001F,Theft from the person,Status update unavailable,
24118072679a9b601cab0fbe9105d890aaeb55c146df32548d9460f91a5d3838,2025-04,City of London Police,City of London Police,-0.092531,51.512658,On or near Queen Street,E01032739,City of London 001F,Theft from the person,Investigation complete; no suspect identified,
7cddf73a906f7ee1d1ed29e7237eaa79f3bbed35896715fda7089ccba249765a,2025-04,City of London Police,City of London Police,-0.077563,51.517656,On or near Sandy'S Row,E01032739,City of London 001F,Theft from the person,Status update unavailable,
806b9dfe1be8a12a8e20e60ef7a5a5d9111feaaed1ba2278b6e493321d4e5019,2025-04,City of London Police,City of London Police,-0.081973,51.515948,On or near A10,E01032739,City of London 001F,Theft from the person,Status update unavailable,
9187b9714bd5d7d55631e520a540f04f5b46fda52f093df783a222747d4928e1,2025-04,City of London Police,City of London Police,-0.081643,51.510070,On or near Great Tower Street,E01032739,City of London 001F,Theft from the person,Unable to prosecute suspect,
811a9bb44389950aae8623d05a182be2c7b286e267b064d23451f30f91c47e19,2025-04,City of London Police,City of London Police,-0.097176,51.510836,On or near Trig Lane,E01032739,City of London 001F,Theft from the person,Investigation complete; no suspect identified,
950cdd7806b7e1b83c1e5559d87519a67a1ee73eb12706b003f482f5d381afe7,2025-04,City of London Police,City of London Police,-0.101393,51.512685,On or near St Andrew'S Hill,E01032739,City of London 001F,Theft from the person,Investigation complete; no suspect identified,
5d9eff13c8f5a6ff8414f8fbb25402c08b1b247b61a23f9b26ebe672e6847011,2025-04,City of London Police,City of London Police,-0.084844,51.510725,On or near Eastcheap,E01032739,City of London 001F,Theft from the person,Investigation complete; no suspect identified,
159e9cecf5bcd010ed569d3fdc32f39632cf098646f740671c8f4bca3f7f5321,2025-04,City of London Police,City of London Police,-0.088456,51.514975,On or near Tokenhouse Yard,E01032739,City of London 001F,Theft from the person,Investigation complete; no suspect identified,
01c5c4492f636e33d7b1955c34aac9a7a4dc7ae6aeba2d948686f95ccc06c896,2025-04,City of London Police,City of London Police,-0.101906,51.511794,On or near Theatre/Concert Hall,E01032739,City of London 001F,Theft from the person,Investigation complete; no suspect identified,
5e48d9b9c3c1548ff9ff6f58cd457173ab7044bc8550741123d918f91bdb4ff9,2025-04,City of London Police,City of London Police,-0.100888,51.514448,On or near Amen Corner,E01032739,City of London 001F,Theft from the person,Status update unavailable,
90f471a609fb638f851c15cf46db7af2c2f36f5838d67412592d8659f8a0d396,2025-04,City of London Police,City of London Police,-0.095924,51.513882,On or near Shopping Area,E01032739,City of London 001F,Theft from the person,Investigation complete; no suspect identified,
b86a99c0402e3b47a5116ca73ab785c0365d0f31b1ec2c99b8d4147b7483cea7,2025-04,City of London Police,City of London Police,-0.101963,51.510761,On or near Ferry Terminal,E01032739,City of London 001F,Theft from the person,Investigation complete; no suspect identified,
8389679ff89c347412b8a9e4233429f44fe31c820bdf0f15d83d5721fc2fe1b4,2025-04,City of London Police,City of London Police,-0.104276,51.513712,On or near A201,E01032739,City of London 001F,Theft from the person,Investigation complete; no suspect identified,
23809b6685d0534c60ac4a7c00b9f34c00c8f34b3c3047532e25d63454247147,2025-04,City of London Police,City of London Police,-0.088785,51.517102,On or near Moorgate,E01032739,City of London 001F,Theft from the person,Investigation complete; no suspect identified,
a270a11aee8043d29da3c0f3540d4ae3dc2e3cf10f9ab5e896e6e92b583b15f1,2025-04,City of London Police,City of London Police,-0.082993,51.516360,On or near Wormwood Street,E01032739,City of London 001F,Theft from the person,Investigation complete; no suspect identified,
7b00223382bff931e632c922bbcb4455bcc94dd418fd100a027a6cb8359948c1,2025-04,City of London Police,City of London Police,-0.094460,51.512024,On or near Great Trinity Lane,E01032739,City of London 001F,Theft from the person,Investigation complete; no suspect identified,
597c06d64739cc2fb12010c61d3d1414ec3ce5b17ed70f915e4403cccd3db25b,2025-04,City of London Police,City of London Police,-0.095924,51.513882,On or near Shopping Area,E01032739,City of London 001F,Theft from the person,Status update unavailable,
c90dd927a90d16cb11a40e6ce1f170d8fedfe3265585039a36a8826c6fb2dccd,2025-04,City of London Police,City of London Police,-0.095924,51.513882,On or near Shopping Area,E01032739,City of London 001F,Theft from the person,Investigation complete; no suspect identified,
a99fee109348840d6a0af34626d2a2e243ef109e4025ea2f8fb5bb533e65cd50,2025-04,City of London Police,City of London Police,-0.101906,51.511794,On or near Theatre/Concert Hall,E01032739,City of London 001F,Theft from the person,Investigation complete; no suspect identified,
3606296ba3d1b716204d950f486edd9c124e218f8bd5e753d9740bee251bb076,2025-04,City of London Police,City of London Police,-0.089808,51.517461,On or near London Wall,E01032739,City of London 001F,Theft from the person,Investigation complete; no suspect identified,
bcf360f8e027faf4760b8006c087d1c18b6554c6d9d52556c1c8543a57bf279e,2025-04,City of London Police,City of London Police,-0.095924,51.513882,On or near Shopping Area,E01032739,City of London 001F,Theft from the person,Investigation complete; no suspect identified,
3291f12dda050aa053e94f1607ed4dd2fd584a83b7adbc4c7661f979684befbf,2025-04,City of London Police,City of London Police,-0.095224,51.513736,On or near Shopping Area,E01032739,City of London 001F,Theft from the person,Investigation complete; no suspect identified,
543ae4b57de8c5e9120f317a6827ab1ce76e4156f848cbc892686463a613a41c,2025-04,City of London Police,City of London Police,-0.078495,51.517770,On or near Further/Higher Educational Building,E01032739,City of London 001F,Theft from the person,Investigation complete; no suspect identified,
d4175f8b5c1d26f669514db4a9aaaec61068c1da2a397d633bbe05a7d02dcd22,2025-04,City of London Police,City of London Police,-0.095924,51.513882,On or near Shopping Area,E01032739,City of London 001F,Theft from the person,Investigation complete; no suspect identified,
60d75520dae26c3712b17abcb0ed6c83f4801f83dcfb6395fe648335b6cb99fd,2025-04,City of London Police,City of London Police,-0.088785,51.517102,On or near Moorgate,E01032739,City of London 001F,Theft from the person,Investigation complete; no suspect identified,
f4cd320182a77ea8567bcc74c1870a3b5281d6535361ff94001875871f76e2c9,2025-04,City of London Police,City of London Police,-0.088456,51.514975,On or near Tokenhouse Yard,E01032739,City of London 001F,Theft from the person,Investigation complete; no suspect identified,
7eaac49949c4a9b78c505ebd60f30a43fc0f88ee0ee3c97bd0c75172e336b238,2025-04,City of London Police,City of London Police,-0.081113,51.516869,On or near Bishopsgate,E01032739,City of London 001F,Theft from the person,Investigation complete; no suspect identified,
84dc2c044379d37807b005fc98d545ba536d3f0e651b07534456c9e48bb95805,2025-04,City of London Police,City of London Police,-0.079138,51.508312,On or near Lower Thames Street,E01032739,City of London 001F,Theft from the person,Investigation complete; no suspect identified,
db9262f049a7706c615c37feacdac01e9517328af072a2dffee281b35f23c43a,2025-04,City of London Police,City of London Police,-0.095924,51.513882,On or near Shopping Area,E01032739,City of London 001F,Theft from the person,Investigation complete; no suspect identified,
502197fe96c131f1824ab6896adf69571e4a4f1a826fa04cb1a11b7d8f382a06,2025-04,City of London Police,City of London Police,-0.095224,51.513736,On or near Shopping Area,E01032739,City of London 001F,Theft from the person,Investigation complete; no suspect identified,
6e1db5c1eb6011bce4b3d149a9546e393c07ef3261af8d6e3e71e72f703d0298,2025-04,City of London Police,City of London Police,-0.087157,51.512624,On or near Lombard Street,E01032739,City of London 001F,Theft from the person,Investigation complete; no suspect identified,
89682fa109c41bf21bf11cdb2ab5450c86dd49114e685115ca3f423034e3a007,2025-04,City of London Police,City of London Police,-0.088785,51.517102,On or near Moorgate,E01032739,City of London 001F,Theft from the person,Investigation complete; no suspect identified,
309f5e636e6a0cabeaf54c3bd08f716445e36b013072ed1a76184c661b29fc10,2025-04,City of London Police,City of London Police,-0.086815,51.517007,On or near Circus Place,E01032739,City of London 001F,Theft from the person,Investigation complete; no suspect identified,
762d6d35dce456d5ac02cca6f8e9edc8a219a5001bc852acf4b27ca2faaa174b,2025-04,City of London Police,City of London Police,-0.083977,51.510441,On or near Lovat Lane,E01032739,City of London 001F,Theft from the person,Investigation complete; no suspect identified,
845d47c300fa6cf48c61221cc1e03c188aade8078946d12593929d20767ba5fd,2025-04,City of London Police,City of London Police,-0.081902,51.517296,On or near Liverpool Street,E01032739,City of London 001F,Theft from the person,Investigation complete; no suspect identified,
3fabdd4bf8895ca292730a99796a112ffb9f4fe381f99bb99e87aa9b02171a1e,2025-04,City of London Police,City of London Police,-0.081113,51.516869,On or near Bishopsgate,E01032739,City of London 001F,Theft from the person,Investigation complete; no suspect identified,
6ea7b8b2aecf0b3b68b0e548322a6be4fa63cabbf0425b69748ecc02015f4060,2025-04,City of London Police,City of London Police,-0.101292,51.514770,On or near Amen Court,E01032739,City of London 001F,Theft from the person,Investigation complete; no suspect identified,
aaa0baa573e74f682ceb2f66a20245fe5b41200cb484cd77a990c1342b761359,2025-04,City of London Police,City of London Police,-0.081512,51.518692,On or near London Liverpool Street,E01032739,City of London 001F,Theft from the person,Investigation complete; no suspect identified,
a0a6a14f31ac15a09bfdc7244976c93f4be1ea2d59bbff03f751f12033958d94,2025-04,City of London Police,City of London Police,-0.083600,51.509797,On or near St Mary At Hill,E01032739,City of London 001F,Theft from the person,Investigation complete; no suspect identified,
1223cfcc6cc731d84b1bcfdaf7b7c3ca2878214daf27b85e38d25c6f72c17b9a,2025-04,City of London Police,City of London Police,-0.101906,51.511794,On or near Theatre/Concert Hall,E01032739,City of London 001F,Theft from the person,Investigation complete; no suspect identified,
934ecae7d3cd0271c509916b7800d2386d44c668c422408d2da9e0ce127c8fae,2025-04,City of London Police,City of London Police,-0.101292,51.514770,On or near Amen Court,E01032739,City of London 001F,Theft from the person,Investigation complete; no suspect identified,
fa2f1e2dc6e65d5f78ea7d89e608d49c8623100e3347de5123d038ef7b4bc143,2025-04,City of London Police,City of London Police,-0.077563,51.517656,On or near Sandy'S Row,E01032739,City of London 001F,Theft from the person,Investigation complete; no suspect identified,
5757b81b3da49a0db4ef64cbcb83cea1d3a6ad306e5c290e088cdddf545744c2,2025-04,City of London Police,City of London Police,-0.091540,51.511896,On or near Cannon Street,E01032739,City of London 001F,Theft from the person,Investigation complete; no suspect identified,
b8666b10eaa4bad7f90881cb58ea15e9a5ea5a2ac5b92994fbf524395c2c4e69,2025-04,City of London Police,City of London Police,-0.091823,51.514427,On or near Ironmonger Lane,E01032739,City of London 001F,Theft from the person,Investigation complete; no suspect identified,
eab160da5e6f21cbd85fa8e873a4dce5d2d673ccdcf04176870f5b41cf761b81,2025-04,City of London Police,City of London Police,-0.087772,51.510665,On or near Martin Lane,E01032739,City of London 001F,Theft from the person,Investigation complete; no suspect identified,
bd1c4f143570a703bc8fd474b49eea6a8cced1af243b31b61d111a6a007590ac,2025-04,City of London Police,City of London Police,-0.081643,51.510070,On or near Great Tower Street,E01032739,City of London 001F,Theft from the person,Investigation complete; no suspect identified,
38ffef08fde80c1307d3dc35e45bcc4ff2ead8fe326800d2aeef7100ca61bc05,2025-04,City of London Police,City of London Police,-0.084844,51.509700,On or near Monument Street,E01032739,City of London 001F,Theft from the person,Investigation complete; no suspect identified,
fb2455ac29a4f9f2d90bf6cfcf59c2846ff3d89c61cccef47dad20ed3170abd5,2025-04,City of London Police,City of London Police,-0.087157,51.512624,On or near Lombard Street,E01032739,City of London 001F,Theft from the person,Investigation complete; no suspect identified,
9cf8a54b9037d2ff94bb45cdb1cc5f9b138dc06843aaac4eb852b0c876e8311c,2025-04,City of London Police,City of London Police,-0.088785,51.517102,On or near Moorgate,E01032739,City of London 001F,Theft from the person,Investigation complete; no suspect identified,
0d266116e961c51206ab6d32d69b4c766d2b9fa6f6da355144629aeb2d3d17de,2025-04,City of London Police,City of London Police,-0.087157,51.512624,On or near Lombard Street,E01032739,City of London 001F,Theft from the person,Investigation complete; no suspect identified,
0ffdcc301adb49eefdf0b2cbdd8f5e6f167610236a24bcd2e3c8dc6018e865a6,2025-04,City of London Police,City of London Police,-0.084844,51.509700,On or near Monument Street,E01032739,City of London 001F,Theft from the person,Investigation complete; no suspect identified,
471687b1fa08f0598bb7c6acc43ec1d3f61ea5c120760d6679571e2a8ce435ff,2025-04,City of London Police,City of London Police,-0.084836,51.511939,On or near Shopping Area,E01032739,City of London 001F,Theft from the person,Investigation complete; no suspect identified,
b3724cd7008f5767900bdd3ee77a83d0b0772200f23b1e38bf68a769232d61ae,2025-04,City of London Police,City of London Police,-0.077563,51.517656,On or near Sandy'S Row,E01032739,City of London 001F,Theft from the person,Investigation complete; no suspect identified,
ba310061872bfe8f17f944802f43b30196a4e13772c1cf3d2f1a0cd2263d962a,2025-04,City of London Police,City of London Police,-0.097291,51.514626,On or near Supermarket,E01032739,City of London 001F,Theft from the person,Investigation complete; no suspect identified,
9baa460da68b4be2d26a3191c7e3c53f435c3b0d2daa921f63413221d52d4823,2025-04,City of London Police,City of London Police,-0.092633,51.509872,On or near Bell Wharf Lane,E01032739,City of London 001F,Vehicle crime,Investigation complete; no suspect identified,
f25bdc001d9496a907ca5497d8ee2b3791658658e94ce8d3c20d01df54b727f0,2025-04,City of London Police,City of London Police,-0.091410,51.510167,On or near Cousin Lane,E01032739,City of London 001F,Vehicle crime,Investigation complete; no suspect identified,
b18ef2794ac11cccdef692b659c068d837591a89f8fefcda0722f70de16d3399,2025-04,City of London Police,City of London Police,-0.078059,51.509967,On or near Trinity Square,E01032739,City of London 001F,Vehicle crime,Unable to prosecute suspect,
9ed16cd8b78bad1061b2c24270470e5345e44fd3f2c7b44c2af24393d5ee3e6e,2025-04,City of London Police,City of London Police,-0.078278,51.513666,On or near Mitre Street,E01032739,City of London 001F,Violence and sexual offences,Court result unavailable,
e6a900389a7f5d504096f6c789e6415ca902a37f8ce7ef5e6818e3aa8c1d6de6,2025-04,City of London Police,City of London Police,-0.084754,51.512882,On or near Corbet Court,E01032739,City of London 001F,Violence and sexual offences,Investigation complete; no suspect identified,
40815fbf70a5a8a4e9e53d880eb457fa3b1a3d04ea8e0f9d3005013e0e7ef79f,2025-04,City of London Police,City of London Police,-0.086815,51.517007,On or near Circus Place,E01032739,City of London 001F,Violence and sexual offences,Unable to prosecute suspect,
4da8cae51c7b045da1819378ecdc5f21cdab4487dd3341a80aa0f5ad4245a4fb,2025-04,City of London Police,City of London Police,-0.095054,51.510559,On or near Queenhithe,E01032739,City of London 001F,Violence and sexual offences,Unable to prosecute suspect,
260ea2860553159a459d85be417ec4286fae8cffde7c74ef4b9652ad75a63499,2025-04,City of London Police,City of London Police,-0.078477,51.509965,On or near Muscovy Street,E01032739,City of London 001F,Violence and sexual offences,Unable to prosecute suspect,
b42fafde547450a235b7ac7b32bd3b41788d459bdfc910f135e9e36e069d6698,2025-04,City of London Police,City of London Police,-0.083977,51.510441,On or near Lovat Lane,E01032739,City of London 001F,Violence and sexual offences,Investigation complete; no suspect identified,
39ad8228d0934ddca92be3e3d5c41c5bf1561fe6e34b2f4d956bf5245797aa08,2025-04,City of London Police,City of London Police,-0.091540,51.511896,On or near Cannon Street,E01032739,City of London 001F,Violence and sexual offences,Unable to prosecute suspect,
d3618d0b2b838e050696f7c3810cc268f0da617eb3d454ef4da002099401b18e,2025-04,City of London Police,City of London Police,-0.078755,51.518440,On or near Artillery Lane,E01032739,City of London 001F,Violence and sexual offences,Court result unavailable,
5d82f1d980fd197290646969f4e12aa36e0765f05dec8f91da6de5d0cae89e15,2025-04,City of London Police,City of London Police,-0.079883,51.517326,On or near New Street,E01032739,City of London 001F,Violence and sexual offences,Court result unavailable,
39bcf60a3bed0a77275d8c9d79460de54957a118a57fe2b04da2569de3b315fb,2025-04,City of London Police,City of London Police,-0.091947,51.513188,On or near Pancras Lane,E01032739,City of London 001F,Violence and sexual offences,Offender given a caution,
951ea130e0d9cc572930603e7b98797ef97a07a932b67a1d9654c3cb6e22ce1d,2025-04,City of London Police,City of London Police,-0.081973,51.515948,On or near A10,E01032739,City of London 001F,Violence and sexual offences,Investigation complete; no suspect identified,
898616e0a7b6c9457f108ea7a7a341f49bd671bce2049b631c9f3d8312b2b8dd,2025-04,City of London Police,City of London Police,-0.085228,51.511190,On or near Talbot Court,E01032739,City of London 001F,Violence and sexual offences,Investigation complete; no suspect identified,
561afbebbfa56229ae5fe63af9963fabc16ec6b59f32600287f7378106f4ff77,2025-04,City of London Police,City of London Police,-0.078477,51.509965,On or near Muscovy Street,E01032739,City of London 001F,Violence and sexual offences,Investigation complete; no suspect identified,
40002d0edfd13c8feeb09c69d6fc6e113d68251bbfb4b02e49213cd41c0db766,2025-04,City of London Police,City of London Police,-0.081902,51.517296,On or near Liverpool Street,E01032739,City of London 001F,Violence and sexual offences,Investigation complete; no suspect identified,
908a34b16c5a5bbfbb8f929ed99d6864f02132ec359bc70becf2d992f87167ec,2025-04,City of London Police,City of London Police,-0.083600,51.509797,On or near St Mary At Hill,E01032739,City of London 001F,Violence and sexual offences,Awaiting court outcome,
30932a00f64302be29aba3645530fac7c03f1fa3de85772ee2cfe03df79f0b1a,2025-04,City of London Police,City of London Police,-0.084754,51.512882,On or near Corbet Court,E01032739,City of London 001F,Violence and sexual offences,Status update unavailable,
6f5e51bbf0e3e8750ed2c73f08278e3af003ca41b61de038f9a7a3a5c1a05319,2025-04,City of London Police,City of London Police,-0.090578,51.509722,On or near Allhallows Lane,E01032739,City of London 001F,Violence and sexual offences,Investigation complete; no suspect identified,
03a1aa316295f82a551126fcaa41d612e4fce9074aeac3c59ae62608d7762c2e,2025-04,City of London Police,City of London Police,-0.091540,51.511896,On or near Cannon Street,E01032739,City of London 001F,Violence and sexual offences,Unable to prosecute suspect,
6dc79dd8abc8cc4c41e783756634a019d60e3a34a1ff325d133e681dd449f634,2025-04,City of London Police,City of London Police,-0.089822,51.516103,On or near Coleman Street,E01032739,City of London 001F,Violence and sexual offences,Status update unavailable,
82f5867d7cd74c235d1d2e52bb069631389ddb2dc81f0ca7ff1827255c4663ab,2025-04,City of London Police,City of London Police,-0.094070,51.513079,On or near Watling Street,E01032739,City of London 001F,Violence and sexual offences,Status update unavailable,
0457c783ccda5c7a4799c6f27f3ecbc701f0b7e1ec790cbcda499486ec99b79f,2025-04,City of London Police,City of London Police,-0.087157,51.512624,On or near Lombard Street,E01032739,City of London 001F,Violence and sexual offences,Investigation complete; no suspect identified,
e2f309e3dfaf8e80c451a5223071ab0c8bed2e2f590c829a2d7cdd760b84becf,2025-04,City of London Police,City of London Police,-0.089822,51.516103,On or near Coleman Street,E01032739,City of London 001F,Violence and sexual offences,Status update unavailable,
677eeb39d8d43d6f4a3a65641be1186cd58a861b11b5ccbcf5a3541319c9767c,2025-04,City of London Police,City of London Police,-0.085228,51.511190,On or near Talbot Court,E01032739,City of London 001F,Violence and sexual offences,Status update unavailable,
a946824a0830aaddbf373766395efedc5a2afd78c869fe4e22ec10c9f71c29ab,2025-04,City of London Police,City of London Police,-0.081902,51.517296,On or near Liverpool Street,E01032739,City of London 001F,Violence and sexual offences,Unable to prosecute suspect,
1999c72a29babc0b4a7e14645623b829d030d3828342550505278af05141cc36,2025-04,City of London Police,City of London Police,-0.083977,51.510441,On or near Lovat Lane,E01032739,City of London 001F,Violence and sexual offences,Investigation complete; no suspect identified,
a0d0415cb99aa112d8fcc36af79162cd2ce822476a75fe33b816417439e5f343,2025-04,City of London Police,City of London Police,-0.087157,51.512624,On or near Lombard Street,E01032739,City of London 001F,Violence and sexual offences,Status update unavailable,
1999c72a29babc0b4a7e14645623b829d030d3828342550505278af05141cc36,2025-04,City of London Police,City of London Police,-0.091823,51.514427,On or near Ironmonger Lane,E01032739,City of London 001F,Violence and sexual offences,Status update unavailable,
1999c72a29babc0b4a7e14645623b829d030d3828342550505278af05141cc36,2025-04,City of London Police,City of London Police,-0.091823,51.514427,On or near Ironmonger Lane,E01032739,City of London 001F,Violence and sexual offences,Status update unavailable,
a0d0415cb99aa112d8fcc36af79162cd2ce822476a75fe33b816417439e5f343,2025-04,City of London Police,City of London Police,-0.089208,51.509744,On or near Angel Lane,E01032739,City of London 001F,Violence and sexual offences,Investigation complete; no suspect identified,
a826a567e660f5cac91cf7728d5a28920bf1a562ffc75a82049b98d204d0cec8,2025-04,City of London Police,City of London Police,-0.100201,51.513286,On or near Dean'S Court,E01032739,City of London 001F,Violence and sexual offences,Unable to prosecute suspect,
6786ade6bd64b4e81b02e834643d7357bcd54af633218ae538e7302ccefaf285,2025-04,City of London Police,City of London Police,-0.079907,51.517785,On or near Victoria Avenue,E01032739,City of London 001F,Violence and sexual offences,Status update unavailable,
626350c8d32dcc057ec7da51f814df611457ca3c721a17420f2ad13481661dc0,2025-04,City of London Police,City of London Police,-0.101292,51.514770,On or near Amen Court,E01032739,City of London 001F,Violence and sexual offences,Status update unavailable,
01b93b2681f1c6cdc8cba787bf86097172e95a30b4d7055c975933a8e2fc404c,2025-04,City of London Police,City of London Police,-0.085228,51.511190,On or near Talbot Court,E01032739,City of London 001F,Violence and sexual offences,Investigation complete; no suspect identified,
1dca5769eeebc7307d154307bb1a1082968d45489dc2c24860201b4dfd5f1a93,2025-04,City of London Police,City of London Police,-0.081902,51.517296,On or near Liverpool Street,E01032739,City of London 001F,Violence and sexual offences,Investigation complete; no suspect identified,
1a195fb79605981be5bd54e4590dd90c2510f1c8fb37f1a402f7108266854c5f,2025-04,City of London Police,City of London Police,-0.079521,51.511196,On or near New London Street,E01032739,City of London 001F,Violence and sexual offences,Awaiting court outcome,
95201d00e52cff007940b58969d285a2a8731d4df4b21967024e09dbc67e0a9f,2025-04,City of London Police,City of London Police,-0.081113,51.516869,On or near Bishopsgate,E01032739,City of London 001F,Violence and sexual offences,Unable to prosecute suspect,
2e4ff5c12cf7760c7cfceff1efcbbcfd4531d43f32c985fef6035718396a8b48,2025-04,City of London Police,City of London Police,-0.078755,51.518440,On or near Artillery Lane,E01032739,City of London 001F,Violence and sexual offences,Unable to prosecute suspect,
8d61dcb0a6fe3e5ecb95b688b8f3842ceb8c0696516597f23b1c842b8dab8fea,2025-04,City of London Police,City of London Police,-0.081113,51.516869,On or near Bishopsgate,E01032739,City of London 001F,Violence and sexual offences,Investigation complete; no suspect identified,
e1a55f308cd25efeff247b49b9cb71ea4a5c2e95b262a5b54343f054c9a98c96,2025-04,City of London Police,City of London Police,-0.091823,51.514427,On or near Ironmonger Lane,E01032739,City of London 001F,Violence and sexual offences,Unable to prosecute suspect,
bdd51c1769ff5aa606071bf4cbe61e8e83bcab254dccc75bc4021a729083a954,2025-04,City of London Police,City of London Police,-0.081113,51.516869,On or near Bishopsgate,E01032739,City of London 001F,Violence and sexual offences,Unable to prosecute suspect,
4bb5b276f7eb6965f0e0201ccb9853217c44c45a5b15733ba3d6535d779e3f62,2025-04,City of London Police,City of London Police,-0.079907,51.517785,On or near Victoria Avenue,E01032739,City of London 001F,Violence and sexual offences,Investigation complete; no suspect identified,
ecab571991840d75c9edcc9a84a442e8c6f99342b57b1435cd56957ba4d9f7ff,2025-04,City of London Police,City of London Police,-0.092531,51.512658,On or near Queen Street,E01032739,City of London 001F,Violence and sexual offences,Unable to prosecute suspect,
05fb73b01d0350024ddedda44885fca20aca29a53f50ad5ba7db2408e3112b66,2025-04,City of London Police,City of London Police,-0.079907,51.517785,On or near Victoria Avenue,E01032739,City of London 001F,Violence and sexual offences,Investigation complete; no suspect identified,
2d6fad7b37e39d899a14c8afef7a3091d7b3e1a885886f67061c481af7a6c981,2025-04,City of London Police,City of London Police,-0.094900,51.513209,On or near Bread Street,E01032739,City of London 001F,Violence and sexual offences,Unable to prosecute suspect,
e7e5c7c082d6051d97e04062bb2677e8814fdf8319de8bfdf1e964fb87ca8189,2025-04,City of London Police,City of London Police,-0.094900,51.513209,On or near Bread Street,E01032739,City of London 001F,Violence and sexual offences,Investigation complete; no suspect identified,
7c768c7cc7e9e90a8b15415fdf359c681e8524b88e29ef5310e02c97bd493f5a,2025-04,City of London Police,City of London Police,-0.079907,51.517785,On or near Victoria Avenue,E01032739,City of London 001F,Violence and sexual offences,Court result unavailable,
142b66c87cbcae492ada831e2c9ca43df2a7c4f30c199f14a0faca9983eb8d3f,2025-04,City of London Police,City of London Police,-0.081113,51.516869,On or near Bishopsgate,E01032739,City of London 001F,Violence and sexual offences,Investigation complete; no suspect identified,
9b2f8ed568a34ff519893dcea06a29b4f2e80747454cf8439030b83fef1b9986,2025-04,City of London Police,City of London Police,-0.091947,51.513188,On or near Pancras Lane,E01032739,City of London 001F,Violence and sexual offences,Investigation complete; no suspect identified,
e4eabca70b2811380b408a60502c45367f876d19b35ef12591527c8c2565f338,2025-04,City of London Police,City of London Police,-0.081512,51.518692,On or near London Liverpool Street,E01032739,City of London 001F,Violence and sexual offences,Offender given a caution,
442bea6b39094a4ed6417ea58bf32fc57830176dbf7235d20a52d0ca21fc1e5e,2025-04,City of London Police,City of London Police,-0.081113,51.516869,On or near Bishopsgate,E01032739,City of London 001F,Violence and sexual offences,Unable to prosecute suspect,
31ee8727a06e13d21b9ca7805a5397233f6df66d63e803622d707a878165265b,2025-04,City of London Police,City of London Police,-0.087873,51.516503,On or near Langthorn Court,E01032739,City of London 001F,Violence and sexual offences,Investigation complete; no suspect identified,
78f71138c6e24c3015313891dd5cba893d624e0d96b8fe17d4abd0e5f44ae6bc,2025-04,City of London Police,City of London Police,-0.089479,51.510864,On or near Gophir Lane,E01032739,City of London 001F,Violence and sexual offences,Investigation complete; no suspect identified,
3b6f50c451f7a74970e6a6dc8a8f61b379c750696132516786aebab032fb0451,2025-04,City of London Police,City of London Police,-0.081113,51.516869,On or near Bishopsgate,E01032739,City of London 001F,Violence and sexual offences,Unable to prosecute suspect,
3853645c5e3c53fd3a07e44f2b23db07908da080e306f7ddc891222da77ef193,2025-04,City of London Police,City of London Police,-0.091947,51.513188,On or near Pancras Lane,E01032739,City of London 001F,Violence and sexual offences,Unable to prosecute suspect,
30932a00f64302be29aba3645530fac7c03f1fa3de85772ee2cfe03df79f0b1a,2025-04,City of London Police,City of London Police,-0.078059,51.509967,On or near Trinity Square,E01032739,City of London 001F,Violence and sexual offences,Court result unavailable,
ce220f52e86ad575e0cce56df98c687d9c5433a160be01b50be4bce8b5914751,2025-04,City of London Police,City of London Police,-0.100588,51.512636,On or near Addle Hill,E01032739,City of London 001F,Violence and sexual offences,Court result unavailable,
a7777ee5c8e71022cc96ffd9de75e1987db78842cc57f564314de71c635286d4,2025-04,City of London Police,City of London Police,-0.090578,51.509722,On or near Allhallows Lane,E01032739,City of London 001F,Violence and sexual offences,Court result unavailable,
4af3d7d3d121ba2117244a68919433a46d614433d8f14e20090858e9efb5732e,2025-04,City of London Police,City of London Police,-0.091540,51.511896,On or near Cannon Street,E01032739,City of London 001F,Violence and sexual offences,Investigation complete; no suspect identified,
bda50adae459f98d6406fc79eb3770aa4916b8b25179ea62bc16831b92d7c903,2025-04,City of London Police,City of London Police,-0.081902,51.517296,On or near Liverpool Street,E01032739,City of London 001F,Violence and sexual offences,Court result unavailable,
353c659a119dbfdd335043daf3602ad6a9b6bd774406ef3fb2cc3687ecc6a88a,2025-04,City of London Police,City of London Police,-0.086019,51.513631,On or near Finch Lane,E01032739,City of London 001F,Violence and sexual offences,Offender given a caution,
777656004cd87237a363acc67801b56e0d222d55e9c683ea517a6d8e02e7cb87,2025-04,City of London Police,City of London Police,-0.079907,51.517785,On or near Victoria Avenue,E01032739,City of London 001F,Violence and sexual offences,Investigation complete; no suspect identified,
9dc36ff9aee3c7090e91daf5bbc9f3f962094a1b47495c501b175439c60c6226,2025-04,City of London Police,City of London Police,-0.086815,51.517007,On or near Circus Place,E01032739,City of London 001F,Violence and sexual offences,Offender given a caution,
6a7b85483703f9f62751ef21edc8b255cdf583ad0338aae444655b1aa5fe7dc7,2025-04,City of London Police,City of London Police,-0.083600,51.509797,On or near St Mary At Hill,E01032739,City of London 001F,Violence and sexual offences,Unable to prosecute suspect,
72c4f91142aa79ea883016572994ffdba4a98b47e0288361112e2aa944f4fd54,2025-04,City of London Police,City of London Police,-0.084754,51.512882,On or near Corbet Court,E01032739,City of London 001F,Violence and sexual offences,Investigation complete; no suspect identified,
68aab5fef2757f471ef0de562b385dbee38430c0fcf44e6df3974adae23c04dd,2025-04,City of London Police,City of London Police,-0.079907,51.517785,On or near Victoria Avenue,E01032739,City of London 001F,Violence and sexual offences,Court result unavailable,
050daef9b45bae48330368b1c437d9098d10dfc51d01e5ba5009e643c75aabff,2025-04,City of London Police,City of London Police,-0.079907,51.517785,On or near Victoria Avenue,E01032739,City of London 001F,Violence and sexual offences,Court result unavailable,
6b124e9066be3c6e9624b41fbd827034133047b5c6f7c9bf42d647a81fd830ea,2025-04,City of London Police,City of London Police,-0.079883,51.517326,On or near New Street,E01032739,City of London 001F,Violence and sexual offences,Local resolution,
f141c60332b8b34e69dad424d13f6d3601bc183e434e10d64b175268bd6e2bb9,2025-04,City of London Police,City of London Police,-0.096501,51.513874,On or near New Change,E01032739,City of London 001F,Violence and sexual offences,Unable to prosecute suspect,
2e3edc6b0f4a10af6b1fc9f1e44360f4d964d32f8d8727c934f3ff6d52e1502d,2025-04,City of London Police,City of London Police,-0.091540,51.511896,On or near Cannon Street,E01032739,City of London 001F,Violence and sexual offences,Unable to prosecute suspect,
2fd947423080f1ce9848e11bc03b8b2b8634f68eb819498c65305f08dfc1554e,2025-04,City of London Police,City of London Police,-0.081113,51.516869,On or near Bishopsgate,E01032739,City of London 001F,Violence and sexual offences,Investigation complete; no suspect identified,
8be22d6c6c344bc6bea7db51d27eb2d1e228370d18a3cf09ce3a140406c26c0e,2025-04,City of London Police,City of London Police,-0.081113,51.516869,On or near Bishopsgate,E01032739,City of London 001F,Violence and sexual offences,Investigation complete; no suspect identified,
cf38405b91c9279225aa68aeb39dbb7eaa2322a769f7988494c1b5b0e9331ba5,2025-04,City of London Police,City of London Police,-0.079521,51.511196,On or near New London Street,E01032739,City of London 001F,Violence and sexual offences,Investigation complete; no suspect identified,
9ef10219bfd0802bb9e51c1ad71a1affe87ce599b00c68e2ecc902824a240749,2025-04,City of London Police,City of London Police,-0.091947,51.513188,On or near Pancras Lane,E01032739,City of London 001F,Other crime,Investigation complete; no suspect identified,
ff056c222f18a59ff34865b0395dcb9f5c4a0d1a957f06a229be7c8401543589,2025-04,City of London Police,City of London Police,-0.094070,51.513079,On or near Watling Street,E01032739,City of London 001F,Other crime,Further investigation is not in the public interest,
2a75679d56ee3c8dd82e7ad9f674ce50056b018cc32ede5b9ab17b504dbec6ef,2025-04,City of London Police,City of London Police,-0.095224,51.513736,On or near Shopping Area,E01032739,City of London 001F,Other crime,Court result unavailable,
d84aa3529c8d56b675685c4ff7dfe74093b600b225ce063ff062ae8192017281,2025-04,City of London Police,City of London Police,-0.089808,51.517461,On or near London Wall,E01032739,City of London 001F,Other crime,Unable to prosecute suspect,
7d729ba368ccbeb9381b791ad5bf8f17f78186ed3e2f3131d9eef6232fb836e4,2025-04,City of London Police,City of London Police,-0.101292,51.514770,On or near Amen Court,E01032739,City of London 001F,Other crime,Status update unavailable,
1d4a11fecc1ba84b5df43bf4b65656814d94faf1d99bd18268f92c240dab346b,2025-04,City of London Police,City of London Police,-0.101292,51.514770,On or near Amen Court,E01032739,City of London 001F,Other crime,Unable to prosecute suspect,
464b223ea52d7ca26d7d35f07e31b08d68c6f0bf978d9dd993abb78848076ebf,2025-04,City of London Police,City of London Police,-0.101292,51.514770,On or near Amen Court,E01032739,City of London 001F,Other crime,Status update unavailable,
3b1ac5fc3857bfcb9d9e67ca577c93ac99315f6dc1f16aed7d2841c51799fd65,2025-04,City of London Police,City of London Police,-0.089479,51.510864,On or near Gophir Lane,E01032739,City of London 001F,Other crime,Court result unavailable,
d84622c352194c50030e5e5589e2ed4c8b9d42fd35e192e614e020b146b1cbff,2025-04,City of London Police,City of London Police,-0.101292,51.514770,On or near Amen Court,E01032739,City of London 001F,Other crime,Offender given a caution,
c698fd5392b7f75f2a8b42d4f4175ae261cc6e27ffb6ecd5d329e8ba9cffc88b,2025-04,City of London Police,City of London Police,-0.101292,51.514770,On or near Amen Court,E01032739,City of London 001F,Other crime,Offender given a caution,
,2025-04,City of London Police,City of London Police,-0.098017,51.519689,On or near Cloth Street,E01032740,City of London 001G,Anti-social behaviour,,
d35b7aeac5a5fe05b5d82bbfc349be50bba8f11b30cb78220e0e3400b8f05e41,2025-04,City of London Police,City of London Police,-0.108457,51.512997,On or near Temple Lane,E01032740,City of London 001G,Bicycle theft,Investigation complete; no suspect identified,
a3acad319a6c9080f5a77d8a51a600c4cffa54fd71fe4901629a2e94a49b7d0f,2025-04,City of London Police,City of London Police,-0.101320,51.519293,On or near Grand Avenue,E01032740,City of London 001G,Burglary,Investigation complete; no suspect identified,
2195a85b2cec8311176679fcf2070f3f5f0c805aeb1ef94f39ad89291f12f7a8,2025-04,City of London Police,City of London Police,-0.105131,51.513941,On or near Bride Lane,E01032740,City of London 001G,Burglary,Unable to prosecute suspect,
959af963e1a663599d2c761933af91d26714006580df4473dda3dd43d67cd7bc,2025-04,City of London Police,City of London Police,-0.099301,51.519674,On or near Hayne Street,E01032740,City of London 001G,Burglary,Status update unavailable,
7cd9016aeb93313c31b6d8c11cf24cd701ef61b6d419be124421748f24df25a5,2025-04,City of London Police,City of London Police,-0.106076,51.517239,On or near Conference/Exhibition Centre,E01032740,City of London 001G,Burglary,Court result unavailable,
97ac67298262124c85d6ee9562c268d4def60fa39acbef64f0760430ddaf3fa7,2025-04,City of London Police,City of London Police,-0.102585,51.517308,On or near Cock Lane,E01032740,City of London 001G,Burglary,Investigation complete; no suspect identified,
123c89316d6924ca783e76f8fec204c417675ef4b5de9ff707b749136da07890,2025-04,City of London Police,City of London Police,-0.110474,51.517193,On or near Furnival Street,E01032740,City of London 001G,Burglary,Investigation complete; no suspect identified,
6121a28ef4c78000f5d3aba62b5931da99e2de7246b9be5c351400914801e0e1,2025-04,City of London Police,City of London Police,-0.102812,51.517051,On or near Police Station,E01032740,City of London 001G,Criminal damage and arson,Investigation complete; no suspect identified,
6457524c5bcc237702171ce297f455dc3f8723f8e7eaf94ece5dd6af97e3885f,2025-04,City of London Police,City of London Police,-0.108027,51.511884,On or near Temple Avenue,E01032740,City of London 001G,Criminal damage and arson,Investigation complete; no suspect identified,
f616d3746e7662d175cd4297bc4e80961d187a8c740cbde1a0b4e3f5d549567d,2025-04,City of London Police,City of London Police,-0.106076,51.517239,On or near Conference/Exhibition Centre,E01032740,City of London 001G,Criminal damage and arson,Investigation complete; no suspect identified,
8e473537644e72824860cae18f078bf2b9f1107f31091598fb9339ac54fe57ec,2025-04,City of London Police,City of London Police,-0.106076,51.517239,On or near Conference/Exhibition Centre,E01032740,City of London 001G,Criminal damage and arson,Investigation complete; no suspect identified,
2f1b9ff539a0d56772600093317c943a36cc7185d09e397a7d309d5cc18c17b9,2025-04,City of London Police,City of London Police,-0.106076,51.517239,On or near Conference/Exhibition Centre,E01032740,City of London 001G,Drugs,Further investigation is not in the public interest,
a0861356348c539aea4f2784c78d18c5c63f377a5bf6aeb54f742d74bf54bbe7,2025-04,City of London Police,City of London Police,-0.101359,51.518700,On or near Parking Area,E01032740,City of London 001G,Drugs,Court result unavailable,
966bddb99f67732d248e89971dc9f322278829c5e3c689d2330df5642a2b6c57,2025-04,City of London Police,City of London Police,-0.106076,51.517239,On or near Conference/Exhibition Centre,E01032740,City of London 001G,Drugs,Court result unavailable,
260cba6e09dc35a5c40a6c7a078dfbc0038f7d9cb38f21e6ae39f8976bf348a3,2025-04,City of London Police,City of London Police,-0.106076,51.517239,On or near Conference/Exhibition Centre,E01032740,City of London 001G,Drugs,Unable to prosecute suspect,
fdcef081722f88605add1a6d0396fa3d7da6afd6edbbb111892173fff0beb98a,2025-04,City of London Police,City of London Police,-0.108027,51.511884,On or near Temple Avenue,E01032740,City of London 001G,Drugs,Court result unavailable,
71e87f134095766065630324881fa61ce97181d7d0feeb665b46d30a643fd57a,2025-04,City of London Police,City of London Police,-0.109164,51.517846,On or near Holborn,E01032740,City of London 001G,Drugs,Awaiting court outcome,
f0858c7d04ea0d1a30ef8ff50c384fa2c0d2cd88c5fea5171333d84a53e1db7a,2025-04,City of London Police,City of London Police,-0.102726,51.513911,On or near Pageantmaster Court,E01032740,City of London 001G,Drugs,Further investigation is not in the public interest,
7bd722f32416b237d470bc9c769ae1c1d0ecd4494ce2f18f05dc4208677d305a,2025-04,City of London Police,City of London Police,-0.105909,51.513262,On or near Dorset Buildings,E01032740,City of London 001G,Other theft,Investigation complete; no suspect identified,
aa7f85f724b0c3273eaffedc17f60f0a0318d49a38730f3bfd0f520011d219e4,2025-04,City of London Police,City of London Police,-0.101359,51.518700,On or near Parking Area,E01032740,City of London 001G,Other theft,Investigation complete; no suspect identified,
04e9d56e8fd45ef6bac3dfaf2fbbdd724b33740e1d861a680043b77713e740b5,2025-04,City of London Police,City of London Police,-0.104980,51.512033,On or near Kingscote Street,E01032740,City of London 001G,Other theft,Unable to prosecute suspect,
d952e7e79a3b2bb94df7c7c95ddc2a66614dbe648b90e32dc5a4e143b87924fb,2025-04,City of London Police,City of London Police,-0.101621,51.516906,On or near Giltspur Street,E01032740,City of London 001G,Other theft,Investigation complete; no suspect identified,
33880709454b09b0657e882a27f3a56e5bdb65321c9c8f2d2f2f3229b552bf15,2025-04,City of London Police,City of London Police,-0.108450,51.514202,On or near Fleet Street,E01032740,City of London 001G,Other theft,Investigation complete; no suspect identified,
7e80dd3634993920b58ca92f067f5425e34683759079df7909cb8e2c98aa1027,2025-04,City of London Police,City of London Police,-0.109297,51.515681,On or near Fetter Lane,E01032740,City of London 001G,Other theft,Investigation complete; no suspect identified,
dc46805808b1813761fb4aad72094c16e74c385aa498dffa1243a5da5aa9f4be,2025-04,City of London Police,City of London Police,-0.104980,51.512033,On or near Kingscote Street,E01032740,City of London 001G,Other theft,Investigation complete; no suspect identified,
aec7f1774bfb8f9c16f6cf80723b27239e3b70dd0989e46f74b612965ceecd12,2025-04,City of London Police,City of London Police,-0.101621,51.516906,On or near Giltspur Street,E01032740,City of London 001G,Other theft,Investigation complete; no suspect identified,
e83e693898674ff2a57c503be2ef5753510c6fa17dac8c4f6ec90f15bfcada6b,2025-04,City of London Police,City of London Police,-0.101359,51.518700,On or near Parking Area,E01032740,City of London 001G,Other theft,Investigation complete; no suspect identified,
d94646467bd7b29c1897f4eb4c3bf6dcfbc6edde5211222d3b24d295a7134c8d,2025-04,City of London Police,City of London Police,-0.109387,51.513839,On or near Old Mitre Court,E01032740,City of London 001G,Other theft,Investigation complete; no suspect identified,
a3502639d129414fcd8a9780eb2ace28f458e317fee2fff63ef837b3e9cd9067,2025-04,City of London Police,City of London Police,-0.104980,51.512033,On or near Kingscote Street,E01032740,City of London 001G,Other theft,Investigation complete; no suspect identified,
dd64361a6252192c48fffbbe55d2eca89ec308ac83813bb1489b4815c6ff7aa3,2025-04,City of London Police,City of London Police,-0.108017,51.514213,On or near Fleet Street,E01032740,City of London 001G,Other theft,Investigation complete; no suspect identified,
2deef44a31a2b344f463307216fb02a0bdb00262d853690267c8f96c4d778e8e,2025-04,City of London Police,City of London Police,-0.101361,51.519357,On or near Grand Avenue,E01032740,City of London 001G,Other theft,Unable to prosecute suspect,
d94646467bd7b29c1897f4eb4c3bf6dcfbc6edde5211222d3b24d295a7134c8d,2025-04,City of London Police,City of London Police,-0.108909,51.515297,On or near West Harding Street,E01032740,City of London 001G,Other theft,Status update unavailable,
33944fbcf64ab810ea5ea59d1b0b9b9ffab059e86ed82cad6ed2f604d21670de,2025-04,City of London Police,City of London Police,-0.102726,51.513911,On or near Pageantmaster Court,E01032740,City of London 001G,Public order,Unable to prosecute suspect,
2b62e9c7c627d295b8a46c67b164c179992da635d52a544bfc1ab75635184fe5,2025-04,City of London Police,City of London Police,-0.099803,51.519026,On or near Cloth Fair,E01032740,City of London 001G,Public order,Investigation complete; no suspect identified,
57fa1cd415859eb9be14933166263f91ef1460a756e54b710c4c9ce762d07f00,2025-04,City of London Police,City of London Police,-0.106076,51.517239,On or near Conference/Exhibition Centre,E01032740,City of London 001G,Public order,Unable to prosecute suspect,
7cad1f82f879bf052b635a3d58449f0fc611a8ba00c94665f3d5349875413285,2025-04,City of London Police,City of London Police,-0.099803,51.519026,On or near Cloth Fair,E01032740,City of London 001G,Public order,Unable to prosecute suspect,
36887950dd0c5b150bb82bfc555a9d530203e4e0160133b415298997d9b08195,2025-04,City of London Police,City of London Police,-0.106076,51.517239,On or near Conference/Exhibition Centre,E01032740,City of London 001G,Public order,Investigation complete; no suspect identified,
b8a7b16b6583764c53b7dd87e0f4cc0e1a8e4d885b5bab42b82e046d80e51d0e,2025-04,City of London Police,City of London Police,-0.097959,51.517629,On or near Montague Street,E01032740,City of London 001G,Public order,Unable to prosecute suspect,
08c68d4b85e78728869aef334c95dc9b068b8d8c012f2951bb774e7658bbaf48,2025-04,City of London Police,City of London Police,-0.112111,51.517687,On or near Parking Area,E01032740,City of London 001G,Public order,Investigation complete; no suspect identified,
b8cc718872754f914b3a5aec7ce4634e7914c8385308cd259b3e75ed47e315a1,2025-04,City of London Police,City of London Police,-0.104980,51.512033,On or near Kingscote Street,E01032740,City of London 001G,Robbery,Status update unavailable,
d125cad147244c9da1578dbcaaef782371d6bb9a3c54b548733325748eb78f65,2025-04,City of London Police,City of London Police,-0.103393,51.517978,On or near Smithfield Street,E01032740,City of London 001G,Robbery,Investigation complete; no suspect identified,
e8abe3b6b583c7568e10874af77cc5949ebd968bb8b0b80dfd321ad99eb65670,2025-04,City of London Police,City of London Police,-0.101320,51.519293,On or near Grand Avenue,E01032740,City of London 001G,Shoplifting,Investigation complete; no suspect identified,
c2f62fe6390f38bf24779a5f31d16ab67b24232654538b7f5075c7764e8c5096,2025-04,City of London Police,City of London Police,-0.104980,51.512033,On or near Kingscote Street,E01032740,City of London 001G,Shoplifting,Investigation complete; no suspect identified,
e41c13030683f9d8162c37430deaf0e6b7e9dd08a2788878dec772753d06d01b,2025-04,City of London Police,City of London Police,-0.102726,51.513911,On or near Pageantmaster Court,E01032740,City of London 001G,Shoplifting,Court result unavailable,
f0cc4ef85235a0a17095bfb96d7b7b95ceddfc27a5f5334d8796a44d96a1a48d,2025-04,City of London Police,City of London Police,-0.109387,51.513839,On or near Old Mitre Court,E01032740,City of London 001G,Shoplifting,Status update unavailable,
c15720a63a58ad67b16c149d98917992384449a047a92206936e55b758a20a10,2025-04,City of London Police,City of London Police,-0.108450,51.514202,On or near Fleet Street,E01032740,City of London 001G,Theft from the person,Investigation complete; no suspect identified,
b15d8e5a7783cf0606d4daa45ac58a53a78506831c3391f6ddbad85a01821c67,2025-04,City of London Police,City of London Police,-0.101359,51.518700,On or near Parking Area,E01032740,City of London 001G,Theft from the person,Investigation complete; no suspect identified,
36f86dc8f2ac015680acc97bc7581d1f33b943f7a89eb817666c751d19c07aef,2025-04,City of London Police,City of London Police,-0.103393,51.517978,On or near Smithfield Street,E01032740,City of London 001G,Theft from the person,Investigation complete; no suspect identified,
7f4fdfb8cc472941834dc66f26f66f5d4580b441e785a364f81572e2fdc42732,2025-04,City of London Police,City of London Police,-0.108027,51.511884,On or near Temple Avenue,E01032740,City of London 001G,Theft from the person,Investigation complete; no suspect identified,
bdfcaa712b6d02d1b67faf7964f8b68a6e2df3f509c45a141fa13af1128282ea,2025-04,City of London Police,City of London Police,-0.106076,51.517239,On or near Conference/Exhibition Centre,E01032740,City of London 001G,Theft from the person,Investigation complete; no suspect identified,
93bad8c6d65ed5d9fc4328b6272b4e54fb9ba683dc6b7b1ac215c937bed1ba81,2025-04,City of London Police,City of London Police,-0.102726,51.513911,On or near Pageantmaster Court,E01032740,City of London 001G,Theft from the person,Investigation complete; no suspect identified,
71660b8a1d53bc14111a47a1fcd663fa5033be1fa5c8d183350e1f4923dd4b28,2025-04,City of London Police,City of London Police,-0.107201,51.514092,On or near Conference/Exhibition Centre,E01032740,City of London 001G,Theft from the person,Investigation complete; no suspect identified,
7d11b8ac6831fe891c94d9f553256a62ab3109cbbb5ef32dd88f56e2c2218172,2025-04,City of London Police,City of London Police,-0.102726,51.513911,On or near Pageantmaster Court,E01032740,City of London 001G,Theft from the person,Investigation complete; no suspect identified,
abcf1affdfd391c21ecf3c2853fa029084fa1cd9f9a7b083a8ef701f450adbc0,2025-04,City of London Police,City of London Police,-0.109297,51.515681,On or near Fetter Lane,E01032740,City of London 001G,Theft from the person,Investigation complete; no suspect identified,
ef4cff3ea3415be5b72d919fd4a9ac55d90f7a4498e62924ad03c0715f9b66fb,2025-04,City of London Police,City of London Police,-0.102726,51.513911,On or near Pageantmaster Court,E01032740,City of London 001G,Theft from the person,Investigation complete; no suspect identified,
18caf4a0afb3164233a1593fb0103183c79c9dae23bbd1f3be089d53347bec4c,2025-04,City of London Police,City of London Police,-0.102812,51.517051,On or near Police Station,E01032740,City of London 001G,Theft from the person,Investigation complete; no suspect identified,
f0cab2150436a33c1b86d0df938ca19308907b4e885d383e1584dcf07819672c,2025-04,City of London Police,City of London Police,-0.104980,51.512033,On or near Kingscote Street,E01032740,City of London 001G,Theft from the person,Investigation complete; no suspect identified,
2ada37ea73e148de226198e3a6be6dfae8e40834124ea54dd9c7b8db62fb3c14,2025-04,City of London Police,City of London Police,-0.106076,51.517239,On or near Conference/Exhibition Centre,E01032740,City of London 001G,Theft from the person,Investigation complete; no suspect identified,
0cb3551510df8061b990a9caec8d16ab1c58b40cf8b9f0fffcc791a90ace5d03,2025-04,City of London Police,City of London Police,-0.108450,51.514202,On or near Fleet Street,E01032740,City of London 001G,Theft from the person,Investigation complete; no suspect identified,
cf94bbb3f5b5297942fdccda841be493bbeb0b1cfc58a7c8efb180449ad5eae4,2025-04,City of London Police,City of London Police,-0.102726,51.513911,On or near Pageantmaster Court,E01032740,City of London 001G,Theft from the person,Investigation complete; no suspect identified,
c10853128d3157116ac3ed8f71bb83566be071c1806b7f87afc49a45fcea139c,2025-04,City of London Police,City of London Police,-0.108450,51.514202,On or near Fleet Street,E01032740,City of London 001G,Theft from the person,Investigation complete; no suspect identified,
1de4cc29862dd030293b5ae2f51844ef0150cab844a9efc3df5640ed989de492,2025-04,City of London Police,City of London Police,-0.108027,51.511884,On or near Temple Avenue,E01032740,City of London 001G,Theft from the person,Investigation complete; no suspect identified,
7b34cc24e1bb76fe284849cf9ac11b1a6043b7510c2b8ddb52027d7f6c454b1f,2025-04,City of London Police,City of London Police,-0.107979,51.515480,On or near East Harding Street,E01032740,City of London 001G,Theft from the person,Investigation complete; no suspect identified,
394d7fc1675753f71e9efc2a6b9ae95b5f3174c54c74cfe6174ec72a6bdb428a,2025-04,City of London Police,City of London Police,-0.107201,51.514092,On or near Conference/Exhibition Centre,E01032740,City of London 001G,Theft from the person,Investigation complete; no suspect identified,
611f098e434ce053669ea0e3e76f6661c94ab2c26bfdb45f327092e59346e3d5,2025-04,City of London Police,City of London Police,-0.104980,51.512033,On or near Kingscote Street,E01032740,City of London 001G,Theft from the person,Investigation complete; no suspect identified,
310329071325406bf590fcbbb02a6eda678adcfe5fe648c1e4dc32af2d1748f1,2025-04,City of London Police,City of London Police,-0.103393,51.517978,On or near Smithfield Street,E01032740,City of London 001G,Theft from the person,Investigation complete; no suspect identified,
fc363c9cce06acb8eefad46f03b2a0780295a905e762c9138f3fa37129570001,2025-04,City of London Police,City of London Police,-0.101621,51.516906,On or near Giltspur Street,E01032740,City of London 001G,Theft from the person,Investigation complete; no suspect identified,
fde825c0480a57b2706a1a461ffa97cd20127c8d17d30d85fb3b22a318566e78,2025-04,City of London Police,City of London Police,-0.110690,51.517916,On or near Further/Higher Educational Building,E01032740,City of London 001G,Theft from the person,Investigation complete; no suspect identified,
9878ba7955d4dd450a9a0a15b7723150dfb992bf347e9d47dd9e73556ee6490f,2025-04,City of London Police,City of London Police,-0.106076,51.517239,On or near Conference/Exhibition Centre,E01032740,City of London 001G,Theft from the person,Investigation complete; no suspect identified,
3b417008f151728a331f235790903df247abaa6e3a7ebf4a8939f6dac9d74cf6,2025-04,City of London Police,City of London Police,-0.108450,51.514202,On or near Fleet Street,E01032740,City of London 001G,Theft from the person,Investigation complete; no suspect identified,
b6c1ac7d9b4a001bb21f9c0f55ee826cba7aa3ef158fd9bec522e15869016426,2025-04,City of London Police,City of London Police,-0.108027,51.511884,On or near Temple Avenue,E01032740,City of London 001G,Theft from the person,Investigation complete; no suspect identified,
113692239f86a1e1048546f2189b802a81ec1473ebfce5fdc0ea5177f9878989,2025-04,City of London Police,City of London Police,-0.098017,51.519689,On or near Cloth Street,E01032740,City of London 001G,Violence and sexual offences,Unable to prosecute suspect,
984f065f7232c5f47a8faa6bf67b9107048363fe1b5157f66a10e33798a07c6c,2025-04,City of London Police,City of London Police,-0.101621,51.516906,On or near Giltspur Street,E01032740,City of London 001G,Violence and sexual offences,Court result unavailable,
7fb8f2f163d48a5348f151715c857f81a59b24d85f6a884a0fd61d1459b02bad,2025-04,City of London Police,City of London Police,-0.106076,51.517239,On or near Conference/Exhibition Centre,E01032740,City of London 001G,Violence and sexual offences,Unable to prosecute suspect,
d2d829e3ecc8c4b823f9781692b874edcc99d9bc6a63465e180be2591874ec5c,2025-04,City of London Police,City of London Police,-0.109913,51.516806,On or near Norwich Street,E01032740,City of London 001G,Violence and sexual offences,Unable to prosecute suspect,
ef36dc95a394a4120062ff749cb26df80397905eadf76059c5eb8da03d00cc61,2025-04,City of London Police,City of London Police,-0.109164,51.517846,On or near Holborn,E01032740,City of London 001G,Violence and sexual offences,Status update unavailable,
a0be4539b1240fe60b4c3705be18ded0b39346789795e9d58ee0d184ec08fa45,2025-04,City of London Police,City of London Police,-0.104980,51.512033,On or near Kingscote Street,E01032740,City of London 001G,Violence and sexual offences,Unable to prosecute suspect,
49cf851a2ced6ee0a809474b29d52139a25c78ef7dae53382c78f73e8791da38,2025-04,City of London Police,City of London Police,-0.099301,51.519674,On or near Hayne Street,E01032740,City of London 001G,Violence and sexual offences,Unable to prosecute suspect,
a239b631fd89d006a6e661daaff57176160e89f58104382cf16a543e3b3aba0a,2025-04,City of London Police,City of London Police,-0.099301,51.519674,On or near Hayne Street,E01032740,City of London 001G,Violence and sexual offences,Status update unavailable,
56bd3efda860a2ebe0476c9ed4eb89778e3ceaadbe80d2dc82923618c88cbb42,2025-04,City of London Police,City of London Police,-0.099301,51.519674,On or near Hayne Street,E01032740,City of London 001G,Violence and sexual offences,Status update unavailable,
b440ff68d21f5a7978460e9451ed174ccfa0791140ca98c538a4d798fe3a8292,2025-04,City of London Police,City of London Police,-0.102538,51.517739,On or near Hosier Lane,E01032740,City of London 001G,Violence and sexual offences,Court result unavailable,
75d149754de9e3be60268c8c3fcb3c01f2dc208d105f057548fe079c870c6636,2025-04,City of London Police,City of London Police,-0.111255,51.516765,On or near Took'S Court,E01032740,City of London 001G,Violence and sexual offences,Court result unavailable,
edadb07b937d5da810fcbc4aa6d212634b6769dcbd613646ce448ff94025f2a0,2025-04,City of London Police,City of London Police,-0.099301,51.519674,On or near Hayne Street,E01032740,City of London 001G,Violence and sexual offences,Status update unavailable,
cfe8da96a8f2347c108d269ec648962f0e2a6826144bb0d244cfbbcd6da7344c,2025-04,City of London Police,City of London Police,-0.102538,51.517739,On or near Hosier Lane,E01032740,City of London 001G,Violence and sexual offences,Unable to prosecute suspect,
7646c875164eaf42a4a31df37316d902bea53984d0abd17d158e5819d43c1845,2025-04,City of London Police,City of London Police,-0.104980,51.512033,On or near Kingscote Street,E01032740,City of London 001G,Violence and sexual offences,Unable to prosecute suspect,
e3370547b2e1bfc64d3229f9add31a679561a6f6a8b604b49ad9d18ed761bddd,2025-04,City of London Police,City of London Police,-0.104980,51.512033,On or near Kingscote Street,E01032740,City of London 001G,Violence and sexual offences,Investigation complete; no suspect identified,
8b024a2ba384b41ba84a4244d21b6a3b2d00b18e29f4270c84d85928b708ffae,2025-04,City of London Police,City of London Police,-0.103490,51.513897,On or near City Thameslink,E01032740,City of London 001G,Violence and sexual offences,Investigation complete; no suspect identified,
725e1aa97bbeab61f01b889d37d4bca72f57b423fd266a740d24e77284272b72,2025-04,City of London Police,City of London Police,-0.103393,51.517978,On or near Smithfield Street,E01032740,City of London 001G,Violence and sexual offences,Court result unavailable,
6e4993b11d7c1f293370844547cc77b0c3a5620a2b8408802207bfcdd83b1c59,2025-04,City of London Police,City of London Police,-0.102812,51.517051,On or near Police Station,E01032740,City of London 001G,Violence and sexual offences,Status update unavailable,
bf61be2a0ab08b632dd3e1291d9266d1d0fadd1b15c611fce971fc42cd18e676,2025-04,City of London Police,City of London Police,-0.109913,51.516806,On or near Norwich Street,E01032740,City of London 001G,Violence and sexual offences,Investigation complete; no suspect identified,
bd5a1ee19921a54fa0634b93e62d1977c09efd843c804f852c80d7bbf8fd1f62,2025-04,City of London Police,City of London Police,-0.101359,51.518700,On or near Parking Area,E01032740,City of London 001G,Violence and sexual offences,Court result unavailable,
4362f6cc3a724f182445dc59e72a7aad019780522f353c37317ff49aa0f07cf9,2025-04,City of London Police,City of London Police,-0.102726,51.513911,On or near Pageantmaster Court,E01032740,City of London 001G,Violence and sexual offences,Investigation complete; no suspect identified,
30422a91da68a93c46ef646c6d60f31fba6f13b802b5bb359ca68ba3231530c0,2025-04,City of London Police,City of London Police,-0.108027,51.511884,On or near Temple Avenue,E01032740,City of London 001G,Other crime,Investigation complete; no suspect identified,
b354d45975dc6945beb6fdc24e56dd9ffa4a9ae0963e7df8dcf2991d16fed0f0,2025-04,City of London Police,City of London Police,-0.117696,51.647439,On or near Tarnbank,E01001475,Enfield 013D,Other crime,Unable to prosecute suspect,
fcac56d5299745edd6274a607c38930f23dea8871f5a915c771a682e8e2d9a52,2025-04,City of London Police,City of London Police,-0.066023,51.631411,On or near Lancing Gardens,E01001459,Enfield 024A,Drugs,Offender given a drugs possession warning,
45957790ccae4c5c9926d1e822135fccf0fc7981ecd6dd1dfd77857fc7488522,2025-04,City of London Police,City of London Police,-0.087148,51.616991,On or near Cheapside,E01001499,Enfield 031F,Shoplifting,Court result unavailable,
991d112530ed0d1a5622d33107ce34e2fa5966ea10fd752600e8aa39530df09d,2025-04,City of London Police,City of London Police,-0.063855,51.559120,On or near Goldcrest Mews,E01001764,Hackney 010A,Violence and sexual offences,Status update unavailable,
07b55d95417a9be113de9c0a864a3bfbffb39adb0ee8d1da8ff86b1576ff8c2e,2025-04,City of London Police,City of London Police,-0.078808,51.526381,On or near Nightclub,E01033706,Hackney 033B,Drugs,Unable to prosecute suspect,
,2025-04,City of London Police,City of London Police,-0.082648,51.520455,On or near Earl Street,E01033708,Hackney 033C,Anti-social behaviour,,
,2025-04,City of London Police,City of London Police,-0.082648,51.520455,On or near Earl Street,E01033708,Hackney 033C,Anti-social behaviour,,
,2025-04,City of London Police,City of London Police,-0.082648,51.520455,On or near Earl Street,E01033708,Hackney 033C,Anti-social behaviour,,
e3ea033d979c268a1c59c9abc29c000ac97c4e695cd35063f2e397940251d3a0,2025-04,City of London Police,City of London Police,-0.082648,51.520455,On or near Earl Street,E01033708,Hackney 033C,Public order,Unable to prosecute suspect,
8bb9396491b7a49917707dda12e4fb2f893f69eab1c7906b323f5382b1f39e55,2025-04,City of London Police,City of London Police,-0.082648,51.520455,On or near Earl Street,E01033708,Hackney 033C,Theft from the person,Investigation complete; no suspect identified,
c9877d69c1f144e288540abee5f9387fe293a709988b4c1abfd2775fff70f670,2025-04,City of London Police,City of London Police,-0.103679,51.519080,On or near Charterhouse Street,E01002724,Islington 022D,Robbery,Unable to prosecute suspect,
54ecd80fb358d44880537deae6219ea93839a1d58dd578e0a121e193be6c1071,2025-04,City of London Police,City of London Police,-0.100355,51.523441,On or near Great Sutton Street,E01033489,Islington 022G,Theft from the person,Status update unavailable,
ee96bd40dd5fcaa92793eccbc366f0ffbae6f4984074075719be906481cbc94f,2025-04,City of London Police,City of London Police,-0.098715,51.523001,On or near Charterhouse Bldgs,E01033489,Islington 022G,Theft from the person,Status update unavailable,
e9d36036c9adea561f67a8a4dcc96f8479bd01447eee6ecfac9da1b3a686a8af,2025-04,City of London Police,City of London Police,-0.098500,51.520551,On or near Carthusian Street,E01033490,Islington 022H,Violence and sexual offences,Unable to prosecute suspect,
38ed722dd24a64626fe9ea9953006b0b1b9851e38021198ec6827dd146925ecd,2025-04,City of London Police,City of London Police,0.005256,51.515325,On or near Wharfside Road,E01003497,Newham 034A,Drugs,Court result unavailable,
e12c257821c7083dd9035c0c98800d6fdfa93938a59dba794d6eb255fabcbede,2025-04,City of London Police,City of London Police,-4.997858,51.612415,On or near Parking Area,W01000574,Pembrokeshire 015A,Drugs,Court result unavailable,
ec50eb1c1fa4a2b024ab2f3143f82a2c0ef5b7d87045e45002551e21aad74124,2025-04,City of London Police,City of London Police,-4.997858,51.612415,On or near Parking Area,W01000574,Pembrokeshire 015A,Violence and sexual offences,Status update unavailable,
8c42c970cd755925ca9bb0e3d851302e2ea5ec19130f1b3964850a2934b1fcc1,2025-04,City of London Police,City of London Police,-3.390316,52.599491,On or near Parking Area,W01000488,Powys 006C,Public order,Investigation complete; no suspect identified,
aeaba0ae90350249130615972f4eb7895242af833c9d8966e8dd152da23f8ebb,2025-04,City of London Police,City of London Police,-0.484542,54.397446,On or near Station Square,E01027857,Scarborough 004F,Drugs,Court result unavailable,
c1103846551c244a2a26de9b1fed61bc468ec62c7aa3ef2f95daf7daac4b86f3,2025-04,City of London Police,City of London Police,-0.089485,51.505208,On or near Borough High Street,E01003929,Southwark 002B,Drugs,Unable to prosecute suspect,
e1447bd9a41b18e970cb12cc802310b2dec047da0d1ff06cab28ab6d16cbf9f2,2025-04,City of London Police,City of London Police,-0.086692,51.504452,On or near Hospital,E01003981,Southwark 006F,Other theft,Investigation complete; no suspect identified,
6f539362bcb34d65b46a2c92fbee9e97db66a090b604051eca7165cee7041478,2025-04,City of London Police,City of London Police,-0.042072,51.525145,On or near Hospital,E01035670,Tower Hamlets 010G,Violence and sexual offences,Status update unavailable,
cea49b15f8553276a4cbdae684a1d090f3680f82021e707d526b665f52d0ca9a,2025-04,City of London Police,City of London Police,-0.078757,51.520455,On or near Spital Square,E01004307,Tower Hamlets 015B,Criminal damage and arson,Investigation complete; no suspect identified,
f3da9d505e5c0dc4da336b752efd9497770ee61aee07e0fe6ca193733a42f9ed,2025-04,City of London Police,City of London Police,-0.077597,51.518907,On or near Steward Street,E01004307,Tower Hamlets 015B,Violence and sexual offences,Unable to prosecute suspect,
552647248d7b37b73f9024e9ade05a7a63c49750a4e9b5ef5ac5dd143a0eee99,2025-04,City of London Police,City of London Police,-0.077597,51.518907,On or near Steward Street,E01004307,Tower Hamlets 015B,Violence and sexual offences,Status update unavailable,
ae47889a8980b64ef4834fb003e4caca320a89a09556f72107f73ba479da4c63,2025-04,City of London Police,City of London Police,-0.076142,51.518200,On or near Tenter Ground,E01004307,Tower Hamlets 015B,Violence and sexual offences,Status update unavailable,
39f8267d954d64d366e923428135b0898396f88131ae0de3da80337305397a5d,2025-04,City of London Police,City of London Police,-0.072542,51.513100,On or near Further/Higher Educational Building,E01032767,Tower Hamlets 021F,Violence and sexual offences,Investigation complete; no suspect identified,
a9e00b986a90c68210d4bdf03cdc9b86b46c999522a1dd26a6063eb9b5dc5ded,2025-04,City of London Police,City of London Police,-0.074039,51.508588,On or near Tower Bridge Approach,E01004293,Tower Hamlets 027B,Other theft,Investigation complete; no suspect identified,
62903b5d0729c189c8daeffee4255572817a91e483f4c82bb70144caf5d97278,2025-04,City of London Police,City of London Police,-0.076667,51.509485,On or near A3211,E01004293,Tower Hamlets 027B,Other theft,Investigation complete; no suspect identified,
0dfd0d29bd0f0e34f956cced7502622fcbc3169557eb8061c485208637801bba,2025-04,City of London Police,City of London Police,-0.074039,51.508588,On or near Tower Bridge Approach,E01004293,Tower Hamlets 027B,Public order,Unable to prosecute suspect,
bdbee451f43ec1c4d14f2565e2c74c3a7e7ab104a657c4082ca12096e1186907,2025-04,City of London Police,City of London Police,-0.074039,51.508588,On or near Tower Bridge Approach,E01004293,Tower Hamlets 027B,Public order,Local resolution,
0dda4969a33884c928afe9fe6c4abb75763861f12ba665c86ccbaf2dd8c1cd9e,2025-04,City of London Police,City of London Police,-0.076667,51.509485,On or near A3211,E01004293,Tower Hamlets 027B,Theft from the person,Investigation complete; no suspect identified,
d08b7b98f338cd9306ee82eef984dcd41627e88ff381ecfe9f0eb662b4a03fb3,2025-04,City of London Police,City of London Police,-0.074039,51.508588,On or near Tower Bridge Approach,E01004293,Tower Hamlets 027B,Violence and sexual offences,Investigation complete; no suspect identified,
3324538731283eb51cd4e6212c914bec1b9ea3bcfad60ebbbb5e7e7de5775cdd,2025-04,City of London Police,City of London Police,-0.023557,51.574842,On or near Gamuel Close,E01004449,Waltham Forest 018E,Possession of weapons,Status update unavailable,
562760730191e9a29bb0aea05bf06187080467829468f38a1a59d6349f4d6c56,2025-04,City of London Police,City of London Police,-0.111567,51.513757,On or near Middle Temple Lane,E01004735,Westminster 018B,Burglary,Investigation complete; no suspect identified,
1d4935e6bfc0f008411c634fd35dc1b21b9db91f1ae766bca8f3e0c1562e9549,2025-04,City of London Police,City of London Police,-0.112051,51.514602,On or near Bell Yard,E01004735,Westminster 018B,Other theft,Investigation complete; no suspect identified,
242506853d335df1d8454e0dd2c55eecb69d2fc62b845e3a0a59d6b63e8eb3b7,2025-04,City of London Police,City of London Police,-0.111567,51.513757,On or near Middle Temple Lane,E01004735,Westminster 018B,Theft from the person,Investigation complete; no suspect identified,
,2025-04,City of London Police,City of London Police,,,No Location,,,Anti-social behaviour,,
,2025-04,City of London Police,City of London Police,,,No Location,,,Anti-social behaviour,,
9a67837c2b356b3db4cf1b7f7a5612d27e5bb9f7209e87ba4fc49138137bcdf1,2025-04,City of London Police,City of London Police,,,No Location,,,Bicycle theft,Investigation complete; no suspect identified,
20fd1b667a8e878159bbfe2ba59916f1f88cb8b768e46a2062ff15faf9bce5c5,2025-04,City of London Police,City of London Police,,,No Location,,,Burglary,Investigation complete; no suspect identified,
f9d5d3dd93cb7fbee3317c1a43867543c046c5d337446d3f9c628e7680941ee7,2025-04,City of London Police,City of London Police,,,No Location,,,Burglary,Investigation complete; no suspect identified,
b8a69ea5b8feb993946451152ba5afc21319580ca961b15ffd6f737854bbd039,2025-04,City of London Police,City of London Police,,,No Location,,,Criminal damage and arson,Investigation complete; no suspect identified,
5512d6dc2f82a2ff9abc61134adf01dc45afbc4176445a26e4b098706c4af612,2025-04,City of London Police,City of London Police,,,No Location,,,Criminal damage and arson,Investigation complete; no suspect identified,
8fbb7783b55a54e7dbc13228bc42d1b2c4fa46f1644289ef7239b70dd99fd9e7,2025-04,City of London Police,City of London Police,,,No Location,,,Drugs,Status update unavailable,
282e2d2097030859eb8a75b92685b00521d9dea176a6110b3e5a80fbcd643dda,2025-04,City of London Police,City of London Police,,,No Location,,,Drugs,Court result unavailable,
182c708a65f3cb48ba39f8010e4e846f4a2e97b690b8bf323e38cc8b9f2938a8,2025-04,City of London Police,City of London Police,,,No Location,,,Drugs,Court result unavailable,
1ce022fa5144547eaa3fcb2f202acc8cc9ca1c60b1823aefa3688f77819f6b12,2025-04,City of London Police,City of London Police,,,No Location,,,Drugs,Formal action is not in the public interest,
bed4dc76a32f08c3f7c9ad1955e2e604b48ac5f17875b07836b1c0da563adbeb,2025-04,City of London Police,City of London Police,,,No Location,,,Other theft,Unable to prosecute suspect,
e162e9f74ed8188d32d09b5f9582add6ea24e9d57286c176a6b4c91e1d853a3c,2025-04,City of London Police,City of London Police,,,No Location,,,Other theft,Investigation complete; no suspect identified,
93f7839889a3ca468a3a05d4ff3483ecd7c97bf5dd81dd3e064c031e030d12cb,2025-04,City of London Police,City of London Police,,,No Location,,,Other theft,Investigation complete; no suspect identified,
5dffe7bd1ee26dd1b212447ecefe4af114be13158dd05f8dd3d16aa9dce2a97a,2025-04,City of London Police,City of London Police,,,No Location,,,Other theft,Court result unavailable,
d9c17fe53bb818cb6f489c3b99bb0323435706cb92134fa48c8666e4127c4e38,2025-04,City of London Police,City of London Police,,,No Location,,,Public order,Status update unavailable,
63fe14a93f4dd2335ea72563b264d0f4ad8bb88ffc9c90a1a3e75091e36fdd63,2025-04,City of London Police,City of London Police,,,No Location,,,Shoplifting,Investigation complete; no suspect identified,
1557cc43daafafa88cc6f18de837946f8a5764db5674cf0a361b4330ba2e6ba7,2025-04,City of London Police,City of London Police,,,No Location,,,Shoplifting,Investigation complete; no suspect identified,
4c9b80d750fa4cd8e7dbebf3495cefc9285197b692f57c1ca8cf1f74f8b617b8,2025-04,City of London Police,City of London Police,,,No Location,,,Shoplifting,Investigation complete; no suspect identified,
8e815345bf92955e86566a4773d503620e2f3d961add2d3ddfaf2d2039798017,2025-04,City of London Police,City of London Police,,,No Location,,,Shoplifting,Investigation complete; no suspect identified,
4c0074ee57d46fb3a45f5a808c1e04fe4ed4d09cc2a189205538d953afb2de5b,2025-04,City of London Police,City of London Police,,,No Location,,,Shoplifting,Investigation complete; no suspect identified,
f6cccb8f44da0ef2362e6f78c3711138824de045b11782ae91d19bc94e41a3bb,2025-04,City of London Police,City of London Police,,,No Location,,,Shoplifting,Unable to prosecute suspect,
a6bb2be839343c68a9e64ad94306e48f22204e4571692717f57eb50815b52685,2025-04,City of London Police,City of London Police,,,No Location,,,Shoplifting,Unable to prosecute suspect,
12175861fad6a066b61e4ecbe6dcb196f11c3c01eed07bf8d334be879f284ecb,2025-04,City of London Police,City of London Police,,,No Location,,,Shoplifting,Court result unavailable,
537e60f3ff9138a01f6cba8a3f1ee7aefb2ecd85dc819ea9874b9a87a416f43f,2025-04,City of London Police,City of London Police,,,No Location,,,Shoplifting,Investigation complete; no suspect identified,
3151a9b4dd192ec8b43e86ba9ca8c3baf7664f47ac22b2fc2398582133c524f9,2025-04,City of London Police,City of London Police,,,No Location,,,Theft from the person,Status update unavailable,
53c2ef2e402377fca7e2a58f9a105bb1706ceda1838f5c06f2484f7f87753ea3,2025-04,City of London Police,City of London Police,,,No Location,,,Theft from the person,Investigation complete; no suspect identified,
a7edd1c41d3dfdac807006956371ffb46c198dba681e06f6502d85aaf85ed307,2025-04,City of London Police,City of London Police,,,No Location,,,Theft from the person,Investigation complete; no suspect identified,
f7d27c6e55dcfa03fff8f1ed75dcad7c45c7f6b9fbba8adeaedd770fcbe6d89c,2025-04,City of London Police,City of London Police,,,No Location,,,Theft from the person,Investigation complete; no suspect identified,
b59f69f067c80542cad043c525f740d49debbe7394a53f93951515b2c5bc2544,2025-04,City of London Police,City of London Police,,,No Location,,,Theft from the person,Investigation complete; no suspect identified,
80cb06cc4af6cabab1b9422f0c3331b86ae3384e4c05cd01465707d129b4d207,2025-04,City of London Police,City of London Police,,,No Location,,,Theft from the person,Investigation complete; no suspect identified,
08154b394dfcfb3a767057171b3eb1f9a6ddda20e71140c78b4ed65b36c2242d,2025-04,City of London Police,City of London Police,,,No Location,,,Theft from the person,Investigation complete; no suspect identified,
58add403b1dc9ad27765a94cf7ca377f7f8bf7147cf44b4bb01efb35ec549f36,2025-04,City of London Police,City of London Police,,,No Location,,,Theft from the person,Investigation complete; no suspect identified,
276ee602ef062c6d90495a9b8c1cec9ff767ffe2e3d943da81fb0c6b3dc11f29,2025-04,City of London Police,City of London Police,,,No Location,,,Theft from the person,Investigation complete; no suspect identified,
b1daf1d4f1ba14e7c282de14834f514d14bbf67396ca8e64ab196806777addcf,2025-04,City of London Police,City of London Police,,,No Location,,,Theft from the person,Investigation complete; no suspect identified,
4edbcd5293229d5db961d84531b14f9f3ed603c789e2f59beddc8f4432401060,2025-04,City of London Police,City of London Police,,,No Location,,,Violence and sexual offences,Awaiting court outcome,
f952a197d1b91037b900a9f72b5ec8d72bf33412b0b44de5dbfcfc921245ad80,2025-04,City of London Police,City of London Police,,,No Location,,,Violence and sexual offences,Investigation complete; no suspect identified,
0370e9fbd13e4941e1c98c109d7f021c4422b0b9dd350fc8d783937e7a2070c3,2025-04,City of London Police,City of London Police,,,No Location,,,Violence and sexual offences,Investigation complete; no suspect identified,
677eeb39d8d43d6f4a3a65641be1186cd58a861b11b5ccbcf5a3541319c9767c,2025-04,City of London Police,City of London Police,,,No Location,,,Violence and sexual offences,Investigation complete; no suspect identified,
27a9c65d60f724ba640bddd791edbcb71eb934c390b90784e882b2ede1fe1955,2025-04,City of London Police,City of London Police,,,No Location,,,Violence and sexual offences,Status update unavailable,
fa4f3549af0a1c87425a5fd8e3ae42e3c4e5fa4a2b500ac5e94a05740a5bbab5,2025-04,City of London Police,City of London Police,,,No Location,,,Violence and sexual offences,Status update unavailable,
01df5de91b1025624bbf0305137a66dded61c92c8f6de2e9872559a598277f45,2025-04,City of London Police,City of London Police,,,No Location,,,Violence and sexual offences,Status update unavailable,
