Crime ID,Month,Reported by,Falls within,Longitude,Latitude,Location,LSOA code,LSOA name,Crime type,Last outcome category,Context
d925234919863a8bb1f7d040e2106ab35146f6402e86c6712397fd08c6b6dc3a,2025-10,City of London Police,City of London Police,0.164630,51.545568,On or near Durham Road,E01000036,Barking and Dagenham 010B,Drugs,Status update unavailable,
26f12d94ac562ab2fe4a2f20ef722fcaab72b3fbabd5d44731162517f0ce0a3c,2025-10,City of London Police,City of London Police,-0.111687,51.520953,On or near Portpool Lane,E01000917,Camden 027C,Drugs,Court result unavailable,
078093bcd0d691508a497d49e47a88150ddf5f07824c04b2b11a896614ec00f4,2025-10,City of London Police,City of London Police,-0.107682,51.517786,On or near B521,E01000917,Camden 027C,Other theft,Investigation complete; no suspect identified,
3737c85c6ca1d300363cdcf92604e9bb19b6b0004b51dfaac258dceb9ee85b0f,2025-10,City of London Police,City of London Police,-0.111596,51.518281,On or near Chancery Lane,E01000914,Camden 028B,Theft from the person,Investigation complete; no suspect identified,
,2025-10,City of London Police,City of London Police,-0.097078,51.519045,On or near A1,E01000001,City of London 001A,Anti-social behaviour,,
0acec70f5fa5d45de27e9caa326a771dffe157ee0617675b69789a725bc263b5,2025-10,City of London Police,City of London Police,-0.097290,51.521575,On or near Fann Street,E01000001,City of London 001A,Bicycle theft,Investigation complete; no suspect identified,
f666bd4ec25f326551d9ddd059ec7d30969bb6fcbdf9a8f7590632373ed6a91d,2025-10,City of London Police,City of London Police,-0.098519,51.517332,On or near Little Britain,E01000001,City of London 001A,Bicycle theft,Investigation complete; no suspect identified,
dd2a793d14684398b7c2766483a620f3dfbc48120d7ccdfc1b8fdd586c68a490,2025-10,City of London Police,City of London Police,-0.097506,51.521228,On or near Aldersgate Street,E01000001,City of London 001A,Bicycle theft,Investigation complete; no suspect identified,
297f42249efbda41cf07c25d3e77b4b90e079e4c509e2cce26120c2d6428c930,2025-10,City of London Police,City of London Police,-0.097245,51.515387,On or near St Martin'S Le Grand,E01000001,City of London 001A,Bicycle theft,Investigation complete; no suspect identified,
4deef389d403b2ffb5ea1bf5c553ec8949307b9c1cfd2d9bf0a01c86ae405ca2,2025-10,City of London Police,City of London Police,-0.097078,51.519045,On or near A1,E01000001,City of London 001A,Bicycle theft,Investigation complete; no suspect identified,
9dab9cc98da40c9067bd9446d640d564b79ea0777c77a0c73463628656ba6664,2025-10,City of London Police,City of London Police,-0.097078,51.519045,On or near A1,E01000001,City of London 001A,Bicycle theft,Unable to prosecute suspect,
7668681c4ee1b3a948d68edcd2c71750797c5e7a6911046306a167ff1d63aacb,2025-10,City of London Police,City of London Police,-0.097245,51.515387,On or near St Martin'S Le Grand,E01000001,City of London 001A,Drugs,Formal action is not in the public interest,
d23d825ef3fba2e46a1e0c441b102aa779ed4a9412dfde9eab79dea58b7704b2,2025-10,City of London Police,City of London Police,-0.097078,51.519045,On or near A1,E01000001,City of London 001A,Drugs,Unable to prosecute suspect,
56ed4ef49099ef5846ab0053ea5cb03caf8597063b9928b1634f324034e17e4c,2025-10,City of London Police,City of London Police,-0.097144,51.515062,On or near St Paul'S,E01000001,City of London 001A,Other theft,Investigation complete; no suspect identified,
458a8d320a6141578573f43101ab501381013ed5280aca5b083aac14c27496ba,2025-10,City of London Police,City of London Police,-0.097245,51.515387,On or near St Martin'S Le Grand,E01000001,City of London 001A,Other theft,Unable to prosecute suspect,
bda82f0aa04341b54c4e6c8b4b139207e39eb016a1e0a55a47dc9933eab9211d,2025-10,City of London Police,City of London Police,-0.098519,51.517332,On or near Little Britain,E01000001,City of London 001A,Other theft,Investigation complete; no suspect identified,
988b0f0b6fba9e1443e2f771e48fda81343c16c3df96495229bb5f8a35f126d4,2025-10,City of London Police,City of London Police,-0.097078,51.519045,On or near A1,E01000001,City of London 001A,Violence and sexual offences,Local resolution,
4eea295a2e60aef4553a0dd9b52f93f374a7ab253a98b6f6e2dc0fe78abaf83c,2025-10,City of London Police,City of London Police,-0.092488,51.520598,On or near Silk Street,E01000002,City of London 001B,Bicycle theft,Investigation complete; no suspect identified,
8ec900da9c3ee2d7c1184481489046956a21bd07914a5e12491d005f54be818d,2025-10,City of London Police,City of London Police,-0.092374,51.519517,On or near Further/Higher Educational Building,E01000002,City of London 001B,Bicycle theft,Investigation complete; no suspect identified,
ed0aeedf4de1f11801128f26627b0608d70db3d0beff9e02aea01a884dfcda50,2025-10,City of London Police,City of London Police,-0.092488,51.520598,On or near Silk Street,E01000002,City of London 001B,Bicycle theft,Investigation complete; no suspect identified,
c099091d69c2def3781665f4adc4918bd4d9365217987d8c6243b025f3bff143,2025-10,City of London Police,City of London Police,-0.094130,51.519961,On or near Theatre/Concert Hall,E01000002,City of London 001B,Bicycle theft,Awaiting court outcome,
9bc8be52ba19189573015dd8e699376d6a2ae180349c8742456e1b9bd12ab2ab,2025-10,City of London Police,City of London Police,-0.092488,51.520598,On or near Silk Street,E01000002,City of London 001B,Bicycle theft,Investigation complete; no suspect identified,
8578d02bcad7133aec817d354bb474804d1f5eb7182a571a59e8ffb999a8cd22,2025-10,City of London Police,City of London Police,-0.092488,51.520598,On or near Silk Street,E01000002,City of London 001B,Bicycle theft,Investigation complete; no suspect identified,
0029aaba8f2b125353a2ff3300b84196621fdec8b87a77b3988b980028129600,2025-10,City of London Police,City of London Police,-0.090105,51.520001,On or near Milton Court,E01000002,City of London 001B,Bicycle theft,Investigation complete; no suspect identified,
176534c0419e2bc3ad6cb92d81ad2845eafdc81f447db68dcf0b172730ddbc27,2025-10,City of London Police,City of London Police,-0.092488,51.520598,On or near Silk Street,E01000002,City of London 001B,Bicycle theft,Awaiting court outcome,
e2ab5835d5618eae1e8970dfa39979d3e658baf735065cb0ca67c9517f13f2ce,2025-10,City of London Police,City of London Police,-0.092971,51.516271,On or near Aldermanbury,E01000002,City of London 001B,Bicycle theft,Investigation complete; no suspect identified,
d048063d8a5084716f32585543013b171dc02e3a43af438edcd780b07f229c05,2025-10,City of London Police,City of London Police,-0.092488,51.520598,On or near Silk Street,E01000002,City of London 001B,Bicycle theft,Unable to prosecute suspect,
50c9816e273cf8bb8cbe208cc92c66f693bfc8ac20106add8d65f078eb2922b8,2025-10,City of London Police,City of London Police,-0.094130,51.519961,On or near Theatre/Concert Hall,E01000002,City of London 001B,Bicycle theft,Investigation complete; no suspect identified,
1cfb4dce66a456b1093b9fce4263febf39e8c0f3296a19d079ba68b40668534e,2025-10,City of London Police,City of London Police,-0.092374,51.519517,On or near Further/Higher Educational Building,E01000002,City of London 001B,Bicycle theft,Investigation complete; no suspect identified,
2aa1f3c2bfdf2ad4c6bf511504f6ab7db7b77c172e88b98cb9e2d38f172b5797,2025-10,City of London Police,City of London Police,-0.094655,51.517369,On or near Parking Area,E01000002,City of London 001B,Burglary,Unable to prosecute suspect,
723d702d5898a4ce5a8508ec6f554bd2c5b2d7bca44e29f29f9e5d5c1008ef54,2025-10,City of London Police,City of London Police,-0.095026,51.518499,On or near Park/Open Space,E01000002,City of London 001B,Criminal damage and arson,Investigation complete; no suspect identified,
822a74e4d3f92ba5cceafb26c1a3c48b9104c1cc021a69ff9d2d46a9469ecf5d,2025-10,City of London Police,City of London Police,-0.092971,51.516271,On or near Aldermanbury,E01000002,City of London 001B,Criminal damage and arson,Investigation complete; no suspect identified,
34dc21d63d0851b1033995e96eaae89cc90215b69b4f4a7f8fb0268bd3021bf9,2025-10,City of London Police,City of London Police,-0.090553,51.518948,On or near Moor Lane,E01000002,City of London 001B,Other theft,Unable to prosecute suspect,
6ee0728e4435f16af5fe1057dee18823349dd933c580bdb32639b0da2307d397,2025-10,City of London Police,City of London Police,-0.095704,51.516747,On or near Noble Street,E01000002,City of London 001B,Other theft,Unable to prosecute suspect,
74404f2ef60c12b6fff1c89e1fc777157e42066a856522a06b2367ee28468158,2025-10,City of London Police,City of London Police,-0.095704,51.516747,On or near Noble Street,E01000002,City of London 001B,Other theft,Unable to prosecute suspect,
4e2dc1db583fa485d3d4c04d100c6e7d23a139d5349b01b3b1200d530f8dde2d,2025-10,City of London Police,City of London Police,-0.095704,51.516747,On or near Noble Street,E01000002,City of London 001B,Other theft,Unable to prosecute suspect,
1aa8156d87ac67d30e41e4c6528ed99dc1a4fa7a0535e91504a472e3bef0712a,2025-10,City of London Police,City of London Police,-0.094130,51.519961,On or near Theatre/Concert Hall,E01000002,City of London 001B,Other theft,Investigation complete; no suspect identified,
26285a2735d25e331481e309368e67ac29140b22f912a54c4083b55a72a91639,2025-10,City of London Police,City of London Police,-0.095704,51.516747,On or near Noble Street,E01000002,City of London 001B,Other theft,Unable to prosecute suspect,
dd5dedf801a232e12fcc03650071e388ea9f9c2facb2a3d7686597d3c480126f,2025-10,City of London Police,City of London Police,-0.092488,51.520598,On or near Silk Street,E01000002,City of London 001B,Other theft,Investigation complete; no suspect identified,
24f4c6202adbfde2908ffd7aea011a2e293232ba2337ed89487986fd470bb690,2025-10,City of London Police,City of London Police,-0.095704,51.516747,On or near Noble Street,E01000002,City of London 001B,Other theft,Unable to prosecute suspect,
385729da42d2fa3bc1f47960e952b97eadd11cd00770691b21f9b8260f930d1a,2025-10,City of London Police,City of London Police,-0.092488,51.520598,On or near Silk Street,E01000002,City of London 001B,Other theft,Unable to prosecute suspect,
0d9907979b9fb7de0f5e81248d535dbd5fd3f49130d042832868c33bfdee3bae,2025-10,City of London Police,City of London Police,-0.090105,51.520001,On or near Milton Court,E01000002,City of London 001B,Other theft,Investigation complete; no suspect identified,
b658995e7d497515212cd8b9bce571ff6fd6eee916a51e09e90d0d7eeb1574e4,2025-10,City of London Police,City of London Police,-0.093845,51.518462,On or near Park/Open Space,E01000002,City of London 001B,Public order,Investigation complete; no suspect identified,
2607d8c7796ab0f6647ab311d91609afe60622e3323722253a7fd646de36fb8b,2025-10,City of London Police,City of London Police,-0.094130,51.519961,On or near Theatre/Concert Hall,E01000002,City of London 001B,Public order,Investigation complete; no suspect identified,
d5158ed285273b82eb690e2f1652fdfe3fde1240e6dde882c99f818da4b037b0,2025-10,City of London Police,City of London Police,-0.092971,51.516271,On or near Aldermanbury,E01000002,City of London 001B,Public order,Investigation complete; no suspect identified,
e41920721a295854f6725f039e60adba5c556bb04f62cb61273dac6113127c0a,2025-10,City of London Police,City of London Police,-0.090553,51.518948,On or near Moor Lane,E01000002,City of London 001B,Shoplifting,Investigation complete; no suspect identified,
d207539ae6c66f71eeeda3e5c5626ab6d2613676ab8d43568c909a21cc63cf1e,2025-10,City of London Police,City of London Police,-0.094130,51.519961,On or near Theatre/Concert Hall,E01000002,City of London 001B,Theft from the person,Investigation complete; no suspect identified,
eac77b3c3d5e4acd5f03442110f3323158d8f21fea83ce6299c0a909c108911e,2025-10,City of London Police,City of London Police,-0.091498,51.520483,On or near Conference/Exhibition Centre,E01000002,City of London 001B,Theft from the person,Investigation complete; no suspect identified,
bf9895e4f0cebe75db6c8f44802ed0cb05d29fc875afe9f4542d05847cf2dc78,2025-10,City of London Police,City of London Police,-0.092971,51.516271,On or near Aldermanbury,E01000002,City of London 001B,Vehicle crime,Court result unavailable,
7994b5838b80d9bb4980d2935693d042463b5b7815b4bbc8f9afcccaad2a2fb7,2025-10,City of London Police,City of London Police,-0.092488,51.520598,On or near Silk Street,E01000002,City of London 001B,Vehicle crime,Unable to prosecute suspect,
89d7b661fd64dba12214b1f1afe24453bdbdc494b52a24da35c3d144b84ccef8,2025-10,City of London Police,City of London Police,-0.092971,51.516271,On or near Aldermanbury,E01000002,City of London 001B,Violence and sexual offences,Unable to prosecute suspect,
dffed85a4d023800279daeb151194d244c1fab17533e579f44fab5be9cae729c,2025-10,City of London Police,City of London Police,-0.092971,51.516271,On or near Aldermanbury,E01000002,City of London 001B,Violence and sexual offences,Unable to prosecute suspect,
,2025-10,City of London Police,City of London Police,-0.095758,51.521667,On or near Fann Street,E01000003,City of London 001C,Anti-social behaviour,,
,2025-10,City of London Police,City of London Police,-0.094932,51.522823,On or near Golden Lane,E01000003,City of London 001C,Anti-social behaviour,,
b7d2e4aadf6b94879eac60b3e9849a17b9d22ef238449209daa3f5d1b6842bea,2025-10,City of London Police,City of London Police,-0.095258,51.520526,On or near Beech Street,E01000003,City of London 001C,Bicycle theft,Unable to prosecute suspect,
3ed7f0fb154b8e5e869408673fa0a5c61532566c11ef83e1ec3827d44a413cc7,2025-10,City of London Police,City of London Police,-0.094932,51.522823,On or near Golden Lane,E01000003,City of London 001C,Bicycle theft,Investigation complete; no suspect identified,
83c9d09652a53b202f7a1e80b118a5eacee49d6b527a6b24802c5218fe6e876d,2025-10,City of London Police,City of London Police,-0.096984,51.522426,On or near Sports/Recreation Area,E01000003,City of London 001C,Burglary,Investigation complete; no suspect identified,
4a7d29a39f3353af065fe87a621c2c308f0c8126bb7cb29c3423a2f4dc0a5f35,2025-10,City of London Police,City of London Police,-0.096984,51.522426,On or near Sports/Recreation Area,E01000003,City of London 001C,Burglary,Investigation complete; no suspect identified,
3b261bf8f824ed4293a6721c871e9c1dac687cac7b0a2a91e70b4dc9a50a6130,2025-10,City of London Police,City of London Police,-0.094932,51.522823,On or near Golden Lane,E01000003,City of London 001C,Drugs,Investigation complete; no suspect identified,
2487339e278ddca3137a404f9cf17abb5ebcd075b6219c39eace99f8962d3dc1,2025-10,City of London Police,City of London Police,-0.095053,51.523022,On or near Golden Lane,E01000003,City of London 001C,Drugs,Investigation complete; no suspect identified,
4f0126d96fa378c5b7bd75a59d5530b1bd90775e74f8899bbfd8d2e73108c4f1,2025-10,City of London Police,City of London Police,-0.094932,51.522823,On or near Golden Lane,E01000003,City of London 001C,Drugs,Investigation complete; no suspect identified,
ffff5b6887aa5b4322972a5696d9d2410d4f702f2e4860315034e8f0fbf2bd9a,2025-10,City of London Police,City of London Police,-0.096984,51.522426,On or near Sports/Recreation Area,E01000003,City of London 001C,Drugs,Investigation complete; no suspect identified,
f33e8e5c8b1e2051fc4975103ef37c01fe20cc00c0f4a8ec94b91004f90fc3a5,2025-10,City of London Police,City of London Police,-0.095053,51.523022,On or near Golden Lane,E01000003,City of London 001C,Drugs,Investigation complete; no suspect identified,
beedd94e4d7bc1fc0f5f7ce82dde49656f2872e3c18da4a89387d2ae5e431dbe,2025-10,City of London Police,City of London Police,-0.094759,51.521435,On or near Brackley Street,E01000003,City of London 001C,Drugs,Investigation complete; no suspect identified,
d31691373c7783181a96be29b6e4b40870404a8ecbd8e7c90c044594db503dfc,2025-10,City of London Police,City of London Police,-0.096984,51.522426,On or near Sports/Recreation Area,E01000003,City of London 001C,Other theft,Status update unavailable,
136b393d3c811c0f3d29e32b3f10c8c7d7abf316ab16412a3fe99a4b5e3101c3,2025-10,City of London Police,City of London Police,-0.095758,51.521667,On or near Fann Street,E01000003,City of London 001C,Violence and sexual offences,Investigation complete; no suspect identified,
,2025-10,City of London Police,City of London Police,-0.073456,51.513542,On or near Little Somerset Street,E01000005,City of London 001E,Anti-social behaviour,,
4947ec957ea8ee0824958a67384bf3825cfb9b62f3d2451682c7d2f5aacaf886,2025-10,City of London Police,City of London Police,-0.075453,51.511965,On or near Minories,E01000005,City of London 001E,Bicycle theft,Investigation complete; no suspect identified,
2fbb9c11585bf6bd2c2d4d86949df6451b42da58869b9cabda8bf915d3f7c444,2025-10,City of London Police,City of London Police,-0.078783,51.515383,On or near Houndsditch,E01000005,City of London 001E,Bicycle theft,Investigation complete; no suspect identified,
5cedbde176bf4bb055f422b7096c85566e42468dd0d65f3cb14facc8c516fd0d,2025-10,City of London Police,City of London Police,-0.075401,51.511164,On or near Supermarket,E01000005,City of London 001E,Burglary,Investigation complete; no suspect identified,
fb5ac6fa3889b2d25ee360d69c615717167c7f9b72f03d0dea903a63d0dfe118,2025-10,City of London Police,City of London Police,-0.075401,51.511164,On or near Supermarket,E01000005,City of London 001E,Burglary,Unable to prosecute suspect,
b14e311b85f3a6a7f3b22009808bdf0b939aa48cd9783a52d83656605896298c,2025-10,City of London Police,City of London Police,-0.075453,51.511965,On or near Minories,E01000005,City of London 001E,Burglary,Awaiting court outcome,
2e89f5338057d3fecb409cbec3ee80d156dca5854990baffc3f34335ff2c267f,2025-10,City of London Police,City of London Police,-0.075080,51.512625,On or near St Clare Street,E01000005,City of London 001E,Burglary,Unable to prosecute suspect,
3c58e10f116309484b76fc98be818010329f067882c7d1c8ad327447e41e60ad,2025-10,City of London Police,City of London Police,-0.073704,51.511748,On or near Portsoken Street,E01000005,City of London 001E,Burglary,Investigation complete; no suspect identified,
f9fe56f7d4ee9da0469f2c36ecd43f0e4075c5dab4cfda5bc4e2a8735e133a90,2025-10,City of London Police,City of London Police,-0.073456,51.513542,On or near Little Somerset Street,E01000005,City of London 001E,Burglary,Awaiting court outcome,
9bb109e44610fb3dcef7832eebe9ee473fa3e2d21b1faf25f0b30aa2412ed22f,2025-10,City of London Police,City of London Police,-0.073704,51.511748,On or near Portsoken Street,E01000005,City of London 001E,Burglary,Investigation complete; no suspect identified,
86c391068407dd0e559189e4c6d107bef62ba49c897cccd8c596df60646fe219,2025-10,City of London Police,City of London Police,-0.075401,51.511164,On or near Supermarket,E01000005,City of London 001E,Burglary,Investigation complete; no suspect identified,
67c720351b1a058ecbcfdc3692e2b6bec542b58194d58a1f8ddc4a719039b445,2025-10,City of London Police,City of London Police,-0.077407,51.516215,On or near Harrow Place,E01000005,City of London 001E,Burglary,Unable to prosecute suspect,
1e39fd993981403c92c64e50ee7c337feae2702f308bfc1047b763528e57dce7,2025-10,City of London Police,City of London Police,-0.076038,51.511759,On or near Hospital,E01000005,City of London 001E,Criminal damage and arson,Unable to prosecute suspect,
8f612a84ecbfd00ab0db430ef2ae9c1a1a05e08102d996158e6d111cc8dd4489,2025-10,City of London Police,City of London Police,-0.074330,51.513647,On or near Little Somerset Street,E01000005,City of London 001E,Drugs,Awaiting court outcome,
54f01ec08e4c614dab498c3e048d0c994a47f61742d59c406f548a4626af82fb,2025-10,City of London Police,City of London Police,-0.074330,51.513647,On or near Little Somerset Street,E01000005,City of London 001E,Other theft,Investigation complete; no suspect identified,
9f063df7fd11f16d57ee3e88b46f02e9a98f5fde6fe22ab5c92305d86e6cb969,2025-10,City of London Police,City of London Police,-0.076716,51.515178,On or near Gravel Lane,E01000005,City of London 001E,Other theft,Unable to prosecute suspect,
1467717003188dd3a6e1a9f4f5779f18a8467ba863003c4d3e8da5f28f148f51,2025-10,City of London Police,City of London Police,-0.074330,51.513647,On or near Little Somerset Street,E01000005,City of London 001E,Other theft,Investigation complete; no suspect identified,
6edf1f2469b0421ab6600971b4b0ed0187a0e96fcf36d3bd519cd578ec34f93e,2025-10,City of London Police,City of London Police,-0.075401,51.511164,On or near Supermarket,E01000005,City of London 001E,Other theft,Investigation complete; no suspect identified,
9682ffecf437f8d1aaf62a35af2a24b548324b0238dfcfb31eca0cbf7b3e4029,2025-10,City of London Police,City of London Police,-0.078849,51.516212,On or near Devonshire Square,E01000005,City of London 001E,Other theft,Investigation complete; no suspect identified,
261e611e1bfb2ae4e9fd2caeac09b24bc5eb550b4ff0f0a51ae11b7a9b046c73,2025-10,City of London Police,City of London Police,-0.076716,51.515178,On or near Gravel Lane,E01000005,City of London 001E,Other theft,Unable to prosecute suspect,
4b3109759f7748a922c97c29bed80ba895fad50831e2afa29aed2799c05b7cd0,2025-10,City of London Police,City of London Police,-0.078839,51.515753,On or near Cutler Street,E01000005,City of London 001E,Other theft,Status update unavailable,
3b0de9e6a79192b7c504d22a50e90451275142e75b79d584b06a5a0cb8a5e4fd,2025-10,City of London Police,City of London Police,-0.078849,51.516212,On or near Devonshire Square,E01000005,City of London 001E,Other theft,Investigation complete; no suspect identified,
d458b7826123d717b6b2967ef6ac6fd1da45e49089592b6e614152fa617672c1,2025-10,City of London Police,City of London Police,-0.076716,51.515178,On or near Gravel Lane,E01000005,City of London 001E,Other theft,Investigation complete; no suspect identified,
4f9d39fcba399750a131699c1c8d35b1e08dc744080ce12a2b149e086c29ecd6,2025-10,City of London Police,City of London Police,-0.075401,51.511164,On or near Supermarket,E01000005,City of London 001E,Other theft,Investigation complete; no suspect identified,
f1d3ae73bb3681562bdf70e43a768f52d197003415b6ba9e25a193772f588299,2025-10,City of London Police,City of London Police,-0.075401,51.511164,On or near Supermarket,E01000005,City of London 001E,Other theft,Investigation complete; no suspect identified,
dec4d5ea8cec9ed1a3e92c3d5bc4ed3b2229617f6f2d8c53b12dc81fc366da67,2025-10,City of London Police,City of London Police,-0.077407,51.516215,On or near Harrow Place,E01000005,City of London 001E,Possession of weapons,Awaiting court outcome,
97b2c9bb602bceaa6bf6854d9fff8fba8fe9f910713a2e2e7da47f02cb41675b,2025-10,City of London Police,City of London Police,-0.076145,51.512642,On or near India Street,E01000005,City of London 001E,Public order,Unable to prosecute suspect,
cb3955a62ac1c8d89f43b8c66f10fad2c1da456c6664bbf7f5d393f8cc174237,2025-10,City of London Police,City of London Police,-0.074330,51.513647,On or near Little Somerset Street,E01000005,City of London 001E,Public order,Unable to prosecute suspect,
e6ad6ce851f183afec55ffbf081a02db54b93faa8273bd3f6db8e23baf8fe1b1,2025-10,City of London Police,City of London Police,-0.075453,51.511965,On or near Minories,E01000005,City of London 001E,Public order,Unable to prosecute suspect,
ca8c48e059fc8b5b4b8e156acbb7c3cac55a20338ae6d702c743a72e23054b02,2025-10,City of London Police,City of London Police,-0.074330,51.513647,On or near Little Somerset Street,E01000005,City of London 001E,Public order,Awaiting court outcome,
fcc50bf1d5e3626e782114d7b5c87e2142d747cc9e881bbaeb1c3b3912ff3b1e,2025-10,City of London Police,City of London Police,-0.076145,51.512642,On or near India Street,E01000005,City of London 001E,Robbery,Investigation complete; no suspect identified,
743ecf1adb5a25421307f90d65ddbab4c8bd12433d7b1ad411be0550e93e53cb,2025-10,City of London Police,City of London Police,-0.076145,51.512642,On or near India Street,E01000005,City of London 001E,Shoplifting,Unable to prosecute suspect,
19f006d2e82dc21f423b50451db255d538719a9456b2ff70d09a5815e3418377,2025-10,City of London Police,City of London Police,-0.075453,51.511965,On or near Minories,E01000005,City of London 001E,Theft from the person,Investigation complete; no suspect identified,
c5dbacd857129b9ec1338a361d9751e94ada832aeb7d6ad6e348a5c43f4defa0,2025-10,City of London Police,City of London Police,-0.074330,51.513647,On or near Little Somerset Street,E01000005,City of London 001E,Theft from the person,Investigation complete; no suspect identified,
7209deb2de14db5c0cac22e80f4005e81c1c53d672d1db8c69957ad5df1f8f78,2025-10,City of London Police,City of London Police,-0.078839,51.515753,On or near Cutler Street,E01000005,City of London 001E,Vehicle crime,Investigation complete; no suspect identified,
16db9bf64c9862d2c1bdbf19c6770aa9ce0ec9038155da1b5eeab927dd2ceaef,2025-10,City of London Police,City of London Police,-0.077407,51.516215,On or near Harrow Place,E01000005,City of London 001E,Violence and sexual offences,Unable to prosecute suspect,
56328614cc1d1fe9305faa646253113e83e0433bff5eb5c108317dd64641f65a,2025-10,City of London Police,City of London Police,-0.073456,51.513542,On or near Little Somerset Street,E01000005,City of London 001E,Violence and sexual offences,Unable to prosecute suspect,
389d31383155631b3931cf2b966e1d2cbd862e4ce5e896b8fc22e9e6bf0122af,2025-10,City of London Police,City of London Police,-0.074330,51.513647,On or near Little Somerset Street,E01000005,City of London 001E,Violence and sexual offences,Unable to prosecute suspect,
6290034cd73686427dda163af8b056f0209c88ee5d2dbd1015d40574a14ad486,2025-10,City of London Police,City of London Police,-0.077511,51.515812,On or near Artizan Street,E01000005,City of London 001E,Violence and sexual offences,Investigation complete; no suspect identified,
450ff2072fb33a151d80ad1e5604865c8061fe3503106cd5257ab94280450422,2025-10,City of London Police,City of London Police,-0.073727,51.511218,On or near Goodman'S Yard,E01000005,City of London 001E,Violence and sexual offences,Awaiting court outcome,
9841f0465617ea1f977068897cd7bbf2087851d151af342939af75419c09b2fc,2025-10,City of London Police,City of London Police,-0.074330,51.513647,On or near Little Somerset Street,E01000005,City of London 001E,Violence and sexual offences,Investigation complete; no suspect identified,
389d31383155631b3931cf2b966e1d2cbd862e4ce5e896b8fc22e9e6bf0122af,2025-10,City of London Police,City of London Police,-0.075453,51.511965,On or near Minories,E01000005,City of London 001E,Violence and sexual offences,Status update unavailable,
9c71c332920c0feabbc4e45797e85b12c9b99677fc97cc7ac79c9ccd31fe04fb,2025-10,City of London Police,City of London Police,-0.074925,51.514924,On or near St Botolph Street,E01000005,City of London 001E,Violence and sexual offences,Unable to prosecute suspect,
d920bbc8ff66c83920b376b1822923cbc84d3e917093d2562070b6234eba55ee,2025-10,City of London Police,City of London Police,-0.073456,51.513542,On or near Little Somerset Street,E01000005,City of London 001E,Violence and sexual offences,Further investigation is not in the public interest,
,2025-10,City of London Police,City of London Police,-0.089479,51.510864,On or near Gophir Lane,E01032739,City of London 001F,Anti-social behaviour,,
,2025-10,City of London Police,City of London Police,-0.100201,51.513286,On or near Dean'S Court,E01032739,City of London 001F,Anti-social behaviour,,
,2025-10,City of London Police,City of London Police,-0.102134,51.513929,On or near Ludgate Hill,E01032739,City of London 001F,Anti-social behaviour,,
870b57266f2eac4d07b08cf501653b2ec9bb133e35761dbd075b4157f96319db,2025-10,City of London Police,City of London Police,-0.101292,51.514770,On or near Amen Court,E01032739,City of London 001F,Bicycle theft,Investigation complete; no suspect identified,
2edf740af3ee2fbd8f57edcafb6416a565e819faefc03bc0631a462b637575c4,2025-10,City of London Police,City of London Police,-0.084844,51.509700,On or near Monument Street,E01032739,City of London 001F,Bicycle theft,Investigation complete; no suspect identified,
99209b177e5b17b5173ffce939ac06bf02bff091e6c336a1c7815b1790adfbd2,2025-10,City of London Police,City of London Police,-0.082133,51.515222,On or near St Helen'S Place,E01032739,City of London 001F,Bicycle theft,Investigation complete; no suspect identified,
7ccbf8d7cb9297d5f9b92be1f4ed19c55485534a6e93e77ea672716c02a336b7,2025-10,City of London Police,City of London Police,-0.095924,51.513882,On or near Shopping Area,E01032739,City of London 001F,Bicycle theft,Investigation complete; no suspect identified,
0de94cafd96615bc06888c706d7be34c9aa9a84428769e175f8533cb36d0aa12,2025-10,City of London Police,City of London Police,-0.091540,51.511896,On or near Cannon Street,E01032739,City of London 001F,Bicycle theft,Investigation complete; no suspect identified,
17432d1fc5bbc5802cd1d7d02aa10328a842f16950ecd01f1f52c076a05ddc15,2025-10,City of London Police,City of London Police,-0.081902,51.517296,On or near Liverpool Street,E01032739,City of London 001F,Bicycle theft,Investigation complete; no suspect identified,
87a15905af3cf603a50caf757785e772a132b186e6b9632feb8bd5d96eecdd20,2025-10,City of London Police,City of London Police,-0.081113,51.516869,On or near Bishopsgate,E01032739,City of London 001F,Bicycle theft,Court result unavailable,
aecfa8539716b3272a7108d452cbc52dcd94fb0856c0195dc52ef461a9cd9891,2025-10,City of London Police,City of London Police,-0.079196,51.513789,On or near Creechurch Lane,E01032739,City of London 001F,Burglary,Awaiting court outcome,
57f289dce6b90351e659af47b7c4af1d2448ac686fcbe406020216f333e9c9d8,2025-10,City of London Police,City of London Police,-0.085089,51.512105,On or near Gracechurch Street,E01032739,City of London 001F,Burglary,Unable to prosecute suspect,
867c26c9150a55fc98020163bd042ef209dda3a339d0087dc5a530e9a2d5b61f,2025-10,City of London Police,City of London Police,-0.082133,51.515222,On or near St Helen'S Place,E01032739,City of London 001F,Burglary,Investigation complete; no suspect identified,
f7965ae5510c44abd11f78d4c3a115d90409985849365004c8589b5958a225e1,2025-10,City of London Police,City of London Police,-0.084836,51.511939,On or near Shopping Area,E01032739,City of London 001F,Burglary,Awaiting court outcome,
4504756df3fbbb11e4836080a91065d03ade80dd981e1c4eaa1ee06fe624ac8e,2025-10,City of London Police,City of London Police,-0.079907,51.517785,On or near Victoria Avenue,E01032739,City of London 001F,Burglary,Unable to prosecute suspect,
afbcf6c37940c5650c91fe6d95f3c3c1b35937518fab31b5e6a4ef5cc4c3b51f,2025-10,City of London Police,City of London Police,-0.104276,51.513712,On or near A201,E01032739,City of London 001F,Burglary,Investigation complete; no suspect identified,
3d9ea028097648aefb237f4fea30eb88d899b6d02598360069b4106f8af4b77c,2025-10,City of London Police,City of London Police,-0.081512,51.518692,On or near London Liverpool Street,E01032739,City of London 001F,Burglary,Court result unavailable,
57f183b721fbce08600c9d7db4a918bde888938271ebf22ad9ac2d13739cae51,2025-10,City of London Police,City of London Police,-0.102847,51.512717,On or near Playhouse Yard,E01032739,City of London 001F,Burglary,Unable to prosecute suspect,
06d25a152c7e11735cf23d94b3d73740ec2e48c7736d5839a92ab9fe046a57f2,2025-10,City of London Police,City of London Police,-0.079196,51.513789,On or near Creechurch Lane,E01032739,City of London 001F,Burglary,Unable to prosecute suspect,
41b4242a53a48cb0ec92b5cf9439e9e929d9d077d7fe3a3e1b95743a5d445638,2025-10,City of London Police,City of London Police,-0.097291,51.514626,On or near Supermarket,E01032739,City of London 001F,Burglary,Investigation complete; no suspect identified,
4b6aea4a8981c2c3b16f198cfe0b00c93a459ec548ea65d00dac11961babb72b,2025-10,City of London Police,City of London Police,-0.084836,51.511939,On or near Shopping Area,E01032739,City of London 001F,Burglary,Awaiting court outcome,
f37135a02cbc4405c6034439481360404d4dabe52a060679df33fd499cb799dd,2025-10,City of London Police,City of London Police,-0.085228,51.511190,On or near Talbot Court,E01032739,City of London 001F,Burglary,Awaiting court outcome,
aa4e20f9f9c46efa4c03e9f0f88317c62fbd937bac1b4a3ba6fcc64c8ad64416,2025-10,City of London Police,City of London Police,-0.094070,51.513079,On or near Watling Street,E01032739,City of London 001F,Burglary,Investigation complete; no suspect identified,
b59f5028634ba41a37296bf9448a9e75fc64b80fadb44fd8ff607e55fb43e9b8,2025-10,City of London Police,City of London Police,-0.084559,51.510316,On or near Botolph Lane,E01032739,City of London 001F,Burglary,Unable to prosecute suspect,
e5d4f0fc46e7a3adf76c2b733dd80e948c37235438818d2f4212e8972bd5cdbf,2025-10,City of London Police,City of London Police,-0.077070,51.510877,On or near Cooper'S Row,E01032739,City of London 001F,Burglary,Investigation complete; no suspect identified,
c20e1b98d93c21bff9ab02d3cd399f50146539d6908aa47e10052119a7b1fdce,2025-10,City of London Police,City of London Police,-0.079196,51.513789,On or near Creechurch Lane,E01032739,City of London 001F,Burglary,Investigation complete; no suspect identified,
02629f693dae1ad0a078e92e5cb813f3635572893c4466f95dccd88179e75612,2025-10,City of London Police,City of London Police,-0.083977,51.510441,On or near Lovat Lane,E01032739,City of London 001F,Burglary,Investigation complete; no suspect identified,
e5b8c6a5f372ef630e9a2d305092c545cffbca4056b53d542018481755cac921,2025-10,City of London Police,City of London Police,-0.079196,51.513789,On or near Creechurch Lane,E01032739,City of London 001F,Burglary,Investigation complete; no suspect identified,
1599800e319f0d5d03221b07cd4546e5e588903d0b81e5f14bad2f3ff6cca5ee,2025-10,City of London Police,City of London Police,-0.097291,51.514626,On or near Supermarket,E01032739,City of London 001F,Burglary,Investigation complete; no suspect identified,
55c8075a135c59166bec7983f1a383d6db08efeabfcebb026079945e1801f131,2025-10,City of London Police,City of London Police,-0.089808,51.517461,On or near London Wall,E01032739,City of London 001F,Burglary,Investigation complete; no suspect identified,
a12d4e35137db63cd8e3aac719cac18f40825aede81c70a516099e2f191430bc,2025-10,City of London Police,City of London Police,-0.091947,51.513188,On or near Pancras Lane,E01032739,City of London 001F,Burglary,Investigation complete; no suspect identified,
5006a93b9ee3eec5905f57c7fb847042730d23d64ecc842ff642c50e59432d33,2025-10,City of London Police,City of London Police,-0.079521,51.511196,On or near New London Street,E01032739,City of London 001F,Burglary,Local resolution,
ac50d217a6e0e499a4d16a732640727251572fc04f7265e67dee83557f0d32fa,2025-10,City of London Police,City of London Police,-0.079838,51.514267,On or near Bury Street,E01032739,City of London 001F,Burglary,Court result unavailable,
9cbd7250bf8c908f55dd114e5827582668305c92a2b8cd30653404ebdb49b3de,2025-10,City of London Police,City of London Police,-0.097291,51.514626,On or near Supermarket,E01032739,City of London 001F,Burglary,Investigation complete; no suspect identified,
5f30bb36bd16d2b094462faa6bd609c7235f1eb8beb22cf7fe174fa22c2317db,2025-10,City of London Police,City of London Police,-0.084844,51.509700,On or near Monument Street,E01032739,City of London 001F,Burglary,Unable to prosecute suspect,
dd5cfe9a7eee9a6adc5436331505ca0c240b91c695e726fc596b01e65a77f443,2025-10,City of London Police,City of London Police,-0.077070,51.510877,On or near Cooper'S Row,E01032739,City of London 001F,Burglary,Investigation complete; no suspect identified,
848946a28a6dc724f3cf1de11450d1a6f8ab8009181f4c68c3466f4001f5a7f7,2025-10,City of London Police,City of London Police,-0.078059,51.509967,On or near Trinity Square,E01032739,City of London 001F,Criminal damage and arson,Investigation complete; no suspect identified,
bc12d0cc7b6f4d3e735948c4d4b1d18ca2c3b630f68dfd42af3e2fe7b09d63d6,2025-10,City of London Police,City of London Police,-0.091540,51.511896,On or near Cannon Street,E01032739,City of London 001F,Criminal damage and arson,Investigation complete; no suspect identified,
0f43937dc9fbe125409ab44eeb1015d242f009a90c02f5721348fd17b62ffc4b,2025-10,City of London Police,City of London Police,-0.092633,51.509872,On or near Bell Wharf Lane,E01032739,City of London 001F,Criminal damage and arson,Investigation complete; no suspect identified,
f1e9cdad69437acf90290c94fac1e287944197452d2ee325b6afadecb57cb13d,2025-10,City of London Police,City of London Police,-0.079907,51.517785,On or near Victoria Avenue,E01032739,City of London 001F,Criminal damage and arson,Local resolution,
5126f587fb6b06c366667e1b6f810bcca418410edf8034c2162f57e56e070af3,2025-10,City of London Police,City of London Police,-0.088785,51.517102,On or near Moorgate,E01032739,City of London 001F,Criminal damage and arson,Status update unavailable,
b58f718c040e863cd5eff68b9da15d120c098a13d8f37f0bbc7050707bf4d9d1,2025-10,City of London Police,City of London Police,-0.089208,51.509744,On or near Angel Lane,E01032739,City of London 001F,Criminal damage and arson,Investigation complete; no suspect identified,
10c9b647ca32b13651e290707df37eb17a357357de9335d7e734fffdd3863786,2025-10,City of London Police,City of London Police,-0.091540,51.511896,On or near Cannon Street,E01032739,City of London 001F,Criminal damage and arson,Unable to prosecute suspect,
76794099df17d49ad263e47ac91002eaf26ba6e2d35cf091af27287eeb406885,2025-10,City of London Police,City of London Police,-0.088456,51.514975,On or near Tokenhouse Yard,E01032739,City of London 001F,Criminal damage and arson,Investigation complete; no suspect identified,
57e350386cf8775aee7644841a019db2a27f098f2f62327dc1bb1167c767f044,2025-10,City of London Police,City of London Police,-0.092633,51.509872,On or near Bell Wharf Lane,E01032739,City of London 001F,Criminal damage and arson,Investigation complete; no suspect identified,
08e3f204a48714d45a9a71c7d5f494a761cf9ba60dd0e5f7009345248a06ad90,2025-10,City of London Police,City of London Police,-0.079907,51.517785,On or near Victoria Avenue,E01032739,City of London 001F,Criminal damage and arson,Investigation complete; no suspect identified,
d5cb976f00d6faf2f059678e206d262a7a52f555ee7658a76052f106c5e64578,2025-10,City of London Police,City of London Police,-0.092633,51.509872,On or near Bell Wharf Lane,E01032739,City of London 001F,Criminal damage and arson,Investigation complete; no suspect identified,
d554497c6a48a3d2f75bc86be296d846ef3292dc8bf79996112fc4515f763e9c,2025-10,City of London Police,City of London Police,-0.084844,51.509700,On or near Monument Street,E01032739,City of London 001F,Criminal damage and arson,Unable to prosecute suspect,
389458987a2409c38b67ad42d1829c92063eabe8301ad285877bde5eed34deb0,2025-10,City of London Police,City of London Police,-0.104276,51.513712,On or near A201,E01032739,City of London 001F,Criminal damage and arson,Unable to prosecute suspect,
7f9113f64a7822c499a18b97bc47996587eac0da4f2692118be66dc522e9f2f7,2025-10,City of London Police,City of London Police,-0.092633,51.509872,On or near Bell Wharf Lane,E01032739,City of London 001F,Criminal damage and arson,Investigation complete; no suspect identified,
cc8c03507028404d7268d1bb73c189a759b290a23e2c2bfe7665f78708f0b55d,2025-10,City of London Police,City of London Police,-0.089808,51.517461,On or near London Wall,E01032739,City of London 001F,Criminal damage and arson,Awaiting court outcome,
929e2b33273d9388c2ca26db73a3cf5e2cae60251e47f42c0e799dfc66ac607f,2025-10,City of London Police,City of London Police,-0.101292,51.514770,On or near Amen Court,E01032739,City of London 001F,Criminal damage and arson,Investigation complete; no suspect identified,
d647f7b1823444c45b773e3ac76e0918860b58d3f37fca5b349b64a39b0355b3,2025-10,City of London Police,City of London Police,-0.084844,51.509700,On or near Monument Street,E01032739,City of London 001F,Criminal damage and arson,Investigation complete; no suspect identified,
eb9ccbc5cc0cc8b697b5b390aa0c7a34e4d9983ea81e69fe108608f9edf68479,2025-10,City of London Police,City of London Police,-0.087744,51.516492,On or near Copthall Avenue,E01032739,City of London 001F,Criminal damage and arson,Investigation complete; no suspect identified,
e053e8166434203e143525cf39826fd6e48c3470a62597367766426af1a7a606,2025-10,City of London Police,City of London Police,-0.092633,51.509872,On or near Bell Wharf Lane,E01032739,City of London 001F,Criminal damage and arson,Investigation complete; no suspect identified,
39a5b171eaded5724319ebbe4a82f357f5ddbfbe38a65a57f82dfd8128f23fb5,2025-10,City of London Police,City of London Police,-0.102134,51.513929,On or near Ludgate Hill,E01032739,City of London 001F,Criminal damage and arson,Investigation complete; no suspect identified,
677c0ee5402d2d5c958e171cb572b2af27cb2d5596150e2063dd6e5791cca4f9,2025-10,City of London Police,City of London Police,-0.087772,51.510665,On or near Martin Lane,E01032739,City of London 001F,Criminal damage and arson,Status update unavailable,
5948617d24b3e64204aef6ba8db1d3f58b8160f9e07a6705eabe586a86f7ec52,2025-10,City of London Police,City of London Police,-0.077372,51.512590,On or near Carlisle Avenue,E01032739,City of London 001F,Drugs,Investigation complete; no suspect identified,
d07717103c37842d72df2c707f5d045921184b4dc9fa1e72f15710deee458e00,2025-10,City of London Police,City of London Police,-0.097176,51.510836,On or near Trig Lane,E01032739,City of London 001F,Drugs,Awaiting court outcome,
5d66d1c3903e6cb198c040c4e655d16dedc09022603d046c261940a5c8b180a8,2025-10,City of London Police,City of London Police,-0.101292,51.514770,On or near Amen Court,E01032739,City of London 001F,Drugs,Status update unavailable,
ae1abb00a79b2749e971ff9fd05c660da3f4e98413e1a6f274331bd092ef7187,2025-10,City of London Police,City of London Police,-0.083600,51.509797,On or near St Mary At Hill,E01032739,City of London 001F,Drugs,Court result unavailable,
bd28ed4f56279ec88183c353a6663e383ac8c54aea042f0886f96389b2e17902,2025-10,City of London Police,City of London Police,-0.079907,51.517785,On or near Victoria Avenue,E01032739,City of London 001F,Drugs,Court result unavailable,
062b4897c84019db71d58ae51a70922b3540f35ad7980b7ac419536bf626c5d3,2025-10,City of London Police,City of London Police,-0.104276,51.513712,On or near A201,E01032739,City of London 001F,Drugs,Local resolution,
941b9d64b6656237a7167e5991b4675d5c87c069089e66c0e930082004bf1ab0,2025-10,City of London Police,City of London Police,-0.085089,51.512105,On or near Gracechurch Street,E01032739,City of London 001F,Drugs,Court result unavailable,
e2e5d483a3edb676c851cad1cc3fa2877468ae476d94c9945502bddce9f78648,2025-10,City of London Police,City of London Police,-0.086815,51.517007,On or near Circus Place,E01032739,City of London 001F,Drugs,Local resolution,
6be8d3a14f5116176004767860cb7b27c032a0f3e7f6202a31875f1e4d3889e6,2025-10,City of London Police,City of London Police,-0.080448,51.520689,On or near Primrose Street,E01032739,City of London 001F,Drugs,Unable to prosecute suspect,
172c33792945765fa1e6c1075ff6393f4565e925a185d59c856864f66ad8c2f9,2025-10,City of London Police,City of London Police,-0.078278,51.513666,On or near Mitre Street,E01032739,City of London 001F,Drugs,Local resolution,
21245fc4fd06f7f1bd091d89bf12de02b4dfa86328e83f85321ea6e181bb6fb9,2025-10,City of London Police,City of London Police,-0.083977,51.510441,On or near Lovat Lane,E01032739,City of London 001F,Drugs,Investigation complete; no suspect identified,
cff1cec5246a673208fad35db133088e85c7f252f811508beb30b778f1a18d33,2025-10,City of London Police,City of London Police,-0.078278,51.513666,On or near Mitre Street,E01032739,City of London 001F,Drugs,Local resolution,
f4c9b700743918a8ef45a9acef56e40ea53dbccdebef7df04ec1bdb9efd4c3ec,2025-10,City of London Police,City of London Police,-0.078278,51.513666,On or near Mitre Street,E01032739,City of London 001F,Drugs,Court result unavailable,
eafba2ee7912b85f3c24c90d58c87be2d8b107454e132a8d4f7d34b93e5bd072,2025-10,City of London Police,City of London Police,-0.095054,51.510559,On or near Queenhithe,E01032739,City of London 001F,Drugs,Unable to prosecute suspect,
ae1803d7c98b420adaf6b43a9acabf56258a2c4886457eca286dda4f4750c37f,2025-10,City of London Police,City of London Police,-0.079196,51.513789,On or near Creechurch Lane,E01032739,City of London 001F,Drugs,Court result unavailable,
dd9c01ed163f77464b97cc2302d3441ecfff2f790930991398153d69a26ed874,2025-10,City of London Police,City of London Police,-0.084754,51.512882,On or near Corbet Court,E01032739,City of London 001F,Other theft,Investigation complete; no suspect identified,
f2b9a1e6fffd5926ae7f3140d7c9a1abf1c0a36cf9276f30186b974f2241ad44,2025-10,City of London Police,City of London Police,-0.085228,51.511190,On or near Talbot Court,E01032739,City of London 001F,Other theft,Investigation complete; no suspect identified,
0337f7229cc63a8ff36bc5381d79b1753abe619143223284cb682a40c43ff194,2025-10,City of London Police,City of London Police,-0.095924,51.513882,On or near Shopping Area,E01032739,City of London 001F,Other theft,Unable to prosecute suspect,
20962758dc24b62faff529c3126cd2d8fea7057c091ef2ce0f4ce830ebc6006e,2025-10,City of London Police,City of London Police,-0.079907,51.517785,On or near Victoria Avenue,E01032739,City of London 001F,Other theft,Investigation complete; no suspect identified,
69aa1397d3535c279df30e871954f21bfbec70079300fab7964c9b3f279012b4,2025-10,City of London Police,City of London Police,-0.083349,51.514830,On or near Shopping Area,E01032739,City of London 001F,Other theft,Investigation complete; no suspect identified,
cf1c01c4c18979ed76b7ba65ac435c36a74a227b6170ac65990e3fa7466eeb4c,2025-10,City of London Police,City of London Police,-0.081113,51.516869,On or near Bishopsgate,E01032739,City of London 001F,Other theft,Investigation complete; no suspect identified,
c92dc2a35b2cbb5479ab08ad9ccbfbe9ffb54219def7d848470f8db9d98ee209,2025-10,City of London Police,City of London Police,-0.085228,51.511190,On or near Talbot Court,E01032739,City of London 001F,Other theft,Investigation complete; no suspect identified,
36c5d190692918b9ebf443fad8f2cdc19ffe8065e8bfcfac5a2ac786cb9c2abd,2025-10,City of London Police,City of London Police,-0.084844,51.510725,On or near Eastcheap,E01032739,City of London 001F,Other theft,Investigation complete; no suspect identified,
61f1ed0a91c80e07571d7bc10af6714d85011df621ce552780a3577ad8909198,2025-10,City of London Police,City of London Police,-0.084754,51.512882,On or near Corbet Court,E01032739,City of London 001F,Other theft,Investigation complete; no suspect identified,
a4b90ebe4e23adc6674ba0edaa6786ddc6d01f7d0b87b8f9bd6ade03924c56e0,2025-10,City of London Police,City of London Police,-0.090578,51.509722,On or near Allhallows Lane,E01032739,City of London 001F,Other theft,Investigation complete; no suspect identified,
1d4d0a9c6a0da5f74c57c3765cdb899469cfb7eff7600b81f03c05eae2755f41,2025-10,City of London Police,City of London Police,-0.092531,51.512658,On or near Queen Street,E01032739,City of London 001F,Other theft,Unable to prosecute suspect,
7efeafea8d734ed501397c52aa0da825ce2d5259fb7efeee6f5cbbc8be728767,2025-10,City of London Police,City of London Police,-0.081512,51.518692,On or near London Liverpool Street,E01032739,City of London 001F,Other theft,Investigation complete; no suspect identified,
c0b81516a713d1faa6815f27ed7602ccb9c876d4cd8835079646224aa36620c7,2025-10,City of London Police,City of London Police,-0.085228,51.511190,On or near Talbot Court,E01032739,City of London 001F,Other theft,Awaiting court outcome,
107e4b7e52bda8db5f5a7d8523f8ea9d9bdc5b763a7cd69075befa53f3364ec3,2025-10,City of London Police,City of London Police,-0.104276,51.513712,On or near A201,E01032739,City of London 001F,Other theft,Investigation complete; no suspect identified,
e74c2690e808873a19ad8fd587f5e1345b0114e5b3e8a8d7b169ccc1c684d86a,2025-10,City of London Police,City of London Police,-0.087157,51.512624,On or near Lombard Street,E01032739,City of London 001F,Other theft,Investigation complete; no suspect identified,
06ad649c0ece3d22d6c7992f2bd199f1859fb9a1c2b95343ac962c536708345c,2025-10,City of London Police,City of London Police,-0.094460,51.512024,On or near Great Trinity Lane,E01032739,City of London 001F,Other theft,Investigation complete; no suspect identified,
01d70f4b1d44de26b8e9d208d7cc4ec60abc9e77439e80ea3103aa7999208c2d,2025-10,City of London Police,City of London Police,-0.078755,51.518440,On or near Artillery Lane,E01032739,City of London 001F,Other theft,Investigation complete; no suspect identified,
f1dbca1f74d770e4c143ce0cf211cf6eb6bef222bbbc49efe5ac486963b6c2b0,2025-10,City of London Police,City of London Police,-0.101906,51.511794,On or near Theatre/Concert Hall,E01032739,City of London 001F,Other theft,Investigation complete; no suspect identified,
29bc49e5b37b0f265f419e83a75a5e42d905a13b3bb7162bd174dec1510aaf4f,2025-10,City of London Police,City of London Police,-0.097176,51.510836,On or near Trig Lane,E01032739,City of London 001F,Other theft,Investigation complete; no suspect identified,
985ee853089b102f43417cda6d8be1a4a65d14ccf095e4cbc44ee577839a75c7,2025-10,City of London Police,City of London Police,-0.081643,51.510070,On or near Great Tower Street,E01032739,City of London 001F,Other theft,Investigation complete; no suspect identified,
af2fca42c931c28bd81945f26002a8c588cd3dbc21cafeca014e571aea325b9d,2025-10,City of London Police,City of London Police,-0.100201,51.513286,On or near Dean'S Court,E01032739,City of London 001F,Other theft,Investigation complete; no suspect identified,
8bd3595fecf4b7d52d57d201e758b7d48c88f35f2716cfca978ee7b6ba72e57a,2025-10,City of London Police,City of London Police,-0.079883,51.517326,On or near New Street,E01032739,City of London 001F,Other theft,Unable to prosecute suspect,
4dda8fa43928bc7723e6cb62f22d210bc4c9f59ef88f8b26a1cf94f8f122da2a,2025-10,City of London Police,City of London Police,-0.094070,51.513079,On or near Watling Street,E01032739,City of London 001F,Other theft,Investigation complete; no suspect identified,
496a087f4179c9896576245309d9c99ea4da9f7555ac408ab134178da212bf5f,2025-10,City of London Police,City of London Police,-0.092531,51.512658,On or near Queen Street,E01032739,City of London 001F,Other theft,Court result unavailable,
be216380c79126b9b9e740e4ef8878883db08ab739af2d8e18d23d6676996df9,2025-10,City of London Police,City of London Police,-0.079907,51.517785,On or near Victoria Avenue,E01032739,City of London 001F,Other theft,Investigation complete; no suspect identified,
a0c44e6483b095074ae9b9ba73d079723c49de6bb6b91b4f3f756b9f542ea4b9,2025-10,City of London Police,City of London Police,-0.090578,51.509722,On or near Allhallows Lane,E01032739,City of London 001F,Other theft,Investigation complete; no suspect identified,
261fbfad7163412da7e006f1a7485bec25790a33bcd1b488e815095f29c05350,2025-10,City of London Police,City of London Police,-0.078278,51.513666,On or near Mitre Street,E01032739,City of London 001F,Other theft,Awaiting court outcome,
aa2b4cc78d2ede35cc49b7df7909370d750c1e7d4be29a09841faad570df264d,2025-10,City of London Police,City of London Police,-0.081973,51.515948,On or near A10,E01032739,City of London 001F,Other theft,Unable to prosecute suspect,
6e5384e962a16bc40a034f5bc4963e4a98d6a079c7ecb50963220abb500ebfb8,2025-10,City of London Police,City of London Police,-0.091947,51.513188,On or near Pancras Lane,E01032739,City of London 001F,Other theft,Investigation complete; no suspect identified,
bfb36d2f0f51ae71bb8d0d07a63bc807220cf90cb257de1ddd32b0275d3fb2bf,2025-10,City of London Police,City of London Police,-0.092531,51.512658,On or near Queen Street,E01032739,City of London 001F,Other theft,Investigation complete; no suspect identified,
f9e949aefe334177806f12df369407fe2eab6fea76b293284dbb9a1e72534c7e,2025-10,City of London Police,City of London Police,-0.087157,51.512624,On or near Lombard Street,E01032739,City of London 001F,Other theft,Investigation complete; no suspect identified,
c9e8f6a72509bba0cfe115c6f5151f77ff24246c2b0d4a3e9117115969c63a4f,2025-10,City of London Police,City of London Police,-0.087157,51.512624,On or near Lombard Street,E01032739,City of London 001F,Other theft,Investigation complete; no suspect identified,
6552126ac5d7fba7b380c497a5fe2ad4c694bda1cbb0a2b7e3c23228374a1146,2025-10,City of London Police,City of London Police,-0.079883,51.517326,On or near New Street,E01032739,City of London 001F,Other theft,Investigation complete; no suspect identified,
6c4717d1c45bf60f6d46c20677e363b3c9a2b0e6fb7525437b342856837c7fe9,2025-10,City of London Police,City of London Police,-0.091823,51.514427,On or near Ironmonger Lane,E01032739,City of London 001F,Other theft,Investigation complete; no suspect identified,
cba076dad940b3472241aad232e9c191646115c17f0cad1eebedee16f06d6e0b,2025-10,City of London Police,City of London Police,-0.095764,51.512549,On or near Friday Street,E01032739,City of London 001F,Other theft,Investigation complete; no suspect identified,
0ac3f68b1bfb08a199c080ae94fef446f1379db68fb8ee7c07b466b49fc15d24,2025-10,City of London Police,City of London Police,-0.094070,51.513079,On or near Watling Street,E01032739,City of London 001F,Other theft,Investigation complete; no suspect identified,
4ab35d9a74c726646e7383b5289d6dc4be86d9cac8f1bcc1577140c9a5428539,2025-10,City of London Police,City of London Police,-0.084836,51.511939,On or near Shopping Area,E01032739,City of London 001F,Other theft,Investigation complete; no suspect identified,
135a23f98f5176df3c8dddfb1fcda14177be4245d42785c8786e1a21cc479ef5,2025-10,City of London Police,City of London Police,-0.092531,51.512658,On or near Queen Street,E01032739,City of London 001F,Other theft,Investigation complete; no suspect identified,
60aeeb1fa3634b01386ace58ac276c610cee1f1a1208958942dd041f4ed0b08a,2025-10,City of London Police,City of London Police,-0.084754,51.512882,On or near Corbet Court,E01032739,City of London 001F,Other theft,Investigation complete; no suspect identified,
41d0df018cf4bc5c2176f6f261bf766836095b84d2fdeb739e6b30f0cbca620e,2025-10,City of London Police,City of London Police,-0.089208,51.509744,On or near Angel Lane,E01032739,City of London 001F,Other theft,Unable to prosecute suspect,
dc6309adc20b83dabdc9b75b541208fbfe104b8ff2cc17f470305f1fb078470a,2025-10,City of London Police,City of London Police,-0.078477,51.509965,On or near Muscovy Street,E01032739,City of London 001F,Other theft,Investigation complete; no suspect identified,
fde8c3cc4864b1389b1f4c80bae55ac903ccafb327065b0dabbcf4cc3de5587a,2025-10,City of London Police,City of London Police,-0.081512,51.518692,On or near London Liverpool Street,E01032739,City of London 001F,Other theft,Investigation complete; no suspect identified,
e287e1fa912dfcf038ed5d940b5cde329b8a577c97c9b9b75ef6890475ae0c5a,2025-10,City of London Police,City of London Police,-0.077959,51.511332,On or near Crutched Friars,E01032739,City of London 001F,Other theft,Investigation complete; no suspect identified,
dc6508469b8b4edc760cdf2211c525564f14de179232eca04f4b1377ccc0360e,2025-10,City of London Police,City of London Police,-0.088785,51.517102,On or near Moorgate,E01032739,City of London 001F,Other theft,Investigation complete; no suspect identified,
937fd1d538abddacefe896ca6abf8e7e82e709ff58aca63da87494514c92601a,2025-10,City of London Police,City of London Police,-0.087772,51.510665,On or near Martin Lane,E01032739,City of London 001F,Other theft,Investigation complete; no suspect identified,
bc05055551188a226cec0de5d878b6fddeaab2b9010772e636d06fa4a287660e,2025-10,City of London Police,City of London Police,-0.079127,51.509607,On or near Byward Street,E01032739,City of London 001F,Other theft,Investigation complete; no suspect identified,
141ac18d18942b8020498df917ac530cd1d882c50de395bcd6a64082a0fbca1e,2025-10,City of London Police,City of London Police,-0.081512,51.518692,On or near London Liverpool Street,E01032739,City of London 001F,Other theft,Investigation complete; no suspect identified,
f52e5550c78b45e570361cb8949ec561fc476f03684173d91a1e1a53e845fdad,2025-10,City of London Police,City of London Police,-0.084910,51.512588,On or near Bell Inn Yard,E01032739,City of London 001F,Other theft,Investigation complete; no suspect identified,
305453b5d656d4207668313055f8e56c5a13686ad7b91f2c75be779fdbc09b75,2025-10,City of London Police,City of London Police,-0.088785,51.517102,On or near Moorgate,E01032739,City of London 001F,Other theft,Investigation complete; no suspect identified,
947994ec360b02963a7e35613ca7c769649db3b030a4d8d3166c3922f8a27d5d,2025-10,City of London Police,City of London Police,-0.094070,51.513079,On or near Watling Street,E01032739,City of London 001F,Other theft,Court result unavailable,
dc30da11dfac5c059eaa6912de1d46942687324e84d93e5081f8a92829cbc28b,2025-10,City of London Police,City of London Police,-0.100201,51.513286,On or near Dean'S Court,E01032739,City of London 001F,Other theft,Investigation complete; no suspect identified,
318c5ccd9ee5c15a90ec8ab54b127f9f1abfda417edf2a1f3b1f2f47c0f7ef7a,2025-10,City of London Police,City of London Police,-0.079883,51.517326,On or near New Street,E01032739,City of London 001F,Other theft,Investigation complete; no suspect identified,
3eae06fa0c066ead648939ada092160adac6dad076cf413cbfe57bb59ba0e3bf,2025-10,City of London Police,City of London Police,-0.080365,51.508943,On or near Parking Area,E01032739,City of London 001F,Other theft,Investigation complete; no suspect identified,
68cdeb8b585e3d7e84e8db59c0064844d7999ba1e9dc72d5c57fa4a2ad871ed4,2025-10,City of London Police,City of London Police,-0.078755,51.518440,On or near Artillery Lane,E01032739,City of London 001F,Other theft,Investigation complete; no suspect identified,
5c8748ef4f1674d28dfae8a8e13a20f6628e329794ae67ed3df2963f95cda398,2025-10,City of London Police,City of London Police,-0.079138,51.508312,On or near Lower Thames Street,E01032739,City of London 001F,Other theft,Investigation complete; no suspect identified,
2667c2bc1f4d0fe88b65f923e8f724ea061dd72c5bab139d183c7c899c813e41,2025-10,City of London Police,City of London Police,-0.090578,51.509722,On or near Allhallows Lane,E01032739,City of London 001F,Other theft,Investigation complete; no suspect identified,
1a55f12c788f066018b34ddd6523ad4ab01ba7dbc079502bf7190f76a6196241,2025-10,City of London Police,City of London Police,-0.083977,51.510441,On or near Lovat Lane,E01032739,City of London 001F,Other theft,Investigation complete; no suspect identified,
c13b063d7a1752ebef0f24153424972d50d6f6d454ddfb176d89ef3caae3d0b9,2025-10,City of London Police,City of London Police,-0.089479,51.510864,On or near Gophir Lane,E01032739,City of London 001F,Other theft,Investigation complete; no suspect identified,
70dfd578d23bd3e430f7acf09e7617758f594dcf2033fb7a6276d63fc25d53c9,2025-10,City of London Police,City of London Police,-0.077372,51.512590,On or near Carlisle Avenue,E01032739,City of London 001F,Other theft,Investigation complete; no suspect identified,
cfa3b55b35e9e58e75e29326444edc37bd923d5e4cc191f6d72ccdb7952dd97b,2025-10,City of London Police,City of London Police,-0.081973,51.515948,On or near A10,E01032739,City of London 001F,Other theft,Investigation complete; no suspect identified,
6ddabab75040433ac24248a0fd0f289127da45fdedbe2877bc3511a467ce18e0,2025-10,City of London Police,City of London Police,-0.088903,51.510836,On or near Laurence Pountney Hill,E01032739,City of London 001F,Other theft,Investigation complete; no suspect identified,
efa5d928d44b58900f8c4e904b13c3b11674afee90dd24069d23b97db0871b11,2025-10,City of London Police,City of London Police,-0.084910,51.512588,On or near Bell Inn Yard,E01032739,City of London 001F,Other theft,Investigation complete; no suspect identified,
777e8d608d1dbd747a6cb2f8bcea677401326ed6be9085666ca41021b2b2ebed,2025-10,City of London Police,City of London Police,-0.079521,51.511196,On or near New London Street,E01032739,City of London 001F,Other theft,Unable to prosecute suspect,
8eb8e2c4824b6ced6e7d8724ceb146f96956b18fd5af17b69169f0e512b20fd3,2025-10,City of London Police,City of London Police,-0.080291,51.514814,On or near Bury Court,E01032739,City of London 001F,Other theft,Investigation complete; no suspect identified,
f6d3cb067b60d4277f4a54cff54afe2c73dbb70ed19ecebd6ba6ac2875e18f9e,2025-10,City of London Police,City of London Police,-0.089479,51.510864,On or near Gophir Lane,E01032739,City of London 001F,Other theft,Investigation complete; no suspect identified,
9660a409933c26f4a65d423aebbed5ee6083c3cefc93bf91d4ec39032d73bfb4,2025-10,City of London Police,City of London Police,-0.085228,51.511190,On or near Talbot Court,E01032739,City of London 001F,Other theft,Investigation complete; no suspect identified,
26dfa2f4e4a155236138ee9a80c49f4baee15a66f58d3ad8705c3d5a71371f99,2025-10,City of London Police,City of London Police,-0.078755,51.518440,On or near Artillery Lane,E01032739,City of London 001F,Other theft,Investigation complete; no suspect identified,
be31be639277345c9ef97f1e04f7b2fa76afce376fb982a99b927d64d0e370f8,2025-10,City of London Police,City of London Police,-0.094900,51.513209,On or near Bread Street,E01032739,City of London 001F,Other theft,Investigation complete; no suspect identified,
cdad5af5dae60cbd88762601496da10e3c29c005b72b9d5f25a8feb19ef8f763,2025-10,City of London Police,City of London Police,-0.078937,51.514109,On or near Heneage Place,E01032739,City of London 001F,Other theft,Investigation complete; no suspect identified,
235fe51625afba3f17254d3019450221d2a8ff7fd1930ac9a3512e66b109f0e8,2025-10,City of London Police,City of London Police,-0.089479,51.510864,On or near Gophir Lane,E01032739,City of London 001F,Other theft,Investigation complete; no suspect identified,
c0c560930d921d2da8c7a98b3ac82d1bb1b0c2a67f97213c92b20ff068b1654d,2025-10,City of London Police,City of London Police,-0.094900,51.513209,On or near Bread Street,E01032739,City of London 001F,Other theft,Investigation complete; no suspect identified,
8756d2a7b519c5b2a91e563c60f6c51bf0071b9cf8a9390ceb2a34b8415019fd,2025-10,City of London Police,City of London Police,-0.084836,51.511939,On or near Shopping Area,E01032739,City of London 001F,Other theft,Investigation complete; no suspect identified,
54bdfbed166eb0c0c118714d0c6b00bffe35b877d6704fef3013e22d0bb9bf47,2025-10,City of London Police,City of London Police,-0.102134,51.513929,On or near Ludgate Hill,E01032739,City of London 001F,Other theft,Court result unavailable,
e27f20d0e4d219c117295157fc4c9574a2d12b736827f6cc7922006536896c5f,2025-10,City of London Police,City of London Police,-0.092531,51.512658,On or near Queen Street,E01032739,City of London 001F,Other theft,Investigation complete; no suspect identified,
8d51b0df7b02773d2283e5da7d8f5c58d22dc5f6e8e0f5fa69a35ef24cb6c721,2025-10,City of London Police,City of London Police,-0.101589,51.513515,On or near Ludgate Square,E01032739,City of London 001F,Other theft,Unable to prosecute suspect,
cc0fca6f818ed6dedd1f88a4f3ef1ffe911346d22a12795772ba7b2cd602f273,2025-10,City of London Police,City of London Police,-0.091540,51.511896,On or near Cannon Street,E01032739,City of London 001F,Other theft,Investigation complete; no suspect identified,
490d1fedab79742157c7ae6a05a358b51c52c0c40ba797268625dd293b4670b9,2025-10,City of London Police,City of London Police,-0.092531,51.512658,On or near Queen Street,E01032739,City of London 001F,Other theft,Investigation complete; no suspect identified,
c89ee094e6966bb00791d59bd12ca23cf35925feb613fdcfbd88721dbbe92c2b,2025-10,City of London Police,City of London Police,-0.091540,51.511896,On or near Cannon Street,E01032739,City of London 001F,Other theft,Investigation complete; no suspect identified,
53284b01f24595d78fdf1292e830665cab0aa169c62f76bbfa11c3bb4481306d,2025-10,City of London Police,City of London Police,-0.101393,51.512685,On or near St Andrew'S Hill,E01032739,City of London 001F,Other theft,Court result unavailable,
e215c930312dcc027cc3748a52f7224432e286f2e8ea767455162d1e74916d89,2025-10,City of London Police,City of London Police,-0.092531,51.512658,On or near Queen Street,E01032739,City of London 001F,Other theft,Investigation complete; no suspect identified,
5b7ce595762b92255598f5b04e382b76ff3c9a529b35a4e8bf7a81dd79b11381,2025-10,City of London Police,City of London Police,-0.084836,51.511939,On or near Shopping Area,E01032739,City of London 001F,Other theft,Investigation complete; no suspect identified,
dd5624bc7dc7ac514e418f20b3e8292b0f23409abffade40182ec60736a0e5a4,2025-10,City of London Police,City of London Police,-0.080291,51.514814,On or near Bury Court,E01032739,City of London 001F,Other theft,Unable to prosecute suspect,
50531ba7e93d321f2b020d6fcf2eceeb6ed1b6b8ef04a329cfa74b2cff51e9d3,2025-10,City of London Police,City of London Police,-0.081113,51.516869,On or near Bishopsgate,E01032739,City of London 001F,Other theft,Investigation complete; no suspect identified,
2c4ea5e2ac3bb32c1d5e6ac4ccaaded70f8cd267bfbdd9f4734710be96811ce5,2025-10,City of London Police,City of London Police,-0.081113,51.516869,On or near Bishopsgate,E01032739,City of London 001F,Other theft,Investigation complete; no suspect identified,
ffff3207aa9b71bca1a3061417deb68816a824fa479898c2de4e3310131b0aa7,2025-10,City of London Police,City of London Police,-0.084910,51.512588,On or near Bell Inn Yard,E01032739,City of London 001F,Other theft,Investigation complete; no suspect identified,
4ec8f90f099406b8aaebed7000b592a2eed9629c85d65e77492e42a52bc2c455,2025-10,City of London Police,City of London Police,-0.084754,51.512882,On or near Corbet Court,E01032739,City of London 001F,Other theft,Investigation complete; no suspect identified,
b6c03a04e455187d4e4c6a141427d9558844242a861725fff80343eedbbcfed0,2025-10,City of London Police,City of London Police,-0.084836,51.511939,On or near Shopping Area,E01032739,City of London 001F,Other theft,Investigation complete; no suspect identified,
68be1f633bb9066f31214e5f34c8d31dc25ae68fc4d04399d19d01dfb1108342,2025-10,City of London Police,City of London Police,-0.079907,51.517785,On or near Victoria Avenue,E01032739,City of London 001F,Other theft,Investigation complete; no suspect identified,
4539b6444b4dc733af98576b79d2f65fdfb705630ffe425cc103a95fec647e04,2025-10,City of London Police,City of London Police,-0.084836,51.511939,On or near Shopping Area,E01032739,City of London 001F,Other theft,Investigation complete; no suspect identified,
aadb1eb7ab01656a8e40d0c1b6fda351b1034dbcebf1aea71d742044a536a2aa,2025-10,City of London Police,City of London Police,-0.081902,51.517296,On or near Liverpool Street,E01032739,City of London 001F,Other theft,Unable to prosecute suspect,
c448bc85afa2e1208f3b2cc7d367878a68210aaadd73b1b11e945ddb0157bd56,2025-10,City of London Police,City of London Police,-0.084910,51.512588,On or near Bell Inn Yard,E01032739,City of London 001F,Other theft,Investigation complete; no suspect identified,
e5a0897e37840a01bb12cf4d89ec6e63ebf0b7a16f59c9284b0aa2f4baa16855,2025-10,City of London Police,City of London Police,-0.097291,51.514626,On or near Supermarket,E01032739,City of London 001F,Other theft,Investigation complete; no suspect identified,
ee7d112a9b9ea96463ad4a94acf92b21ce7041e96735d7bcacbcc0872480f182,2025-10,City of London Police,City of London Police,-0.092531,51.512658,On or near Queen Street,E01032739,City of London 001F,Other theft,Investigation complete; no suspect identified,
32af673f952679168571a8a4e21cc31a5f413cc7fcace92a2682db4ccb270681,2025-10,City of London Police,City of London Police,-0.081973,51.515948,On or near A10,E01032739,City of London 001F,Other theft,Investigation complete; no suspect identified,
9bbd84b4c91055acee242e6fc98a2b0fa517ebfdacd683d54b3fc45d1d729daa,2025-10,City of London Police,City of London Police,-0.077804,51.518083,On or near Sandy'S Row,E01032739,City of London 001F,Other theft,Investigation complete; no suspect identified,
074afbe18ef110878f21c0605786824642f234aa6b6d87becdb78699b15bdb36,2025-10,City of London Police,City of London Police,-0.079196,51.513789,On or near Creechurch Lane,E01032739,City of London 001F,Other theft,Investigation complete; no suspect identified,
b00e862b575339c5c6df2bf22ae75b787883b9dbbec530b1198f49ff55ca8edc,2025-10,City of London Police,City of London Police,-0.084844,51.510725,On or near Eastcheap,E01032739,City of London 001F,Other theft,Investigation complete; no suspect identified,
e45e5739adbaa485b9c31079807d1b505efdc0ee53a7effa345bf5ad52d53c95,2025-10,City of London Police,City of London Police,-0.080448,51.520689,On or near Primrose Street,E01032739,City of London 001F,Other theft,Investigation complete; no suspect identified,
b1bfd97c4dfe67ce9a4acd82fef7cca8fc4a65547ff81469ac270e8c7cdb240f,2025-10,City of London Police,City of London Police,-0.078495,51.517770,On or near Further/Higher Educational Building,E01032739,City of London 001F,Other theft,Status update unavailable,
127fb714f7287335c1f4af4a073d65aa877d8cc466c92d29f107452b7fb69325,2025-10,City of London Police,City of London Police,-0.087157,51.512624,On or near Lombard Street,E01032739,City of London 001F,Other theft,Investigation complete; no suspect identified,
9922b9cc51f3178b22fad48f8bcd882842c46d74e10009267e967269d2df8e94,2025-10,City of London Police,City of London Police,-0.083349,51.514830,On or near Shopping Area,E01032739,City of London 001F,Other theft,Investigation complete; no suspect identified,
af7579822821dd7237c81fc60727fc2c641bda91abd46c37d7e68dc15b904e21,2025-10,City of London Police,City of London Police,-0.084754,51.512882,On or near Corbet Court,E01032739,City of London 001F,Other theft,Investigation complete; no suspect identified,
c615b2dc0f4029ea614fc47daac44d83fbc4acf2d936f71ba0d70f4cd26e10bc,2025-10,City of London Police,City of London Police,-0.084754,51.512882,On or near Corbet Court,E01032739,City of London 001F,Other theft,Investigation complete; no suspect identified,
f7e1ffa6eee6334a6644b7db461b06e7cb90acf80204a153d89d800e6068aad7,2025-10,City of London Police,City of London Police,-0.085228,51.511190,On or near Talbot Court,E01032739,City of London 001F,Other theft,Investigation complete; no suspect identified,
93b1df6fcee3821fac71793d922acb2b2830f606ac70ed380a0bed6d01ead71f,2025-10,City of London Police,City of London Police,-0.094070,51.513079,On or near Watling Street,E01032739,City of London 001F,Other theft,Investigation complete; no suspect identified,
efa003c37ad0f49455fa1afa33e7b5573b51368201eeb839acdd7a95a52b6121,2025-10,City of London Police,City of London Police,-0.094070,51.513079,On or near Watling Street,E01032739,City of London 001F,Other theft,Investigation complete; no suspect identified,
6d835a1bbdcb64026c2bb87297ba9ac3f7bdab1d29bb66a42b006a4203984493,2025-10,City of London Police,City of London Police,-0.082133,51.515222,On or near St Helen'S Place,E01032739,City of London 001F,Other theft,Investigation complete; no suspect identified,
be000be22693f134b985f3dcb08b2e33085d548302bced9afae979d09f7ba946,2025-10,City of London Police,City of London Police,-0.094070,51.513079,On or near Watling Street,E01032739,City of London 001F,Other theft,Investigation complete; no suspect identified,
59ac6e926d052dcf5dd3a8c5adf26d8900fa841c654bb23cb67ddd1283a5d02d,2025-10,City of London Police,City of London Police,-0.084754,51.512882,On or near Corbet Court,E01032739,City of London 001F,Other theft,Awaiting court outcome,
4da741e28ebfbb3be13970fbdfd58f48d16fe8e44b7c3c33ce85ac16d1ec2081,2025-10,City of London Police,City of London Police,-0.091540,51.511896,On or near Cannon Street,E01032739,City of London 001F,Other theft,Investigation complete; no suspect identified,
4fe9d6e1d7ece4f5a21bc21f8ce674e864a90a25502069cb3c9bd27b9ff180ce,2025-10,City of London Police,City of London Police,-0.079138,51.508312,On or near Lower Thames Street,E01032739,City of London 001F,Other theft,Investigation complete; no suspect identified,
463b8951eecb00f8fd6f07ac442c00eadb299d23259614b303e5fdcf338c6566,2025-10,City of London Police,City of London Police,-0.085228,51.511190,On or near Talbot Court,E01032739,City of London 001F,Other theft,Investigation complete; no suspect identified,
72f1c9be6e5321de7265a192380fdc0831b28a54cf95e85f38d65abc01d466e2,2025-10,City of London Police,City of London Police,-0.078477,51.509965,On or near Muscovy Street,E01032739,City of London 001F,Other theft,Investigation complete; no suspect identified,
9873fa8f82fa70c55c63e970f2a062b20ac4621b9cc1eadefec62f1c37dc8946,2025-10,City of London Police,City of London Police,-0.091947,51.513188,On or near Pancras Lane,E01032739,City of London 001F,Other theft,Investigation complete; no suspect identified,
79df430f4e087de6bd7e7d6c2b579a8049e5e0903ed83edd16d179e2b7db638e,2025-10,City of London Police,City of London Police,-0.079521,51.511196,On or near New London Street,E01032739,City of London 001F,Other theft,Investigation complete; no suspect identified,
cad144649857f7fac3d3f8b404bffadb6787a30659ea91bf1c1146a4ce0cd8a3,2025-10,City of London Police,City of London Police,-0.079907,51.517785,On or near Victoria Avenue,E01032739,City of London 001F,Other theft,Investigation complete; no suspect identified,
b54d84c7f1cf4c050d89decb3ac5cf24b4030d5c1c955e1f610c8a01bf046ddd,2025-10,City of London Police,City of London Police,-0.082133,51.515222,On or near St Helen'S Place,E01032739,City of London 001F,Other theft,Investigation complete; no suspect identified,
ccfc4c5227728b76d3e0fdb6ca8cc06e6b4c65196b59fdc67b3c64abe01b35c7,2025-10,City of London Police,City of London Police,-0.077372,51.512590,On or near Carlisle Avenue,E01032739,City of London 001F,Other theft,Investigation complete; no suspect identified,
dc27d0975934db0fc6878799c267750482b8150d6fd7e31dcbb0b7496044bda9,2025-10,City of London Police,City of London Police,-0.100201,51.513286,On or near Dean'S Court,E01032739,City of London 001F,Other theft,Unable to prosecute suspect,
3584914d4cbb7aff2ca9ba9ef8aec0f84a1f226ecf63052b9f26e754af023b6f,2025-10,City of London Police,City of London Police,-0.101589,51.513515,On or near Ludgate Square,E01032739,City of London 001F,Other theft,Investigation complete; no suspect identified,
6af6df63f9f2b3e79c13b75f9dce7f299e8913fc5e873b850c6e714c89314568,2025-10,City of London Police,City of London Police,-0.077959,51.511332,On or near Crutched Friars,E01032739,City of London 001F,Other theft,Investigation complete; no suspect identified,
c56af707c397ae1dff4b5de4a3b25a915c4e6261c460c04a693462237801b8c3,2025-10,City of London Police,City of London Police,-0.078477,51.509965,On or near Muscovy Street,E01032739,City of London 001F,Other theft,Investigation complete; no suspect identified,
7ebbf5e3c65cca6bfe346e1d922ccf4cebd3e422257306eb3ed7628e12a3f574,2025-10,City of London Police,City of London Police,-0.079127,51.509607,On or near Byward Street,E01032739,City of London 001F,Other theft,Investigation complete; no suspect identified,
9825b1a39e5c0ef425ba8d34244d487d07d88ee11a7ca222688e9a50e9cc9bb5,2025-10,City of London Police,City of London Police,-0.081643,51.510070,On or near Great Tower Street,E01032739,City of London 001F,Other theft,Investigation complete; no suspect identified,
251050d44b34781f5d0ee030fe207e416c7e78f34436bddb241afdfc5d272cba,2025-10,City of London Police,City of London Police,-0.086019,51.513631,On or near Finch Lane,E01032739,City of London 001F,Other theft,Investigation complete; no suspect identified,
4cd92d24c17acf3b5b23f6426f6e894606badd2d7e08df85192899dc75659f04,2025-10,City of London Police,City of London Police,-0.088456,51.514975,On or near Tokenhouse Yard,E01032739,City of London 001F,Other theft,Investigation complete; no suspect identified,
baa0e2f5d4645446badbfac8d91921336c71d6af2b64ab38def513f200e4947b,2025-10,City of London Police,City of London Police,-0.077070,51.510877,On or near Cooper'S Row,E01032739,City of London 001F,Other theft,Investigation complete; no suspect identified,
ecc46d6c6e1985221000b48cce686be2fe6266c37be6f4329359df4a13bbdc04,2025-10,City of London Police,City of London Police,-0.092531,51.512658,On or near Queen Street,E01032739,City of London 001F,Other theft,Investigation complete; no suspect identified,
4293a7eed1a5973b70d4b5d5c6210b4d04aca51a72d175adad6ca54e744642c3,2025-10,City of London Police,City of London Police,-0.081902,51.517296,On or near Liverpool Street,E01032739,City of London 001F,Other theft,Investigation complete; no suspect identified,
ef4d3b02093af7872d35f447339a17f6dd7e7614225660e87414a541044bda54,2025-10,City of London Police,City of London Police,-0.088785,51.517102,On or near Moorgate,E01032739,City of London 001F,Other theft,Investigation complete; no suspect identified,
0db319c8cbf368ad4587d8013068944b9ce366f401ffacde0f8096c4a479985b,2025-10,City of London Police,City of London Police,-0.079138,51.508312,On or near Lower Thames Street,E01032739,City of London 001F,Other theft,Investigation complete; no suspect identified,
123f64c7a7f049a6eac0a5b2de828b0f8c361d4d5c10920a35067c5fb9544bf3,2025-10,City of London Police,City of London Police,-0.078424,51.518093,On or near Widegate Street,E01032739,City of London 001F,Other theft,Investigation complete; no suspect identified,
64b55b67588e693a55f7cdc018d60449eef09524080108401c4727a484f9f59f,2025-10,City of London Police,City of London Police,-0.084754,51.512882,On or near Corbet Court,E01032739,City of London 001F,Other theft,Investigation complete; no suspect identified,
95700bea61b9907af5d9b15a0af54ff0bb33eeab861ea25ea701c883e0be4f28,2025-10,City of London Police,City of London Police,-0.079907,51.517785,On or near Victoria Avenue,E01032739,City of London 001F,Possession of weapons,Court result unavailable,
bf8175886b94ace799817b7393d28be08b12b51511fb991ced15d468fb038b09,2025-10,City of London Police,City of London Police,-0.083349,51.514830,On or near Shopping Area,E01032739,City of London 001F,Possession of weapons,Investigation complete; no suspect identified,
ff2844bdbbe730613c90393646029a372c171fa648d52a9bf8ea82acbe769de8,2025-10,City of London Police,City of London Police,-0.078937,51.514109,On or near Heneage Place,E01032739,City of London 001F,Public order,Investigation complete; no suspect identified,
08d04f435a4e7a389623ee786edb4b1688a0dc052881897bf537aa22faa60f0b,2025-10,City of London Police,City of London Police,-0.087772,51.510665,On or near Martin Lane,E01032739,City of London 001F,Public order,Investigation complete; no suspect identified,
bdcb354344206485a4f16dbbe20c96964b3846c2dde642db7879e07f252381a3,2025-10,City of London Police,City of London Police,-0.087744,51.516492,On or near Copthall Avenue,E01032739,City of London 001F,Public order,Investigation complete; no suspect identified,
ca77cd86df991ebdeb0c78330927e87d1b95077f303072c1a1b525f7037bb07f,2025-10,City of London Police,City of London Police,-0.083600,51.509797,On or near St Mary At Hill,E01032739,City of London 001F,Public order,Unable to prosecute suspect,
0a1c801af153e0ec35f145d11af76f4cb3eded97d5d0dec9f7dd512249dd3658,2025-10,City of London Police,City of London Police,-0.088456,51.514975,On or near Tokenhouse Yard,E01032739,City of London 001F,Public order,Investigation complete; no suspect identified,
c60cafa5de77e145a9d78f96165c615cdb0d27973780e86f50d9fe00209e2ce1,2025-10,City of London Police,City of London Police,-0.097291,51.514626,On or near Supermarket,E01032739,City of London 001F,Public order,Court result unavailable,
9d16212290a89d7d77818e4d9f1ecc79f95a7520dc1c542ef55620cfc08c5f8d,2025-10,City of London Police,City of London Police,-0.086019,51.513631,On or near Finch Lane,E01032739,City of London 001F,Public order,Unable to prosecute suspect,
97ae1e10529bea2cf7e3f49818ad727d20e125406cb71892616e298939f3be36,2025-10,City of London Police,City of London Police,-0.082993,51.516360,On or near Wormwood Street,E01032739,City of London 001F,Public order,Investigation complete; no suspect identified,
f4cd775f2cf6a788e40e42e47c7c4acc16c983f17c51d9207b7b05fab3fe5352,2025-10,City of London Police,City of London Police,-0.102732,51.513426,On or near Ludgate Broadway,E01032739,City of London 001F,Public order,Unable to prosecute suspect,
816a9b5e42641be541eae5c6ca0183c4ff72a99ef923718b927a9f8be4b76ad0,2025-10,City of London Police,City of London Police,-0.097291,51.514626,On or near Supermarket,E01032739,City of London 001F,Public order,Unable to prosecute suspect,
3040da09104e14a96a2cb7c5d3b3d669cb7fe1786414994fa75fd2e3f7989adf,2025-10,City of London Police,City of London Police,-0.077959,51.511332,On or near Crutched Friars,E01032739,City of London 001F,Public order,Investigation complete; no suspect identified,
f3b7dd4524621087d3362254f88182479b1b0c9cfbbe9ad6e681bbe78a7e1103,2025-10,City of London Police,City of London Police,-0.077372,51.512590,On or near Carlisle Avenue,E01032739,City of London 001F,Public order,Unable to prosecute suspect,
3135e4c7f970f7c2ea597c3c9bc3d351115a84afd34db22f4afec7e157cb3c55,2025-10,City of London Police,City of London Police,-0.082993,51.516360,On or near Wormwood Street,E01032739,City of London 001F,Public order,Unable to prosecute suspect,
2d41db8aef3311ace89d974dcc50e342a412893b1d67cccf6ba02c78fddaf9ba,2025-10,City of London Police,City of London Police,-0.079907,51.517785,On or near Victoria Avenue,E01032739,City of London 001F,Public order,Court result unavailable,
222231fe2c6436dc094a5f01e87169f692d31c12bd08238e7f5f58a64cb66c6e,2025-10,City of London Police,City of London Police,-0.094900,51.513209,On or near Bread Street,E01032739,City of London 001F,Public order,Court result unavailable,
5f7021d68d596148ce1e8079b6023964a39a1e976aa3f9e72a375129d0724787,2025-10,City of London Police,City of London Police,-0.088785,51.517102,On or near Moorgate,E01032739,City of London 001F,Public order,Unable to prosecute suspect,
35ecac9ff84c275af159f6e053e73a43354a7c224d7adbfc48dda9e54da994b0,2025-10,City of London Police,City of London Police,-0.091823,51.514427,On or near Ironmonger Lane,E01032739,City of London 001F,Public order,Investigation complete; no suspect identified,
99b0addf88f641e39fd55720bcc7374af898b0f713d70593a5a7f81ed1cce595,2025-10,City of London Police,City of London Police,-0.084910,51.512588,On or near Bell Inn Yard,E01032739,City of London 001F,Public order,Unable to prosecute suspect,
6895864f725044e1ab161b19d92de3dd4473aa3f19f5006d9f8709c2745f68c4,2025-10,City of London Police,City of London Police,-0.101292,51.514770,On or near Amen Court,E01032739,City of London 001F,Public order,Court result unavailable,
acd183a685a99561117e4cb4835f8673f218e8434b81aff57b7af8f87c506ab1,2025-10,City of London Police,City of London Police,-0.083349,51.514830,On or near Shopping Area,E01032739,City of London 001F,Public order,Investigation complete; no suspect identified,
aab2ed89bdf5a2ee02f492685cc5bc00547f42380343e13775c6c0a3d4814553,2025-10,City of London Police,City of London Police,-0.085228,51.511190,On or near Talbot Court,E01032739,City of London 001F,Public order,Investigation complete; no suspect identified,
8c0cc5b74ff4868cff72814dc265467f83ba2832df21d01cd4f5d71843259a13,2025-10,City of London Police,City of London Police,-0.087157,51.512624,On or near Lombard Street,E01032739,City of London 001F,Public order,Unable to prosecute suspect,
219aaac7139aa06919b1635948d00f1502298eb7ec778559ce5894fbefab0926,2025-10,City of London Police,City of London Police,-0.079907,51.517785,On or near Victoria Avenue,E01032739,City of London 001F,Public order,Awaiting court outcome,
dd1524fc9c684a44708445fd3e21066f132cc9708770ae26bab822a1c51a1c6d,2025-10,City of London Police,City of London Police,-0.079907,51.517785,On or near Victoria Avenue,E01032739,City of London 001F,Public order,Unable to prosecute suspect,
b7a9cebaed6dfe14a49d13d24aa967a8898753310e5be8ac6220d67ba0742b77,2025-10,City of London Police,City of London Police,-0.078278,51.513666,On or near Mitre Street,E01032739,City of London 001F,Public order,Unable to prosecute suspect,
cbcbdb71697c723b465da6eeb834fe3cacc3ca6b6f2b19395225c090cf7fd3dd,2025-10,City of London Police,City of London Police,-0.081902,51.517296,On or near Liverpool Street,E01032739,City of London 001F,Public order,Unable to prosecute suspect,
d4c3577ef293889f16f44e9e5229f5e8a2d523ba1c1c92f41123b11678d72fd2,2025-10,City of London Police,City of London Police,-0.081113,51.516869,On or near Bishopsgate,E01032739,City of London 001F,Public order,Investigation complete; no suspect identified,
c5bb82f32f31fa94bc778376effbf3992743d074db81b98502d5795e6eefc975,2025-10,City of London Police,City of London Police,-0.081113,51.516869,On or near Bishopsgate,E01032739,City of London 001F,Public order,Unable to prosecute suspect,
5b7f5e30caf2e079f436235dd75207f8cb795a00638887f3ba125f7d445adb32,2025-10,City of London Police,City of London Police,-0.083977,51.510441,On or near Lovat Lane,E01032739,City of London 001F,Public order,Investigation complete; no suspect identified,
de37367e5f0ed1348c69f42f8a8fd5b69be623893c0dd24fa571b850fbb757c7,2025-10,City of London Police,City of London Police,-0.087772,51.510665,On or near Martin Lane,E01032739,City of London 001F,Public order,Unable to prosecute suspect,
f7555fb2656329785fe4cd8833325eeaf8108f33d61f8ed62ff8ab30c8fd14ab,2025-10,City of London Police,City of London Police,-0.091540,51.511896,On or near Cannon Street,E01032739,City of London 001F,Public order,Investigation complete; no suspect identified,
69eb46024b72e05f4091f651e5a4658c3b9aedf57fbdf198c19043cef72f1104,2025-10,City of London Police,City of London Police,-0.081902,51.517296,On or near Liverpool Street,E01032739,City of London 001F,Public order,Unable to prosecute suspect,
cf14135c6460943062a0510af9d18616c43971e404a1b42880a063606f5dbc4f,2025-10,City of London Police,City of London Police,-0.082133,51.515222,On or near St Helen'S Place,E01032739,City of London 001F,Public order,Local resolution,
fdd54409c267257db877f7dcd800923055410be235911a154a11589d4d61db3c,2025-10,City of London Police,City of London Police,-0.091947,51.513188,On or near Pancras Lane,E01032739,City of London 001F,Public order,Unable to prosecute suspect,
443f64cf0595b9a6ed88eb739f6d58c7f10fd021c0a5f476e9974f98af102f20,2025-10,City of London Police,City of London Police,-0.088785,51.517102,On or near Moorgate,E01032739,City of London 001F,Public order,Unable to prosecute suspect,
6a4a59278ec2f40ff75c1d03cad96698edfa23bf2660d8035de2cab94b4961e6,2025-10,City of London Police,City of London Police,-0.081512,51.518692,On or near London Liverpool Street,E01032739,City of London 001F,Public order,Unable to prosecute suspect,
2c843646ca765c959e58bf2a5209e211f0915c7acb6471319836b88352d62050,2025-10,City of London Police,City of London Police,-0.091947,51.513188,On or near Pancras Lane,E01032739,City of London 001F,Public order,Unable to prosecute suspect,
a76b277a30934a4ae96275729e1fd41ba79274e5d66b62a20ad74c7250a947d5,2025-10,City of London Police,City of London Police,-0.101906,51.511794,On or near Theatre/Concert Hall,E01032739,City of London 001F,Public order,Unable to prosecute suspect,
891ea005d2b3e5f4ee43649b48fe5a748dadfe0c2f185908818aa620f47637b9,2025-10,City of London Police,City of London Police,-0.084844,51.510725,On or near Eastcheap,E01032739,City of London 001F,Robbery,Unable to prosecute suspect,
28622e42d02af215500264fae2aee59857a1f23b6a78685a36e35a902ce4a1d8,2025-10,City of London Police,City of London Police,-0.091947,51.513188,On or near Pancras Lane,E01032739,City of London 001F,Robbery,Investigation complete; no suspect identified,
a721386dee1325923d8ad04c1c2d9d3953a495619093ef707d8ffcc1f6c36df1,2025-10,City of London Police,City of London Police,-0.081113,51.516869,On or near Bishopsgate,E01032739,City of London 001F,Robbery,Court result unavailable,
eb942e3f3c2eabd491f2bce51ae8e714b7c29ad7512266758443274440463f52,2025-10,City of London Police,City of London Police,-0.078278,51.513666,On or near Mitre Street,E01032739,City of London 001F,Robbery,Investigation complete; no suspect identified,
cf353b0d5ed53ea378366d7bd6d35bd0edcea2549efc9dff60276c65572b1224,2025-10,City of London Police,City of London Police,-0.083977,51.510441,On or near Lovat Lane,E01032739,City of London 001F,Robbery,Unable to prosecute suspect,
1d3e3c7bb86f01686a3741e516dcbaeb035885ff81e31c1516d8ff914ded4ded,2025-10,City of London Police,City of London Police,-0.079883,51.517326,On or near New Street,E01032739,City of London 001F,Robbery,Unable to prosecute suspect,
17d2a6586606c49053c86f3173872fabf40a7244ca02e3836c555ea3485a5c3c,2025-10,City of London Police,City of London Police,-0.101906,51.511794,On or near Theatre/Concert Hall,E01032739,City of London 001F,Robbery,Investigation complete; no suspect identified,
d5c5651229d7104df69eb082cdd9f2896b7430e14e63aaa4a0ab14dbd65e7df2,2025-10,City of London Police,City of London Police,-0.083349,51.514830,On or near Shopping Area,E01032739,City of London 001F,Robbery,Investigation complete; no suspect identified,
79118622006f4418410cbbb672a79b6dc1cf890712ec241804e553eb974f227f,2025-10,City of London Police,City of London Police,-0.084844,51.509700,On or near Monument Street,E01032739,City of London 001F,Robbery,Status update unavailable,
23cd7c00ff0b6b0f84201d42ab023184f302374465b9a46ef6084568bd5638f4,2025-10,City of London Police,City of London Police,-0.087772,51.510665,On or near Martin Lane,E01032739,City of London 001F,Robbery,Investigation complete; no suspect identified,
228c5836263449c23b8c78ece69f11cbab576a16d9af276c0cb32189f7ee5553,2025-10,City of London Police,City of London Police,-0.097291,51.514626,On or near Supermarket,E01032739,City of London 001F,Robbery,Status update unavailable,
cb70cd247627acbb502243f6ae715cdef21d878ddd0c280f27281293cae39879,2025-10,City of London Police,City of London Police,-0.079907,51.517785,On or near Victoria Avenue,E01032739,City of London 001F,Robbery,Unable to prosecute suspect,
bec7198099cef93698da3a8ad586d23d4b997576d8b2357c41606560a7cc9f82,2025-10,City of London Police,City of London Police,-0.077563,51.517656,On or near Sandy'S Row,E01032739,City of London 001F,Robbery,Unable to prosecute suspect,
672d7546e3c101a3265559b1b89ffc81f5c25ee46974fc7bdf877914236b0071,2025-10,City of London Police,City of London Police,-0.079907,51.517785,On or near Victoria Avenue,E01032739,City of London 001F,Robbery,Unable to prosecute suspect,
cc93d54226e4cf3c09fb8cbfbc8fb5196690b1562ae52cd4b72bab90ce0269ea,2025-10,City of London Police,City of London Police,-0.094460,51.512024,On or near Great Trinity Lane,E01032739,City of London 001F,Robbery,Investigation complete; no suspect identified,
d3a5a63cd23c4400a925b441601e061a37acaceef8fab9c772dfec6db2963546,2025-10,City of London Police,City of London Police,-0.079883,51.517326,On or near New Street,E01032739,City of London 001F,Robbery,Court result unavailable,
bc0a486830d7f5bcb0270ab63ce8b8a6686d61a1a8c56e585839387d9ff5465d,2025-10,City of London Police,City of London Police,-0.095224,51.513736,On or near Shopping Area,E01032739,City of London 001F,Shoplifting,Investigation complete; no suspect identified,
d93c76940c927a565c43b530f642f11d7cbbb1fc0e23e38ba149851207e6e201,2025-10,City of London Police,City of London Police,-0.078278,51.513666,On or near Mitre Street,E01032739,City of London 001F,Shoplifting,Investigation complete; no suspect identified,
aa67bcfb21e2e4065f79d97b75263c8e0e70fdcb391643c7faf05d74d31301c1,2025-10,City of London Police,City of London Police,-0.094070,51.513079,On or near Watling Street,E01032739,City of London 001F,Shoplifting,Court result unavailable,
a2c9fd43f9f0c7b28cac7897c98972877b0454a4c83dc0c12d7a8d2c37d2e311,2025-10,City of London Police,City of London Police,-0.087157,51.512624,On or near Lombard Street,E01032739,City of London 001F,Shoplifting,Awaiting court outcome,
d4db488bd8afc61a63a96fcf5a25616bf096e4777ed837e7be4ff8ef5e69d479,2025-10,City of London Police,City of London Police,-0.094070,51.513079,On or near Watling Street,E01032739,City of London 001F,Shoplifting,Investigation complete; no suspect identified,
1abd9d3b9def6967cc4b64f3b85c7d9bf63a2ed31948d602d38416e7137384d4,2025-10,City of London Police,City of London Police,-0.078278,51.513666,On or near Mitre Street,E01032739,City of London 001F,Shoplifting,Unable to prosecute suspect,
62431499c43e0b75ff08aa72a0f9cd24d9afe4cffb8c4d8657cee4cedfdfefe3,2025-10,City of London Police,City of London Police,-0.078278,51.513666,On or near Mitre Street,E01032739,City of London 001F,Shoplifting,Investigation complete; no suspect identified,
40c30956824217fe990a2148ba9d74d55f766efc552771d50c01eab0acc7544b,2025-10,City of London Police,City of London Police,-0.097291,51.514626,On or near Supermarket,E01032739,City of London 001F,Shoplifting,Investigation complete; no suspect identified,
bf5f32e647e3b6f910b1273684db5febb9b8bf7a614ae01b3403a4b6bf322cf6,2025-10,City of London Police,City of London Police,-0.084844,51.510725,On or near Eastcheap,E01032739,City of London 001F,Shoplifting,Investigation complete; no suspect identified,
ea34efb614cebf6b81f7aa9a7b464b727fc1b7f05fe370592e1024021bf7d854,2025-10,City of London Police,City of London Police,-0.095224,51.513736,On or near Shopping Area,E01032739,City of London 001F,Shoplifting,Court result unavailable,
ed28349c9ca45a195c3344b92beb35544e68906a0a120d953d12006cd20010c1,2025-10,City of London Police,City of London Police,-0.085089,51.512105,On or near Gracechurch Street,E01032739,City of London 001F,Shoplifting,Unable to prosecute suspect,
096b4b92c4b60faea00a6f00b8a71fc8049a47f9bb7b0d6c9d932e65234bd8e2,2025-10,City of London Police,City of London Police,-0.079883,51.517326,On or near New Street,E01032739,City of London 001F,Shoplifting,Unable to prosecute suspect,
85d758dfc59ccad4208b9c8d75aad130436c31966d9ccc797c952fe7a8d2256a,2025-10,City of London Police,City of London Police,-0.078278,51.513666,On or near Mitre Street,E01032739,City of London 001F,Shoplifting,Local resolution,
d61f3e098cae99d99363ddb328dd930de908e793d3792ad28e03be43b95ae141,2025-10,City of London Police,City of London Police,-0.085089,51.512105,On or near Gracechurch Street,E01032739,City of London 001F,Shoplifting,Court result unavailable,
05b1a7a43b44453dbbafc4feb81cfa02efcd65b4a198f7643ab0f1c38bea0448,2025-10,City of London Police,City of London Police,-0.097291,51.514626,On or near Supermarket,E01032739,City of London 001F,Shoplifting,Unable to prosecute suspect,
09153c36233a52db7e71227fb9c258491a0b8e114423955468f9f01ec1452dec,2025-10,City of London Police,City of London Police,-0.091823,51.514427,On or near Ironmonger Lane,E01032739,City of London 001F,Shoplifting,Investigation complete; no suspect identified,
64c380bbdd4b2f53f57da6863dc7daaddd75ece9c0421b9175a5a343a5db4e2d,2025-10,City of London Police,City of London Police,-0.097291,51.514626,On or near Supermarket,E01032739,City of London 001F,Shoplifting,Investigation complete; no suspect identified,
bdae1f4975255f8c505b7eda6cdaa6c85e1cbac3ceca7e0997863d392c95f7c0,2025-10,City of London Police,City of London Police,-0.088903,51.510836,On or near Laurence Pountney Hill,E01032739,City of London 001F,Shoplifting,Unable to prosecute suspect,
560afbc31662eb50f449c90e0a64d7caffb825efbc266a681029b89d6937b663,2025-10,City of London Police,City of London Police,-0.089822,51.516103,On or near Coleman Street,E01032739,City of London 001F,Shoplifting,Court result unavailable,
61f6a11466cf51066a4ce3617fff4d73f5eeadb0dd1b4634318ea7e255851087,2025-10,City of London Police,City of London Police,-0.084754,51.512882,On or near Corbet Court,E01032739,City of London 001F,Shoplifting,Investigation complete; no suspect identified,
7630a72a8a97fd2fd67928aca13cd0abad57a0570697a89f60dff5702becce98,2025-10,City of London Police,City of London Police,-0.084844,51.510725,On or near Eastcheap,E01032739,City of London 001F,Shoplifting,Unable to prosecute suspect,
3487d5591520677e11691817befa5b7f141d0d2a73692251d0ab3df2b96ce8f9,2025-10,City of London Police,City of London Police,-0.095924,51.513882,On or near Shopping Area,E01032739,City of London 001F,Shoplifting,Investigation complete; no suspect identified,
be18cc082c9f39da22631c7026136e77b351cf531ae1ff62a7da87416dc3964b,2025-10,City of London Police,City of London Police,-0.079883,51.517326,On or near New Street,E01032739,City of London 001F,Shoplifting,Unable to prosecute suspect,
2b7a5a053ef87707077e3310f458a2078633e6507730ff61bd11dba2cb11b59c,2025-10,City of London Police,City of London Police,-0.078278,51.513666,On or near Mitre Street,E01032739,City of London 001F,Shoplifting,Court result unavailable,
60a8f706c0f29510ac1bb5aad44666b7b8f2bd3bdaedbfc448b9b4b3ca635c78,2025-10,City of London Police,City of London Police,-0.086815,51.517007,On or near Circus Place,E01032739,City of London 001F,Shoplifting,Investigation complete; no suspect identified,
aa7a3528e9eab68e53be985f22068b4cdc14339e3acf64d56ddb8267c3494e0b,2025-10,City of London Police,City of London Police,-0.097291,51.514626,On or near Supermarket,E01032739,City of London 001F,Shoplifting,Investigation complete; no suspect identified,
16e7f11ec3a74411682ea9e36ffa54729432b22a61f365460de6a9c0cdd30446,2025-10,City of London Police,City of London Police,-0.094070,51.513079,On or near Watling Street,E01032739,City of London 001F,Shoplifting,Awaiting court outcome,
382a038031e54e17fcecfb2a39239e76298874d75145afaf3b195e209812b378,2025-10,City of London Police,City of London Police,-0.094070,51.513079,On or near Watling Street,E01032739,City of London 001F,Shoplifting,Investigation complete; no suspect identified,
f8932438ca1e7e77ab7e941baba65f1db71a35e289909bc0ed5b8040956ad432,2025-10,City of London Police,City of London Police,-0.078278,51.513666,On or near Mitre Street,E01032739,City of London 001F,Shoplifting,Investigation complete; no suspect identified,
6ff6e9874a5346e18e130b6e6a646bb65f4441db541a8bd47445574a42bd031f,2025-10,City of London Police,City of London Police,-0.088785,51.517102,On or near Moorgate,E01032739,City of London 001F,Shoplifting,Investigation complete; no suspect identified,
56bf8accc1b295eabf1856e8b691917c56d009198634a914e1b00006b0208baf,2025-10,City of London Police,City of London Police,-0.094070,51.513079,On or near Watling Street,E01032739,City of London 001F,Shoplifting,Court result unavailable,
83e1eda3e54cd2e063fbb6864868ee8e6d4e37410ae68ce8b4e1b4f1be760cc7,2025-10,City of London Police,City of London Police,-0.079883,51.517326,On or near New Street,E01032739,City of London 001F,Shoplifting,Court result unavailable,
18f27b9acf34877f13acad5eed5dd35fa198cd249d7643265896e1cb244976eb,2025-10,City of London Police,City of London Police,-0.095224,51.513736,On or near Shopping Area,E01032739,City of London 001F,Shoplifting,Investigation complete; no suspect identified,
2150133056e2c1e90e47fcdcc2e72e3920f2c25da09310ad5e4b12aadd12afdc,2025-10,City of London Police,City of London Police,-0.097291,51.514626,On or near Supermarket,E01032739,City of London 001F,Shoplifting,Unable to prosecute suspect,
0985110480487a8ec655fd990e40038dad82780eee7d3f09d45567c0d86a9e56,2025-10,City of London Police,City of London Police,-0.078278,51.513666,On or near Mitre Street,E01032739,City of London 001F,Shoplifting,Local resolution,
f7ddea900bf7c5519cb90bcc620917f4a861c3bd426c493ed07d0b971153121a,2025-10,City of London Police,City of London Police,-0.082993,51.516360,On or near Wormwood Street,E01032739,City of London 001F,Shoplifting,Investigation complete; no suspect identified,
a2a326998368ee3f909f69a76d013437dcbe124cbfe9c47290ebe95064532fd6,2025-10,City of London Police,City of London Police,-0.094070,51.513079,On or near Watling Street,E01032739,City of London 001F,Shoplifting,Investigation complete; no suspect identified,
8c85bd18a1df4be8959ba5e5b0348cc4219862620a1efb361b93077e7367ed4d,2025-10,City of London Police,City of London Police,-0.095924,51.513882,On or near Shopping Area,E01032739,City of London 001F,Shoplifting,Investigation complete; no suspect identified,
868b37af42e08ed16176508a187afb78e9b7259d59c075c281f5faa61ec4f9a4,2025-10,City of London Police,City of London Police,-0.091823,51.514427,On or near Ironmonger Lane,E01032739,City of London 001F,Shoplifting,Investigation complete; no suspect identified,
7b35b3cc83f2fb0f214ba0dc972d4275e354889c3e7a18b555b72d5bc32e3e7e,2025-10,City of London Police,City of London Police,-0.094070,51.513079,On or near Watling Street,E01032739,City of London 001F,Shoplifting,Unable to prosecute suspect,
e9cbb3b174ef6932ab9fde12998fb86fd652592ebbe4c82869efe822b6f73c65,2025-10,City of London Police,City of London Police,-0.097291,51.514626,On or near Supermarket,E01032739,City of London 001F,Shoplifting,Unable to prosecute suspect,
cbdd520b25407017781dc1954757d92badfe5ad9d5d7ea77d43fa5ac64024918,2025-10,City of London Police,City of London Police,-0.097291,51.514626,On or near Supermarket,E01032739,City of London 001F,Shoplifting,Awaiting court outcome,
54654e663a03b23591e2b2eed33ff9ac1ef369a9200cbaf4b70e2b95fab8d91a,2025-10,City of London Police,City of London Police,-0.097291,51.514626,On or near Supermarket,E01032739,City of London 001F,Shoplifting,Investigation complete; no suspect identified,
2525b83e96ef800b8a2726e8b147a0e25891da1fc78be4f8e331703593a816c4,2025-10,City of London Police,City of London Police,-0.095924,51.513882,On or near Shopping Area,E01032739,City of London 001F,Shoplifting,Investigation complete; no suspect identified,
ac43bd7ce58b0f2f5c925d38c809438a5c5ebf4d0dde548ecfda980d69e3b430,2025-10,City of London Police,City of London Police,-0.091823,51.514427,On or near Ironmonger Lane,E01032739,City of London 001F,Shoplifting,Investigation complete; no suspect identified,
59973ea8a5fde8a8d00537a7bf4a089c1192bae9870ea926fe6980d82efd321e,2025-10,City of London Police,City of London Police,-0.082993,51.516360,On or near Wormwood Street,E01032739,City of London 001F,Shoplifting,Investigation complete; no suspect identified,
f55ebd68534725d145a27186b83e5163df3bfa8cb4cfe545609d5760c25b0650,2025-10,City of London Police,City of London Police,-0.087772,51.510665,On or near Martin Lane,E01032739,City of London 001F,Shoplifting,Investigation complete; no suspect identified,
8dc1cd1b6cf54e0712b256ef1f89fa12eb6f9283d8181f8af2ea63ab08ca9f92,2025-10,City of London Police,City of London Police,-0.081512,51.518692,On or near London Liverpool Street,E01032739,City of London 001F,Shoplifting,Investigation complete; no suspect identified,
d91ace3321735f0f4fd74f43621a29615dde51213d7896903226900b173c6f35,2025-10,City of London Police,City of London Police,-0.084836,51.511939,On or near Shopping Area,E01032739,City of London 001F,Shoplifting,Investigation complete; no suspect identified,
fd03a871de764880ebb5ec37912723934ec4a78a248cd3e97326e35afa213ab4,2025-10,City of London Police,City of London Police,-0.096501,51.513874,On or near New Change,E01032739,City of London 001F,Shoplifting,Status update unavailable,
72cd84565dc28450772f839e7defc87d1fe35198537a24fb44d4e6a8f4ff5c0f,2025-10,City of London Police,City of London Police,-0.095924,51.513882,On or near Shopping Area,E01032739,City of London 001F,Shoplifting,Unable to prosecute suspect,
b2c065361006ce56a79269acb6fcf4695b3db76aa7338d98d2aa732dc86872a1,2025-10,City of London Police,City of London Police,-0.097291,51.514626,On or near Supermarket,E01032739,City of London 001F,Shoplifting,Investigation complete; no suspect identified,
08d9386f1f660427e30bd47071c794beedfb2f88a3624a20e5962bd766617169,2025-10,City of London Police,City of London Police,-0.082993,51.516360,On or near Wormwood Street,E01032739,City of London 001F,Shoplifting,Investigation complete; no suspect identified,
ecbe8e742ab6401684648ba1235cfd464917e7b33e940a34452b7ac7fced08c3,2025-10,City of London Police,City of London Police,-0.094070,51.513079,On or near Watling Street,E01032739,City of London 001F,Shoplifting,Investigation complete; no suspect identified,
cc63956b83d61d1e229f80d84215d6fc250affdb358c1c84a8dc2ff3150c02cb,2025-10,City of London Police,City of London Police,-0.085089,51.512105,On or near Gracechurch Street,E01032739,City of London 001F,Shoplifting,Unable to prosecute suspect,
0e03dbb210731b97d0f52d6634e67a71c9161abf920ee7da40995ba917de7949,2025-10,City of London Police,City of London Police,-0.095924,51.513882,On or near Shopping Area,E01032739,City of London 001F,Shoplifting,Investigation complete; no suspect identified,
b84a7a4eb1d7b5894e8ddfc3dc5189001b2d1358759db858d9ddc5b231b9f972,2025-10,City of London Police,City of London Police,-0.100888,51.514448,On or near Amen Corner,E01032739,City of London 001F,Shoplifting,Unable to prosecute suspect,
c300fc57db09d61932674d03732ce94fee8ed6bc214641910056b9335d526be3,2025-10,City of London Police,City of London Police,-0.079907,51.517785,On or near Victoria Avenue,E01032739,City of London 001F,Shoplifting,Court result unavailable,
76935490c5eb0e3b5a02d9a2d4ed74fabe2e0cbee6da8dae24f4965507650aa4,2025-10,City of London Police,City of London Police,-0.097291,51.514626,On or near Supermarket,E01032739,City of London 001F,Shoplifting,Investigation complete; no suspect identified,
b7b9d0410a1bb84ea09430aae3b3a6ae4db1404f32a7942c9a426cb9aa8a578c,2025-10,City of London Police,City of London Police,-0.092531,51.512658,On or near Queen Street,E01032739,City of London 001F,Shoplifting,Awaiting court outcome,
939673025ebcb7e702ea764e12e1ebe84a2f6ad097aab1068ff5b1214145e0a4,2025-10,City of London Police,City of London Police,-0.097291,51.514626,On or near Supermarket,E01032739,City of London 001F,Shoplifting,Unable to prosecute suspect,
d89e3a7e6daeeed5e60b1562e3c096376919d59e5f73edd3a79e643a216c7452,2025-10,City of London Police,City of London Police,-0.087772,51.510665,On or near Martin Lane,E01032739,City of London 001F,Shoplifting,Investigation complete; no suspect identified,
c571f7bac1cf30396b0c396df4d59bb9f67011a258c0c9f121fee6b392a9b786,2025-10,City of London Police,City of London Police,-0.095924,51.513882,On or near Shopping Area,E01032739,City of London 001F,Shoplifting,Investigation complete; no suspect identified,
fd03a871de764880ebb5ec37912723934ec4a78a248cd3e97326e35afa213ab4,2025-10,City of London Police,City of London Police,-0.094070,51.513079,On or near Watling Street,E01032739,City of London 001F,Shoplifting,Investigation complete; no suspect identified,
93b6d643d53dce2de9744037c3efb645fb91d0b36fec4fcc21639792c7b064c4,2025-10,City of London Police,City of London Police,-0.095224,51.513736,On or near Shopping Area,E01032739,City of London 001F,Shoplifting,Further investigation is not in the public interest,
f5fa8430d98bb6273bdcd00293ecb14ec0fd335be6707bbab87f7510af1e57e4,2025-10,City of London Police,City of London Police,-0.082993,51.516360,On or near Wormwood Street,E01032739,City of London 001F,Shoplifting,Unable to prosecute suspect,
54a11776cc4c17f111e73ee8934c71e36a50cf053723331daab6ec5cea426548,2025-10,City of London Police,City of London Police,-0.081902,51.517296,On or near Liverpool Street,E01032739,City of London 001F,Shoplifting,Unable to prosecute suspect,
45a1a378b3ac75919176a4bbfaec7259a7a239ae460e8ac1e953c015c42ab74a,2025-10,City of London Police,City of London Police,-0.095924,51.513882,On or near Shopping Area,E01032739,City of London 001F,Shoplifting,Investigation complete; no suspect identified,
78a939f1ad60ceb8402e78d77912199556f7ad8e9dfdfe3d2afbc8a179c11f61,2025-10,City of London Police,City of London Police,-0.095924,51.513882,On or near Shopping Area,E01032739,City of London 001F,Shoplifting,Unable to prosecute suspect,
20b70a5a58d1af1d815a4725cf3b92a0e17cdffe5cb3affed261143b508307ad,2025-10,City of London Police,City of London Police,-0.091823,51.514427,On or near Ironmonger Lane,E01032739,City of London 001F,Shoplifting,Awaiting court outcome,
804ec41706c85189432a7e703d76ef2d3c299fcce550c20aef4c7badae27a3e6,2025-10,City of London Police,City of London Police,-0.078278,51.513666,On or near Mitre Street,E01032739,City of London 001F,Shoplifting,Investigation complete; no suspect identified,
197ff9aa4e4846265487b2fa5281951d0fede48e14e2c6d2a236fb91f864099c,2025-10,City of London Police,City of London Police,-0.078278,51.513666,On or near Mitre Street,E01032739,City of London 001F,Shoplifting,Investigation complete; no suspect identified,
8038e4cb9d005bce3156304e67a485bb8d9be28b91941ef9436f71433895bd19,2025-10,City of London Police,City of London Police,-0.088785,51.517102,On or near Moorgate,E01032739,City of London 001F,Shoplifting,Investigation complete; no suspect identified,
4f649da4ba390b028ed65f73fe1542562b9bce8fd358f6470efe1a8da75bb5ef,2025-10,City of London Police,City of London Police,-0.094460,51.512024,On or near Great Trinity Lane,E01032739,City of London 001F,Shoplifting,Awaiting court outcome,
5b5d5a4db73e2a0139215685f361dcef7f78b18130a45eb3cdf4b7bc6b06ee11,2025-10,City of London Police,City of London Police,-0.097291,51.514626,On or near Supermarket,E01032739,City of London 001F,Shoplifting,Investigation complete; no suspect identified,
6caab193de00ed59295ad15d8bacae4ed4878a9aae7536fd9a4bcbe0a6c1d6cd,2025-10,City of London Police,City of London Police,-0.079883,51.517326,On or near New Street,E01032739,City of London 001F,Shoplifting,Unable to prosecute suspect,
ccc305d3a035f5b4e4cb729da788d9c2c80e404a7f59b155a19f5c262b724990,2025-10,City of London Police,City of London Police,-0.087772,51.510665,On or near Martin Lane,E01032739,City of London 001F,Shoplifting,Investigation complete; no suspect identified,
b64f815dcf2d5e81f73d9780d275f24538919c7984058e111982170d1460abe0,2025-10,City of London Police,City of London Police,-0.085089,51.512105,On or near Gracechurch Street,E01032739,City of London 001F,Shoplifting,Investigation complete; no suspect identified,
04573b7b2efbe04fc23df0665c29df1151d0873c63e460d0332cbd13e3c0e54e,2025-10,City of London Police,City of London Police,-0.097291,51.514626,On or near Supermarket,E01032739,City of London 001F,Shoplifting,Investigation complete; no suspect identified,
c96a2e4dc34e4401b453450cbb54489115ac3d54ca4345b5237c617a8fb6dd6c,2025-10,City of London Police,City of London Police,-0.095924,51.513882,On or near Shopping Area,E01032739,City of London 001F,Shoplifting,Unable to prosecute suspect,
3cb09dca1520eb3f179a51ec6454852f1eaac4b2969d4f9c66e58757d480610b,2025-10,City of London Police,City of London Police,-0.086019,51.513631,On or near Finch Lane,E01032739,City of London 001F,Shoplifting,Investigation complete; no suspect identified,
87b8a54d762943374fc4c3efa20f41a2c34e2cfd5e9cad8f160ad214f0de3b0e,2025-10,City of London Police,City of London Police,-0.078278,51.513666,On or near Mitre Street,E01032739,City of London 001F,Shoplifting,Investigation complete; no suspect identified,
e3d6a6628eb7ae9deb300558f504fbf3791d2e32e472983c1e15b0ba7200ff02,2025-10,City of London Police,City of London Police,-0.095924,51.513882,On or near Shopping Area,E01032739,City of London 001F,Shoplifting,Investigation complete; no suspect identified,
88994d3dd4b7d064238b0f7c84c5bffa8bb36e6e67c5a532a97e9db757162a3d,2025-10,City of London Police,City of London Police,-0.100888,51.514448,On or near Amen Corner,E01032739,City of London 001F,Shoplifting,Local resolution,
8163a7a8dbfe4eb24ab09a0de9acc65fc6ba05957e40fdab8e62d39b7cf94a0b,2025-10,City of London Police,City of London Police,-0.095224,51.513736,On or near Shopping Area,E01032739,City of London 001F,Shoplifting,Investigation complete; no suspect identified,
2e4013ff8c6466a3bd7fd1424e857f6c2000e91ac8a9d401ea44927a6299d28c,2025-10,City of London Police,City of London Police,-0.094070,51.513079,On or near Watling Street,E01032739,City of London 001F,Shoplifting,Investigation complete; no suspect identified,
a549cc3a38c6745fa37686fa45f8bf413ed7917bdc3aacb80447e492f523c7e7,2025-10,City of London Police,City of London Police,-0.095924,51.513882,On or near Shopping Area,E01032739,City of London 001F,Shoplifting,Investigation complete; no suspect identified,
b093407e7ac7304eef7bd4ad062d82ce56efbc83eeb3ac77bf09437a0399b1e6,2025-10,City of London Police,City of London Police,-0.095924,51.513882,On or near Shopping Area,E01032739,City of London 001F,Shoplifting,Unable to prosecute suspect,
9b2a0c6b3ffe929135b2025535c778ad72b9f694cc654216794420d9632d4cb9,2025-10,City of London Police,City of London Police,-0.094070,51.513079,On or near Watling Street,E01032739,City of London 001F,Shoplifting,Investigation complete; no suspect identified,
ca8bca6a568e28f4517ca406da5632cd4fd700a4b6305bb7bc3961bbd0539cfd,2025-10,City of London Police,City of London Police,-0.095224,51.513736,On or near Shopping Area,E01032739,City of London 001F,Shoplifting,Unable to prosecute suspect,
88a539a7b145c8cd18edd31201257db49a36d43d5e651d16380c7185d4d7f79f,2025-10,City of London Police,City of London Police,-0.085089,51.512105,On or near Gracechurch Street,E01032739,City of London 001F,Shoplifting,Court result unavailable,
f7aeed97413222a20ef576d3265276a2cfddf9ddbd81107e4da0c106a95dc0c2,2025-10,City of London Police,City of London Police,-0.097291,51.514626,On or near Supermarket,E01032739,City of London 001F,Shoplifting,Investigation complete; no suspect identified,
5397ba267eb0eb48cef965d26415289da331dd686e1a811e524208d986328e0e,2025-10,City of London Police,City of London Police,-0.097291,51.514626,On or near Supermarket,E01032739,City of London 001F,Shoplifting,Investigation complete; no suspect identified,
51dc125382106c15c6ec4ca172c79bb5c67cc789418bebcb2c0b2f2643f0fb9c,2025-10,City of London Police,City of London Police,-0.081643,51.510070,On or near Great Tower Street,E01032739,City of London 001F,Shoplifting,Unable to prosecute suspect,
6e1221ee3583383bde7f2ff2df16d36a0da4019756d6a51d3606e5a32160e420,2025-10,City of London Police,City of London Police,-0.082993,51.516360,On or near Wormwood Street,E01032739,City of London 001F,Shoplifting,Investigation complete; no suspect identified,
16ff742e8511476cc016882e414ea4648e97580cefe7465811a3e74757d4b258,2025-10,City of London Police,City of London Police,-0.081113,51.516869,On or near Bishopsgate,E01032739,City of London 001F,Theft from the person,Investigation complete; no suspect identified,
d6a925ad6f012f54ec2d65532834133fbd65044233fe6e061069a3022be00582,2025-10,City of London Police,City of London Police,-0.104276,51.513712,On or near A201,E01032739,City of London 001F,Theft from the person,Investigation complete; no suspect identified,
44c1c5900d92aaf401993b4402c4776fb91130bb0a4ab99c31fbee5d263c48ef,2025-10,City of London Police,City of London Police,-0.081643,51.510070,On or near Great Tower Street,E01032739,City of London 001F,Theft from the person,Investigation complete; no suspect identified,
066e5e5d9681d0b7e7156720d25f5ebdef8d38f204925a341a6edfa5bddd0acf,2025-10,City of London Police,City of London Police,-0.100201,51.513286,On or near Dean'S Court,E01032739,City of London 001F,Theft from the person,Investigation complete; no suspect identified,
bf7dcb4ad066e2ed75748c7a810560b687a4a2db61a8c65b8fcc7d183ae09b7c,2025-10,City of London Police,City of London Police,-0.088785,51.517102,On or near Moorgate,E01032739,City of London 001F,Theft from the person,Investigation complete; no suspect identified,
46fa2bb53770c7a888cda6e312e0bcc35f8a548123f2f5c1b040d1cd25341693,2025-10,City of London Police,City of London Police,-0.089479,51.510864,On or near Gophir Lane,E01032739,City of London 001F,Theft from the person,Investigation complete; no suspect identified,
7c5ab5667d8ef89d70f1ff2713a6ce9b82cbfeaf7ddfc83b26c9f4d1f51b5d86,2025-10,City of London Police,City of London Police,-0.086019,51.513631,On or near Finch Lane,E01032739,City of London 001F,Theft from the person,Investigation complete; no suspect identified,
608a4d07fc9f2e7e0ed284c6dae66a12130dd400cd0cd0bce4bb6f06b0c98b72,2025-10,City of London Police,City of London Police,-0.077372,51.512590,On or near Carlisle Avenue,E01032739,City of London 001F,Theft from the person,Investigation complete; no suspect identified,
076d5766b48a7c340a8a24bffb8ee0cbade5089bd08beb7e875071e2178297a4,2025-10,City of London Police,City of London Police,-0.101906,51.511794,On or near Theatre/Concert Hall,E01032739,City of London 001F,Theft from the person,Investigation complete; no suspect identified,
548377ce796dca7f292ecd535429bed29aa9dd7b804592e285b3f6b3f041b9b9,2025-10,City of London Police,City of London Police,-0.081113,51.516869,On or near Bishopsgate,E01032739,City of London 001F,Theft from the person,Investigation complete; no suspect identified,
b1bc85960c1d2253adebd05b655dcc75a8d9b18c509abb925d5eae1ae7d10b8b,2025-10,City of London Police,City of London Police,-0.102134,51.513929,On or near Ludgate Hill,E01032739,City of London 001F,Theft from the person,Investigation complete; no suspect identified,
4a1a7af69a558a1c0f458faa24919aa4e6be03b511c5cbdafdc9025be1c74fd7,2025-10,City of London Police,City of London Police,-0.081902,51.517296,On or near Liverpool Street,E01032739,City of London 001F,Theft from the person,Investigation complete; no suspect identified,
70ca4990939b4be91cad01018ff3d4d2f223050c2fcf1519f444e73de0ecf5cc,2025-10,City of London Police,City of London Police,-0.100201,51.513286,On or near Dean'S Court,E01032739,City of London 001F,Theft from the person,Investigation complete; no suspect identified,
a45929cc8463f471b4efaad334cdbf19123525976531acfb85dc38a65bb9e8cc,2025-10,City of London Police,City of London Police,-0.081902,51.517296,On or near Liverpool Street,E01032739,City of London 001F,Theft from the person,Investigation complete; no suspect identified,
c6f2800c29471007e61917a3c66d9cc3d276ee8767905def3fb09ef074e4614e,2025-10,City of London Police,City of London Police,-0.089208,51.509744,On or near Angel Lane,E01032739,City of London 001F,Theft from the person,Investigation complete; no suspect identified,
30f23c412fd019dfc66b6cbf3656d5a99beed63359bd86304ac378323eddc2e2,2025-10,City of London Police,City of London Police,-0.089208,51.509744,On or near Angel Lane,E01032739,City of London 001F,Theft from the person,Investigation complete; no suspect identified,
493159f1910e7989a127e0a7b9d2a92a45e20a61c61cfe982f6cbe2ad810ac22,2025-10,City of London Police,City of London Police,-0.083977,51.510441,On or near Lovat Lane,E01032739,City of London 001F,Theft from the person,Investigation complete; no suspect identified,
4a151371ca74fe2e84a7c776cc28764ffb80d22557a13dfecf69aa72e3fce40d,2025-10,City of London Police,City of London Police,-0.089808,51.517461,On or near London Wall,E01032739,City of London 001F,Theft from the person,Investigation complete; no suspect identified,
3f95cfd835b06c4386e13c3fd51f6a2f5b6c06ced9ce31c6b0c4387b65f9b1a0,2025-10,City of London Police,City of London Police,-0.095054,51.510559,On or near Queenhithe,E01032739,City of London 001F,Theft from the person,Investigation complete; no suspect identified,
62ae53df29d4db2a5433d5e6624530ac783a9d36f148755d4f94613f93521f4e,2025-10,City of London Police,City of London Police,-0.101963,51.510761,On or near Ferry Terminal,E01032739,City of London 001F,Theft from the person,Investigation complete; no suspect identified,
7fe74142ab51860d08fa53b9ad4bb48a1b6f2c080c3c13a13a5a0ee9779d09c5,2025-10,City of London Police,City of London Police,-0.095764,51.512549,On or near Friday Street,E01032739,City of London 001F,Theft from the person,Unable to prosecute suspect,
67656567e447e1b171cac62c735ef80dab1ee332cd912c05805f400ab79e6763,2025-10,City of London Police,City of London Police,-0.079907,51.517785,On or near Victoria Avenue,E01032739,City of London 001F,Theft from the person,Investigation complete; no suspect identified,
12b9238cfcd9264173707ed0a277dc9ba4c25fe2dab75daf0f11c3f33a97abd8,2025-10,City of London Police,City of London Police,-0.091540,51.511896,On or near Cannon Street,E01032739,City of London 001F,Theft from the person,Investigation complete; no suspect identified,
11f3781bd04e6b1d03026d6911f1fa18a7c6bc6621da66f523f2c4cd507198b0,2025-10,City of London Police,City of London Police,-0.078755,51.518440,On or near Artillery Lane,E01032739,City of London 001F,Theft from the person,Investigation complete; no suspect identified,
4d5495c203e5a25173334d0e40e6607fcb1bf5fb161e327b317d2e9f3444cd2b,2025-10,City of London Police,City of London Police,-0.080448,51.520689,On or near Primrose Street,E01032739,City of London 001F,Theft from the person,Investigation complete; no suspect identified,
e19e3056e295f2eb452ec1ad7f127ca7bd7270eb10e2766f1ab65937f9f4fdc0,2025-10,City of London Police,City of London Police,-0.101906,51.511794,On or near Theatre/Concert Hall,E01032739,City of London 001F,Theft from the person,Investigation complete; no suspect identified,
d0412a99a6becbd8b377dc664c1df70b88689ccfe3a1ac76637d8fe6593ccaa5,2025-10,City of London Police,City of London Police,-0.089208,51.509744,On or near Angel Lane,E01032739,City of London 001F,Theft from the person,Investigation complete; no suspect identified,
b433c26e2b30d000f0a78fbb2295b388f8c140c19619dcc52c3432c504c487a7,2025-10,City of London Police,City of London Police,-0.089208,51.509744,On or near Angel Lane,E01032739,City of London 001F,Theft from the person,Investigation complete; no suspect identified,
606faf5998e90da2f4af9f70f5a260d3033f5f9df709997a7903588a3b7119f7,2025-10,City of London Police,City of London Police,-0.092633,51.509872,On or near Bell Wharf Lane,E01032739,City of London 001F,Theft from the person,Investigation complete; no suspect identified,
768b57cce9971141df014a74a5271af5425ae75e62bd39135f04babdbb833ab4,2025-10,City of London Police,City of London Police,-0.081973,51.515948,On or near A10,E01032739,City of London 001F,Theft from the person,Investigation complete; no suspect identified,
c6dfdd1f3bdc7256eb820b7dccf282135795fc4c649d96f2ed7082dcb6e45f87,2025-10,City of London Police,City of London Police,-0.079127,51.509607,On or near Byward Street,E01032739,City of London 001F,Theft from the person,Investigation complete; no suspect identified,
7a7483f6936c2c1f2f9280d6969e0133571d235c3b92b19026ff2ba7f1f03b91,2025-10,City of London Police,City of London Police,-0.079907,51.517785,On or near Victoria Avenue,E01032739,City of London 001F,Theft from the person,Investigation complete; no suspect identified,
041f49c430492db0b4efbc00a460943fc1cb39d585fffad40e020e802c7cf687,2025-10,City of London Police,City of London Police,-0.081113,51.516869,On or near Bishopsgate,E01032739,City of London 001F,Theft from the person,Investigation complete; no suspect identified,
32243f93001c0c78f986258701812e0965bf15089a41ffe0c80501cd622de59b,2025-10,City of London Police,City of London Police,-0.097176,51.510836,On or near Trig Lane,E01032739,City of London 001F,Theft from the person,Investigation complete; no suspect identified,
40477cd2e4ae846e14784e3a7cde5741430741147e5e06439b6d7dbce56e115a,2025-10,City of London Police,City of London Police,-0.091947,51.513188,On or near Pancras Lane,E01032739,City of London 001F,Theft from the person,Status update unavailable,
7bffd611d69c25744d2e1de903d01a7b998167f9d9e7450721e4a55d985d4e21,2025-10,City of London Police,City of London Police,-0.094070,51.513079,On or near Watling Street,E01032739,City of London 001F,Theft from the person,Unable to prosecute suspect,
530bfdac2b726eefac8b46512f8711676f96fcf53a5fa7663093182f894cd2d2,2025-10,City of London Police,City of London Police,-0.078495,51.517770,On or near Further/Higher Educational Building,E01032739,City of London 001F,Theft from the person,Investigation complete; no suspect identified,
6770a098918dc2d53566fe815e6749e3cdf8b475a02b06fe2918887b5d213ade,2025-10,City of London Police,City of London Police,-0.081973,51.515948,On or near A10,E01032739,City of London 001F,Theft from the person,Investigation complete; no suspect identified,
80f8539f96e5d82476db5c9e84072ff4b1787f5fbd9dbf8204209c3542224346,2025-10,City of London Police,City of London Police,-0.084754,51.512882,On or near Corbet Court,E01032739,City of London 001F,Theft from the person,Investigation complete; no suspect identified,
1d5c0fd047338c443b6572e1d5df43cb1a144a6a6cbc07b1b22ea9eeb55bf147,2025-10,City of London Police,City of London Police,-0.092633,51.509872,On or near Bell Wharf Lane,E01032739,City of London 001F,Vehicle crime,Investigation complete; no suspect identified,
7481ea1dc50083b2503e62a15558bc82eb9fcc66a4760c7fcc8cca8d1c0c5b84,2025-10,City of London Police,City of London Police,-0.082993,51.516360,On or near Wormwood Street,E01032739,City of London 001F,Vehicle crime,Investigation complete; no suspect identified,
693495423541649654cb28c2eab44e7eb10b1f48b7dea800b79010610b36f3d4,2025-10,City of London Police,City of London Police,-0.092633,51.509872,On or near Bell Wharf Lane,E01032739,City of London 001F,Vehicle crime,Investigation complete; no suspect identified,
791ab398bd4b5062a52f7ab83ee62328dcb688e93a13defc833e049a6eff087a,2025-10,City of London Police,City of London Police,-0.078059,51.509967,On or near Trinity Square,E01032739,City of London 001F,Vehicle crime,Investigation complete; no suspect identified,
2d89765fd0cf32b7ba3747d313a39ecff23491a13a6aa21fadfcf1abbc66b2c6,2025-10,City of London Police,City of London Police,-0.091823,51.514427,On or near Ironmonger Lane,E01032739,City of London 001F,Violence and sexual offences,Offender given a caution,
d515013f2e153c7466ef42e7028169013b3ee95583061cd04312ecad25dd5991,2025-10,City of London Police,City of London Police,-0.090578,51.509722,On or near Allhallows Lane,E01032739,City of London 001F,Violence and sexual offences,Court result unavailable,
605edc48fb986515fece59fc187ae99953beda4b1ad2c6b2146f7d7231b81a80,2025-10,City of London Police,City of London Police,-0.090578,51.509722,On or near Allhallows Lane,E01032739,City of London 001F,Violence and sexual offences,Court result unavailable,
f28ac855d0e7ec40c3541069507e0df7bfc4806b1c91599575e6515c42a3ef8f,2025-10,City of London Police,City of London Police,-0.081902,51.517296,On or near Liverpool Street,E01032739,City of London 001F,Violence and sexual offences,Unable to prosecute suspect,
ac2c0bf992ee02310ff62cfebbd570e3f9386d8d0cc68a902058f719069fe4ae,2025-10,City of London Police,City of London Police,-0.083600,51.509797,On or near St Mary At Hill,E01032739,City of London 001F,Violence and sexual offences,Unable to prosecute suspect,
8b4a6d95b972416efd53c873068f574f9903e2bd061e61bbc95cfb5253800429,2025-10,City of London Police,City of London Police,-0.086815,51.517007,On or near Circus Place,E01032739,City of London 001F,Violence and sexual offences,Investigation complete; no suspect identified,
4ba9eacb73c5ebcf5f49879cf1d837e1660e3adc722164fa440939650188435c,2025-10,City of London Police,City of London Police,-0.101292,51.514770,On or near Amen Court,E01032739,City of London 001F,Violence and sexual offences,Investigation complete; no suspect identified,
3803f499910c75f213eb1234754df7945814551a5ee23d5d68929703ada124ae,2025-10,City of London Police,City of London Police,-0.085089,51.512105,On or near Gracechurch Street,E01032739,City of London 001F,Violence and sexual offences,Unable to prosecute suspect,
7b1c43507a2e6b7b1e9ee466f8e89302ed8c71b79cd0988f12bc8b94839bf2c6,2025-10,City of London Police,City of London Police,-0.090578,51.509722,On or near Allhallows Lane,E01032739,City of London 001F,Violence and sexual offences,Unable to prosecute suspect,
eab44e466de2754c857de0a522daf12441bd4149d1693b8d538c5b6524c1e680,2025-10,City of London Police,City of London Police,-0.080448,51.520689,On or near Primrose Street,E01032739,City of London 001F,Violence and sexual offences,Unable to prosecute suspect,
9bc3d2bdcb9b9a875cd137c1316ae7dd60c263c7c68d1879bd70de88931a7764,2025-10,City of London Police,City of London Police,-0.091823,51.514427,On or near Ironmonger Lane,E01032739,City of London 001F,Violence and sexual offences,Investigation complete; no suspect identified,
05fa72e9e762e7b6200960075736a6d3dea19ccc23ee9e4c5a051fb31d4d440b,2025-10,City of London Police,City of London Police,-0.087157,51.512624,On or near Lombard Street,E01032739,City of London 001F,Violence and sexual offences,Status update unavailable,
bf36193c119b3948cb6af9faa8be5c7cb81cbecf82085525516c029368d6bf4f,2025-10,City of London Police,City of London Police,-0.091947,51.513188,On or near Pancras Lane,E01032739,City of London 001F,Violence and sexual offences,Investigation complete; no suspect identified,
fc49d2264d849788cad1c1ff026dae65eb32425241537fe0e0c28749a5a97e03,2025-10,City of London Police,City of London Police,-0.083977,51.510441,On or near Lovat Lane,E01032739,City of London 001F,Violence and sexual offences,Unable to prosecute suspect,
e8567257ab2c1479ff9afbf28f2465b0bea958d1ae7627f63be3a20ea6a83615,2025-10,City of London Police,City of London Police,-0.084910,51.512588,On or near Bell Inn Yard,E01032739,City of London 001F,Violence and sexual offences,Unable to prosecute suspect,
1e23adaca807647d23aacc6658e348c6c2795aae7538b2ef6b650fb287bc40f3,2025-10,City of London Police,City of London Police,-0.091823,51.514427,On or near Ironmonger Lane,E01032739,City of London 001F,Violence and sexual offences,Offender given a caution,
0ba157a3431ceca3245c96291406957cf20d7166671880d93e75e0ac6ee0aad7,2025-10,City of London Police,City of London Police,-0.083977,51.510441,On or near Lovat Lane,E01032739,City of London 001F,Violence and sexual offences,Unable to prosecute suspect,
dbc8d52e64997e173b3169cb19de66bcf74d37d0cbdcf138e63db3226029d7d9,2025-10,City of London Police,City of London Police,-0.081113,51.516869,On or near Bishopsgate,E01032739,City of London 001F,Violence and sexual offences,Awaiting court outcome,
ddfb000db7727d6b98407148c21a8a979b9024f37720a1652d942f3ac63c4743,2025-10,City of London Police,City of London Police,-0.091823,51.514427,On or near Ironmonger Lane,E01032739,City of London 001F,Violence and sexual offences,Unable to prosecute suspect,
5a010902bf910128b4fdd3394d136f4557a6ca224cfb6832e8a25f4e03dad91e,2025-10,City of London Police,City of London Police,-0.091540,51.511896,On or near Cannon Street,E01032739,City of London 001F,Violence and sexual offences,Investigation complete; no suspect identified,
2de5de09f8459bd01fbf3b6f0a3bfd3d05daf70bbded4a49e189268efff48cd3,2025-10,City of London Police,City of London Police,-0.100201,51.513286,On or near Dean'S Court,E01032739,City of London 001F,Violence and sexual offences,Status update unavailable,
0d0ef5461a9ec8e3e2ead06cdf5a1ae471ff197d67fc9c02722a0f678e36e1a2,2025-10,City of London Police,City of London Police,-0.081113,51.516869,On or near Bishopsgate,E01032739,City of London 001F,Violence and sexual offences,Status update unavailable,
f223ff6dce0a6d3b59ecd2721fe19fc73ec4164da7856836d992b4ed3ae0f575,2025-10,City of London Police,City of London Police,-0.084844,51.510725,On or near Eastcheap,E01032739,City of London 001F,Violence and sexual offences,Unable to prosecute suspect,
9c1da95c5be409f7af366e78cc02e616fc30f5fadd76ed5c551ad75b562cfd1a,2025-10,City of London Police,City of London Police,-0.095764,51.512549,On or near Friday Street,E01032739,City of London 001F,Violence and sexual offences,Unable to prosecute suspect,
245e34a9cf1e46869cc49f58e99e2ae24e2b6300b837fd275c291a7c1d162335,2025-10,City of London Police,City of London Police,-0.081113,51.516869,On or near Bishopsgate,E01032739,City of London 001F,Violence and sexual offences,Status update unavailable,
57843952920fe7b248ed8ff80fefa183276b06d9046dc73119c1b7d159a159d7,2025-10,City of London Police,City of London Police,-0.081113,51.516869,On or near Bishopsgate,E01032739,City of London 001F,Violence and sexual offences,Status update unavailable,
6b200b77d1c311a4c72a86a3afec270625c794722015f17f8e7aa95447dd5b3e,2025-10,City of London Police,City of London Police,-0.081113,51.516869,On or near Bishopsgate,E01032739,City of London 001F,Violence and sexual offences,Awaiting court outcome,
b37cd5bd76ea4b96709ab98e477f43e55dad2061b6a685ace73b26f05295f78b,2025-10,City of London Police,City of London Police,-0.101292,51.514770,On or near Amen Court,E01032739,City of London 001F,Violence and sexual offences,Investigation complete; no suspect identified,
2b2674e69d131474ba7c170119e1c2cef0cb0d30b0cc4d8203db67efaab9f280,2025-10,City of London Police,City of London Police,-0.084754,51.512882,On or near Corbet Court,E01032739,City of London 001F,Violence and sexual offences,Unable to prosecute suspect,
5c6e64b963e1056a06d14bb22d086559f60d25a09d12fab38fa4279850baeec2,2025-10,City of London Police,City of London Police,-0.079883,51.517326,On or near New Street,E01032739,City of London 001F,Violence and sexual offences,Status update unavailable,
8b5589522f585e25fa221ba1cb71b387498f858254563aafcadfe7a69386b56b,2025-10,City of London Police,City of London Police,-0.086019,51.513631,On or near Finch Lane,E01032739,City of London 001F,Violence and sexual offences,Unable to prosecute suspect,
9f7ec129bbc2b60323a5307589d7828def9f70994722fc230ab93fc3e5ba358c,2025-10,City of London Police,City of London Police,-0.088785,51.517102,On or near Moorgate,E01032739,City of London 001F,Violence and sexual offences,Unable to prosecute suspect,
681330fa96e00f2865ce023e4b5d11fa554c014791bf699d221b39da3ec5be50,2025-10,City of London Police,City of London Police,-0.101292,51.514770,On or near Amen Court,E01032739,City of London 001F,Violence and sexual offences,Unable to prosecute suspect,
2bace1bca43a5fae2d45bed247e25e8c1666776ed566eb230f1283b1cd7b41c3,2025-10,City of London Police,City of London Police,-0.101292,51.514770,On or near Amen Court,E01032739,City of London 001F,Violence and sexual offences,Investigation complete; no suspect identified,
a46c3167f0023019741614492ee9636f7ea6633cc0177024929852a3a0b56368,2025-10,City of London Police,City of London Police,-0.101292,51.514770,On or near Amen Court,E01032739,City of London 001F,Violence and sexual offences,Investigation complete; no suspect identified,
c5cbe146c4c8cffaef3ea352bdababdff22ecef1a901ff7a6316bfa3775a59e7,2025-10,City of London Police,City of London Police,-0.091823,51.514427,On or near Ironmonger Lane,E01032739,City of London 001F,Violence and sexual offences,Investigation complete; no suspect identified,
8aa4ce9be24d6bb51dd2c9289a95a63c7fd7303f5fe2045e6233ce785a330eb6,2025-10,City of London Police,City of London Police,-0.087157,51.512624,On or near Lombard Street,E01032739,City of London 001F,Violence and sexual offences,Investigation complete; no suspect identified,
1d10fd192ee9042aa7c8b4ee313b0a74239a37635f9c9a815dfd73a441b8641d,2025-10,City of London Police,City of London Police,-0.102732,51.513426,On or near Ludgate Broadway,E01032739,City of London 001F,Violence and sexual offences,Unable to prosecute suspect,
167cbdb4a3750ca356fae6c97103be0e810e9aa278c4a5a2961658e30113dcb3,2025-10,City of London Police,City of London Police,-0.089822,51.516103,On or near Coleman Street,E01032739,City of London 001F,Violence and sexual offences,Unable to prosecute suspect,
3b224af6dddc49f2dc311be192b4729e8274abe25635a569c3a6bb7cc81b4385,2025-10,City of London Police,City of London Police,-0.091410,51.510167,On or near Cousin Lane,E01032739,City of London 001F,Violence and sexual offences,Unable to prosecute suspect,
385c3a3b98d35b65ea82be55adbd6208aa86381cde82f72d2d3d11480d377ada,2025-10,City of London Police,City of London Police,-0.086815,51.517007,On or near Circus Place,E01032739,City of London 001F,Violence and sexual offences,Investigation complete; no suspect identified,
7542242888dceed2230d0e61631f364e498a744f18c3a1842b4699e6e01f520c,2025-10,City of London Police,City of London Police,-0.086019,51.513631,On or near Finch Lane,E01032739,City of London 001F,Violence and sexual offences,Awaiting court outcome,
cbb99c256e7afcff39da080df398ec206b4bbfa1b8184070b1fc2a4cd007b04a,2025-10,City of London Police,City of London Police,-0.081113,51.516869,On or near Bishopsgate,E01032739,City of London 001F,Violence and sexual offences,Investigation complete; no suspect identified,
7115a793b18b9282a1fcfdd7931510d06d21ca3a9b742d2e705c81fc3ae242dc,2025-10,City of London Police,City of London Police,-0.079907,51.517785,On or near Victoria Avenue,E01032739,City of London 001F,Violence and sexual offences,Court result unavailable,
5a11ede5f336d3b3916dba4c3dd779a29ed86bb8228336bbd37a02c013d6fad5,2025-10,City of London Police,City of London Police,-0.101589,51.513515,On or near Ludgate Square,E01032739,City of London 001F,Violence and sexual offences,Unable to prosecute suspect,
b944239616f4bed4b4d92a457e98bf1102f823b1be991ab4d78d49989f3e2817,2025-10,City of London Police,City of London Police,-0.081512,51.518692,On or near London Liverpool Street,E01032739,City of London 001F,Violence and sexual offences,Unable to prosecute suspect,
8896113487bbccad6c95d7ccae97a4faf058faadd3e1e650489d2096392667ab,2025-10,City of London Police,City of London Police,-0.079838,51.514267,On or near Bury Street,E01032739,City of London 001F,Violence and sexual offences,Unable to prosecute suspect,
9f3745fbf1f576ac12d498c49159f26baf6a83e842f3e16adb037b1613005bcc,2025-10,City of London Police,City of London Police,-0.092531,51.512658,On or near Queen Street,E01032739,City of London 001F,Violence and sexual offences,Unable to prosecute suspect,
ebefcaaef4681dbd01df7f41c57063ad18725af8f01f39e7c390fd244a68a245,2025-10,City of London Police,City of London Police,-0.091947,51.513188,On or near Pancras Lane,E01032739,City of London 001F,Violence and sexual offences,Unable to prosecute suspect,
3deab8bc29aeadf1a2ee77a5dfcb6ce0cb56231d69d89ee7bc447240d0b66e41,2025-10,City of London Police,City of London Police,-0.084559,51.510316,On or near Botolph Lane,E01032739,City of London 001F,Violence and sexual offences,Unable to prosecute suspect,
f9a141f345138b0b37d9c4f9ba07bbef14684ee7bc5a13d93b01647fb7dc5382,2025-10,City of London Police,City of London Police,-0.084559,51.510316,On or near Botolph Lane,E01032739,City of London 001F,Violence and sexual offences,Unable to prosecute suspect,
b9e0bf2813a7977596ef1b2c70790fc37c88f5d3d5f4437feff305704d0b84c2,2025-10,City of London Police,City of London Police,-0.083977,51.510441,On or near Lovat Lane,E01032739,City of London 001F,Violence and sexual offences,Unable to prosecute suspect,
78f47b6e904f2c74ae1f39656fd373d59853ca833f10ade4d8b210a8d4b8a766,2025-10,City of London Police,City of London Police,-0.078755,51.518440,On or near Artillery Lane,E01032739,City of London 001F,Violence and sexual offences,Unable to prosecute suspect,
ac2351d275a12023d8f32e61106ba604fef8604f8afb2c3065b1989a9a106b29,2025-10,City of London Police,City of London Police,-0.085228,51.511190,On or near Talbot Court,E01032739,City of London 001F,Violence and sexual offences,Investigation complete; no suspect identified,
538f767d077fc0a8b253191a908660a85139ac25893d10609b023ce812b52668,2025-10,City of London Police,City of London Police,-0.100201,51.513286,On or near Dean'S Court,E01032739,City of London 001F,Violence and sexual offences,Unable to prosecute suspect,
3453066e362010d4042aae26e32925f781a44af0680ef29526d3ef48045c2f27,2025-10,City of London Police,City of London Police,-0.088785,51.517102,On or near Moorgate,E01032739,City of London 001F,Violence and sexual offences,Unable to prosecute suspect,
da3fc50e7dd4f014aa3fce40feb705eb525a9f6a4ae5cfc1f6212e0376ecfafa,2025-10,City of London Police,City of London Police,-0.084836,51.511939,On or near Shopping Area,E01032739,City of London 001F,Violence and sexual offences,Unable to prosecute suspect,
54eaf7aa417f465b3a69c7bbe3c50bf9da61bc00bc9f449d40880bbeb59507b1,2025-10,City of London Police,City of London Police,-0.087157,51.512624,On or near Lombard Street,E01032739,City of London 001F,Violence and sexual offences,Awaiting court outcome,
84feb375d6c0f6c253abaffe5a21d0fde374e92414c96d7d9eb11c4a082cfd12,2025-10,City of London Police,City of London Police,-0.084754,51.512882,On or near Corbet Court,E01032739,City of London 001F,Violence and sexual offences,Unable to prosecute suspect,
b28c439603432150e043558627dc3f74e2b8e6ad234c817a7535e6f6c4fc5f32,2025-10,City of London Police,City of London Police,-0.078059,51.509967,On or near Trinity Square,E01032739,City of London 001F,Violence and sexual offences,Status update unavailable,
d438d98414019cfca7c84d11029b8f68ae9ceef994d805ae24e8987d6cec27d2,2025-10,City of London Police,City of London Police,-0.089479,51.510864,On or near Gophir Lane,E01032739,City of London 001F,Violence and sexual offences,Local resolution,
ca2f99bb272e41a22e7f9c2b5116fa3b02bb056d3f9eaa8c35b8882fc0d4a34d,2025-10,City of London Police,City of London Police,-0.091823,51.514427,On or near Ironmonger Lane,E01032739,City of London 001F,Violence and sexual offences,Investigation complete; no suspect identified,
8ec70796f0b9497c12b5baae47057c071c71d7ae4b18a5494c97cf03df9d794e,2025-10,City of London Police,City of London Police,-0.092633,51.509872,On or near Bell Wharf Lane,E01032739,City of London 001F,Violence and sexual offences,Investigation complete; no suspect identified,
6978c1dd07019cba94cd6768273ab39397a4a9feab481fa800a7305a4681266f,2025-10,City of London Police,City of London Police,-0.091540,51.511896,On or near Cannon Street,E01032739,City of London 001F,Violence and sexual offences,Unable to prosecute suspect,
a4b9c3ae14a26a235d77e60ad30cede37eb110b44cde1d1d3689c78f4ee9884e,2025-10,City of London Police,City of London Police,-0.093339,51.511557,On or near Conference/Exhibition Centre,E01032739,City of London 001F,Violence and sexual offences,Unable to prosecute suspect,
42a59759b0b0ac36a9a531cbf35b312cba40ccddfa1b06a712ce5a3a4a1c9be9,2025-10,City of London Police,City of London Police,-0.097176,51.510836,On or near Trig Lane,E01032739,City of London 001F,Violence and sexual offences,Unable to prosecute suspect,
3c4011f07407f1768b3d5c0f08ff99dca1e38e6bdab1a6147799e25c99bae19e,2025-10,City of London Police,City of London Police,-0.079907,51.517785,On or near Victoria Avenue,E01032739,City of London 001F,Violence and sexual offences,Unable to prosecute suspect,
939dc37d72f15a020959440b7ce384978eae3bf7e4ff9c5b92548ccc945b76a7,2025-10,City of London Police,City of London Police,-0.089208,51.509744,On or near Angel Lane,E01032739,City of London 001F,Violence and sexual offences,Status update unavailable,
2c4c35bf06cb9257a1b339b34479c6fc211468844faa2cbbb285710ce8c73603,2025-10,City of London Police,City of London Police,-0.086019,51.513631,On or near Finch Lane,E01032739,City of London 001F,Violence and sexual offences,Investigation complete; no suspect identified,
d34a25ba9d5d8b451d9d43266c908345a7feb5f6e8ede14f3edda9abf95ce8e8,2025-10,City of London Police,City of London Police,-0.077959,51.511332,On or near Crutched Friars,E01032739,City of London 001F,Violence and sexual offences,Unable to prosecute suspect,
a2f56186bdf6e5ee0be490df4b661e266d5839d98da7d7d3715407ee43855a58,2025-10,City of London Police,City of London Police,-0.081902,51.517296,On or near Liverpool Street,E01032739,City of London 001F,Violence and sexual offences,Unable to prosecute suspect,
8f505cc0c9263483aae7f7f161026e74fbdd0ba5d2c61780983e9e86b4e8bed3,2025-10,City of London Police,City of London Police,-0.088456,51.514975,On or near Tokenhouse Yard,E01032739,City of London 001F,Violence and sexual offences,Investigation complete; no suspect identified,
f3a65010a667d65f9bf892ddb4a7bf313fb777fe320143712690480bb753bc1d,2025-10,City of London Police,City of London Police,-0.088785,51.517102,On or near Moorgate,E01032739,City of London 001F,Violence and sexual offences,Unable to prosecute suspect,
8b6f51d04a952e777b70dc517c899dda5cee1c77f32e2cf2e70e4d4d1d5c77f1,2025-10,City of London Police,City of London Police,-0.084754,51.512882,On or near Corbet Court,E01032739,City of London 001F,Violence and sexual offences,Unable to prosecute suspect,
950c9058e6936a38dbd75c6e83683e3fbb0d9be6466115115ec83071ceecf3db,2025-10,City of London Police,City of London Police,-0.101292,51.514770,On or near Amen Court,E01032739,City of London 001F,Violence and sexual offences,Investigation complete; no suspect identified,
2aac7f94927470cc224280359245ca26dfec196029e39110bd12bd43112a1949,2025-10,City of London Police,City of London Police,-0.079838,51.514267,On or near Bury Street,E01032739,City of London 001F,Violence and sexual offences,Investigation complete; no suspect identified,
f6b33ba2cfc70d50acac606400d44ae5c6ca8c862eb1486406e1ccc26622f3f5,2025-10,City of London Police,City of London Police,-0.087157,51.512624,On or near Lombard Street,E01032739,City of London 001F,Violence and sexual offences,Investigation complete; no suspect identified,
82281b00125b371983544a67ab0a9f5aa589a964d1f2f19bf25c7c8d22eadd93,2025-10,City of London Police,City of London Police,-0.095924,51.513882,On or near Shopping Area,E01032739,City of London 001F,Violence and sexual offences,Unable to prosecute suspect,
6072bf6fbbe2a693d40be9be2f2b76c2831d19ddf2b4936bd69f1f55f5967947,2025-10,City of London Police,City of London Police,-0.084844,51.509700,On or near Monument Street,E01032739,City of London 001F,Violence and sexual offences,Investigation complete; no suspect identified,
d012268ffa25782292f3099f4390fcac57c81d68a7f0b472d24fdd26bcc17221,2025-10,City of London Police,City of London Police,-0.083977,51.510441,On or near Lovat Lane,E01032739,City of London 001F,Violence and sexual offences,Unable to prosecute suspect,
1b2dcc655a87ef465a8d9487aad38dfdd767e7d04ca0b35c25ba4812f7bcc7e0,2025-10,City of London Police,City of London Police,-0.101292,51.514770,On or near Amen Court,E01032739,City of London 001F,Violence and sexual offences,Investigation complete; no suspect identified,
e3b2c0177fdcf5e9205f02dd07f153ed79b6b6a63ff99f1383f281c0b957f78a,2025-10,City of London Police,City of London Police,-0.095764,51.512549,On or near Friday Street,E01032739,City of London 001F,Violence and sexual offences,Unable to prosecute suspect,
35c4e0266496b1338b4512ece92ae0ff88a35cff217730534cb7f8f106748afa,2025-10,City of London Police,City of London Police,-0.095764,51.512549,On or near Friday Street,E01032739,City of London 001F,Violence and sexual offences,Unable to prosecute suspect,
7408178f35d35b8c979117379c6ba642eca63ae8da59b749715d9ef8f2bb8c32,2025-10,City of London Police,City of London Police,-0.089808,51.517461,On or near London Wall,E01032739,City of London 001F,Violence and sexual offences,Unable to prosecute suspect,
b9a7f4cbf664b45b02bbf2f231cdf0b8fabe8d9e25a2ce01f210db376bb5c7eb,2025-10,City of London Police,City of London Police,-0.078278,51.513666,On or near Mitre Street,E01032739,City of London 001F,Other crime,Unable to prosecute suspect,
ebf07a8d4d943c3a3c9bce463bf4331e82889cafcb304d1793c8c7c17fd35563,2025-10,City of London Police,City of London Police,-0.101292,51.514770,On or near Amen Court,E01032739,City of London 001F,Other crime,Status update unavailable,
,2025-10,City of London Police,City of London Police,-0.105131,51.513941,On or near Bride Lane,E01032740,City of London 001G,Anti-social behaviour,,
210d197bc453c82aa780a249d4dcae341e6cec63b34cfb3dcbe464f5a8ef8f55,2025-10,City of London Police,City of London Police,-0.109540,51.515721,On or near Rolls Buildings,E01032740,City of London 001G,Bicycle theft,Investigation complete; no suspect identified,
9350cf631c2aa9c47addbde738dfdd01fdfb3c5759e990990d94726b3720b61b,2025-10,City of London Police,City of London Police,-0.098875,51.518831,On or near Bartholomew Close,E01032740,City of London 001G,Bicycle theft,Unable to prosecute suspect,
7b2502b180dba40abca4d2953180c54a7e4de86f763b3ac4fef1d212cba197db,2025-10,City of London Police,City of London Police,-0.103393,51.517978,On or near Smithfield Street,E01032740,City of London 001G,Bicycle theft,Investigation complete; no suspect identified,
9dedb6d317cbf9c70e018796a257e12e0ec98327accf82aa8998c1dfba62307d,2025-10,City of London Police,City of London Police,-0.109164,51.517846,On or near Holborn,E01032740,City of London 001G,Burglary,Investigation complete; no suspect identified,
1d12f80dcf7d01c770bbf9fbfaa22bde84982fd71f66120891b7c0985b1bfc0a,2025-10,City of London Police,City of London Police,-0.109164,51.517846,On or near Holborn,E01032740,City of London 001G,Burglary,Investigation complete; no suspect identified,
4420cc02e3e98fc2f95688cc8039ac56afc806576f67a36cebe2cfe04e96f3a7,2025-10,City of London Police,City of London Police,-0.107201,51.514092,On or near Conference/Exhibition Centre,E01032740,City of London 001G,Burglary,Investigation complete; no suspect identified,
fa32c5622b81511deb02b384896a732db9f9c2cfd2de7137c25048430804b0d7,2025-10,City of London Police,City of London Police,-0.109164,51.517846,On or near Holborn,E01032740,City of London 001G,Burglary,Awaiting court outcome,
aed6e43362de0b44b5b72de36fb770137cdd85ab4a844696e0dad0e6116d175f,2025-10,City of London Police,City of London Police,-0.111296,51.516136,On or near Further/Higher Educational Building,E01032740,City of London 001G,Burglary,Investigation complete; no suspect identified,
a631f32e4c8e02d60b9fc49ef072f1c6e2a62d63efc0fefacee1dcafb6b0009b,2025-10,City of London Police,City of London Police,-0.103896,51.518346,On or near West Poultry Avenue,E01032740,City of London 001G,Burglary,Investigation complete; no suspect identified,
112b6057988891aa715851bd89d4666bb6b0973384f1d8e2f5dee380b3d04c20,2025-10,City of London Police,City of London Police,-0.098875,51.518831,On or near Bartholomew Close,E01032740,City of London 001G,Burglary,Investigation complete; no suspect identified,
e35eb0535b46873b38184cc504ed89d664dacc10b20e66dcc54dac479465ec61,2025-10,City of London Police,City of London Police,-0.109297,51.515681,On or near Fetter Lane,E01032740,City of London 001G,Burglary,Awaiting court outcome,
83183f8c048f253b91d7eaac2538db834b149c2b61987922666cdf76e47133f8,2025-10,City of London Police,City of London Police,-0.098397,51.519561,On or near Middle Street,E01032740,City of London 001G,Burglary,Investigation complete; no suspect identified,
469e91435fd5e2ff1cc2175ed6c4ae30c237afa15bea93262a965d3c78076643,2025-10,City of London Police,City of London Police,-0.109164,51.517846,On or near Holborn,E01032740,City of London 001G,Burglary,Investigation complete; no suspect identified,
f61db6f9686041859dfb41dee013fbd14bbd68fc41da7f06b0d43af034f50d9a,2025-10,City of London Police,City of London Police,-0.103490,51.513897,On or near City Thameslink,E01032740,City of London 001G,Criminal damage and arson,Unable to prosecute suspect,
4f4c45e1ddeb0d9607271950cc1138f004f6553167ab0a0e0a8bccb17b56b450,2025-10,City of London Police,City of London Police,-0.108909,51.515297,On or near West Harding Street,E01032740,City of London 001G,Criminal damage and arson,Investigation complete; no suspect identified,
4b4d5f51306e1af54bf090bd2a9266bbe303ab558cde5bb6218704b7eb211f78,2025-10,City of London Police,City of London Police,-0.111296,51.516136,On or near Further/Higher Educational Building,E01032740,City of London 001G,Criminal damage and arson,Investigation complete; no suspect identified,
8567a5f52c517a3c03887b9004a84b60c4eeeb89b722da5417ce6cfe52894f43,2025-10,City of London Police,City of London Police,-0.099709,51.519906,On or near Farringdon,E01032740,City of London 001G,Criminal damage and arson,Investigation complete; no suspect identified,
05261e554dc5f55e7ed6236bbf98eae53b55c0fa0be5be17ac376ef4291e5232,2025-10,City of London Police,City of London Police,-0.108027,51.511884,On or near Temple Avenue,E01032740,City of London 001G,Drugs,Court result unavailable,
c497c52da96b23925de6691d58adb477c6df10e144b47b56d0f7f4b7ca4ea6e2,2025-10,City of London Police,City of London Police,-0.101320,51.519293,On or near Grand Avenue,E01032740,City of London 001G,Drugs,Court result unavailable,
47df93ee260195302fff6fc8b32d57c62ee8aecdd9037c0453947d796a6c94e3,2025-10,City of London Police,City of London Police,-0.104980,51.512033,On or near Kingscote Street,E01032740,City of London 001G,Other theft,Investigation complete; no suspect identified,
cb1c3119c9d5a19a005f1d404d4666cb5671e2b0a5fc47ddf90620aceb90cf49,2025-10,City of London Police,City of London Police,-0.101621,51.516906,On or near Giltspur Street,E01032740,City of London 001G,Other theft,Unable to prosecute suspect,
27e3ffba88e3a4ce5e44b36639b52e118a539c0068d572b59dfac1fdc7999bc3,2025-10,City of London Police,City of London Police,-0.102538,51.517739,On or near Hosier Lane,E01032740,City of London 001G,Other theft,Investigation complete; no suspect identified,
5203b9466e7187eac76328783eda671401c12bf244664c992c78ff04cd86559e,2025-10,City of London Police,City of London Police,-0.106076,51.517239,On or near Conference/Exhibition Centre,E01032740,City of London 001G,Other theft,Investigation complete; no suspect identified,
23db67eed89ac3507f7109f7cb6b49b144f6b17eca2094ba9c1f20e8484c9a0a,2025-10,City of London Police,City of London Police,-0.107201,51.514092,On or near Conference/Exhibition Centre,E01032740,City of London 001G,Other theft,Investigation complete; no suspect identified,
4f549f256c4f300dfadc395de6ada6fac4fa5fa43cc3006d015bc34ecf1fe14c,2025-10,City of London Police,City of London Police,-0.105131,51.513941,On or near Bride Lane,E01032740,City of London 001G,Other theft,Investigation complete; no suspect identified,
fd9bfabbe199c4ce0dda3ad946d56e624b9f2e9d384ca1d60711207bee9eb1aa,2025-10,City of London Police,City of London Police,-0.106342,51.513592,On or near Salisbury Square,E01032740,City of London 001G,Other theft,Investigation complete; no suspect identified,
292297ac8524f3b871cfd53b54f9868ebb3cca132517dfd9b31f4643a9843aab,2025-10,City of London Police,City of London Police,-0.102812,51.517051,On or near Police Station,E01032740,City of London 001G,Other theft,Investigation complete; no suspect identified,
2a07a8a76f7266f061713c372a01ab8bdd24453fe3d7a74d4a432faf3b654bbe,2025-10,City of London Police,City of London Police,-0.099803,51.519026,On or near Cloth Fair,E01032740,City of London 001G,Other theft,Investigation complete; no suspect identified,
b337e19dbc61e2d1fd5d06ec19386b921886689416e34034e587d0eb0334385d,2025-10,City of London Police,City of London Police,-0.101359,51.518700,On or near Parking Area,E01032740,City of London 001G,Other theft,Unable to prosecute suspect,
a19c859fa0bc287107e27423e37d929640345329b266d31146be070df24cb1b0,2025-10,City of London Police,City of London Police,-0.101359,51.518700,On or near Parking Area,E01032740,City of London 001G,Other theft,Investigation complete; no suspect identified,
14bd9ef291e89ac9ff6f27e0cb6f4aeb2b846de6df3ac51ad8b7e7362f47ec62,2025-10,City of London Police,City of London Police,-0.098886,51.519254,On or near Kinghorn Street,E01032740,City of London 001G,Other theft,Investigation complete; no suspect identified,
e72f57ce1fc978fc374ba713713331ae8bc99b79e5ca82b2b37da423e5782680,2025-10,City of London Police,City of London Police,-0.105131,51.513941,On or near Bride Lane,E01032740,City of London 001G,Other theft,Investigation complete; no suspect identified,
a8d02f6a318609a68800d876ce811cbb4211e7f8853370bd0d64c2cc846a1d43,2025-10,City of London Police,City of London Police,-0.101361,51.519357,On or near Grand Avenue,E01032740,City of London 001G,Other theft,Investigation complete; no suspect identified,
cc3b014047c83e2c860dcaac79130e7f777166ed1d436c497bb711e750245b67,2025-10,City of London Police,City of London Police,-0.099803,51.519026,On or near Cloth Fair,E01032740,City of London 001G,Other theft,Investigation complete; no suspect identified,
56d5643aa87a05627148e46670fd9ea2edb9b3d97438740de65eb70e6862ba1a,2025-10,City of London Police,City of London Police,-0.106076,51.517239,On or near Conference/Exhibition Centre,E01032740,City of London 001G,Other theft,Investigation complete; no suspect identified,
45f63ecd780abbcefbe03bb3c57fd34908a0ffab4e8db5577ec63a449102449f,2025-10,City of London Police,City of London Police,-0.112019,51.516067,On or near Chancery Lane,E01032740,City of London 001G,Other theft,Investigation complete; no suspect identified,
1d3509ca63c4ce89238e3d50f61378b1a603bb09073332fb6b50dfa2e7a82f76,2025-10,City of London Police,City of London Police,-0.099803,51.519026,On or near Cloth Fair,E01032740,City of London 001G,Other theft,Unable to prosecute suspect,
9afe0605206dd8100f5f91530fd5c1719f7da9afba796d0b7e18f0adae1e986e,2025-10,City of London Police,City of London Police,-0.098204,51.517984,On or near Albion Way,E01032740,City of London 001G,Other theft,Unable to prosecute suspect,
4c942ec91b5bb0e65279915de8879394a3ddba1e5515bc313980396aea884002,2025-10,City of London Police,City of London Police,-0.106076,51.517239,On or near Conference/Exhibition Centre,E01032740,City of London 001G,Other theft,Investigation complete; no suspect identified,
ec58367eb89fe00fc729b7fb8e7702b35596ee5ccb402558abd3ddc1547453d5,2025-10,City of London Police,City of London Police,-0.098017,51.519689,On or near Cloth Street,E01032740,City of London 001G,Other theft,Investigation complete; no suspect identified,
14516dd2d407a91fc6b5f36fd0b76ca1e3db17f213c5c0ab1659fa6214e267b0,2025-10,City of London Police,City of London Police,-0.101621,51.516906,On or near Giltspur Street,E01032740,City of London 001G,Other theft,Investigation complete; no suspect identified,
ab2aeae8169c1ea7e0eb77a4b89f3016391f26fa25c9894e7be7345be60b370e,2025-10,City of London Police,City of London Police,-0.097959,51.517629,On or near Montague Street,E01032740,City of London 001G,Other theft,Investigation complete; no suspect identified,
daa671f44fff9786911d27f591000ce8341117ce45a874be7a26d6c0c7dc04ad,2025-10,City of London Police,City of London Police,-0.102812,51.517051,On or near Police Station,E01032740,City of London 001G,Other theft,Investigation complete; no suspect identified,
eb0c9e07820c187292f0ba76d5b165464cf713fd4c788106e68416cad4686548,2025-10,City of London Police,City of London Police,-0.101359,51.518700,On or near Parking Area,E01032740,City of London 001G,Other theft,Investigation complete; no suspect identified,
671a3309920ac757740288cc337b06f392e4add55ae76730bd5f311bb58bc6d4,2025-10,City of London Police,City of London Police,-0.112953,51.518231,On or near Southampton Buildings,E01032740,City of London 001G,Other theft,Investigation complete; no suspect identified,
96cbefd66daebc50bda13ad07e11fe437cdce6b9f284ad85d96eaccfd7670050,2025-10,City of London Police,City of London Police,-0.105131,51.513941,On or near Bride Lane,E01032740,City of London 001G,Other theft,Investigation complete; no suspect identified,
1b5b9064e832ef1a92536ffba1bd3241cb85bdc1dad4c83df41de0de49949a70,2025-10,City of London Police,City of London Police,-0.101359,51.518700,On or near Parking Area,E01032740,City of London 001G,Other theft,Investigation complete; no suspect identified,
9249deca2c4c6a5ff05d229bc47f653a902e45176aedcccf9a385a055e2b0e08,2025-10,City of London Police,City of London Police,-0.102812,51.517051,On or near Police Station,E01032740,City of London 001G,Other theft,Investigation complete; no suspect identified,
6cb07e68796afc83ba74b3581d03cc14f045083cc4612452e812095aea5a64be,2025-10,City of London Police,City of London Police,-0.105131,51.513941,On or near Bride Lane,E01032740,City of London 001G,Other theft,Unable to prosecute suspect,
f6a2a1fd759487862a2122a612102390b68aa6eca65f157b2b9ae7999a9a8d57,2025-10,City of London Police,City of London Police,-0.109387,51.513839,On or near Old Mitre Court,E01032740,City of London 001G,Other theft,Investigation complete; no suspect identified,
91daaa68d1995d355e25ff4945fd10fd9322beaa1a102c6de23ff8aa33419bb4,2025-10,City of London Police,City of London Police,-0.098886,51.519254,On or near Kinghorn Street,E01032740,City of London 001G,Other theft,Investigation complete; no suspect identified,
fb86ba711c62567e2bb4218496018df1416fdfc74dc296fae1334b062a9569ee,2025-10,City of London Police,City of London Police,-0.112019,51.516067,On or near Chancery Lane,E01032740,City of London 001G,Other theft,Investigation complete; no suspect identified,
15bdace18c479a8a99f4ba575cb42af758765d59dec148a7165cda825f8b7817,2025-10,City of London Police,City of London Police,-0.105131,51.513941,On or near Bride Lane,E01032740,City of London 001G,Other theft,Investigation complete; no suspect identified,
c8fb08deee2d7a049b435a75d47b55b1221bac212e6b9506346512768633ea6a,2025-10,City of London Police,City of London Police,-0.099301,51.519674,On or near Hayne Street,E01032740,City of London 001G,Other theft,Unable to prosecute suspect,
4387d9f0bbfc9959d9d25145a0fd37f9ea0c20425893d09c5203865de1dd082a,2025-10,City of London Police,City of London Police,-0.099803,51.519026,On or near Cloth Fair,E01032740,City of London 001G,Possession of weapons,Court result unavailable,
a5aae1bba77cfaf49d5765156ea3f0ada388cefb3bd77927490e981af565bd3f,2025-10,City of London Police,City of London Police,-0.110289,51.516075,On or near Bream'S Buildings,E01032740,City of London 001G,Public order,Unable to prosecute suspect,
3a098985e21227be80696f31364390a3832747b05ebacd16e004cfbafce34b45,2025-10,City of London Police,City of London Police,-0.102812,51.517051,On or near Police Station,E01032740,City of London 001G,Public order,Unable to prosecute suspect,
e76390aa501b1f8b96bf6976a7d15e03d605329be032e8d5654c721f91e8aea4,2025-10,City of London Police,City of London Police,-0.109387,51.513839,On or near Old Mitre Court,E01032740,City of London 001G,Public order,Investigation complete; no suspect identified,
a12746103e84eba7dae59811dea1822910bf682532e87b7622c9b3c8a179cdd5,2025-10,City of London Police,City of London Police,-0.109164,51.517846,On or near Holborn,E01032740,City of London 001G,Robbery,Unable to prosecute suspect,
83b10a29647e23a82232c6b41ceb022c12db9604d3ed20a0a7e67399dbb78116,2025-10,City of London Police,City of London Police,-0.109164,51.517846,On or near Holborn,E01032740,City of London 001G,Robbery,Investigation complete; no suspect identified,
3d7aaff9f96eea7a8edd5b2ce99b9aa50387b0fc200857c7207e6acb8a8bfb2d,2025-10,City of London Police,City of London Police,-0.104980,51.512033,On or near Kingscote Street,E01032740,City of London 001G,Robbery,Unable to prosecute suspect,
64b41f60a4b69cd6176a4ded49fa7fcc16fd9c188c0bb8a20edee86a7282af2f,2025-10,City of London Police,City of London Police,-0.109164,51.517846,On or near Holborn,E01032740,City of London 001G,Shoplifting,Unable to prosecute suspect,
b771110b54a00160aa66312ea9d0a07aeb1605026fd265f3040ba07f51de6d0d,2025-10,City of London Police,City of London Police,-0.112953,51.518231,On or near Southampton Buildings,E01032740,City of London 001G,Shoplifting,Investigation complete; no suspect identified,
ed7030a234d37a0a33f20b30699d47060a1abe5dc5e5dae1fdc07a770ab2d1c2,2025-10,City of London Police,City of London Police,-0.112953,51.518231,On or near Southampton Buildings,E01032740,City of London 001G,Shoplifting,Court result unavailable,
c72f09df310632d75aebb324d57fc7db7ba064c75ed198e3fdc5457ff6ff5e46,2025-10,City of London Police,City of London Police,-0.112953,51.518231,On or near Southampton Buildings,E01032740,City of London 001G,Shoplifting,Unable to prosecute suspect,
50cf04457036721ace680f3668f5b0781bd601978361c1e090330788233131d3,2025-10,City of London Police,City of London Police,-0.112953,51.518231,On or near Southampton Buildings,E01032740,City of London 001G,Shoplifting,Investigation complete; no suspect identified,
9b36891cbfeec46355a09a410f3012bd17604f9dddd0650b57537cef02d3a75b,2025-10,City of London Police,City of London Police,-0.102726,51.513911,On or near Pageantmaster Court,E01032740,City of London 001G,Shoplifting,Unable to prosecute suspect,
6b96a5634d135bd665f5f04fa5f9cea3b0ae67f3694326b4a8e7eedc46d93cdb,2025-10,City of London Police,City of London Police,-0.101320,51.519293,On or near Grand Avenue,E01032740,City of London 001G,Shoplifting,Investigation complete; no suspect identified,
423ce54eb02c4fda726609153778abbccf912cdcd0fd5802100cafb004d7f134,2025-10,City of London Police,City of London Police,-0.112953,51.518231,On or near Southampton Buildings,E01032740,City of London 001G,Shoplifting,Unable to prosecute suspect,
4b4bb6a9d2d342f9a3723a0b956b886ab19dcace6d02cd2c4d53884bae19aaa4,2025-10,City of London Police,City of London Police,-0.107201,51.514092,On or near Conference/Exhibition Centre,E01032740,City of London 001G,Theft from the person,Investigation complete; no suspect identified,
3571267b6b5d6d2224585eec14bd6fe8922e4b88afa288e000245d8e030bf3eb,2025-10,City of London Police,City of London Police,-0.108027,51.511884,On or near Temple Avenue,E01032740,City of London 001G,Theft from the person,Investigation complete; no suspect identified,
4b818387e004659c22e4fb18a2700bb76266f0e52b4c91cf2b14b08e03576f1e,2025-10,City of London Police,City of London Police,-0.108450,51.514202,On or near Fleet Street,E01032740,City of London 001G,Theft from the person,Investigation complete; no suspect identified,
fc1942f5cc37972f6dde15ef111bbc816f857846ae7ec2d83b4db161a0901736,2025-10,City of London Police,City of London Police,-0.104980,51.512033,On or near Kingscote Street,E01032740,City of London 001G,Theft from the person,Investigation complete; no suspect identified,
6da01f8d6ee5997a17d1c8c7b364c1a6aa86ea6753632cf4792d5d43d66992a0,2025-10,City of London Police,City of London Police,-0.104980,51.512033,On or near Kingscote Street,E01032740,City of London 001G,Theft from the person,Investigation complete; no suspect identified,
b16899f61511621c6110b673951e4aa690970a4a13b7edfd67cb51a5914f5250,2025-10,City of London Police,City of London Police,-0.102726,51.513911,On or near Pageantmaster Court,E01032740,City of London 001G,Theft from the person,Investigation complete; no suspect identified,
47a5ccf693e40dbccc5edf343ae26f9d67d6ae65ead56f57598452561e0d26ac,2025-10,City of London Police,City of London Police,-0.104980,51.512033,On or near Kingscote Street,E01032740,City of London 001G,Theft from the person,Investigation complete; no suspect identified,
2422d80f00748fafe2a92c067c274a10a631914d55c38168ec832fb2ad4ff0a2,2025-10,City of London Police,City of London Police,-0.109387,51.513839,On or near Old Mitre Court,E01032740,City of London 001G,Theft from the person,Investigation complete; no suspect identified,
0efec559f3b37a6b23b779b4e2159ce0009284573f030d5ec99cbf0dbe211718,2025-10,City of London Police,City of London Police,-0.108450,51.514202,On or near Fleet Street,E01032740,City of London 001G,Theft from the person,Investigation complete; no suspect identified,
a14e300cddb45d0b3970b7f672118565eacf8ce3509cc60483aa4f1a5a4b3411,2025-10,City of London Police,City of London Police,-0.102726,51.513911,On or near Pageantmaster Court,E01032740,City of London 001G,Theft from the person,Investigation complete; no suspect identified,
80ca3188b881864efa10e458ad2779c6c0e8d84952d2207ba9f5351efa82ca9e,2025-10,City of London Police,City of London Police,-0.108027,51.511884,On or near Temple Avenue,E01032740,City of London 001G,Theft from the person,Investigation complete; no suspect identified,
70b1f8f75b196f67d50f27929d6653415175184ce60c25080a3c9f79a43ad954,2025-10,City of London Police,City of London Police,-0.101621,51.516906,On or near Giltspur Street,E01032740,City of London 001G,Theft from the person,Investigation complete; no suspect identified,
ce17a1020ea306fe329901762d16af42245ebba81f66a3049356a5fcdae7a3ec,2025-10,City of London Police,City of London Police,-0.102726,51.513911,On or near Pageantmaster Court,E01032740,City of London 001G,Theft from the person,Investigation complete; no suspect identified,
2a57b8abd7273f355eb48dbc82295196a32ec027dc3bfe75c6d7dd1600995653,2025-10,City of London Police,City of London Police,-0.108450,51.514202,On or near Fleet Street,E01032740,City of London 001G,Theft from the person,Investigation complete; no suspect identified,
053af13f3e9703c535f5579fe8199f7f574d5bf73f0f9030978eae6c93c9ce54,2025-10,City of London Police,City of London Police,-0.104980,51.512033,On or near Kingscote Street,E01032740,City of London 001G,Theft from the person,Investigation complete; no suspect identified,
582064f8ea8d7efca2372409681190875aa3cd4f7352e10c9abc6c6379f8835c,2025-10,City of London Police,City of London Police,-0.104980,51.512033,On or near Kingscote Street,E01032740,City of London 001G,Theft from the person,Investigation complete; no suspect identified,
b16843bb68fd4b25b87665265ac991489a72abc9803c2f2a5e1c43f349cde1f9,2025-10,City of London Police,City of London Police,-0.102726,51.513911,On or near Pageantmaster Court,E01032740,City of London 001G,Theft from the person,Investigation complete; no suspect identified,
243c9ed0ded8323f5b2312ff54edba0b07c32fa14db61066960f4fb8a4478bb6,2025-10,City of London Police,City of London Police,-0.109387,51.513839,On or near Old Mitre Court,E01032740,City of London 001G,Violence and sexual offences,Unable to prosecute suspect,
4ea88b43498d21761d2ded735948b9c393741de25ab431cc40c6ab40a8923c13,2025-10,City of London Police,City of London Police,-0.104980,51.512033,On or near Kingscote Street,E01032740,City of London 001G,Violence and sexual offences,Investigation complete; no suspect identified,
a80b145a2f20232a4ee413ae2308cb50cbccf1ac7fbd048ffc129cb89d0a37c6,2025-10,City of London Police,City of London Police,-0.106076,51.517239,On or near Conference/Exhibition Centre,E01032740,City of London 001G,Violence and sexual offences,Investigation complete; no suspect identified,
d3533889a1b25db352ba2aae4ab3927b81b38963d97b00e00ca505373f5e1c59,2025-10,City of London Police,City of London Police,-0.109164,51.517846,On or near Holborn,E01032740,City of London 001G,Violence and sexual offences,Unable to prosecute suspect,
400a6c52b05d19c816771cd8aa13a19aba40ef4d11bd9e1a059fabf4a8a84a04,2025-10,City of London Police,City of London Police,-0.099803,51.519026,On or near Cloth Fair,E01032740,City of London 001G,Violence and sexual offences,Unable to prosecute suspect,
5bb353f3d1d33fc73f4ed445315a769c14f019a58f2a86d1d0b11ed06b30e5d3,2025-10,City of London Police,City of London Police,-0.106076,51.517239,On or near Conference/Exhibition Centre,E01032740,City of London 001G,Violence and sexual offences,Unable to prosecute suspect,
42c7015cd4b131b7c8bd45fab676fafb8412263a234b76dd6730a50c624d40fb,2025-10,City of London Police,City of London Police,-0.108450,51.514202,On or near Fleet Street,E01032740,City of London 001G,Violence and sexual offences,Unable to prosecute suspect,
d898d5eca30fe4533ee8b499c5ef14a00f7c7307855be1dfb35a1acf9f7afa54,2025-10,City of London Police,City of London Police,-0.099803,51.519026,On or near Cloth Fair,E01032740,City of London 001G,Violence and sexual offences,Investigation complete; no suspect identified,
7dbdb616211ef9c8e6683b2d407664a17bf0bd3d5e2e5d3376c99cf5e8b4a58c,2025-10,City of London Police,City of London Police,-0.106076,51.517239,On or near Conference/Exhibition Centre,E01032740,City of London 001G,Violence and sexual offences,Local resolution,
bb419e60045be9f2545cc57963b0cbd991713f749122e3ca07c5baaaa5fc44e4,2025-10,City of London Police,City of London Police,-0.098397,51.519561,On or near Middle Street,E01032740,City of London 001G,Violence and sexual offences,Unable to prosecute suspect,
3e041e9548f773e7132d98922b3060deeea8217d5f8434c3054a0682e6a61923,2025-10,City of London Police,City of London Police,-0.106076,51.517239,On or near Conference/Exhibition Centre,E01032740,City of London 001G,Violence and sexual offences,Unable to prosecute suspect,
67fc4866663d33f73d5647f1779a77e73dee7b8a1c04ccabb53edd7c2ccabcc1,2025-10,City of London Police,City of London Police,-0.102585,51.517308,On or near Cock Lane,E01032740,City of London 001G,Violence and sexual offences,Unable to prosecute suspect,
586bfd1c5ff3e631892c6816f254d36653649182007d72961029eecfe5cff8b1,2025-10,City of London Police,City of London Police,-0.101621,51.516906,On or near Giltspur Street,E01032740,City of London 001G,Violence and sexual offences,Unable to prosecute suspect,
827da4162657020904cd4b7b1faf4a667c8d46f38df2af9665c8d495ac80c5ee,2025-10,City of London Police,City of London Police,-0.109164,51.517846,On or near Holborn,E01032740,City of London 001G,Other crime,Investigation complete; no suspect identified,
fd168a04264f9ff71d705d4f8381896a11a3e8bba9626e56c34337336fa882d8,2025-10,City of London Police,City of London Police,-0.085164,51.537115,On or near Branch Place,E01035643,Hackney 025H,Other theft,Investigation complete; no suspect identified,
831f8049ce84c723959b2e229b254b47d7f13bddc825a997d0df105edc074ba8,2025-10,City of London Police,City of London Police,-0.082648,51.520455,On or near Earl Street,E01033708,Hackney 033C,Public order,Unable to prosecute suspect,
f3f96cc10fbf052e4b56395317f84272c92a88b6be280b210fbbe4484548e662,2025-10,City of London Police,City of London Police,-0.102729,51.519379,On or near Charterhouse Street,E01002724,Islington 022D,Violence and sexual offences,Court result unavailable,
79afb5dcafc373fd1e580afe0c51c3cd67c72b4aef1630e8807a07022a357e53,2025-10,City of London Police,City of London Police,-0.098555,51.501596,On or near Sturge Street,E01033868,Southwark 002G,Violence and sexual offences,Unable to prosecute suspect,
dd26eed65c38ec98161b7a56012fd16667a9dfe1f3f228706b8c74ea30586363,2025-10,City of London Police,City of London Police,-0.104666,51.498772,On or near A3202,E01032584,Southwark 034E,Drugs,Court result unavailable,
9fbe75ceb2ad4e10adabe4026d7f88ce4f314d299d18a04ab10d166e9f6743b0,2025-10,City of London Police,City of London Police,-0.058245,51.522815,On or near Collingwood Street,E01004206,Tower Hamlets 013B,Bicycle theft,Court result unavailable,
646e7f417d12ac1314bffb84b6d70d741b4ca8a1574e8c16da566d809f9f31ee,2025-10,City of London Police,City of London Police,-0.058245,51.522815,On or near Collingwood Street,E01004206,Tower Hamlets 013B,Bicycle theft,Unable to prosecute suspect,
73f65d67abb2c3fe61f1a4114f3a48ffa7924f59aced6c6e6330cf04bb0e702e,2025-10,City of London Police,City of London Police,-0.077597,51.518907,On or near Steward Street,E01004307,Tower Hamlets 015B,Other theft,Investigation complete; no suspect identified,
da33d7d66a5f3924e0584d1c14f982e221b682bbdad9c219e7e1a4048eeb9022,2025-10,City of London Police,City of London Police,-0.077746,51.521184,On or near Blossom Street,E01004307,Tower Hamlets 015B,Shoplifting,Court result unavailable,
d3f2641b7959f8da9f3225b03398aa9d222e6831bddbe8836a50044d8f7c071a,2025-10,City of London Police,City of London Police,-0.073485,51.516942,On or near Wentworth Street,E01004310,Tower Hamlets 015E,Drugs,Further investigation is not in the public interest,
21b72b3c495975672821d52946ee88826bee7033020b437460f68aa6ac6fc43f,2025-10,City of London Police,City of London Police,-0.067333,51.515519,On or near Adler Street,E01035687,Tower Hamlets 021H,Drugs,Status update unavailable,
136bfc179214c9312cacd2cadb49174935887b760647c44a18981760962d9ad1,2025-10,City of London Police,City of London Police,-0.068095,51.509785,On or near Dock Street,E01035697,Tower Hamlets 026F,Drugs,Awaiting court outcome,
ea296b8ba3beefac50fc491783968f1616fc90261f361c700ca7b4ed601d1e8a,2025-10,City of London Police,City of London Police,-0.071708,51.506463,On or near St Katharine'S Way,E01004293,Tower Hamlets 027B,Drugs,Further action is not in the public interest,
f52cd154b2e9741b2b4b5cb5b411883c60e636e25127c1c668a771b1edd64fee,2025-10,City of London Police,City of London Police,-0.111756,51.513724,On or near Fleet Street,E01004735,Westminster 018B,Other theft,Investigation complete; no suspect identified,
ce367f93972a833c1b682031bd5b15325a8264be39eabd364e4da6daed42e75d,2025-10,City of London Police,City of London Police,-0.111567,51.513757,On or near Middle Temple Lane,E01004735,Westminster 018B,Theft from the person,Investigation complete; no suspect identified,
0b815cf5a3ba834ffaeb95ea4ca5b68a5bcfa32d13f9047bf52a047a2f6e855b,2025-10,City of London Police,City of London Police,-0.950627,52.322032,On or near The Brambles,E01027022,West Northamptonshire 002E,Violence and sexual offences,Status update unavailable,
,2025-10,City of London Police,City of London Police,,,No Location,,,Anti-social behaviour,,
d4b96014e12f70dd8b6084cac12f51b5de003acbd4417a92c2b14bd2038eb7a8,2025-10,City of London Police,City of London Police,,,No Location,,,Bicycle theft,Investigation complete; no suspect identified,
40aa6844960cdac852bfa15207693e9403bf0a0639269d5213eda309e09caee0,2025-10,City of London Police,City of London Police,,,No Location,,,Bicycle theft,Investigation complete; no suspect identified,
935828c1f515ff7a3ec68c2db6b063ffacc106055791ca3f9ae90ecd3b85f5e3,2025-10,City of London Police,City of London Police,,,No Location,,,Bicycle theft,Investigation complete; no suspect identified,
de28d67c85b54951148898165e3cd8802d2e9f9667632506bdce39850e85d988,2025-10,City of London Police,City of London Police,,,No Location,,,Burglary,Investigation complete; no suspect identified,
075f72ef7869458db2811f03fc6afc3f601f4db3a913ee57291def58c877b533,2025-10,City of London Police,City of London Police,,,No Location,,,Burglary,Investigation complete; no suspect identified,
6d28b6c2371b074cc4ffa21e2aedd8afb92a285de49a50c223327e7e7577085f,2025-10,City of London Police,City of London Police,,,No Location,,,Burglary,Investigation complete; no suspect identified,
5cd31d1fafc602c3c43a5b5a8d9cef4565b46adade2bb3b2d86bdfb5c4da64cc,2025-10,City of London Police,City of London Police,,,No Location,,,Criminal damage and arson,Investigation complete; no suspect identified,
1a393a845bacbe50460a58024c97ec82d9962f54b0299278542663661ed551fb,2025-10,City of London Police,City of London Police,,,No Location,,,Criminal damage and arson,Investigation complete; no suspect identified,
5844ce98aa726bc658685d68fbe37e73d0ad8e34d5fc5ff34facb676d5bf1f0b,2025-10,City of London Police,City of London Police,,,No Location,,,Criminal damage and arson,Status update unavailable,
5917f06dd079d3e19bffc23fd579d70d7f68c47dc8d184dcedba0978278df53e,2025-10,City of London Police,City of London Police,,,No Location,,,Criminal damage and arson,Investigation complete; no suspect identified,
1b0f293f42858ebd2654a10848f59c847e87fe2cbd6291339c4b22abcd590c10,2025-10,City of London Police,City of London Police,,,No Location,,,Criminal damage and arson,Investigation complete; no suspect identified,
d61c6d118709e79a76fdf26d7cdee610b2e5386d8a83377b047e4a019bd3bb1d,2025-10,City of London Police,City of London Police,,,No Location,,,Drugs,Investigation complete; no suspect identified,
c0f3b7c726832a4a6b159a4b5d4a43fc8c90be46a86442f4a65ad7cdbf3d32dd,2025-10,City of London Police,City of London Police,,,No Location,,,Drugs,Court result unavailable,
ace7c660a66fc27bbd36004986e0f5b8755d9347541b6c4ade4de698c9fe3b5a,2025-10,City of London Police,City of London Police,,,No Location,,,Other theft,Investigation complete; no suspect identified,
be6ca9979ef35782ae89b17d571d87539f0ce06b82180687f260d6f12a8a010e,2025-10,City of London Police,City of London Police,,,No Location,,,Other theft,Unable to prosecute suspect,
6ad4840d6b8a63914872baaeaed127f1309c2a6e674a4ed0bc604da12beb2299,2025-10,City of London Police,City of London Police,,,No Location,,,Other theft,Status update unavailable,
74618d5d873e67ade003150783cd07dc20882ca98c1a99d06beb1389806bf313,2025-10,City of London Police,City of London Police,,,No Location,,,Other theft,Investigation complete; no suspect identified,
73b907f09ec3671bbad336a62628f474167876e874440f75f2473f723588eacc,2025-10,City of London Police,City of London Police,,,No Location,,,Other theft,Investigation complete; no suspect identified,
cf3d69c6489d9c147c36ab437f575365c5f96ea3fe12aee05e20569a0b550f24,2025-10,City of London Police,City of London Police,,,No Location,,,Other theft,Unable to prosecute suspect,
1d04f251cdfe90c17bd3300a3846505d338687e44d0d62217538ea0f3f9822b8,2025-10,City of London Police,City of London Police,,,No Location,,,Other theft,Investigation complete; no suspect identified,
25d8f2bce9ccb0aee66eb0303a93d89ee342aca0eceb4bd5dff5f044fc06ed27,2025-10,City of London Police,City of London Police,,,No Location,,,Other theft,Status update unavailable,
e1a2e04db57c67187fef6706a2f8483d51a85d14e5c8bbc2deb130512eb15c62,2025-10,City of London Police,City of London Police,,,No Location,,,Other theft,Investigation complete; no suspect identified,
7907415841dd16bca69765ae78f25d909be61e8323fff989a92dc49b3df552ab,2025-10,City of London Police,City of London Police,,,No Location,,,Other theft,Investigation complete; no suspect identified,
9f0ef857fe88071b6513ad77597b7a2e2b8faa4ba10eaa1c6579ca8531e8ca8d,2025-10,City of London Police,City of London Police,,,No Location,,,Other theft,Investigation complete; no suspect identified,
5bff5e3f9afa5302713f39d2e098b0a2b019698efa3cfae7833489ae918d52ce,2025-10,City of London Police,City of London Police,,,No Location,,,Other theft,Investigation complete; no suspect identified,
bb52a7cecc0ff671798ab800434ad219e82c4b9bd15629932f285a06e22f0d91,2025-10,City of London Police,City of London Police,,,No Location,,,Other theft,Investigation complete; no suspect identified,
6d07be298925d680862892158684fb4b8796cb028380457adb7f338e82438eaa,2025-10,City of London Police,City of London Police,,,No Location,,,Public order,Investigation complete; no suspect identified,
1e15c5cd4ba59a4c6be72fe9bfac33d25f4d4cfd563f5faaa00868a50670887d,2025-10,City of London Police,City of London Police,,,No Location,,,Public order,Unable to prosecute suspect,
25963ae73f1b9cdcaee8560d185af66482e74beb37be2f090c3e93e8700daddc,2025-10,City of London Police,City of London Police,,,No Location,,,Public order,Status update unavailable,
cdfefcce20dc2439b8429e7ecd3de4b157275bcc9905e752904a8aaf3db465d2,2025-10,City of London Police,City of London Police,,,No Location,,,Robbery,Investigation complete; no suspect identified,
585d4678fed5a63de410e8a41b54ee7faff2a43fdc731da0a9c3842a101cf560,2025-10,City of London Police,City of London Police,,,No Location,,,Shoplifting,Court result unavailable,
18f4ef509a3e282c4c207a6449c60c44204fe873989c0bb4ee1a60c91d833393,2025-10,City of London Police,City of London Police,,,No Location,,,Shoplifting,Unable to prosecute suspect,
fa3351c19bf93cb94e56cfe9942e23a808d13f03ed41c8303905a33324e3ec65,2025-10,City of London Police,City of London Police,,,No Location,,,Shoplifting,Investigation complete; no suspect identified,
7862b813f0d43952c1195b20137d8bf7aec5d61fcf66446844645fd5a820116d,2025-10,City of London Police,City of London Police,,,No Location,,,Shoplifting,Investigation complete; no suspect identified,
8b5de7972bd790c5c6315ac3145b83763e84705469e1f00d5df3c8a6b8cd07f0,2025-10,City of London Police,City of London Police,,,No Location,,,Shoplifting,Unable to prosecute suspect,
83b4b33cd4a6f43e5ac3fa33c3b5cd510d956f73e1d33e5c914c1273aa988e82,2025-10,City of London Police,City of London Police,,,No Location,,,Shoplifting,Court result unavailable,
40ee84b54821b6d150df1a6330b6e9ce922e6fbdf76131b31e76eb17fb96c9c7,2025-10,City of London Police,City of London Police,,,No Location,,,Shoplifting,Unable to prosecute suspect,
ba3c129756a19492db274d3da30e89060a004a96c4e2d0bb269db65259169b62,2025-10,City of London Police,City of London Police,,,No Location,,,Theft from the person,Investigation complete; no suspect identified,
89fa2fbc31b1a79f1b6bf32e88367f6a338de5872702ed1f1f1d3df7812130dc,2025-10,City of London Police,City of London Police,,,No Location,,,Theft from the person,Investigation complete; no suspect identified,
ec54bd664874bb6dafad56dd29dbbefdab23bb28a110040d198a7a8918a59739,2025-10,City of London Police,City of London Police,,,No Location,,,Theft from the person,Investigation complete; no suspect identified,
4adccfe0c22d628689df74be5e511a20fb276368c8ce483bca281215b71f7ebb,2025-10,City of London Police,City of London Police,,,No Location,,,Theft from the person,Investigation complete; no suspect identified,
01e09a27973e3a59df06e68c0924197f164fa440263f5e5fe88526c0fa75b291,2025-10,City of London Police,City of London Police,,,No Location,,,Theft from the person,Investigation complete; no suspect identified,
1b70c9cb0f92e62af29b12316cced9ade9781657433021f23fd781ac559cc113,2025-10,City of London Police,City of London Police,,,No Location,,,Theft from the person,Investigation complete; no suspect identified,
ba4b68662cd0fd0ef20c2e3a50407ac41a7663037fb487a170ead4dc85392029,2025-10,City of London Police,City of London Police,,,No Location,,,Theft from the person,Investigation complete; no suspect identified,
9d4ed7194c7b1442feb05f4389e14146aee246fc2d5fd36a4274e65ea9587ed2,2025-10,City of London Police,City of London Police,,,No Location,,,Theft from the person,Investigation complete; no suspect identified,
e154d097645534d2b00a664d93f70683369a2e64d806837c5b6e3a4c53b5c2be,2025-10,City of London Police,City of London Police,,,No Location,,,Theft from the person,Investigation complete; no suspect identified,
e261866fb4725e0a48f1c08bec27488f29e9caa880c2f81b3af89e4f4850d1df,2025-10,City of London Police,City of London Police,,,No Location,,,Theft from the person,Investigation complete; no suspect identified,
36f18c16797d144fcffc9f4ac99438eddbdb30ff2309744d53c5addd5f4bf49f,2025-10,City of London Police,City of London Police,,,No Location,,,Theft from the person,Investigation complete; no suspect identified,
dbb3f64b6dac1215babfa7b4c09823e9502da9051af247619dbc515afd11a0d7,2025-10,City of London Police,City of London Police,,,No Location,,,Theft from the person,Investigation complete; no suspect identified,
badce4b5ac31857073a2266a3adfe2a91f6067b4c36830bfe8cf8465ec6d3682,2025-10,City of London Police,City of London Police,,,No Location,,,Theft from the person,Investigation complete; no suspect identified,
342421b25139a48372480ef467ff2b2100abd6f17765759a739dade0ac324639,2025-10,City of London Police,City of London Police,,,No Location,,,Vehicle crime,Investigation complete; no suspect identified,
c4886b55b083e09120e8f220074c2f3f32312bba5747a7f3ef8cbf04b6adac84,2025-10,City of London Police,City of London Police,,,No Location,,,Violence and sexual offences,Investigation complete; no suspect identified,
59cce64f688d88151d1c4bbcf59ece0b1fe66a26c1276fb97df939e86aee47eb,2025-10,City of London Police,City of London Police,,,No Location,,,Violence and sexual offences,Investigation complete; no suspect identified,
65206fe255236d46664488034fb370cc54df3cefc313625414ded30d967e3b86,2025-10,City of London Police,City of London Police,,,No Location,,,Violence and sexual offences,Unable to prosecute suspect,
6bf0062c432ecd4f33adf57db429c89a84e6651df08a1100b995927b85d05086,2025-10,City of London Police,City of London Police,,,No Location,,,Violence and sexual offences,Local resolution,
a6f65f29b8f5fb1efdd6ca8b137bc3cf7877b2c2eed878d774d5c7eff8b59edb,2025-10,City of London Police,City of London Police,,,No Location,,,Violence and sexual offences,Status update unavailable,
38b03ce5aa04d2fe8a98433433d6f2bd8cfe39780bd2e6825aba6c6b0a2a480c,2025-10,City of London Police,City of London Police,,,No Location,,,Violence and sexual offences,Status update unavailable,
cd0a63cb2723a245d0e01650397bcff8b9198aa6d68b6f92f121644e52c4a51f,2025-10,City of London Police,City of London Police,,,No Location,,,Violence and sexual offences,Unable to prosecute suspect,
2a9939a67adfa60803715ce991094b3fa17615e3e293ed0e17463e9b8f77f952,2025-10,City of London Police,City of London Police,,,No Location,,,Violence and sexual offences,Court result unavailable,
9398bb8ab516f66854d0f7448454bca3630195d21bab88ce7f2c1eb84d93f8c4,2025-10,City of London Police,City of London Police,,,No Location,,,Violence and sexual offences,Unable to prosecute suspect,
2f8f3c8dcd8a4f297143a7b3d4146277a8ee4bf26665d437959a9481053671ef,2025-10,City of London Police,City of London Police,,,No Location,,,Violence and sexual offences,Investigation complete; no suspect identified,
73f457e688463a73001f16abb7dc0f7605b0db6b033b900aa8540594df7208b5,2025-10,City of London Police,City of London Police,,,No Location,,,Violence and sexual offences,Investigation complete; no suspect identified,
3e24fb3de43c2ca1abf5a3a77b2e42782a9999a0253cab3cf1cecae4d2d2f381,2025-10,City of London Police,City of London Police,,,No Location,,,Violence and sexual offences,Investigation complete; no suspect identified,
96838998881aed9cef4153660de28a09f25c27a97078f3f18c87210b616e88e9,2025-10,City of London Police,City of London Police,,,No Location,,,Violence and sexual offences,Investigation complete; no suspect identified,
c045a3b5e38f285dd7715fe216063a61d27ffbf48fbaa7eb7031b27ab6c27470,2025-10,City of London Police,City of London Police,,,No Location,,,Violence and sexual offences,Unable to prosecute suspect,
b6117873d4ef5257e666f2fb9a3db883b92bcfb41a496d54c8f8056be98876e2,2025-10,City of London Police,City of London Police,,,No Location,,,Violence and sexual offences,Unable to prosecute suspect,
2a6654b0c5a9006279c3d45ac4ed6b01c57dcb580242c40754dd1d1b79fcbd77,2025-10,City of London Police,City of London Police,,,No Location,,,Violence and sexual offences,Unable to prosecute suspect,
41e9f0906fa8213597d57dee6e607273c9f002eff7811e736f81d8014de6196f,2025-10,City of London Police,City of London Police,,,No Location,,,Other crime,Court result unavailable,
