Crime ID,Month,Reported by,Falls within,Longitude,Latitude,Location,LSOA code,LSOA name,Crime type,Last outcome category,Context
94fdeeef654e81099e30fbd9e41c383b7bf8422393b13d5691c157cd29a4ec74,2025-03,City of London Police,City of London Police,-0.166129,51.553632,On or near Hospital,E01000898,Camden 008E,Theft from the person,Status update unavailable,
a843be1efdc13ee11aa6b852b874e24461c2e9f4813d38736c3237f61a8a07f2,2025-03,City of London Police,City of London Police,-0.166129,51.553632,On or near Hospital,E01000898,Camden 008E,Theft from the person,Status update unavailable,
80e578e18ad4065f45763582d20ef2ce1c14080526acf11a1f96e57a4207dc0c,2025-03,City of London Police,City of London Police,-0.109842,51.522012,On or near White Bear Yd,E01000916,Camden 027B,Drugs,Formal action is not in the public interest,
6c3257ee8b4461b574058228bd56186118c1d516c41a9323a0d8f54fb1210838,2025-03,City of London Police,City of London Police,-0.107682,51.517786,On or near B521,E01000917,Camden 027C,Theft from the person,Investigation complete; no suspect identified,
92f3c6cb24e35f26dcc1db4fb252f50fddefce35187afb3be3887f85bcbaa102,2025-03,City of London Police,City of London Police,-0.113212,51.516841,On or near Old Square,E01000914,Camden 028B,Criminal damage and arson,Investigation complete; no suspect identified,
7a0f0568723f2b0ea9b21e29317cbd12994292535c87d3d1330ac35e54c6de2d,2025-03,City of London Police,City of London Police,-0.111596,51.518281,On or near Chancery Lane,E01000914,Camden 028B,Other theft,Status update unavailable,
e720f829809530d6874560219a26b5ffb6d9c83fdf80c96eb736e7ad2a340855,2025-03,City of London Police,City of London Police,-0.111596,51.518281,On or near Chancery Lane,E01000914,Camden 028B,Other theft,Investigation complete; no suspect identified,
5f006cbd7bd0459840fa5ffce5f82e26e43a0260a747f87755bc0f40af471279,2025-03,City of London Police,City of London Police,-0.111596,51.518281,On or near Chancery Lane,E01000914,Camden 028B,Other theft,Investigation complete; no suspect identified,
9f8ead5e394efa2eef62adc128b68779b438557fff85872f7923a018252ba772,2025-03,City of London Police,City of London Police,-0.111596,51.518281,On or near Chancery Lane,E01000914,Camden 028B,Theft from the person,Investigation complete; no suspect identified,
eb271aecb6004e5643d4f4994d8462f4b84f11bf437450cb7afe39cfd8db2320,2025-03,City of London Police,City of London Police,-0.125614,51.517742,On or near Little Russell Street,E01000918,Camden 028C,Theft from the person,Status update unavailable,
,2025-03,City of London Police,City of London Police,-0.097078,51.519045,On or near A1,E01000001,City of London 001A,Anti-social behaviour,,
39f62a38dd620ff0f74ed12ec1c260061c112c666e7844f1f7c885a2f4c3c463,2025-03,City of London Police,City of London Police,-0.097506,51.521228,On or near Aldersgate Street,E01000001,City of London 001A,Criminal damage and arson,Investigation complete; no suspect identified,
7284421a743c23e069f0d31ce3ddc7e8e1194d4a343d30d34c128c83131c4fc7,2025-03,City of London Police,City of London Police,-0.096718,51.515511,On or near Conference/Exhibition Centre,E01000001,City of London 001A,Drugs,Status update unavailable,
7182563ce0d0a0cea9fd98097ad5d124e41a14be3271e412dec0c22e417d5cc3,2025-03,City of London Police,City of London Police,-0.096367,51.515355,On or near Foster Lane,E01000001,City of London 001A,Other theft,Investigation complete; no suspect identified,
1a8079f8ccff620ad8bd3d92d53652a97cf6c0b3afe50183bd8aad05d6e334d2,2025-03,City of London Police,City of London Police,-0.098519,51.517332,On or near Little Britain,E01000001,City of London 001A,Other theft,Court result unavailable,
44ed5941a3a652a1d9c1426b9bb956a174f9d2a71ba1accc562b1134a11ba00c,2025-03,City of London Police,City of London Police,-0.098519,51.517332,On or near Little Britain,E01000001,City of London 001A,Other theft,Court result unavailable,
daf29ae83d5634d7b7ecd493331fb4d795bda4b8a989cc223ee807f43de3f458,2025-03,City of London Police,City of London Police,-0.097245,51.515387,On or near St Martin'S Le Grand,E01000001,City of London 001A,Other theft,Investigation complete; no suspect identified,
f577c4b20b7ca5dd17584f165e60adc13ea44a55237366e634763fd847b11d3f,2025-03,City of London Police,City of London Police,-0.098519,51.517332,On or near Little Britain,E01000001,City of London 001A,Other theft,Investigation complete; no suspect identified,
e35d15236bcd22216f12740a5935ac65660b49dfd50a1f29f0c234ca00d0736c,2025-03,City of London Police,City of London Police,-0.097245,51.515387,On or near St Martin'S Le Grand,E01000001,City of London 001A,Shoplifting,Court result unavailable,
4ac6205a46f77920d5f47b45e7689f21b5a5410bedd3fb5c287844730c04dca8,2025-03,City of London Police,City of London Police,-0.097078,51.519045,On or near A1,E01000001,City of London 001A,Theft from the person,Investigation complete; no suspect identified,
a74012c252694341bd19e916d5f34c879392c8ef0bb74cc6def704897ffff751,2025-03,City of London Police,City of London Police,-0.097078,51.519045,On or near A1,E01000001,City of London 001A,Theft from the person,Investigation complete; no suspect identified,
5a0e7d19902af77da7a867eede44ffbc485d30446d82dbf5a485615b53f160c0,2025-03,City of London Police,City of London Police,-0.096718,51.515511,On or near Conference/Exhibition Centre,E01000001,City of London 001A,Theft from the person,Investigation complete; no suspect identified,
fedfe54ee00fa9e3535f182c9440c31e6bdcb07e85537b9676bf28b3afc8970d,2025-03,City of London Police,City of London Police,-0.097144,51.515062,On or near St Paul'S,E01000001,City of London 001A,Theft from the person,Investigation complete; no suspect identified,
f1c18c0d0bad554bb6fb34da119b44a25f8b4ba2ddca18f25d7fc057e60e3f45,2025-03,City of London Police,City of London Police,-0.098519,51.517332,On or near Little Britain,E01000001,City of London 001A,Theft from the person,Investigation complete; no suspect identified,
5f8055c6d4255062abc5a7d53f1c0116f12dc1c56813cf72d6ae80168807274b,2025-03,City of London Police,City of London Police,-0.097290,51.521575,On or near Fann Street,E01000001,City of London 001A,Theft from the person,Investigation complete; no suspect identified,
ed4fbb307ccfef91a7d97521cd6366ace30bb77c990fd90c294098116ffeb68c,2025-03,City of London Police,City of London Police,-0.096367,51.515355,On or near Foster Lane,E01000001,City of London 001A,Vehicle crime,Investigation complete; no suspect identified,
d68faf462ff07a38f96ade18b656e07dc0779cf8c8a8f4f67bd9b08d1947a5aa,2025-03,City of London Police,City of London Police,-0.097245,51.515387,On or near St Martin'S Le Grand,E01000001,City of London 001A,Violence and sexual offences,Investigation complete; no suspect identified,
739d00b6ed588f68ee9ce33319a6e6366a3cb946732f2800a473651b106debbf,2025-03,City of London Police,City of London Police,-0.095704,51.516747,On or near Noble Street,E01000002,City of London 001B,Bicycle theft,Status update unavailable,
2a41f7e5a4e2adeaa6dce3e2455c0d3dad0365122a96669dee0536dda7047a2d,2025-03,City of London Police,City of London Police,-0.092488,51.520598,On or near Silk Street,E01000002,City of London 001B,Bicycle theft,Unable to prosecute suspect,
985936d2eeb047a4c4ca4274fadb198ac93140ebfb40e56c964c07e5e3cb1508,2025-03,City of London Police,City of London Police,-0.092488,51.520598,On or near Silk Street,E01000002,City of London 001B,Bicycle theft,Status update unavailable,
65380dce079b082bfdaf1b4a97a8fdbfcab1d633b56f0905c8e6de56605e21a1,2025-03,City of London Police,City of London Police,-0.092488,51.520598,On or near Silk Street,E01000002,City of London 001B,Bicycle theft,Investigation complete; no suspect identified,
d27fd38d5576f9188d847bec7a61ef9fd4f82fddf6fd0306e18614fbb4981c5f,2025-03,City of London Police,City of London Police,-0.092488,51.520598,On or near Silk Street,E01000002,City of London 001B,Criminal damage and arson,Investigation complete; no suspect identified,
5fa7b1c38449adff3e2df3fe2df030c30493f61065e92ebd4244f93609d44091,2025-03,City of London Police,City of London Police,-0.090553,51.518948,On or near Moor Lane,E01000002,City of London 001B,Criminal damage and arson,Investigation complete; no suspect identified,
4ccc7b937cf508acd790d6ef771a24c3967e0331743e07afa589539ab3ae8cc5,2025-03,City of London Police,City of London Police,-0.092971,51.516271,On or near Aldermanbury,E01000002,City of London 001B,Criminal damage and arson,Unable to prosecute suspect,
11c041e948b64515db20cbfcf762763d6fc31d23ea269fb7d7645df54a450884,2025-03,City of London Police,City of London Police,-0.091498,51.520483,On or near Conference/Exhibition Centre,E01000002,City of London 001B,Drugs,Status update unavailable,
c965e7048c7caba144346b62890720039a1a2da4d01adc6ac909a684db94b9fe,2025-03,City of London Police,City of London Police,-0.090553,51.518948,On or near Moor Lane,E01000002,City of London 001B,Other theft,Court result unavailable,
d1f2c8d26de8b3c4cd8d9fc371c5cf627df8ad86af95948e8b2ec5e06fe682e7,2025-03,City of London Police,City of London Police,-0.094130,51.519961,On or near Theatre/Concert Hall,E01000002,City of London 001B,Other theft,Investigation complete; no suspect identified,
26a3545bfadb6779e490b9576870c72636f88ae36c2aa87da447e74cdf88044e,2025-03,City of London Police,City of London Police,-0.090105,51.520001,On or near Milton Court,E01000002,City of London 001B,Other theft,Investigation complete; no suspect identified,
bc4f283b7a11461147d9c79a7bcca04609d46bc1969b82c582268f88aa02b6ef,2025-03,City of London Police,City of London Police,-0.090105,51.520001,On or near Milton Court,E01000002,City of London 001B,Other theft,Investigation complete; no suspect identified,
aff8bfdf0f6ab2330872bfa3ee92af64fe786b5ffcf81f7f304a124543da9175,2025-03,City of London Police,City of London Police,-0.090105,51.520001,On or near Milton Court,E01000002,City of London 001B,Other theft,Investigation complete; no suspect identified,
2eb3b6cd25766041a92a82aae16996aebd2495da6b88e520f5face3e8ef9fd53,2025-03,City of London Police,City of London Police,-0.090553,51.518948,On or near Moor Lane,E01000002,City of London 001B,Public order,Status update unavailable,
c3ddfa14b56e00da474b3d97dc8054b905a768287d8518df52aa3b59670af751,2025-03,City of London Police,City of London Police,-0.090553,51.518948,On or near Moor Lane,E01000002,City of London 001B,Public order,Investigation complete; no suspect identified,
902dd8acdbd2b3761e1baceff5a7ed5012ff8fcbe446866b62dfa786c69af063,2025-03,City of London Police,City of London Police,-0.090553,51.518948,On or near Moor Lane,E01000002,City of London 001B,Shoplifting,Investigation complete; no suspect identified,
210f90c1ccd0bb5649a934d3fea85dce95c4815c3f2f2e745ea66e09104f6494,2025-03,City of London Police,City of London Police,-0.090553,51.518948,On or near Moor Lane,E01000002,City of London 001B,Shoplifting,Court result unavailable,
4455c02daaddbe3cc6b219c56cbd364bb51da3a282b7daef2563e0c1ec62c8f6,2025-03,City of London Police,City of London Police,-0.090553,51.518948,On or near Moor Lane,E01000002,City of London 001B,Shoplifting,Investigation complete; no suspect identified,
91e27bbd495ff9c32f8f7cc7bb39247f685468868471c112b06a0e42c57a9d7b,2025-03,City of London Police,City of London Police,-0.090553,51.518948,On or near Moor Lane,E01000002,City of London 001B,Shoplifting,Court result unavailable,
afb13bd8fe2cd747f81272ab294a3d332c50967c237d6e136d7a471657425198,2025-03,City of London Police,City of London Police,-0.090553,51.518948,On or near Moor Lane,E01000002,City of London 001B,Shoplifting,Investigation complete; no suspect identified,
9158c66532f359619d2a753a105b9b716f2c9414d8284d97dfb0d673b38140f2,2025-03,City of London Police,City of London Police,-0.090553,51.518948,On or near Moor Lane,E01000002,City of London 001B,Shoplifting,Status update unavailable,
ce33326b7a85e332a5a77a49328c7a07020204367ad3137d05ea64799a1eb7ca,2025-03,City of London Police,City of London Police,-0.090553,51.518948,On or near Moor Lane,E01000002,City of London 001B,Shoplifting,Investigation complete; no suspect identified,
72be2a2cf4db0f6e1089f8a681705996020a3b6345cdcdef4944dcfb707c8d9b,2025-03,City of London Police,City of London Police,-0.092971,51.516271,On or near Aldermanbury,E01000002,City of London 001B,Theft from the person,Investigation complete; no suspect identified,
5df56c9d1a03fb436d19c5c3efae20ed91174caba6c23aef19e56886b8b53383,2025-03,City of London Police,City of London Police,-0.094130,51.519961,On or near Theatre/Concert Hall,E01000002,City of London 001B,Theft from the person,Investigation complete; no suspect identified,
d2bcacf4df4a10a3eeadb56ca6bbea00b15e5c1274df92734014a585e3da99e6,2025-03,City of London Police,City of London Police,-0.090105,51.520001,On or near Milton Court,E01000002,City of London 001B,Theft from the person,Investigation complete; no suspect identified,
5a2ac0036f09a7cd7a50056c6f6655e95eb11ae742458a73cb2d9270a4c889f4,2025-03,City of London Police,City of London Police,-0.091498,51.520483,On or near Conference/Exhibition Centre,E01000002,City of London 001B,Theft from the person,Investigation complete; no suspect identified,
2f22d96bbc6a40a2e30b1ebb996667a0de104c153b3205428ee013c8ed398a2c,2025-03,City of London Police,City of London Police,-0.091495,51.518145,On or near Fore Street,E01000002,City of London 001B,Theft from the person,Investigation complete; no suspect identified,
1b68568ab027fa245dc4d9585b9536d9c4a12258c78e36bef6752bcbb22efbc0,2025-03,City of London Police,City of London Police,-0.093845,51.518462,On or near Park/Open Space,E01000002,City of London 001B,Violence and sexual offences,Unable to prosecute suspect,
1321184ad65a6554f872ba877c068be16ca21860069155813ca9a473e47857e3,2025-03,City of London Police,City of London Police,-0.096114,51.520747,On or near Park/Open Space,E01000003,City of London 001C,Violence and sexual offences,Investigation complete; no suspect identified,
,2025-03,City of London Police,City of London Police,-0.075401,51.511164,On or near Supermarket,E01000005,City of London 001E,Anti-social behaviour,,
,2025-03,City of London Police,City of London Police,-0.075080,51.512625,On or near St Clare Street,E01000005,City of London 001E,Anti-social behaviour,,
,2025-03,City of London Police,City of London Police,-0.078839,51.515753,On or near Cutler Street,E01000005,City of London 001E,Anti-social behaviour,,
,2025-03,City of London Police,City of London Police,-0.076145,51.512642,On or near India Street,E01000005,City of London 001E,Anti-social behaviour,,
,2025-03,City of London Police,City of London Police,-0.076145,51.512642,On or near India Street,E01000005,City of London 001E,Anti-social behaviour,,
,2025-03,City of London Police,City of London Police,-0.075866,51.511406,On or near America Square,E01000005,City of London 001E,Anti-social behaviour,,
957587ee3fac7eca2275d1413c313dfdf0e24997cbdd600709e6e830e8de835b,2025-03,City of London Police,City of London Police,-0.073704,51.511748,On or near Portsoken Street,E01000005,City of London 001E,Bicycle theft,Investigation complete; no suspect identified,
a356fa52ec446c80bda3cdc6e5eb1aa815f81c8cc01d17bdfad02ced83cdfd17,2025-03,City of London Police,City of London Police,-0.074330,51.513647,On or near Little Somerset Street,E01000005,City of London 001E,Burglary,Investigation complete; no suspect identified,
59351fa3a269e3124cd6c648ff38f701e39b03e306ce03c4f76c7975ac882e82,2025-03,City of London Police,City of London Police,-0.075453,51.511965,On or near Minories,E01000005,City of London 001E,Criminal damage and arson,Unable to prosecute suspect,
fbb3c0e093281570996d645b44031b0faa5395986a6b9a89ef4f07f2b4d1c2d8,2025-03,City of London Police,City of London Police,-0.076145,51.512642,On or near India Street,E01000005,City of London 001E,Drugs,Court result unavailable,
b2a0aab1815abedd0c9dcb63addf9cc95667ea9bba3d947e11f78d8f8fa9c89b,2025-03,City of London Police,City of London Police,-0.077407,51.516215,On or near Harrow Place,E01000005,City of London 001E,Drugs,Local resolution,
7c93ca4974c8fe21a4f020f2354a40692467790665e671fa830e42c28145fdfa,2025-03,City of London Police,City of London Police,-0.075453,51.511965,On or near Minories,E01000005,City of London 001E,Other theft,Investigation complete; no suspect identified,
fecf55599f173f95f2e55b20efac8435d7274a1efd91c33ec3181689035bec6c,2025-03,City of London Police,City of London Police,-0.076145,51.512642,On or near India Street,E01000005,City of London 001E,Other theft,Unable to prosecute suspect,
dea194073c0ca53c358050832feea10bea3cb899cce6c24c516f724598ce1a85,2025-03,City of London Police,City of London Police,-0.075453,51.511965,On or near Minories,E01000005,City of London 001E,Other theft,Investigation complete; no suspect identified,
37184793ce9b015fc0de2b378a2656b70ba60b736f6f874dfdfea5c07a9bdf9e,2025-03,City of London Police,City of London Police,-0.078839,51.515753,On or near Cutler Street,E01000005,City of London 001E,Other theft,Status update unavailable,
19412887a9ead462aa3cf942edc64faba2b1f78c8292eef6373de3f07301467e,2025-03,City of London Police,City of London Police,-0.077169,51.517083,On or near Strype Street,E01000005,City of London 001E,Other theft,Investigation complete; no suspect identified,
c5b2e1d727ed20115c15a87cc1396f812242b0eda653dc6ea8a31dfa12d1f61e,2025-03,City of London Police,City of London Police,-0.073103,51.511981,On or near A1210,E01000005,City of London 001E,Public order,Unable to prosecute suspect,
77d8591b38ad1b7425bcd24e94324e94cc2f38291b6df506e4a1fda64be5d09b,2025-03,City of London Police,City of London Police,-0.078783,51.515383,On or near Houndsditch,E01000005,City of London 001E,Public order,Status update unavailable,
350920cb75bdfc0885abe863f9dd7d4599d792fbd765e9eb0c44c930edda2bae,2025-03,City of London Police,City of London Police,-0.074330,51.513647,On or near Little Somerset Street,E01000005,City of London 001E,Robbery,Investigation complete; no suspect identified,
bac56711f4c4839e4a3396ccf8c79ce1a1865c4ddcaf806d677e642012bff294,2025-03,City of London Police,City of London Police,-0.075401,51.511164,On or near Supermarket,E01000005,City of London 001E,Shoplifting,Investigation complete; no suspect identified,
2efd01123a97aa9c9f944eaeb7b92eec3d786394973d54eb4693ccea36f1811c,2025-03,City of London Police,City of London Police,-0.075401,51.511164,On or near Supermarket,E01000005,City of London 001E,Shoplifting,Status update unavailable,
0fce4751ecf5d1c6a2af2b59799d08bdbd0f2a9880069bd241899bad2e57dd18,2025-03,City of London Police,City of London Police,-0.075401,51.511164,On or near Supermarket,E01000005,City of London 001E,Shoplifting,Investigation complete; no suspect identified,
f9f9b572961c263db4ee38ed2f4a22811351e9a2cb5b475d491aa47d7668a5db,2025-03,City of London Police,City of London Police,-0.075401,51.511164,On or near Supermarket,E01000005,City of London 001E,Shoplifting,Local resolution,
6b8d5fda2c4b82bfc16cf19d748f2063283777b61b89cf2e7313d82c27dfda4c,2025-03,City of London Police,City of London Police,-0.075401,51.511164,On or near Supermarket,E01000005,City of London 001E,Shoplifting,Status update unavailable,
0f0aa9e93a38b1454721d4f24902a1f3cc01959c54f9bd7145e47f7482578e99,2025-03,City of London Police,City of London Police,-0.075401,51.511164,On or near Supermarket,E01000005,City of London 001E,Shoplifting,Court result unavailable,
672336222d960e48bc08d2012779a4bb912296b1be57258b9ad848d4818c0e35,2025-03,City of London Police,City of London Police,-0.075401,51.511164,On or near Supermarket,E01000005,City of London 001E,Shoplifting,Status update unavailable,
243279b8b4b4ea835b11db9f4dea6ad3a90eb8bb883a9fee5c49d01553ca9381,2025-03,City of London Police,City of London Police,-0.075401,51.511164,On or near Supermarket,E01000005,City of London 001E,Shoplifting,Unable to prosecute suspect,
d9933ff9b388793c43870fbcdd8f97dda8b592a6ebb44cd9cbee13e134257788,2025-03,City of London Police,City of London Police,-0.075401,51.511164,On or near Supermarket,E01000005,City of London 001E,Shoplifting,Court result unavailable,
b27725c36a1628d62d504c9922f68c15af0a1aef340f5ae6e73d948842efc20d,2025-03,City of London Police,City of London Police,-0.075401,51.511164,On or near Supermarket,E01000005,City of London 001E,Shoplifting,Investigation complete; no suspect identified,
8154fb101e3754d14f53f1f8d7f8f4687cdcde8e5f15b67389fb359f42dcc675,2025-03,City of London Police,City of London Police,-0.076716,51.515178,On or near Gravel Lane,E01000005,City of London 001E,Shoplifting,Investigation complete; no suspect identified,
1fa0ffd9ca82ef6cb2395376774a5e7b6b439d67ea93aa603ee919571143e706,2025-03,City of London Police,City of London Police,-0.075401,51.511164,On or near Supermarket,E01000005,City of London 001E,Shoplifting,Investigation complete; no suspect identified,
9a70434448fcbf3f0f08308b6b3d9389ec14e2493d133857dce5cdca82105c70,2025-03,City of London Police,City of London Police,-0.075401,51.511164,On or near Supermarket,E01000005,City of London 001E,Shoplifting,Local resolution,
c060c5908c603772a8ed5b893a96db7c22c56f026a805c5f3e5ef02637f3781b,2025-03,City of London Police,City of London Police,-0.075401,51.511164,On or near Supermarket,E01000005,City of London 001E,Shoplifting,Investigation complete; no suspect identified,
c4e050d8cdce4cf0f83d23ea40d734df3014dc5597e8fe3244cf882a109495d2,2025-03,City of London Police,City of London Police,-0.073103,51.511981,On or near A1210,E01000005,City of London 001E,Shoplifting,Unable to prosecute suspect,
1f98a8ef4414d1bf6847652201692059b2bac616cb6a3da6b0316bc6acbd3831,2025-03,City of London Police,City of London Police,-0.075401,51.511164,On or near Supermarket,E01000005,City of London 001E,Shoplifting,Status update unavailable,
1025b9699720b9f4e46cfd0384813fdbb0f467d92f3ac17509d0fe5200b864d9,2025-03,City of London Police,City of London Police,-0.074330,51.513647,On or near Little Somerset Street,E01000005,City of London 001E,Shoplifting,Status update unavailable,
728b01c944225d974989ba4c749c8d352047ea6e3738921525148954e3f2c440,2025-03,City of London Police,City of London Police,-0.075401,51.511164,On or near Supermarket,E01000005,City of London 001E,Shoplifting,Investigation complete; no suspect identified,
197eb32a4cd5332e9b8e84fb4d7d958cc5dfc5d7a844ab1d161fd8373ec561ee,2025-03,City of London Police,City of London Police,-0.078849,51.516212,On or near Devonshire Square,E01000005,City of London 001E,Theft from the person,Investigation complete; no suspect identified,
d15a3fa6c5a3e4732ac88b6ce789f1f6f197e33e082d35c19c092dc52cdcc200,2025-03,City of London Police,City of London Police,-0.074330,51.513647,On or near Little Somerset Street,E01000005,City of London 001E,Theft from the person,Investigation complete; no suspect identified,
328759bbfbd4948ca0c0abae19d9eb43a6d16c304c5b09566d216c4b6b78374f,2025-03,City of London Police,City of London Police,-0.075401,51.511164,On or near Supermarket,E01000005,City of London 001E,Theft from the person,Investigation complete; no suspect identified,
339034054c8a156726b5d24aed4d52585877f8cab2d6c1e8586f3b8987634d9e,2025-03,City of London Police,City of London Police,-0.074330,51.513647,On or near Little Somerset Street,E01000005,City of London 001E,Theft from the person,Investigation complete; no suspect identified,
e4f03f563cebfe90ea055772371fcfd0d4d23a6c21b10bb78f8e23755a760353,2025-03,City of London Police,City of London Police,-0.077407,51.516215,On or near Harrow Place,E01000005,City of London 001E,Theft from the person,Investigation complete; no suspect identified,
75b437205bbbbe6baefa22975621d495d3eb920686f869e93dbd5b662cfbf65f,2025-03,City of London Police,City of London Police,-0.075922,51.515894,On or near New Goulston Street,E01000005,City of London 001E,Vehicle crime,Investigation complete; no suspect identified,
5ffec428a683b836b40fb6c0383fc4d12f1121ff6a0afcbe27b00273f0596d36,2025-03,City of London Police,City of London Police,-0.076145,51.512642,On or near India Street,E01000005,City of London 001E,Violence and sexual offences,Investigation complete; no suspect identified,
3d725e2bcd93e23c65cfdc25fbf6f41ec06d50db0775332f8f23449b79fcece7,2025-03,City of London Police,City of London Police,-0.074483,51.512066,On or near Haydon Street,E01000005,City of London 001E,Violence and sexual offences,Unable to prosecute suspect,
7767732354d8f392287975963674cb0616c7b1395e5086917525a624acd88bdc,2025-03,City of London Police,City of London Police,-0.073456,51.513542,On or near Little Somerset Street,E01000005,City of London 001E,Violence and sexual offences,Court result unavailable,
869d5ccd5f5a8c003d1490d40e09c77f329630a8527a9cbc7d598a1b794ff79e,2025-03,City of London Police,City of London Police,-0.078783,51.515383,On or near Houndsditch,E01000005,City of London 001E,Violence and sexual offences,Unable to prosecute suspect,
989dfa1a566029ec2b69c6786de283978920578802ecc83e06df3fad6a959e5f,2025-03,City of London Police,City of London Police,-0.073067,51.511809,On or near Mansell Street,E01000005,City of London 001E,Violence and sexual offences,Unable to prosecute suspect,
f5e932776d4df3ec75745882b3b8bc2a8a3fc0e6ec82882aa81be1e3dd08feb3,2025-03,City of London Police,City of London Police,-0.078849,51.516212,On or near Devonshire Square,E01000005,City of London 001E,Violence and sexual offences,Court result unavailable,
3fef60198bc4c78a09892e5b8418edefd4449790ed97a524025f8a17cb760b52,2025-03,City of London Police,City of London Police,-0.074925,51.514924,On or near St Botolph Street,E01000005,City of London 001E,Violence and sexual offences,Status update unavailable,
df61bbeae1f38d09a0790401c983c9341c48e3b57d2cb43deef1e372950e9fed,2025-03,City of London Police,City of London Police,-0.074483,51.512066,On or near Haydon Street,E01000005,City of London 001E,Violence and sexual offences,Unable to prosecute suspect,
5bc9f550aca774d1e247d98cbbaf87f84c9e2e8387261c8c8fa796bdb58ef934,2025-03,City of London Police,City of London Police,-0.074483,51.512066,On or near Haydon Street,E01000005,City of London 001E,Violence and sexual offences,Unable to prosecute suspect,
43f65d39c0cc2bf1de3ed84ec2d52595da7fdde7359529ae85b78da9832c43f9,2025-03,City of London Police,City of London Police,-0.073727,51.511218,On or near Goodman'S Yard,E01000005,City of London 001E,Violence and sexual offences,Unable to prosecute suspect,
ebb6b661caa4714bec0e3ac603b9cdf97b3e7187ac5170451a09e497c57773fc,2025-03,City of London Police,City of London Police,-0.073456,51.513542,On or near Little Somerset Street,E01000005,City of London 001E,Violence and sexual offences,Court result unavailable,
12cffcc83a7e37947c945912586770124d1fe324a2ad754309c71f42e125c885,2025-03,City of London Police,City of London Police,-0.077511,51.515812,On or near Artizan Street,E01000005,City of London 001E,Other crime,Investigation complete; no suspect identified,
,2025-03,City of London Police,City of London Police,-0.088785,51.517102,On or near Moorgate,E01032739,City of London 001F,Anti-social behaviour,,
,2025-03,City of London Police,City of London Police,-0.084754,51.512882,On or near Corbet Court,E01032739,City of London 001F,Anti-social behaviour,,
,2025-03,City of London Police,City of London Police,-0.084910,51.512588,On or near Bell Inn Yard,E01032739,City of London 001F,Anti-social behaviour,,
,2025-03,City of London Police,City of London Police,-0.084754,51.512882,On or near Corbet Court,E01032739,City of London 001F,Anti-social behaviour,,
,2025-03,City of London Police,City of London Police,-0.083977,51.510441,On or near Lovat Lane,E01032739,City of London 001F,Anti-social behaviour,,
,2025-03,City of London Police,City of London Police,-0.088903,51.510836,On or near Laurence Pountney Hill,E01032739,City of London 001F,Anti-social behaviour,,
,2025-03,City of London Police,City of London Police,-0.100888,51.514448,On or near Amen Corner,E01032739,City of London 001F,Anti-social behaviour,,
,2025-03,City of London Police,City of London Police,-0.077959,51.511332,On or near Crutched Friars,E01032739,City of London 001F,Anti-social behaviour,,
,2025-03,City of London Police,City of London Police,-0.086815,51.517007,On or near Circus Place,E01032739,City of London 001F,Anti-social behaviour,,
e2e1b807abfe39b0d7eb2578e1f6c674ad4c5127321196d6b80adf2b9b133965,2025-03,City of London Police,City of London Police,-0.081113,51.516869,On or near Bishopsgate,E01032739,City of London 001F,Bicycle theft,Investigation complete; no suspect identified,
86215568231c46e63bbb0822514ed89a7b6ae27fe40043e2208f5ba087081abc,2025-03,City of London Police,City of London Police,-0.082133,51.515222,On or near St Helen'S Place,E01032739,City of London 001F,Bicycle theft,Investigation complete; no suspect identified,
1f3d342da67b8d153b134abd6f74e722c252a7b2c4e96bde5dea59b4369d8e5d,2025-03,City of London Police,City of London Police,-0.082133,51.515222,On or near St Helen'S Place,E01032739,City of London 001F,Bicycle theft,Investigation complete; no suspect identified,
1b00ae0eba0095344ea60cfa0dcaa0b200baa88a0821b3b8472072e2ec422a14,2025-03,City of London Police,City of London Police,-0.081902,51.517296,On or near Liverpool Street,E01032739,City of London 001F,Bicycle theft,Investigation complete; no suspect identified,
061d5379ccbbaafd590324c0b548af672084044c145320d5d028d01ae5aaaabd,2025-03,City of London Police,City of London Police,-0.088785,51.517102,On or near Moorgate,E01032739,City of London 001F,Burglary,Status update unavailable,
d4396f1114c773a1b76fd9d21beb56a287aa13e59a113233b898ec39c4f94a0c,2025-03,City of London Police,City of London Police,-0.084754,51.512882,On or near Corbet Court,E01032739,City of London 001F,Burglary,Investigation complete; no suspect identified,
13287dfd6623cce7a051ef088ee6bb030897b2d9e6744222d119c87c940f2151,2025-03,City of London Police,City of London Police,-0.102134,51.513929,On or near Ludgate Hill,E01032739,City of London 001F,Burglary,Investigation complete; no suspect identified,
3f41c76d5d5ffcaebabeba2edcaa1924e0d6e9469a0a72689ac2c4afdd31afd6,2025-03,City of London Police,City of London Police,-0.087873,51.516503,On or near Langthorn Court,E01032739,City of London 001F,Burglary,Court result unavailable,
a66b1c926f001eebee15ccc02afa6c8c2c7d9521fcfbeda39e0c7dbdf45b2882,2025-03,City of London Police,City of London Police,-0.084754,51.512882,On or near Corbet Court,E01032739,City of London 001F,Burglary,Investigation complete; no suspect identified,
6ccb2eced9575408471239e175d6123673bc8f481392ca4e1cc6f26002450c9d,2025-03,City of London Police,City of London Police,-0.081643,51.510070,On or near Great Tower Street,E01032739,City of London 001F,Burglary,Court result unavailable,
c4ed8f7bb765cc5bafc88ace773e6de677f4e28e1ed3e5757a82bf48f04b7920,2025-03,City of London Police,City of London Police,-0.086815,51.517007,On or near Circus Place,E01032739,City of London 001F,Burglary,Investigation complete; no suspect identified,
e17c28356d3658535e0ecc82d4bda898414c594c5b0c18e717b722dc21b7ad37,2025-03,City of London Police,City of London Police,-0.084836,51.511939,On or near Shopping Area,E01032739,City of London 001F,Burglary,Court result unavailable,
1c34d8894d8c6069568c4caedc0945c65a6bbf667f19370941ba7b2226124479,2025-03,City of London Police,City of London Police,-0.089822,51.516103,On or near Coleman Street,E01032739,City of London 001F,Burglary,Investigation complete; no suspect identified,
4f1e6d27914ed942606f9dbd79143fc1ea8de659196880c43c2d76de8c315009,2025-03,City of London Police,City of London Police,-0.094070,51.513079,On or near Watling Street,E01032739,City of London 001F,Burglary,Unable to prosecute suspect,
56144fd408bd28e813bb7af7ee01d8377e3144b348157b4ad492f9f42d9ab7f8,2025-03,City of London Police,City of London Police,-0.094460,51.512024,On or near Great Trinity Lane,E01032739,City of London 001F,Burglary,Investigation complete; no suspect identified,
3016458b4d848d6e831a1596b89e20226a194b7c4922886ae3a8334400771f96,2025-03,City of London Police,City of London Police,-0.095224,51.513736,On or near Shopping Area,E01032739,City of London 001F,Burglary,Unable to prosecute suspect,
86d1c3deaabc53e0cac9087b095d82f5c63bcb1d47b530897761cc27b563ceae,2025-03,City of London Police,City of London Police,-0.079127,51.509607,On or near Byward Street,E01032739,City of London 001F,Burglary,Awaiting court outcome,
244011fc8a8aa6545f2bcb37f937e24e4c8ea8337afff0296b8c3f6ecc616de4,2025-03,City of London Police,City of London Police,-0.087772,51.510665,On or near Martin Lane,E01032739,City of London 001F,Burglary,Investigation complete; no suspect identified,
e073182aa21adecb3fc2e266d175bd64ad56f320aac9a3790e563620ec00f5b6,2025-03,City of London Police,City of London Police,-0.102732,51.513426,On or near Ludgate Broadway,E01032739,City of London 001F,Burglary,Investigation complete; no suspect identified,
f6d65422db5e5e83cf67497c4097bfc1b26c2ff7be3fdc658951349e91ef65e6,2025-03,City of London Police,City of London Police,-0.084844,51.510725,On or near Eastcheap,E01032739,City of London 001F,Burglary,Investigation complete; no suspect identified,
c1f2b4755d99987f997903f6e3bb25f03f41cc29a7b37e38e40e177307600454,2025-03,City of London Police,City of London Police,-0.102134,51.513929,On or near Ludgate Hill,E01032739,City of London 001F,Burglary,Investigation complete; no suspect identified,
9e4bbbecbae4a480093c73d665aa2cc3a626bc4ca7b0f21107d46e3fd10de4de,2025-03,City of London Police,City of London Police,-0.085228,51.511190,On or near Talbot Court,E01032739,City of London 001F,Criminal damage and arson,Court result unavailable,
2ccebbcc8472a96a222af1a691a7319bc580a96188de54c16910fc02af2f2b49,2025-03,City of London Police,City of London Police,-0.087157,51.512624,On or near Lombard Street,E01032739,City of London 001F,Criminal damage and arson,Investigation complete; no suspect identified,
ef975c85e5b3f8061148f0d3d370e483f67fa1bef23c0f8655be91e3303f60c2,2025-03,City of London Police,City of London Police,-0.091540,51.511896,On or near Cannon Street,E01032739,City of London 001F,Criminal damage and arson,Status update unavailable,
d338f085a7b8f348f141956157fb5d836e6244d08f20bbbded629c778c08d8e9,2025-03,City of London Police,City of London Police,-0.077804,51.518083,On or near Sandy'S Row,E01032739,City of London 001F,Criminal damage and arson,Status update unavailable,
54a74fc15870d185b2710d1a54a7fb4bb6391887ef4fb03bf08cfb0be738a174,2025-03,City of London Police,City of London Police,-0.088785,51.517102,On or near Moorgate,E01032739,City of London 001F,Criminal damage and arson,Investigation complete; no suspect identified,
2b0060ed81fcf2f6753f9a5d4e4817bf14dab7f2dc1f8d68d72fbc7c8ca81316,2025-03,City of London Police,City of London Police,-0.101292,51.514770,On or near Amen Court,E01032739,City of London 001F,Criminal damage and arson,Court result unavailable,
a7e256d1b579a93628ad6d6be7d1bed1f74188e646f73152ae92ac2381a9e157,2025-03,City of London Police,City of London Police,-0.089208,51.509744,On or near Angel Lane,E01032739,City of London 001F,Criminal damage and arson,Investigation complete; no suspect identified,
bc5b15d458bb84a9a3b59164d8ccff2d1c35a677c7c0b076b9b83fa449d065e3,2025-03,City of London Police,City of London Police,-0.084844,51.509700,On or near Monument Street,E01032739,City of London 001F,Criminal damage and arson,Investigation complete; no suspect identified,
c8c8e5041423a6d1a41e1ba8d2344503a3891486bbd29185aeeb9d497877cecd,2025-03,City of London Police,City of London Police,-0.097291,51.514626,On or near Supermarket,E01032739,City of London 001F,Criminal damage and arson,Investigation complete; no suspect identified,
970b93cb994c13a382bb8cfcfedbc99e85a7097930001d470fa0c5bee15f38b1,2025-03,City of London Police,City of London Police,-0.095830,51.510967,On or near High Timber Street,E01032739,City of London 001F,Criminal damage and arson,Unable to prosecute suspect,
9541ef2703e75c7eb81f460dc27efeaaa52839889662990d148916764f94838f,2025-03,City of London Police,City of London Police,-0.087157,51.512624,On or near Lombard Street,E01032739,City of London 001F,Criminal damage and arson,Status update unavailable,
fb9fee5af5c565162d1c5c1d509a454e7de3882d3cd6c715ce05af57d9d9d0a5,2025-03,City of London Police,City of London Police,-0.101292,51.514770,On or near Amen Court,E01032739,City of London 001F,Criminal damage and arson,Unable to prosecute suspect,
c908d4dcca858e670715f023c24a96cbba6b9c25e42a8fe1430b5c8f2ed41222,2025-03,City of London Police,City of London Police,-0.092633,51.509872,On or near Bell Wharf Lane,E01032739,City of London 001F,Criminal damage and arson,Investigation complete; no suspect identified,
1d97670f809d95a696e44bed2a592fee3287574736886c169e429bce8f61955f,2025-03,City of London Police,City of London Police,-0.097176,51.510836,On or near Trig Lane,E01032739,City of London 001F,Criminal damage and arson,Investigation complete; no suspect identified,
7eaf63be7e20b7c7fed261ce374a3bd6fa392beadab26ea0bd1906c01f0c6abe,2025-03,City of London Police,City of London Police,-0.087157,51.512624,On or near Lombard Street,E01032739,City of London 001F,Criminal damage and arson,Court result unavailable,
1b21768c55fe2b72ef637c39234732ba7f55c2f5db5f3bb9136a9006343bfd1a,2025-03,City of London Police,City of London Police,-0.081091,51.508820,On or near Water Lane,E01032739,City of London 001F,Criminal damage and arson,Investigation complete; no suspect identified,
cfe2d7c31f1f94276806710178eed422fa4ffdbb8fed59912a32e953fd185ceb,2025-03,City of London Police,City of London Police,-0.082993,51.516360,On or near Wormwood Street,E01032739,City of London 001F,Criminal damage and arson,Court result unavailable,
e9f738337013d12fc7a5cd862157bb56ebe9c930e1e3567d82a8ed4d306cc474,2025-03,City of London Police,City of London Police,-0.087157,51.512624,On or near Lombard Street,E01032739,City of London 001F,Criminal damage and arson,Status update unavailable,
27d8efcde6a8ae827e5751489357fdd5e10ce5fa79dd787fa022e98fce61a348,2025-03,City of London Police,City of London Police,-0.090578,51.509722,On or near Allhallows Lane,E01032739,City of London 001F,Criminal damage and arson,Unable to prosecute suspect,
e1a1789c19c97e558686df9af90af8c3043f1af5bcfdf6656edba0656f14710d,2025-03,City of London Police,City of London Police,-0.089208,51.509744,On or near Angel Lane,E01032739,City of London 001F,Criminal damage and arson,Investigation complete; no suspect identified,
1624e98650e1a4a55b6a5fed5d5891c203951a56d5516ff98058a9ce8fe7d9f8,2025-03,City of London Police,City of London Police,-0.088785,51.517102,On or near Moorgate,E01032739,City of London 001F,Drugs,Court result unavailable,
313a3573e1e73b0df11d434f1f7a68ce50e7232a245d91b2ca7c8c3007d3550d,2025-03,City of London Police,City of London Police,-0.082993,51.516360,On or near Wormwood Street,E01032739,City of London 001F,Drugs,Awaiting court outcome,
8cf9432f9b441d9873106b4177423e4430a0487c01a0c31c49d10844f46ed16a,2025-03,City of London Police,City of London Police,-0.081113,51.516869,On or near Bishopsgate,E01032739,City of London 001F,Drugs,Court result unavailable,
e328ab8452c38d7723008b52bcb81391d76e81b7355f9b74c7a8d8aad8bef7a6,2025-03,City of London Police,City of London Police,-0.088785,51.517102,On or near Moorgate,E01032739,City of London 001F,Drugs,Status update unavailable,
cdcbf84b5d57df4fb5b13ec619967f5bda4439174f6a75ca36bd0e0a4dcf9e0c,2025-03,City of London Police,City of London Police,-0.095054,51.510559,On or near Queenhithe,E01032739,City of London 001F,Drugs,Court result unavailable,
2345742d56dbd020e6a5e0561bcb46f9581050e07fffed336f493a97deeec538,2025-03,City of London Police,City of London Police,-0.084844,51.509700,On or near Monument Street,E01032739,City of London 001F,Drugs,Court result unavailable,
967c345977691f368152e89f379b5a3ce24a655b56e5c7260998a3b65a463f6f,2025-03,City of London Police,City of London Police,-0.081113,51.516869,On or near Bishopsgate,E01032739,City of London 001F,Drugs,Local resolution,
35d0dbcce76cdf234d6a7d8f444a6f333bd99ec2f5133901445fbd4027b8d760,2025-03,City of London Police,City of London Police,-0.100201,51.513286,On or near Dean'S Court,E01032739,City of London 001F,Drugs,Local resolution,
d211a08ae9334db7cd848c46dac0f08cd94e9db8a76a27194c78f97f7d7d35fd,2025-03,City of London Police,City of London Police,-0.100201,51.513286,On or near Dean'S Court,E01032739,City of London 001F,Drugs,Local resolution,
093510ee68244584ec83c27e5586bca9f667afd6c5cb55f7697b9ac6c96ddb52,2025-03,City of London Police,City of London Police,-0.085089,51.512105,On or near Gracechurch Street,E01032739,City of London 001F,Drugs,Local resolution,
17034c843eebd22b58eadb170e581fc1642e286715693300bfadf278f86d7435,2025-03,City of London Police,City of London Police,-0.077563,51.517656,On or near Sandy'S Row,E01032739,City of London 001F,Drugs,Local resolution,
f638c5564a174345c31029d7e94304ff87360746566ddb525912871d367f3621,2025-03,City of London Police,City of London Police,-0.101963,51.510761,On or near Ferry Terminal,E01032739,City of London 001F,Drugs,Local resolution,
d158dc0d698cf2672279a6b54bdfd6d3a34bb11836528ac40b9cecf213631441,2025-03,City of London Police,City of London Police,-0.092531,51.512658,On or near Queen Street,E01032739,City of London 001F,Drugs,Court result unavailable,
e922974ea5ac3c338ef61ee2503454db6b8099c49a0d81c52f7ca09abc09f7d7,2025-03,City of London Police,City of London Police,-0.091947,51.513188,On or near Pancras Lane,E01032739,City of London 001F,Drugs,Court result unavailable,
0804a5d67143a9b258a12006c3af568c42372672606ceb7a4cb12f9ff94182df,2025-03,City of London Police,City of London Police,-0.079127,51.509607,On or near Byward Street,E01032739,City of London 001F,Drugs,Court result unavailable,
426197ce798ec46806a62ac353aeea6423c9addfe7d9a72173f697de0dc717b6,2025-03,City of London Police,City of London Police,-0.097291,51.514626,On or near Supermarket,E01032739,City of London 001F,Drugs,Local resolution,
e328ab8452c38d7723008b52bcb81391d76e81b7355f9b74c7a8d8aad8bef7a6,2025-03,City of London Police,City of London Police,-0.081973,51.515948,On or near A10,E01032739,City of London 001F,Drugs,Local resolution,
1dd7879554d197f88d2cb31b1bb3f097b895f6c26b7400d6d01a150b6ae8e277,2025-03,City of London Police,City of London Police,-0.081512,51.518692,On or near London Liverpool Street,E01032739,City of London 001F,Drugs,Local resolution,
1ef2a0dd3f8524cc3ffa2165aebd41edd2d725d7b1d5d5fdd50afa0820e3d28d,2025-03,City of London Police,City of London Police,-0.079907,51.517785,On or near Victoria Avenue,E01032739,City of London 001F,Drugs,Unable to prosecute suspect,
4517933807477288be34ce362e1f63e5ed2ff4b8c5f5c632d28cdaa0022ec820,2025-03,City of London Police,City of London Police,-0.077563,51.517656,On or near Sandy'S Row,E01032739,City of London 001F,Other theft,Status update unavailable,
95300171fb4c5b89b62193db3018515f5e006049f808c2cc44fa4fdb07e7ca8c,2025-03,City of London Police,City of London Police,-0.087157,51.512624,On or near Lombard Street,E01032739,City of London 001F,Other theft,Investigation complete; no suspect identified,
102e7a375394d661303e261f679e52b6d25ed55cdc995f19047af1ee5aff6582,2025-03,City of London Police,City of London Police,-0.087772,51.510665,On or near Martin Lane,E01032739,City of London 001F,Other theft,Investigation complete; no suspect identified,
8fb9e6456a0e967a7a734838bcd1464b71c373de818cdf75db0b9283aa83c645,2025-03,City of London Police,City of London Police,-0.083977,51.510441,On or near Lovat Lane,E01032739,City of London 001F,Other theft,Investigation complete; no suspect identified,
576f01d95eda8c47b68e2a34253928b276a32b141c810a39a2dfd7086b54174f,2025-03,City of London Police,City of London Police,-0.081643,51.510070,On or near Great Tower Street,E01032739,City of London 001F,Other theft,Investigation complete; no suspect identified,
f39adfc7482c1d67a1e13a04e5cd0702d0e3b07e909155d601b8699d62c0309a,2025-03,City of London Police,City of London Police,-0.085228,51.511190,On or near Talbot Court,E01032739,City of London 001F,Other theft,Investigation complete; no suspect identified,
dc10b6178553470743ddc25aa777016ecd6ae6c2e7caec9d158ff5326332c862,2025-03,City of London Police,City of London Police,-0.102134,51.513929,On or near Ludgate Hill,E01032739,City of London 001F,Other theft,Investigation complete; no suspect identified,
4b63e9d787be85cb0248a8900bce9cb7fd0c9a7e04d6578ef353281d7a4ec4e6,2025-03,City of London Police,City of London Police,-0.079138,51.508312,On or near Lower Thames Street,E01032739,City of London 001F,Other theft,Investigation complete; no suspect identified,
b4f4f0a30100eaad4233d3bda2b02b0f938add95058523b2b7df8bad725a067a,2025-03,City of London Police,City of London Police,-0.088785,51.517102,On or near Moorgate,E01032739,City of London 001F,Other theft,Investigation complete; no suspect identified,
dfe7733623d4c09da0f25199a19244fc390e3b1e247558d54e0bf0a8f304117b,2025-03,City of London Police,City of London Police,-0.086815,51.517007,On or near Circus Place,E01032739,City of London 001F,Other theft,Investigation complete; no suspect identified,
8f1f666a1efc017892cf0c3e6ff72ead460d545352e50b7390f8a5691b4e2af4,2025-03,City of London Police,City of London Police,-0.091947,51.513188,On or near Pancras Lane,E01032739,City of London 001F,Other theft,Action to be taken by another organisation,
d7bc23930b8ee58f9d97840265c92f0bda62d7329d2e3f8eae543169f8511998,2025-03,City of London Police,City of London Police,-0.091947,51.513188,On or near Pancras Lane,E01032739,City of London 001F,Other theft,Investigation complete; no suspect identified,
66d78714f8bfc9ed382ab9d66d817998eb6746c61dbc503d1084efd4d968a055,2025-03,City of London Police,City of London Police,-0.078424,51.518093,On or near Widegate Street,E01032739,City of London 001F,Other theft,Investigation complete; no suspect identified,
3d7c26444468d54deccc593eb40f295dd6f611d8edd56f783a5d12d619cfb319,2025-03,City of London Police,City of London Police,-0.077959,51.511332,On or near Crutched Friars,E01032739,City of London 001F,Other theft,Investigation complete; no suspect identified,
7e3482ee20281376a031b08103b4b1760556658784fc05fa7ae73e4b8bc69564,2025-03,City of London Police,City of London Police,-0.078755,51.518440,On or near Artillery Lane,E01032739,City of London 001F,Other theft,Investigation complete; no suspect identified,
a7a4ebf496bcf68d3445e392b5f4d7fb4386f8658f300f03d3d967b78fef27b2,2025-03,City of London Police,City of London Police,-0.085228,51.511190,On or near Talbot Court,E01032739,City of London 001F,Other theft,Court result unavailable,
53619125c378e8e7d612e2ca37f26974c35c5952c10fc26d073e3e691a44aede,2025-03,City of London Police,City of London Police,-0.083349,51.514830,On or near Shopping Area,E01032739,City of London 001F,Other theft,Status update unavailable,
65d0658b7d7875f3d75e41263746b55acb3f382b26828aa617f014cf1ba6c564,2025-03,City of London Police,City of London Police,-0.092531,51.512658,On or near Queen Street,E01032739,City of London 001F,Other theft,Investigation complete; no suspect identified,
6947106f2aec27257ddf4c6a7b0843b197db8eef977f4bcdfab973a49f9d2f10,2025-03,City of London Police,City of London Police,-0.079907,51.517785,On or near Victoria Avenue,E01032739,City of London 001F,Other theft,Investigation complete; no suspect identified,
df6aaf388af8b9da73a521482cc3bb38b48475011a9d14216092f07cb528d5bc,2025-03,City of London Police,City of London Police,-0.079138,51.508312,On or near Lower Thames Street,E01032739,City of London 001F,Other theft,Investigation complete; no suspect identified,
479d2972a99ae97d25493e604311634b5268e2423747028b590613fbcd5cc0e0,2025-03,City of London Police,City of London Police,-0.078495,51.517770,On or near Further/Higher Educational Building,E01032739,City of London 001F,Other theft,Investigation complete; no suspect identified,
ed93188ea9bb9488049f92fcdf2302304ae99812260246e92b6bc386d773af07,2025-03,City of London Police,City of London Police,-0.087744,51.516492,On or near Copthall Avenue,E01032739,City of London 001F,Other theft,Investigation complete; no suspect identified,
f7f1c2e7e02bf98892199c2824d0e7b0e07f571836ff110d5a682d3fedf9b021,2025-03,City of London Police,City of London Police,-0.095764,51.512549,On or near Friday Street,E01032739,City of London 001F,Other theft,Investigation complete; no suspect identified,
736584b6abde108cb9a9da4eca67326e52da4bb61776e028f4de5baec3b8b1d4,2025-03,City of London Police,City of London Police,-0.084844,51.509700,On or near Monument Street,E01032739,City of London 001F,Other theft,Investigation complete; no suspect identified,
74c903edb3659b2df8da6c0f4f9815143551433ce78ce5465510d9a479e11ad7,2025-03,City of London Police,City of London Police,-0.079907,51.517785,On or near Victoria Avenue,E01032739,City of London 001F,Other theft,Investigation complete; no suspect identified,
68b5041f17d1a02ee8841ead166cba4713a79949694900ad8ce31b36444970d1,2025-03,City of London Police,City of London Police,-0.081512,51.518692,On or near London Liverpool Street,E01032739,City of London 001F,Other theft,Investigation complete; no suspect identified,
1e0c41ee9db67cc3f7b99669e8640cbdc5d98eab7040ef6f79bb7b45f569f60d,2025-03,City of London Police,City of London Police,-0.078278,51.513666,On or near Mitre Street,E01032739,City of London 001F,Other theft,Investigation complete; no suspect identified,
574c2710e88d279a6587c9b225201ae0abf8b96d2a4cc074277697701a8310a4,2025-03,City of London Police,City of London Police,-0.079907,51.517785,On or near Victoria Avenue,E01032739,City of London 001F,Other theft,Status update unavailable,
3cc71418444fade3822f83854b79d5032758c03f6f9cd379ae48a772790334ad,2025-03,City of London Police,City of London Police,-0.079127,51.509607,On or near Byward Street,E01032739,City of London 001F,Other theft,Investigation complete; no suspect identified,
394991b9417ae5c36cf70e3d0418e3dc39467fdf49344759ccc4df7d66f2f2b0,2025-03,City of London Police,City of London Police,-0.084836,51.511939,On or near Shopping Area,E01032739,City of London 001F,Other theft,Status update unavailable,
4ca91f7f37d873c15c14d3dade70273e21f9048f493511c640f7353512d710c4,2025-03,City of London Police,City of London Police,-0.082993,51.516360,On or near Wormwood Street,E01032739,City of London 001F,Other theft,Investigation complete; no suspect identified,
0eb6e1c54468ded69f56f9ac08681ee4122de096ce72cf038ca9bf171a080a77,2025-03,City of London Police,City of London Police,-0.084836,51.511939,On or near Shopping Area,E01032739,City of London 001F,Other theft,Unable to prosecute suspect,
4579c593319665c966d62a2c114f89f144581b3787ccf9c4d38c77f662afefe0,2025-03,City of London Police,City of London Police,-0.077070,51.510877,On or near Cooper'S Row,E01032739,City of London 001F,Other theft,Status update unavailable,
733177da7860f47fbbcd88823e70686f3f5e832bc85635e7b3bd14faeaca54ac,2025-03,City of London Police,City of London Police,-0.079521,51.511196,On or near New London Street,E01032739,City of London 001F,Other theft,Unable to prosecute suspect,
49f3f11c877af717773285f253bbace1ff8b0088e3f7d011a57783c04a29c5e4,2025-03,City of London Police,City of London Police,-0.088785,51.517102,On or near Moorgate,E01032739,City of London 001F,Other theft,Investigation complete; no suspect identified,
7c9a139d43cd9ab8d7bd5413b40c00e95344a229d39bdf7047f6dbd982cea470,2025-03,City of London Police,City of London Police,-0.084754,51.512882,On or near Corbet Court,E01032739,City of London 001F,Other theft,Investigation complete; no suspect identified,
57a9516b684c3f75f0610c27a3037fe66910c9043ae642724111b1b4fc36fe19,2025-03,City of London Police,City of London Police,-0.095924,51.513882,On or near Shopping Area,E01032739,City of London 001F,Other theft,Investigation complete; no suspect identified,
69e90317ce5f2f8df8b217b8d5cd8a99a6fda8c00501e881962217e25ed729f9,2025-03,City of London Police,City of London Police,-0.084836,51.511939,On or near Shopping Area,E01032739,City of London 001F,Other theft,Status update unavailable,
0c37834b1d7d7e999f11807697cb358965f9c8e2e95cbab3189573a1f72ed2be,2025-03,City of London Police,City of London Police,-0.083977,51.510441,On or near Lovat Lane,E01032739,City of London 001F,Other theft,Investigation complete; no suspect identified,
60a45f164bb3e57294e5fc1ae760282410abb30a85172b44896f0cf2b640ac3c,2025-03,City of London Police,City of London Police,-0.084844,51.509700,On or near Monument Street,E01032739,City of London 001F,Other theft,Investigation complete; no suspect identified,
3f81d8865d506765518519d74764180f4c0e97156a4c23697552567b907eb43f,2025-03,City of London Police,City of London Police,-0.077804,51.518083,On or near Sandy'S Row,E01032739,City of London 001F,Other theft,Investigation complete; no suspect identified,
30717b65da656476668145a3c9da3574277c934e6909fa6661ae2fa7dc322d7a,2025-03,City of London Police,City of London Police,-0.086815,51.517007,On or near Circus Place,E01032739,City of London 001F,Other theft,Investigation complete; no suspect identified,
2d9f6e98362e68326badb393d1b3dae3a527c495466ea742927dd519ae37ddaa,2025-03,City of London Police,City of London Police,-0.078477,51.509965,On or near Muscovy Street,E01032739,City of London 001F,Other theft,Investigation complete; no suspect identified,
068ba20c3b621db8e00871baef90dd09d6c972f5d4efca68c9d9edca1bdd691d,2025-03,City of London Police,City of London Police,-0.081512,51.518692,On or near London Liverpool Street,E01032739,City of London 001F,Other theft,Investigation complete; no suspect identified,
c64b509c282823c8a0254506f5d4b76a07278593ba64e65163820ea66ae147e9,2025-03,City of London Police,City of London Police,-0.083600,51.509797,On or near St Mary At Hill,E01032739,City of London 001F,Other theft,Investigation complete; no suspect identified,
b546e59421eab5a0819325022d4fa69baf29b127a7bcc51956f0c02b86267f04,2025-03,City of London Police,City of London Police,-0.084910,51.512588,On or near Bell Inn Yard,E01032739,City of London 001F,Other theft,Investigation complete; no suspect identified,
d085798540c6d4491f6b1d9ac5fe64026f8d438be93803536bb791fcef598f2b,2025-03,City of London Police,City of London Police,-0.101589,51.513515,On or near Ludgate Square,E01032739,City of London 001F,Other theft,Status update unavailable,
b65b76afa626f18076ed4f037df3e5aff3de999aa8eb166ee55c8d8ec4ce192c,2025-03,City of London Police,City of London Police,-0.077563,51.517656,On or near Sandy'S Row,E01032739,City of London 001F,Other theft,Investigation complete; no suspect identified,
8b4ccc807dfc9087d29a5e6d6f99231bafdfbcffed2bdb0c4966047d0737ded2,2025-03,City of London Police,City of London Police,-0.101589,51.513515,On or near Ludgate Square,E01032739,City of London 001F,Other theft,Investigation complete; no suspect identified,
f80e76ec50a8f20be8b9b4a0913828c1aa3f52a620480092ef5434cd2d797090,2025-03,City of London Police,City of London Police,-0.079521,51.511196,On or near New London Street,E01032739,City of London 001F,Other theft,Investigation complete; no suspect identified,
8bd38dbc1f6644c6a9ae31a8b214f166e773f1b40b9e3e5f9d5c6453ac9f04f5,2025-03,City of London Police,City of London Police,-0.079196,51.513789,On or near Creechurch Lane,E01032739,City of London 001F,Other theft,Unable to prosecute suspect,
f46260872d0763d3538a07096281e86008ab20e19894abc4b055147f1bf3a424,2025-03,City of London Police,City of London Police,-0.081512,51.518692,On or near London Liverpool Street,E01032739,City of London 001F,Other theft,Investigation complete; no suspect identified,
4a6e5da6f2a8bab43b6bab8b3aaacf36b74d4c7af25673f228828d3b359621d2,2025-03,City of London Police,City of London Police,-0.086815,51.517007,On or near Circus Place,E01032739,City of London 001F,Other theft,Investigation complete; no suspect identified,
6ea67315e71d4c09553bafddea3c85424e386be1bc5e540fa790a92bd5eb219b,2025-03,City of London Police,City of London Police,-0.089822,51.516103,On or near Coleman Street,E01032739,City of London 001F,Other theft,Investigation complete; no suspect identified,
63d71ec3e07c256dc4d7f0e794bb76046eafb81bd575d305bd47b3b63801b01c,2025-03,City of London Police,City of London Police,-0.078059,51.509967,On or near Trinity Square,E01032739,City of London 001F,Other theft,Unable to prosecute suspect,
7e5ab74fa2796d1f362852f1ceb29d9e09d0ce1a59a22cff5ff8847c650faa11,2025-03,City of London Police,City of London Police,-0.100201,51.513286,On or near Dean'S Court,E01032739,City of London 001F,Other theft,Investigation complete; no suspect identified,
65177790ac1f5fcc67c2dd58f6020df2a9044fb8d63b87fa5bd967f4429a8778,2025-03,City of London Police,City of London Police,-0.101292,51.514770,On or near Amen Court,E01032739,City of London 001F,Other theft,Investigation complete; no suspect identified,
47fb4bf7f245ab124918fa174e0519ea9eecb294774714facc92db19dd66e4d2,2025-03,City of London Police,City of London Police,-0.084836,51.511939,On or near Shopping Area,E01032739,City of London 001F,Other theft,Investigation complete; no suspect identified,
9b5bc16683de21fec761c0b950242ba8f2323a5602db805c5fd060a248655e57,2025-03,City of London Police,City of London Police,-0.102134,51.513929,On or near Ludgate Hill,E01032739,City of London 001F,Other theft,Investigation complete; no suspect identified,
82d424bece1b03d1204347cf9d80ce7b93d1f12109eb857bc643ab5c1d5c17fe,2025-03,City of London Police,City of London Police,-0.087772,51.510665,On or near Martin Lane,E01032739,City of London 001F,Other theft,Investigation complete; no suspect identified,
b130f2b9f56fa5463ff0a3bca3eb4b1a2e887a6284735becc4f89ad6865b7fd8,2025-03,City of London Police,City of London Police,-0.086019,51.513631,On or near Finch Lane,E01032739,City of London 001F,Other theft,Status update unavailable,
064eec93ab6c076bddc2acd74b7c9346c71861a00995f934fde0545d38064f9e,2025-03,City of London Police,City of London Police,-0.083977,51.510441,On or near Lovat Lane,E01032739,City of London 001F,Other theft,Investigation complete; no suspect identified,
508002eaeb60c1cf2b4140dc0b322aff72fd6dbafe90b38960291f5cbaf2fa33,2025-03,City of London Police,City of London Police,-0.083977,51.510441,On or near Lovat Lane,E01032739,City of London 001F,Other theft,Investigation complete; no suspect identified,
2892c2bb9f23518bd36e255765b0c00e9bafe42b36412084b8da2ca61734a55a,2025-03,City of London Police,City of London Police,-0.095924,51.513882,On or near Shopping Area,E01032739,City of London 001F,Other theft,Investigation complete; no suspect identified,
ffe2a62d107aaf4a910aec7285fe80fa6a11cca1eb9267e1c6c194fc103ecc69,2025-03,City of London Police,City of London Police,-0.079521,51.511196,On or near New London Street,E01032739,City of London 001F,Other theft,Investigation complete; no suspect identified,
8276fb58750388dd1d0e09a7d2cedb869002590d06b0c79491bc359de5486168,2025-03,City of London Police,City of London Police,-0.079138,51.508312,On or near Lower Thames Street,E01032739,City of London 001F,Other theft,Investigation complete; no suspect identified,
af2462aa8a520c955a87dc42fb59597a2394773cbb4ac14ef1cf1ad1af8eb4e0,2025-03,City of London Police,City of London Police,-0.079521,51.511196,On or near New London Street,E01032739,City of London 001F,Possession of weapons,Status update unavailable,
93e2b09b91bebe458f35a7a17528a5b85dcc87b8fba86bec8820612fae49c909,2025-03,City of London Police,City of London Police,-0.086019,51.513631,On or near Finch Lane,E01032739,City of London 001F,Possession of weapons,Status update unavailable,
7c577f4a53e29df2d3848100a6331bcb40aab816a16e31d7034d0e4639bdae6f,2025-03,City of London Police,City of London Police,-0.091947,51.513188,On or near Pancras Lane,E01032739,City of London 001F,Possession of weapons,Court result unavailable,
a416d3de4c30a5a0e259297e6cc8c3a4db854ac9154b4d6b1339f69f66b92d5e,2025-03,City of London Police,City of London Police,-0.081902,51.517296,On or near Liverpool Street,E01032739,City of London 001F,Possession of weapons,Court result unavailable,
dd07f14fda73f78bd8c51eaf79f68b41cf7c2902dd41bfc9ab1322e965527cb0,2025-03,City of London Police,City of London Police,-0.081113,51.516869,On or near Bishopsgate,E01032739,City of London 001F,Possession of weapons,Unable to prosecute suspect,
231f7b57e0d0c060ca7b89489c59ee301afd516ecef2d48d81cf48fa8e212132,2025-03,City of London Police,City of London Police,-0.081113,51.516869,On or near Bishopsgate,E01032739,City of London 001F,Public order,Unable to prosecute suspect,
5283d13ce3427d53bf2063cb3aaf1a519f3df5d5350737499d3e19931b64f2af,2025-03,City of London Police,City of London Police,-0.084836,51.511939,On or near Shopping Area,E01032739,City of London 001F,Public order,Investigation complete; no suspect identified,
c36099ae92b505e0ac6cf8fa3fa2e769c59b766f06cb86449a565c77dad96c3b,2025-03,City of London Police,City of London Police,-0.092531,51.512658,On or near Queen Street,E01032739,City of London 001F,Public order,Status update unavailable,
03e2f76c5fcf52023dea87f7ce48ceb7f7f573da6ca3d3a28b43b03f59c3824c,2025-03,City of London Police,City of London Police,-0.081113,51.516869,On or near Bishopsgate,E01032739,City of London 001F,Public order,Unable to prosecute suspect,
510b3bf839f8e9acb4e3269fb2e4a5a40c82dbaaad39fa85b0d85a37254c1764,2025-03,City of London Police,City of London Police,-0.095764,51.512549,On or near Friday Street,E01032739,City of London 001F,Public order,Status update unavailable,
c522b3be90aee41cf437ac98c079469a80fd084a4b569153730c1df5b672c90a,2025-03,City of London Police,City of London Police,-0.084844,51.509700,On or near Monument Street,E01032739,City of London 001F,Public order,Investigation complete; no suspect identified,
5748d3284f41d4ddff430dcaa69c05bace5dea1f6e7087f8dfe09431d8e9de21,2025-03,City of London Police,City of London Police,-0.079883,51.517326,On or near New Street,E01032739,City of London 001F,Public order,Investigation complete; no suspect identified,
e4ff7b15961c342992e84d6565db0ee8ac5b0033a0d811c3774d57a8403be0d5,2025-03,City of London Police,City of London Police,-0.078424,51.518093,On or near Widegate Street,E01032739,City of London 001F,Public order,Status update unavailable,
cf768e5e7f08854778f370719a27ce09b83e0800354894d2f3c42c50069f73f9,2025-03,City of London Police,City of London Police,-0.092531,51.512658,On or near Queen Street,E01032739,City of London 001F,Public order,Unable to prosecute suspect,
bd4a89a009c0d2345fb0c515fbec80a7c3745b981216b8dee9bc5c683a0c550d,2025-03,City of London Police,City of London Police,-0.092531,51.512658,On or near Queen Street,E01032739,City of London 001F,Public order,Unable to prosecute suspect,
7fea9c88919a7058be831f4917315159dd7fdfc57f9ca9b7498b4eb1e6e7461e,2025-03,City of London Police,City of London Police,-0.101906,51.511794,On or near Theatre/Concert Hall,E01032739,City of London 001F,Public order,Unable to prosecute suspect,
e08ace8f811d43c9904551324672efe6111bd05692c7cd045fd80d0e55ac9ce1,2025-03,City of London Police,City of London Police,-0.079907,51.517785,On or near Victoria Avenue,E01032739,City of London 001F,Public order,Unable to prosecute suspect,
ac53f675d610ffc5a0018e346d2427a54039d137b0630a65fd5212363a58453b,2025-03,City of London Police,City of London Police,-0.078755,51.518440,On or near Artillery Lane,E01032739,City of London 001F,Public order,Investigation complete; no suspect identified,
adca4bffb981704df2f70d34db96505d7829e6abc508ddb4e84cb2ff269fdb22,2025-03,City of London Police,City of London Police,-0.079838,51.514267,On or near Bury Street,E01032739,City of London 001F,Public order,Unable to prosecute suspect,
fc15d69962217b205ced68cf44d8177a2f60918caa854346483824c78f8312cc,2025-03,City of London Police,City of London Police,-0.091947,51.513188,On or near Pancras Lane,E01032739,City of London 001F,Public order,Investigation complete; no suspect identified,
76548a1bb28c23d0dbf60b8ae6d38cc402413a1226166eea48342069aecdbfa0,2025-03,City of London Police,City of London Police,-0.081113,51.516869,On or near Bishopsgate,E01032739,City of London 001F,Public order,Unable to prosecute suspect,
bc255ab67badec80e5955cd51634f9f55a86ab57a93b67e579f61a8a88cb8c53,2025-03,City of London Police,City of London Police,-0.104276,51.513712,On or near A201,E01032739,City of London 001F,Public order,Unable to prosecute suspect,
128fc51885aefa0d6c9179c32a89ad3c8857c934fd024a9cbdc8e8cb3d478efe,2025-03,City of London Police,City of London Police,-0.077563,51.517656,On or near Sandy'S Row,E01032739,City of London 001F,Public order,Investigation complete; no suspect identified,
b455ad1132a69036ab0d25ccd23ea1d5b616a50750e0ecfc91e47aae9ce012b2,2025-03,City of London Police,City of London Police,-0.092633,51.509872,On or near Bell Wharf Lane,E01032739,City of London 001F,Public order,Status update unavailable,
eed43b6a5031156bf317a1c08b2fc9900e04928ac57ebcf576042744863b8b94,2025-03,City of London Police,City of London Police,-0.087157,51.512624,On or near Lombard Street,E01032739,City of London 001F,Public order,Court result unavailable,
99a98998c7bdcbe6a0e3adc0d1a4d3fb16515f9f8351b82400078754317a4d6b,2025-03,City of London Police,City of London Police,-0.081902,51.517296,On or near Liverpool Street,E01032739,City of London 001F,Public order,Status update unavailable,
362e1cc8338654a8cc83d770e8c181b028b513ff6ceea5cfe5564c343e9060a9,2025-03,City of London Police,City of London Police,-0.085228,51.511190,On or near Talbot Court,E01032739,City of London 001F,Public order,Court result unavailable,
1bfa6738605a0a5ea1af95c4751d5d6aae3e80c9b0a5caefc0a08a0f03abcfcd,2025-03,City of London Police,City of London Police,-0.079907,51.517785,On or near Victoria Avenue,E01032739,City of London 001F,Public order,Investigation complete; no suspect identified,
8717fbe29c759460d82deac7ee2059dfaa61c6a55f1b779735c723c528e3247c,2025-03,City of London Police,City of London Police,-0.089808,51.517461,On or near London Wall,E01032739,City of London 001F,Public order,Unable to prosecute suspect,
1a528b67e3fec61753e5de7af46b65b4a94a862caf1648ed8c1d1ec2680fecce,2025-03,City of London Police,City of London Police,-0.087772,51.510665,On or near Martin Lane,E01032739,City of London 001F,Public order,Investigation complete; no suspect identified,
2462a8ac2f6d30999eb5a886ab2372aaa907a800a6bc4fbf2c8da7e55d02158c,2025-03,City of London Police,City of London Police,-0.078424,51.518093,On or near Widegate Street,E01032739,City of London 001F,Public order,Investigation complete; no suspect identified,
167debbb17f0189e681a56566e66ef8f6241594a5250c22ce5636ac3550149d1,2025-03,City of London Police,City of London Police,-0.086019,51.513631,On or near Finch Lane,E01032739,City of London 001F,Public order,Status update unavailable,
2707eba85a18715015488c3457a9b23a9a126d3c7bf8b21f6dc945587573b477,2025-03,City of London Police,City of London Police,-0.079883,51.517326,On or near New Street,E01032739,City of London 001F,Public order,Local resolution,
052205f4a5d19919790a659afa686196171c5654cfdfed7da66580532696bd81,2025-03,City of London Police,City of London Police,-0.091540,51.511896,On or near Cannon Street,E01032739,City of London 001F,Public order,Investigation complete; no suspect identified,
6dffcf2eebdbc5f989e7bb80449394f2e22af1dad70f3ca8ed3f576a2f7260f7,2025-03,City of London Police,City of London Police,-0.084844,51.510725,On or near Eastcheap,E01032739,City of London 001F,Public order,Unable to prosecute suspect,
1fbe0630d94de13e44f910280068e9bf12e0aad6b76e360db6bc7c2a2167e292,2025-03,City of London Police,City of London Police,-0.101292,51.514770,On or near Amen Court,E01032739,City of London 001F,Public order,Unable to prosecute suspect,
23f04cfb2db5f83f04c6a73344064f9cd0e26ac03674a2b839b75491cefdfbdb,2025-03,City of London Police,City of London Police,-0.080043,51.521735,On or near Worship Street,E01032739,City of London 001F,Public order,Status update unavailable,
36a44340afa33f05f09061c07d47d075299d82b486896c219a0d3e684d05166c,2025-03,City of London Police,City of London Police,-0.078278,51.513666,On or near Mitre Street,E01032739,City of London 001F,Public order,Unable to prosecute suspect,
34a58f53d40d4758fbc5acb4bb0594d3e4d47eec7726c83c7dcf632357aa5d0b,2025-03,City of London Police,City of London Police,-0.078278,51.513666,On or near Mitre Street,E01032739,City of London 001F,Public order,Investigation complete; no suspect identified,
0ff6ac1e2b2d7729c9325a0d9099348567b14aa41afbf0a1529429b9f052bb3f,2025-03,City of London Police,City of London Police,-0.077372,51.512590,On or near Carlisle Avenue,E01032739,City of London 001F,Public order,Local resolution,
c58468863b33e6cc88f40a4878e55ffb3a396adc244ece15dbd4cd06a3973a4e,2025-03,City of London Police,City of London Police,-0.081902,51.517296,On or near Liverpool Street,E01032739,City of London 001F,Public order,Status update unavailable,
f1541d09864efe6c1fcc1ee3d0767ad8338e7750d52e0cb5c2ea8884a56626c6,2025-03,City of London Police,City of London Police,-0.078755,51.518440,On or near Artillery Lane,E01032739,City of London 001F,Public order,Status update unavailable,
4b4b19f960a204dcf7e8210e0cc0b5e2abd3e1663b2a373b6ccde96a4db31908,2025-03,City of London Police,City of London Police,-0.081113,51.516869,On or near Bishopsgate,E01032739,City of London 001F,Public order,Court result unavailable,
f13212d67622144f17351489fc5bc172dd39424b045d1ebd0384288a458bb25c,2025-03,City of London Police,City of London Police,-0.079907,51.517785,On or near Victoria Avenue,E01032739,City of London 001F,Public order,Unable to prosecute suspect,
2131dc8dde70925345617d7f059e713ce362f1a6977cb50094506ca2c685e2ac,2025-03,City of London Police,City of London Police,-0.085089,51.512105,On or near Gracechurch Street,E01032739,City of London 001F,Public order,Status update unavailable,
a15116baea0fcaa89b772d2324494564a6005569ece03ff58398a4750772bc44,2025-03,City of London Police,City of London Police,-0.091540,51.511896,On or near Cannon Street,E01032739,City of London 001F,Public order,Status update unavailable,
294c25d90a254390858eef6af220e4e5683ca6be63a6d6322b142e8bf6b3d958,2025-03,City of London Police,City of London Police,-0.095054,51.510559,On or near Queenhithe,E01032739,City of London 001F,Public order,Status update unavailable,
0939b2482043baa020c9d457e82a8f7198955c33a691397e680245625d05c425,2025-03,City of London Police,City of London Police,-0.088785,51.517102,On or near Moorgate,E01032739,City of London 001F,Public order,Status update unavailable,
a26aa6f1c152cd16c7dffbd1749eaec33d57046ed99f8a2e4ca42713b4bca4b8,2025-03,City of London Police,City of London Police,-0.078278,51.513666,On or near Mitre Street,E01032739,City of London 001F,Robbery,Investigation complete; no suspect identified,
ef4ab0c5b5b6bfcb70ea03dbf753cc129eb6163a8503d0259008293c0cf56eda,2025-03,City of London Police,City of London Police,-0.085089,51.512105,On or near Gracechurch Street,E01032739,City of London 001F,Robbery,Investigation complete; no suspect identified,
6623e265f181049ac1a587e4f90b15dbd32aef4e5cbb9b7099c95ec2abf5a540,2025-03,City of London Police,City of London Police,-0.095924,51.513882,On or near Shopping Area,E01032739,City of London 001F,Robbery,Status update unavailable,
9e11e80a5532413a03f30ee66585ff3805cc90dece6153443f220cbcff838892,2025-03,City of London Police,City of London Police,-0.089822,51.516103,On or near Coleman Street,E01032739,City of London 001F,Robbery,Unable to prosecute suspect,
b80c8446d46298f55a5571c8e938af75e8afb277f08f4e65305c71b1b21437d0,2025-03,City of London Police,City of London Police,-0.079521,51.511196,On or near New London Street,E01032739,City of London 001F,Robbery,Status update unavailable,
aad1058e2303b7073847c0ccfff76881d92efef99b3d14714c65696ca0581f94,2025-03,City of London Police,City of London Police,-0.085089,51.512105,On or near Gracechurch Street,E01032739,City of London 001F,Shoplifting,Court result unavailable,
1df8fe5b3b5f6740affa37e009525f8d51c24846efe0febc6ddb461b59a402c4,2025-03,City of London Police,City of London Police,-0.096501,51.513874,On or near New Change,E01032739,City of London 001F,Shoplifting,Investigation complete; no suspect identified,
4f320014ea9d2b5190672bb3d236f0057d308c40231b1ccdb9bb47c6a1ac2fe7,2025-03,City of London Police,City of London Police,-0.085089,51.512105,On or near Gracechurch Street,E01032739,City of London 001F,Shoplifting,Unable to prosecute suspect,
a8b4e8248771dbf2f824e021cf26abd88d943932b64e0a26413f17a3e624f041,2025-03,City of London Police,City of London Police,-0.097291,51.514626,On or near Supermarket,E01032739,City of London 001F,Shoplifting,Unable to prosecute suspect,
b10aa30a483d7506c8c9d10396f744225f40e2550aac6c7018c3bd75a52efd1d,2025-03,City of London Police,City of London Police,-0.081113,51.516869,On or near Bishopsgate,E01032739,City of London 001F,Shoplifting,Status update unavailable,
7367bd37af2ed6ed7c7f0f5cbd3d347e5a209f0636095b0fd7aad608d16a711f,2025-03,City of London Police,City of London Police,-0.085089,51.512105,On or near Gracechurch Street,E01032739,City of London 001F,Shoplifting,Local resolution,
33122592e26695aa327c1af7e8fab7cc6993879c05c59b221ddfcd404ee71ebd,2025-03,City of London Police,City of London Police,-0.084844,51.510725,On or near Eastcheap,E01032739,City of London 001F,Shoplifting,Status update unavailable,
3ab28ae40ccbf36fee2a6f57f7b21e1a1a7cecd0e67e0da90bbeec56de9d1a23,2025-03,City of London Police,City of London Police,-0.095924,51.513882,On or near Shopping Area,E01032739,City of London 001F,Shoplifting,Investigation complete; no suspect identified,
9a1b3a47b6b0836437bf5bdac198df6a3c45e45a2053cd53db87a1bc56e9e9f5,2025-03,City of London Police,City of London Police,-0.097291,51.514626,On or near Supermarket,E01032739,City of London 001F,Shoplifting,Unable to prosecute suspect,
58bc84f4d6a756b131e272932f3df9b9c47c9fcf8906c42d5794f56207d10588,2025-03,City of London Police,City of London Police,-0.097291,51.514626,On or near Supermarket,E01032739,City of London 001F,Shoplifting,Investigation complete; no suspect identified,
bbbee04c18b2db7042169f63d1a384d7a23929cc9a950021ec74d10f8a0172fc,2025-03,City of London Police,City of London Police,-0.081902,51.517296,On or near Liverpool Street,E01032739,City of London 001F,Shoplifting,Investigation complete; no suspect identified,
3ab08fca3ae3502f4da1a62571368cf6e8c2d53cbde894f06f0dab8482c6a765,2025-03,City of London Police,City of London Police,-0.078278,51.513666,On or near Mitre Street,E01032739,City of London 001F,Shoplifting,Investigation complete; no suspect identified,
28c44d394b62af552582a5fdb9757c86066d95ba17d3ec5ab4626ba41576466f,2025-03,City of London Police,City of London Police,-0.084836,51.511939,On or near Shopping Area,E01032739,City of London 001F,Shoplifting,Investigation complete; no suspect identified,
c7dcede6037582e9ae1983e2f8ca8cd97af404cad50b886f4ae86b020e1f61c4,2025-03,City of London Police,City of London Police,-0.079883,51.517326,On or near New Street,E01032739,City of London 001F,Shoplifting,Status update unavailable,
4dc7e44fce5c54509c704621397f7e79e04602ab8f5d3f03c756c738955ebcf4,2025-03,City of London Police,City of London Police,-0.091823,51.514427,On or near Ironmonger Lane,E01032739,City of London 001F,Shoplifting,Investigation complete; no suspect identified,
38878f061e97c53020f074841d06aa40a947dae6c6f755d9ece18facd55ab030,2025-03,City of London Police,City of London Police,-0.097291,51.514626,On or near Supermarket,E01032739,City of London 001F,Shoplifting,Investigation complete; no suspect identified,
8d0cb631552b08b88369ff135cc0665c3f3eccfd13cb9c152658a908112d04fb,2025-03,City of London Police,City of London Police,-0.079907,51.517785,On or near Victoria Avenue,E01032739,City of London 001F,Shoplifting,Investigation complete; no suspect identified,
24dbf2b7aee0314b8adc660aa68f59b88face05fb6bda24dc90f31b464c4220a,2025-03,City of London Police,City of London Police,-0.091823,51.514427,On or near Ironmonger Lane,E01032739,City of London 001F,Shoplifting,Unable to prosecute suspect,
2580294c42a5594e954b4f0a68a954f43ca0409c3d8a1c477efab9cbc5f1f0f1,2025-03,City of London Police,City of London Police,-0.079883,51.517326,On or near New Street,E01032739,City of London 001F,Shoplifting,Court result unavailable,
31a1372ed8decf657f75c28e389123a4e0a6bfbb7d9b8d22bf1c3332f89d7c61,2025-03,City of London Police,City of London Police,-0.084844,51.510725,On or near Eastcheap,E01032739,City of London 001F,Shoplifting,Court result unavailable,
8a8a53cc0bc76e48920588d3034a0f214affe79e94dfbb4d3b93efa02e12f2ef,2025-03,City of London Police,City of London Police,-0.097291,51.514626,On or near Supermarket,E01032739,City of London 001F,Shoplifting,Investigation complete; no suspect identified,
f7d143376133f26685003d2f63380200cec52677312631ba7a9501b41e839db1,2025-03,City of London Police,City of London Police,-0.086815,51.517007,On or near Circus Place,E01032739,City of London 001F,Shoplifting,Court result unavailable,
5fe13f82823cb2ba1253da1afe15d1015d4e991a95dfd6a3ce1ac15f44867c1f,2025-03,City of London Police,City of London Police,-0.087772,51.510665,On or near Martin Lane,E01032739,City of London 001F,Shoplifting,Investigation complete; no suspect identified,
a8bbee1885e3866e1ec1bdb0928ea4ba45976b4183642d59a5ec2f2a8e33edf0,2025-03,City of London Police,City of London Police,-0.085089,51.512105,On or near Gracechurch Street,E01032739,City of London 001F,Shoplifting,Court result unavailable,
b6098a118567fda0cf7bf91fc3b6d2f863b49b879ba3b7ccdd036c36fe9c5484,2025-03,City of London Police,City of London Police,-0.097291,51.514626,On or near Supermarket,E01032739,City of London 001F,Shoplifting,Investigation complete; no suspect identified,
5b9a7ea96f63eeb4f4a6a6e350e5137e066c4f0494125a44cc495b59faebb297,2025-03,City of London Police,City of London Police,-0.091823,51.514427,On or near Ironmonger Lane,E01032739,City of London 001F,Shoplifting,Investigation complete; no suspect identified,
ca0b46cfcfc52f3581767905a9202f51e25031620795552510d370aae86cf6cd,2025-03,City of London Police,City of London Police,-0.081902,51.517296,On or near Liverpool Street,E01032739,City of London 001F,Shoplifting,Unable to prosecute suspect,
c145c3aeb237a8ad8221357617ebcbecf1fdd33d8059af5bc413d3052ac9b61f,2025-03,City of London Police,City of London Police,-0.084754,51.512882,On or near Corbet Court,E01032739,City of London 001F,Shoplifting,Court result unavailable,
6022ce7c8a182319b77da173910db12088018a43e45e09ab62fe480c55b40462,2025-03,City of London Police,City of London Police,-0.078278,51.513666,On or near Mitre Street,E01032739,City of London 001F,Shoplifting,Investigation complete; no suspect identified,
d872dd839b5c74dcfddbb0fd1a64993f4437695a44ef14edd512945789dc917d,2025-03,City of London Police,City of London Police,-0.078278,51.513666,On or near Mitre Street,E01032739,City of London 001F,Shoplifting,Investigation complete; no suspect identified,
e5c8eb6bb97093e5e3b73673a056d6429f301904af34b4c4ca188e67064f2812,2025-03,City of London Police,City of London Police,-0.086019,51.513631,On or near Finch Lane,E01032739,City of London 001F,Shoplifting,Investigation complete; no suspect identified,
49c60b3f5f4ff33985f8d89bd6611e766790f4731413ba10002abfcfcc86c080,2025-03,City of London Police,City of London Police,-0.085089,51.512105,On or near Gracechurch Street,E01032739,City of London 001F,Shoplifting,Local resolution,
1feebf4404af8fe69c544d3726ad8ee49b318c26779fc54352e03d34066eb99f,2025-03,City of London Police,City of London Police,-0.087772,51.510665,On or near Martin Lane,E01032739,City of London 001F,Shoplifting,Court result unavailable,
5b020bd7a12d7c5137c6214cd877ae5466bd27336eebc95e422bdb713e0fc2d9,2025-03,City of London Police,City of London Police,-0.087772,51.510665,On or near Martin Lane,E01032739,City of London 001F,Shoplifting,Investigation complete; no suspect identified,
e3fe62acd8f5de82dc8dd1e28c98c7bbb50bbed32210499a46d12174d66a22a4,2025-03,City of London Police,City of London Police,-0.095924,51.513882,On or near Shopping Area,E01032739,City of London 001F,Shoplifting,Local resolution,
8978b98f276af90c353205f7efb88ddee911f99024bc084b41ff9cf6c7bc6d00,2025-03,City of London Police,City of London Police,-0.095924,51.513882,On or near Shopping Area,E01032739,City of London 001F,Shoplifting,Investigation complete; no suspect identified,
625220bcdd8dd5e9f3cfe67eb21d6cd474c2df85a12ad25793414637993e7480,2025-03,City of London Police,City of London Police,-0.095224,51.513736,On or near Shopping Area,E01032739,City of London 001F,Shoplifting,Local resolution,
acb5370c3eb8e98d694cc88adffb9fb68d47d738ce0aa5e78c5ae5fa816437d9,2025-03,City of London Police,City of London Police,-0.088903,51.510836,On or near Laurence Pountney Hill,E01032739,City of London 001F,Shoplifting,Investigation complete; no suspect identified,
762e0739b596bce1a0fd0d6c1dd5ffd2109b17ab48836ce77b82ece4f9e9ee2a,2025-03,City of London Police,City of London Police,-0.081113,51.516869,On or near Bishopsgate,E01032739,City of London 001F,Shoplifting,Investigation complete; no suspect identified,
a9367c4a50049733bb2bbb2a1e9fc492b0947cbbd1d1b5343dd950ee0aa0eaee,2025-03,City of London Police,City of London Police,-0.079883,51.517326,On or near New Street,E01032739,City of London 001F,Shoplifting,Local resolution,
2a5887ea47275e4da67c5fdc7051dc71b6c37adfc2bb047a7d4ffcceda676414,2025-03,City of London Police,City of London Police,-0.084836,51.511939,On or near Shopping Area,E01032739,City of London 001F,Shoplifting,Investigation complete; no suspect identified,
90f5533f6bf4487e961cfd32111fa580b2224ca38a21311367842adec44b63bf,2025-03,City of London Police,City of London Police,-0.085089,51.512105,On or near Gracechurch Street,E01032739,City of London 001F,Shoplifting,Court result unavailable,
aa5ac4d707fcf2b703b1d14f42d57201baafcd4641f28a3cde9ef6bfc3174a14,2025-03,City of London Police,City of London Police,-0.084754,51.512882,On or near Corbet Court,E01032739,City of London 001F,Shoplifting,Court result unavailable,
2f5a8e273e6c19ef041aecae03086e354c1375ca8811f2021283ae9a864015e5,2025-03,City of London Police,City of London Police,-0.084754,51.512882,On or near Corbet Court,E01032739,City of London 001F,Shoplifting,Court result unavailable,
2200604c6090454f1c06e75ea0a25e52fe4f966d8558fce423c6c9f3199260a0,2025-03,City of London Police,City of London Police,-0.081902,51.517296,On or near Liverpool Street,E01032739,City of London 001F,Shoplifting,Investigation complete; no suspect identified,
e7f3ddb701eed7aafe59a2f0924e0dbeb772a7923c779884f59c06e8bbace09c,2025-03,City of London Police,City of London Police,-0.091540,51.511896,On or near Cannon Street,E01032739,City of London 001F,Shoplifting,Investigation complete; no suspect identified,
58924e0ccf74ae4f344b0d0950d2f932fe153ec94de6db9f1c15b55210d845a7,2025-03,City of London Police,City of London Police,-0.079883,51.517326,On or near New Street,E01032739,City of London 001F,Shoplifting,Local resolution,
5c2fdd3f3f2eb189701c3447590030669732952b50eeb029b586fff571b0137e,2025-03,City of London Police,City of London Police,-0.097291,51.514626,On or near Supermarket,E01032739,City of London 001F,Shoplifting,Investigation complete; no suspect identified,
20cb0db591f6adde834bc101b81154c8b1a9f7f5d5db1f01bcd7b555a486bac5,2025-03,City of London Police,City of London Police,-0.078278,51.513666,On or near Mitre Street,E01032739,City of London 001F,Shoplifting,Investigation complete; no suspect identified,
5812de8b25e3b4b8b6b96fc7617747d7fca96d647c3274dad7c533283773fb4c,2025-03,City of London Police,City of London Police,-0.087772,51.510665,On or near Martin Lane,E01032739,City of London 001F,Shoplifting,Investigation complete; no suspect identified,
e501fc66df2ed9d05bd8a1aab36ac3aaf6a8c80011f3bff6f794faff9b4be86f,2025-03,City of London Police,City of London Police,-0.097291,51.514626,On or near Supermarket,E01032739,City of London 001F,Shoplifting,Court result unavailable,
126b3ffc0d372f361d971b5c33a4c13b5a925cf35a279bd47ec532b663e02fca,2025-03,City of London Police,City of London Police,-0.095924,51.513882,On or near Shopping Area,E01032739,City of London 001F,Shoplifting,Unable to prosecute suspect,
3db7402b4205359c9d01292d03e6b0258c51f1783da696fe1b3c75b3dab634a5,2025-03,City of London Police,City of London Police,-0.088903,51.510836,On or near Laurence Pountney Hill,E01032739,City of London 001F,Shoplifting,Investigation complete; no suspect identified,
5354e774017d307bcbe32c04502a3762b20598d011290e5aa898fa4134d76c3d,2025-03,City of London Police,City of London Police,-0.091823,51.514427,On or near Ironmonger Lane,E01032739,City of London 001F,Shoplifting,Status update unavailable,
126b3ffc0d372f361d971b5c33a4c13b5a925cf35a279bd47ec532b663e02fca,2025-03,City of London Police,City of London Police,-0.096501,51.513874,On or near New Change,E01032739,City of London 001F,Shoplifting,Status update unavailable,
697ca13ed7e004c9dbf7a7cdfd7160a4c3ce004f688a7a5f9fac8fbdde5a6e39,2025-03,City of London Police,City of London Police,-0.095224,51.513736,On or near Shopping Area,E01032739,City of London 001F,Shoplifting,Investigation complete; no suspect identified,
c7138715d8e9b5708a391947094e65e5ad1050553340f7f5383742508bd00d88,2025-03,City of London Police,City of London Police,-0.091947,51.513188,On or near Pancras Lane,E01032739,City of London 001F,Shoplifting,Investigation complete; no suspect identified,
1f907fe0f2ca4646e79a946811dfe1697e7ced86695842fe747904fe85d5523a,2025-03,City of London Police,City of London Police,-0.095224,51.513736,On or near Shopping Area,E01032739,City of London 001F,Shoplifting,Investigation complete; no suspect identified,
0ebedfc06adfdc3bf33ad4202bf01fb638c2f952de53cdb5925d98fa6a5287b2,2025-03,City of London Police,City of London Police,-0.086815,51.517007,On or near Circus Place,E01032739,City of London 001F,Shoplifting,Status update unavailable,
118d140d52b1b52e685d552fe6e0f95b860857eb650e0616b2d3533b686c0c85,2025-03,City of London Police,City of London Police,-0.088785,51.517102,On or near Moorgate,E01032739,City of London 001F,Shoplifting,Court result unavailable,
d691681e0dd5d771ee0e2d27e0c4f7be46322630e2ced2c7163d6521dda041b9,2025-03,City of London Police,City of London Police,-0.079907,51.517785,On or near Victoria Avenue,E01032739,City of London 001F,Shoplifting,Unable to prosecute suspect,
0b7865f429e81f898a1cf5cbd218f1fbe527d8300a4a0551ab32d1e63a6d9359,2025-03,City of London Police,City of London Police,-0.095924,51.513882,On or near Shopping Area,E01032739,City of London 001F,Shoplifting,Court result unavailable,
ee8e8fdde6d58913a46f43b81bba0896632827b67a41d64de3325fb7e1bca52e,2025-03,City of London Police,City of London Police,-0.078278,51.513666,On or near Mitre Street,E01032739,City of London 001F,Shoplifting,Investigation complete; no suspect identified,
f362c609b8c4ad56c24a2f073579365a5d1bf09ded95902d661c024962460aad,2025-03,City of London Police,City of London Police,-0.097291,51.514626,On or near Supermarket,E01032739,City of London 001F,Shoplifting,Investigation complete; no suspect identified,
c6281f48c92395fb8d38feaef99dfa69bab60b002ab9020cb9d7dac9b96f7a06,2025-03,City of London Police,City of London Police,-0.100888,51.514448,On or near Amen Corner,E01032739,City of London 001F,Shoplifting,Investigation complete; no suspect identified,
d2c974c8b5a5e56220af06cfeb77332e6e32070349d0205d6280608e59b01219,2025-03,City of London Police,City of London Police,-0.094460,51.512024,On or near Great Trinity Lane,E01032739,City of London 001F,Shoplifting,Court result unavailable,
830df1b2dc61063197ddd28c43687db4992b07989360b59c15d0528722075c7b,2025-03,City of London Police,City of London Police,-0.084754,51.512882,On or near Corbet Court,E01032739,City of London 001F,Shoplifting,Investigation complete; no suspect identified,
0b41eff703e476ec633cf3d3cc1c95adc1c966d79661d2b70e683b886f5e8b5f,2025-03,City of London Police,City of London Police,-0.089822,51.516103,On or near Coleman Street,E01032739,City of London 001F,Shoplifting,Investigation complete; no suspect identified,
4c5eae863f8d777a08cfbc1ce1187fbb32e8300a7b79c9575ac0fe4e123f67f8,2025-03,City of London Police,City of London Police,-0.083349,51.514830,On or near Shopping Area,E01032739,City of London 001F,Shoplifting,Investigation complete; no suspect identified,
6a29aff13d57f5a8ad47bf86b68979240a4aabe39361da48e43174c115b91839,2025-03,City of London Police,City of London Police,-0.078278,51.513666,On or near Mitre Street,E01032739,City of London 001F,Shoplifting,Court result unavailable,
05bb0280854bb27b7416451e8077d1fbc093aabce77198debd7a2175ce679787,2025-03,City of London Police,City of London Police,-0.094460,51.512024,On or near Great Trinity Lane,E01032739,City of London 001F,Shoplifting,Unable to prosecute suspect,
43be67b67f5b372647816a3dda25e8f11ed8519cf69ff9e584866c12dc36b171,2025-03,City of London Police,City of London Police,-0.097291,51.514626,On or near Supermarket,E01032739,City of London 001F,Shoplifting,Investigation complete; no suspect identified,
6eb28a123986e476a29b31336144f247502c01f372896878eff9a2d41d937c38,2025-03,City of London Police,City of London Police,-0.079907,51.517785,On or near Victoria Avenue,E01032739,City of London 001F,Shoplifting,Investigation complete; no suspect identified,
393ee30c520e09fbc8405fdc4f89026481a02e17ad2382b93ee1a5b610d172fc,2025-03,City of London Police,City of London Police,-0.084836,51.511939,On or near Shopping Area,E01032739,City of London 001F,Shoplifting,Investigation complete; no suspect identified,
5354e774017d307bcbe32c04502a3762b20598d011290e5aa898fa4134d76c3d,2025-03,City of London Police,City of London Police,-0.087772,51.510665,On or near Martin Lane,E01032739,City of London 001F,Shoplifting,Court result unavailable,
3b8dcf0ae3f5760e5a6e0cf5984561d3eb605a957927ea5c27a153ec0ee20f1b,2025-03,City of London Police,City of London Police,-0.095224,51.513736,On or near Shopping Area,E01032739,City of London 001F,Shoplifting,Court result unavailable,
d1ace258c82aafe43b5d6d380303b8d4d1ac9ac6f676e6d52b42926a8464d25c,2025-03,City of London Police,City of London Police,-0.095924,51.513882,On or near Shopping Area,E01032739,City of London 001F,Shoplifting,Court result unavailable,
80543fc828b76beac36447772272079ff86f9d2aa071f5338c5a03a4944a6c54,2025-03,City of London Police,City of London Police,-0.082993,51.516360,On or near Wormwood Street,E01032739,City of London 001F,Shoplifting,Investigation complete; no suspect identified,
236051b59b93f4975c253102bcc3b52d50353719b86555bfe15e11938bdf8fa0,2025-03,City of London Police,City of London Police,-0.091947,51.513188,On or near Pancras Lane,E01032739,City of London 001F,Shoplifting,Court result unavailable,
307b512b0ed9c4eaaf76d89f844ce404f3297362d2274e475f192fe15ac89546,2025-03,City of London Police,City of London Police,-0.081643,51.510070,On or near Great Tower Street,E01032739,City of London 001F,Shoplifting,Status update unavailable,
65da042600434d693a16048432a74ee2d6dffba53c8be41fe26c8b57e434f3fc,2025-03,City of London Police,City of London Police,-0.084754,51.512882,On or near Corbet Court,E01032739,City of London 001F,Shoplifting,Investigation complete; no suspect identified,
89717f33827fa2bec4489bf8084d328fbea51297882cff8aba9e33ffd540be9b,2025-03,City of London Police,City of London Police,-0.084836,51.511939,On or near Shopping Area,E01032739,City of London 001F,Shoplifting,Investigation complete; no suspect identified,
5ac0fc7295a664e4b177f61c3b969c6210e234242b240cff8f42fce890c0fa87,2025-03,City of London Police,City of London Police,-0.095224,51.513736,On or near Shopping Area,E01032739,City of London 001F,Shoplifting,Court result unavailable,
d147408eb868c32bbb73c32535bb4023d9f964931de61e54e2c7cf9198a05244,2025-03,City of London Police,City of London Police,-0.097291,51.514626,On or near Supermarket,E01032739,City of London 001F,Shoplifting,Investigation complete; no suspect identified,
0b34973d07b95de0df3ef746f491149a078c19b89e10a30151788fa2195ce623,2025-03,City of London Police,City of London Police,-0.083349,51.514830,On or near Shopping Area,E01032739,City of London 001F,Shoplifting,Court result unavailable,
65d9b5bc4a85db37f18ac7ccf3be6868a5856f0f9c4f2d507d7d4342bf48afee,2025-03,City of London Police,City of London Police,-0.097291,51.514626,On or near Supermarket,E01032739,City of London 001F,Shoplifting,Unable to prosecute suspect,
853e930e496df1e7d4b1baa023d62476c8bc826e75023df16e561e5861a07623,2025-03,City of London Police,City of London Police,-0.084754,51.512882,On or near Corbet Court,E01032739,City of London 001F,Shoplifting,Investigation complete; no suspect identified,
91f6a774667d7846d424f263d0f83be4f51f2ab3cec7e987586d6a999a8f71fb,2025-03,City of London Police,City of London Police,-0.095224,51.513736,On or near Shopping Area,E01032739,City of London 001F,Shoplifting,Investigation complete; no suspect identified,
ff137eefe1c3e6dd1279d5203d41560e10502350cd7972a3e832c9383a0fad07,2025-03,City of London Police,City of London Police,-0.078278,51.513666,On or near Mitre Street,E01032739,City of London 001F,Shoplifting,Court result unavailable,
d2cbcdd4ed9aa46f7b2c73a549988dacec82d6eea73ffb641b9f145ce94bdc58,2025-03,City of London Police,City of London Police,-0.079883,51.517326,On or near New Street,E01032739,City of London 001F,Shoplifting,Investigation complete; no suspect identified,
646cfa7e325e7d90ca7a033686c05d8e4ad128144e5f242a2561eadc7009f010,2025-03,City of London Police,City of London Police,-0.097291,51.514626,On or near Supermarket,E01032739,City of London 001F,Shoplifting,Court result unavailable,
36d6b86a164ee57ec6d93c2a0d2910838e1e7d27659508e78992dbbdafa5d573,2025-03,City of London Police,City of London Police,-0.097291,51.514626,On or near Supermarket,E01032739,City of London 001F,Shoplifting,Investigation complete; no suspect identified,
0c3ac14e5252e45ab51efc4eaa264b726199ed068a5658498f30e3c166ccabad,2025-03,City of London Police,City of London Police,-0.087772,51.510665,On or near Martin Lane,E01032739,City of London 001F,Shoplifting,Investigation complete; no suspect identified,
b34adbf4d73b79cd6e3da1e933b552044b24d1205aa92a357a0a9e884607acbe,2025-03,City of London Police,City of London Police,-0.087772,51.510665,On or near Martin Lane,E01032739,City of London 001F,Shoplifting,Investigation complete; no suspect identified,
0e94476d409f6b5c6d82b970bef3fa22b8e2c41ba868ea0fca089218edad2e60,2025-03,City of London Police,City of London Police,-0.097291,51.514626,On or near Supermarket,E01032739,City of London 001F,Shoplifting,Investigation complete; no suspect identified,
0dce3068637778f0905c2d8d6f440a676fad342f909d751337a2dd2796241c9e,2025-03,City of London Police,City of London Police,-0.083349,51.514830,On or near Shopping Area,E01032739,City of London 001F,Theft from the person,Investigation complete; no suspect identified,
a64409db13caf8efaa6916833744c94f9b608a8b355fdafc3deec4ad0c5f9ac4,2025-03,City of London Police,City of London Police,-0.091540,51.511896,On or near Cannon Street,E01032739,City of London 001F,Theft from the person,Investigation complete; no suspect identified,
7ab4afd1a69e8f32e235c607651c37e4944d087207e6166305aac28ed8a77a00,2025-03,City of London Police,City of London Police,-0.085228,51.511190,On or near Talbot Court,E01032739,City of London 001F,Theft from the person,Investigation complete; no suspect identified,
b58e344a4c3c12a08bfaa90a6e87bf0c09b7f9d69c55ebdedf93d72af67d421b,2025-03,City of London Police,City of London Police,-0.077959,51.511332,On or near Crutched Friars,E01032739,City of London 001F,Theft from the person,Investigation complete; no suspect identified,
05d0559bba97cbcce5dd46dd005dd6075c527a542c5b9598b4eacc838b48922d,2025-03,City of London Police,City of London Police,-0.085228,51.511190,On or near Talbot Court,E01032739,City of London 001F,Theft from the person,Court result unavailable,
f512593d970306b10a77f7976802664962170fe0e0f26b0cda73553ea9b9598b,2025-03,City of London Police,City of London Police,-0.094070,51.513079,On or near Watling Street,E01032739,City of London 001F,Theft from the person,Investigation complete; no suspect identified,
6c0a5f62cc715c47ef4e3715f1981b9cf2a0762455174783e39cadf3dd5a0100,2025-03,City of London Police,City of London Police,-0.091540,51.511896,On or near Cannon Street,E01032739,City of London 001F,Theft from the person,Investigation complete; no suspect identified,
c108608a6ac4f8788150c8b03de07910cdf616c3de94e1d9c21bb65eef6f2185,2025-03,City of London Police,City of London Police,-0.104276,51.513712,On or near A201,E01032739,City of London 001F,Theft from the person,Court result unavailable,
a786c863bfd3aff7cb944668e91809c5e9d8bbc7d6b984e0bd8eace5dad0186a,2025-03,City of London Police,City of London Police,-0.095224,51.513736,On or near Shopping Area,E01032739,City of London 001F,Theft from the person,Status update unavailable,
8446117345e08c6317d285da2ec63c5fdca41841c7deaef1ba955ae1f95aafed,2025-03,City of London Police,City of London Police,-0.083977,51.510441,On or near Lovat Lane,E01032739,City of London 001F,Theft from the person,Investigation complete; no suspect identified,
d97a74865fe4efff55c193c8c712eb9e02d50cb59a354f3c4060239c8b72a9f5,2025-03,City of London Police,City of London Police,-0.086019,51.513631,On or near Finch Lane,E01032739,City of London 001F,Theft from the person,Investigation complete; no suspect identified,
c39a0a887bc2477e62c1d49a759270954521ba2c775cea0bf0097901f3dbfe7b,2025-03,City of London Police,City of London Police,-0.102272,51.511656,On or near Puddle Dock,E01032739,City of London 001F,Theft from the person,Investigation complete; no suspect identified,
e7bfdbea35aaf4d8bf33d77decedfb94f34367f0c6df7dc3fc758ef6e0f82c0e,2025-03,City of London Police,City of London Police,-0.084844,51.509700,On or near Monument Street,E01032739,City of London 001F,Theft from the person,Investigation complete; no suspect identified,
1a515749b0faa09874e62d2b5682d483e92506c72a41054f031a4ad54a0e171a,2025-03,City of London Police,City of London Police,-0.084844,51.509700,On or near Monument Street,E01032739,City of London 001F,Theft from the person,Investigation complete; no suspect identified,
3526815789a76237d2f685f14bfcbd7cbb7c0ca308ed6d2eabca3fe40fbe9348,2025-03,City of London Police,City of London Police,-0.088785,51.517102,On or near Moorgate,E01032739,City of London 001F,Theft from the person,Investigation complete; no suspect identified,
07acce0b2841d0259be63231242a1656e23bf3d8901ad74fc05b4585fa1d959e,2025-03,City of London Police,City of London Police,-0.081113,51.516869,On or near Bishopsgate,E01032739,City of London 001F,Theft from the person,Investigation complete; no suspect identified,
15860021099e8a620d918cd01e98ac5d69066b111cc76b0ce4b394f35f398b97,2025-03,City of London Police,City of London Police,-0.096501,51.513874,On or near New Change,E01032739,City of London 001F,Theft from the person,Investigation complete; no suspect identified,
8743b1224aba00920b155c085cb271189b189209ba23ec0dc80fe475855fb10d,2025-03,City of London Police,City of London Police,-0.085228,51.511190,On or near Talbot Court,E01032739,City of London 001F,Theft from the person,Court result unavailable,
515fd4f5d4516637b60e190c9cf134d7cfd5be4d05d5b7f427c444c86f38fab5,2025-03,City of London Police,City of London Police,-0.081643,51.510070,On or near Great Tower Street,E01032739,City of London 001F,Theft from the person,Investigation complete; no suspect identified,
cc1aca5d4389dfea10a052fb24900329a9ca6e5eb4b861336c5e048e438f43d1,2025-03,City of London Police,City of London Police,-0.081113,51.516869,On or near Bishopsgate,E01032739,City of London 001F,Theft from the person,Investigation complete; no suspect identified,
9040470d7048f1e718118920a98c1685cd3d42c1784612a9cd51b42f5410fcb7,2025-03,City of London Police,City of London Police,-0.081113,51.516869,On or near Bishopsgate,E01032739,City of London 001F,Theft from the person,Investigation complete; no suspect identified,
d8f92a3208f33ee7310f8db8c67f03094cb6a5fda342e5d425b424d756dcf1f3,2025-03,City of London Police,City of London Police,-0.088785,51.517102,On or near Moorgate,E01032739,City of London 001F,Theft from the person,Investigation complete; no suspect identified,
c41eadeb8107c68e1a0995d12c1296fbdf54716db1ff9d0ba41fb4dd99a79dfa,2025-03,City of London Police,City of London Police,-0.081113,51.516869,On or near Bishopsgate,E01032739,City of London 001F,Theft from the person,Investigation complete; no suspect identified,
16c9728b1dc268ee9b53660c8ff3eb80055386211502716b21e6b3c1f96ef983,2025-03,City of London Police,City of London Police,-0.096501,51.513874,On or near New Change,E01032739,City of London 001F,Theft from the person,Investigation complete; no suspect identified,
138cdc5bd7eb701b48f6fca7c2fcee547d7a50479c0f0cbd2dc10ea439f76ec6,2025-03,City of London Police,City of London Police,-0.095224,51.513736,On or near Shopping Area,E01032739,City of London 001F,Theft from the person,Investigation complete; no suspect identified,
648be29aeb77845231b264c578238ac7af97a2761417b804bf2ce08d9d7e381d,2025-03,City of London Police,City of London Police,-0.088785,51.517102,On or near Moorgate,E01032739,City of London 001F,Theft from the person,Investigation complete; no suspect identified,
fad91784ec645ade5cdd63177556782f1550347031b5456db46f07612d8f0b20,2025-03,City of London Police,City of London Police,-0.081902,51.517296,On or near Liverpool Street,E01032739,City of London 001F,Theft from the person,Investigation complete; no suspect identified,
c3bf764dd987f8c9f4b6ab888c22aa52c17199f4b391ed57950ec6d4c8f7ed5d,2025-03,City of London Police,City of London Police,-0.100201,51.513286,On or near Dean'S Court,E01032739,City of London 001F,Theft from the person,Investigation complete; no suspect identified,
6c2ad610b4d2c104d3bb5ca25a711d2b57a606677aa2c15c8169c1429e60b233,2025-03,City of London Police,City of London Police,-0.095924,51.513882,On or near Shopping Area,E01032739,City of London 001F,Theft from the person,Investigation complete; no suspect identified,
5226f326d87a10bf2d7a28d639e3dd16d02719c11bb4a3304382e485f81550a0,2025-03,City of London Police,City of London Police,-0.089208,51.509744,On or near Angel Lane,E01032739,City of London 001F,Theft from the person,Investigation complete; no suspect identified,
df19ce4f7bd40512aed5e6371528f976c3c3ba45bcf4220d5312cc67d7119492,2025-03,City of London Police,City of London Police,-0.084836,51.511939,On or near Shopping Area,E01032739,City of London 001F,Theft from the person,Investigation complete; no suspect identified,
f5e9f4427dfbd620018990622fae9973a36a0fc08fc26695c8f97caf2e2ff2fe,2025-03,City of London Police,City of London Police,-0.088456,51.514975,On or near Tokenhouse Yard,E01032739,City of London 001F,Theft from the person,Investigation complete; no suspect identified,
92e2e39fa3568c4bd63a3b0151592042dcf64dad6cfea1f26786891e992ea2ff,2025-03,City of London Police,City of London Police,-0.088785,51.517102,On or near Moorgate,E01032739,City of London 001F,Theft from the person,Investigation complete; no suspect identified,
862d6a7c3f0f0bcdc0fa7fc4af6beaaef1df1acde12de5b40202dfc7a91d77bc,2025-03,City of London Police,City of London Police,-0.086815,51.517007,On or near Circus Place,E01032739,City of London 001F,Theft from the person,Investigation complete; no suspect identified,
2f92e714edb078dfc68424fe5e6c067dc1056fa7bbea5fd4c0aadbaf03d6134e,2025-03,City of London Police,City of London Police,-0.080291,51.514814,On or near Bury Court,E01032739,City of London 001F,Theft from the person,Investigation complete; no suspect identified,
cdfa1b3602afd75f9909247ddc1155655d5698e3d79de7c2e0094d14bd95dd2c,2025-03,City of London Police,City of London Police,-0.097291,51.514626,On or near Supermarket,E01032739,City of London 001F,Theft from the person,Investigation complete; no suspect identified,
f12bbdf5812578e3cb0341a75b44405b59981d3ea476ab7280fa78903be3f16c,2025-03,City of London Police,City of London Police,-0.089208,51.509744,On or near Angel Lane,E01032739,City of London 001F,Theft from the person,Investigation complete; no suspect identified,
c7546b0c7f96aeed66b304bcd595a63b25d28663688fd51b0ef7220cb27a57c8,2025-03,City of London Police,City of London Police,-0.084836,51.511939,On or near Shopping Area,E01032739,City of London 001F,Theft from the person,Investigation complete; no suspect identified,
a0715cfc81cefd1d29c45274d94c115b8ef35456da14d67b0763367027d8d6e7,2025-03,City of London Police,City of London Police,-0.095924,51.513882,On or near Shopping Area,E01032739,City of London 001F,Theft from the person,Investigation complete; no suspect identified,
f7a0ab46bf0083ed49edade63d5103beac9a81966cea1b63807fe82609389dbb,2025-03,City of London Police,City of London Police,-0.095924,51.513882,On or near Shopping Area,E01032739,City of London 001F,Theft from the person,Court result unavailable,
a0f872439fdc32a82605d4f6c1dd5aaa6373363a17f66ed35595065ac451e03e,2025-03,City of London Police,City of London Police,-0.081113,51.516869,On or near Bishopsgate,E01032739,City of London 001F,Theft from the person,Investigation complete; no suspect identified,
309bd607e04d141efff37025c7f8124f2609da70219b914a13542b6185332e1d,2025-03,City of London Police,City of London Police,-0.101906,51.511794,On or near Theatre/Concert Hall,E01032739,City of London 001F,Theft from the person,Investigation complete; no suspect identified,
0302c5abf03cbd6486b43b853ba0df2a889b485f6ff53434168a20d4e5a9d290,2025-03,City of London Police,City of London Police,-0.082133,51.515222,On or near St Helen'S Place,E01032739,City of London 001F,Theft from the person,Investigation complete; no suspect identified,
2d98ea1c9c46bd6e1bd6caeb7bfbfdfd220f84ad87cb5fe9dc63b2fbcfa09aa2,2025-03,City of London Police,City of London Police,-0.089208,51.509744,On or near Angel Lane,E01032739,City of London 001F,Theft from the person,Investigation complete; no suspect identified,
3a062a03982d73d650bbf288860c6b795fa0fad8f391ee71a80280d4510c93b2,2025-03,City of London Police,City of London Police,-0.089208,51.509744,On or near Angel Lane,E01032739,City of London 001F,Theft from the person,Investigation complete; no suspect identified,
b613dcbc703a72b936018245aa410a6bb34f8cf94f7a0905b6c380033d295635,2025-03,City of London Police,City of London Police,-0.091540,51.511896,On or near Cannon Street,E01032739,City of London 001F,Theft from the person,Investigation complete; no suspect identified,
8a69b133ac49b3a7145b4f4e5e1fe442bb547ec77e00c6f511ab2c698a3c7aee,2025-03,City of London Police,City of London Police,-0.081902,51.517296,On or near Liverpool Street,E01032739,City of London 001F,Theft from the person,Investigation complete; no suspect identified,
ef4f1384453bdea2374af8c769bad18d9a954111ad2b5f42847fa8ccd5a5da28,2025-03,City of London Police,City of London Police,-0.086815,51.517007,On or near Circus Place,E01032739,City of London 001F,Theft from the person,Unable to prosecute suspect,
a0dd0a36c32bd8a038576d6b1408d329c582318f35330a2632f6091a65cc5066,2025-03,City of London Police,City of London Police,-0.087157,51.512624,On or near Lombard Street,E01032739,City of London 001F,Theft from the person,Investigation complete; no suspect identified,
279aaa37c1762d9831d21e740983030594f1d3bb36f3f944a36c5729a2e1f6a9,2025-03,City of London Police,City of London Police,-0.086815,51.517007,On or near Circus Place,E01032739,City of London 001F,Theft from the person,Investigation complete; no suspect identified,
c873f49d90b7849dec7c02a46eda7d15a41a191addd0d3ab2f773c08413f5c12,2025-03,City of London Police,City of London Police,-0.081902,51.517296,On or near Liverpool Street,E01032739,City of London 001F,Theft from the person,Investigation complete; no suspect identified,
44276bdfce68ee83f5f59a907b5ecd390855cc0344e36bd1fceb5d971c28a19f,2025-03,City of London Police,City of London Police,-0.101906,51.511794,On or near Theatre/Concert Hall,E01032739,City of London 001F,Theft from the person,Investigation complete; no suspect identified,
f05f7845ebf05a1a30c3b075c64ea1e5b75e68267f059f061b92853d33868dea,2025-03,City of London Police,City of London Police,-0.095924,51.513882,On or near Shopping Area,E01032739,City of London 001F,Theft from the person,Investigation complete; no suspect identified,
52c800c30d5150f19576162c43818af8bbba35fa295fe5550b710503e5b430c3,2025-03,City of London Police,City of London Police,-0.093339,51.511557,On or near Conference/Exhibition Centre,E01032739,City of London 001F,Theft from the person,Investigation complete; no suspect identified,
23948238056606200179ce4132beeec506254f882c7f8d651304ca801b10f769,2025-03,City of London Police,City of London Police,-0.080448,51.520689,On or near Primrose Street,E01032739,City of London 001F,Theft from the person,Investigation complete; no suspect identified,
4deff9bb90216b306ad5c40ad1c7942563511eafc3b23c3f70a33f5e2522adac,2025-03,City of London Police,City of London Police,-0.095764,51.512549,On or near Friday Street,E01032739,City of London 001F,Theft from the person,Investigation complete; no suspect identified,
03535147c7a13912c6e89c276c02e330f075e6bff0eb922fde885bea4f4185fa,2025-03,City of London Police,City of London Police,-0.091540,51.511896,On or near Cannon Street,E01032739,City of London 001F,Theft from the person,Investigation complete; no suspect identified,
e7a597929fc6d6a735da8731cde27f4b4849e4dba6b50613dde303e79561ce7f,2025-03,City of London Police,City of London Police,-0.091947,51.513188,On or near Pancras Lane,E01032739,City of London 001F,Theft from the person,Investigation complete; no suspect identified,
53045adadb6902f06d426f6f22f7fe63c784920898bcdf643e183cc320b5faf0,2025-03,City of London Police,City of London Police,-0.083600,51.509797,On or near St Mary At Hill,E01032739,City of London 001F,Theft from the person,Investigation complete; no suspect identified,
6204c1eac8fc4296930fb0c7479b41ef0e9e102fdfea9db868104188fd586293,2025-03,City of London Police,City of London Police,-0.101393,51.512685,On or near St Andrew'S Hill,E01032739,City of London 001F,Theft from the person,Investigation complete; no suspect identified,
9d11eb95235e1a7ef36a1d195578d5537802ac1cf44c6737b9fef8a349f72bf2,2025-03,City of London Police,City of London Police,-0.097291,51.514626,On or near Supermarket,E01032739,City of London 001F,Theft from the person,Investigation complete; no suspect identified,
efce745da8981f39abcb35e875d250aa81ecf65d24f2c32f705b797a0bb3cce3,2025-03,City of London Police,City of London Police,-0.095924,51.513882,On or near Shopping Area,E01032739,City of London 001F,Theft from the person,Investigation complete; no suspect identified,
d024f499299638097d44a3e34a25a2e8138ca3047c3dd0c7abb971d380e87d1c,2025-03,City of London Police,City of London Police,-0.097291,51.514626,On or near Supermarket,E01032739,City of London 001F,Theft from the person,Investigation complete; no suspect identified,
81d6cfcc1bbf4ae2c4bb643e50df5c32da1fbeb4fd65c3fd2be52fbe880fdfef,2025-03,City of London Police,City of London Police,-0.089208,51.509744,On or near Angel Lane,E01032739,City of London 001F,Theft from the person,Investigation complete; no suspect identified,
82673d9dcbcc2eea5f44df557d79110e8d864d20329feb5b0166f3962cc94c9c,2025-03,City of London Police,City of London Police,-0.077563,51.517656,On or near Sandy'S Row,E01032739,City of London 001F,Theft from the person,Investigation complete; no suspect identified,
42d525554cdd16fb9b679f935757bef9af0b639ddc46cf8919c88740fd4b7466,2025-03,City of London Police,City of London Police,-0.091410,51.510167,On or near Cousin Lane,E01032739,City of London 001F,Theft from the person,Investigation complete; no suspect identified,
93172506e43d070ce84de194403f23196ac34c3fc5dc711238f6a72b9cfeed5d,2025-03,City of London Police,City of London Police,-0.092531,51.512658,On or near Queen Street,E01032739,City of London 001F,Theft from the person,Investigation complete; no suspect identified,
c1fb6dc0a5c2fa7ebabcdad79aabcb217a1a341ddb5a60d744fc9439d1aeb683,2025-03,City of London Police,City of London Police,-0.077563,51.517656,On or near Sandy'S Row,E01032739,City of London 001F,Theft from the person,Investigation complete; no suspect identified,
672a4fe72509f1500d6ff2c070ab343d69ac476e77a9ce61ac6bfc0fede6b3ec,2025-03,City of London Police,City of London Police,-0.095224,51.513736,On or near Shopping Area,E01032739,City of London 001F,Theft from the person,Investigation complete; no suspect identified,
9e4f974e3666cf77fdc4f1042064f0953353436d287d9073f1a2cc89f82a1912,2025-03,City of London Police,City of London Police,-0.093339,51.511557,On or near Conference/Exhibition Centre,E01032739,City of London 001F,Theft from the person,Investigation complete; no suspect identified,
740683d4ba4fbacc442b0a2ab7f9d9db174afa8ca54b624ec13c529ab0f829cb,2025-03,City of London Police,City of London Police,-0.095924,51.513882,On or near Shopping Area,E01032739,City of London 001F,Theft from the person,Investigation complete; no suspect identified,
6bbe5c35b1ff645785bb5ff9726048acd3b84ffb9e2f8757fa683589e38a666c,2025-03,City of London Police,City of London Police,-0.085089,51.512105,On or near Gracechurch Street,E01032739,City of London 001F,Theft from the person,Investigation complete; no suspect identified,
f39bc6a8ab0fc88ec4bd390cc38ceeafae8cccc5727713411ea0c2518d13bd7c,2025-03,City of London Police,City of London Police,-0.101906,51.511794,On or near Theatre/Concert Hall,E01032739,City of London 001F,Theft from the person,Investigation complete; no suspect identified,
2176f83cbc34ff253fc36b0e69a54bb64b6df2da39ea432f7c8606ed2ebfed43,2025-03,City of London Police,City of London Police,-0.089479,51.510864,On or near Gophir Lane,E01032739,City of London 001F,Theft from the person,Investigation complete; no suspect identified,
59ad13535d981cdd0b7d118157f07219bb703aa45995f4dc6dcb220a14410bef,2025-03,City of London Police,City of London Police,-0.101906,51.511794,On or near Theatre/Concert Hall,E01032739,City of London 001F,Theft from the person,Investigation complete; no suspect identified,
7958dbd3e5f2abb5d8eb89d5b65cbd194c8219e76d7457e09e3935e73bb87bc9,2025-03,City of London Police,City of London Police,-0.091947,51.513188,On or near Pancras Lane,E01032739,City of London 001F,Theft from the person,Investigation complete; no suspect identified,
bccc688ad497f67b0816c95c306ae8a275ae495e34c6865a9be5bc064c129d1b,2025-03,City of London Police,City of London Police,-0.081902,51.517296,On or near Liverpool Street,E01032739,City of London 001F,Theft from the person,Investigation complete; no suspect identified,
ac5b29dd9027aad44a75f85bee8308e65a6cd30208434068ca0ec3f146ed97a1,2025-03,City of London Police,City of London Police,-0.096501,51.513874,On or near New Change,E01032739,City of London 001F,Theft from the person,Investigation complete; no suspect identified,
9f3ba46690bb9d7c6cafd00f03fee3f012b3a96f67a1899ed32e66a9a4967044,2025-03,City of London Police,City of London Police,-0.095924,51.513882,On or near Shopping Area,E01032739,City of London 001F,Theft from the person,Investigation complete; no suspect identified,
da69f152f55d665f1064690ff68608e4c95a8fdb4ecbec763c017f08487baa0f,2025-03,City of London Police,City of London Police,-0.084844,51.510725,On or near Eastcheap,E01032739,City of London 001F,Theft from the person,Investigation complete; no suspect identified,
895111ba3ce255bba180df2c99940905365b7660db99ed08443fccfea6248ec7,2025-03,City of London Police,City of London Police,-0.078477,51.509965,On or near Muscovy Street,E01032739,City of London 001F,Theft from the person,Investigation complete; no suspect identified,
0519cdcec87c72c5e0c687c05e3749d9c7fae7123a5ef3c7d933c5fd4f317fc8,2025-03,City of London Police,City of London Police,-0.078278,51.513666,On or near Mitre Street,E01032739,City of London 001F,Theft from the person,Investigation complete; no suspect identified,
baef6c0ce8ee680b464594182cc6432877287f10cca759d1b27ba9b2af143b88,2025-03,City of London Police,City of London Police,-0.081512,51.518692,On or near London Liverpool Street,E01032739,City of London 001F,Theft from the person,Investigation complete; no suspect identified,
73857277d2d01097995b864f216e01dbb3fd1485469743d709fdd0c5fe3f079f,2025-03,City of London Police,City of London Police,-0.089808,51.517461,On or near London Wall,E01032739,City of London 001F,Theft from the person,Investigation complete; no suspect identified,
8c1586a3b9144c1d556b451466ef37f06a821c4702c2ddfcb9cb3688558580ba,2025-03,City of London Police,City of London Police,-0.083977,51.510441,On or near Lovat Lane,E01032739,City of London 001F,Theft from the person,Investigation complete; no suspect identified,
5a7c595ffea74525b0edf4e8d2ac6979e757c3240090786023e1cf1126529e96,2025-03,City of London Police,City of London Police,-0.081902,51.517296,On or near Liverpool Street,E01032739,City of London 001F,Theft from the person,Investigation complete; no suspect identified,
239a3d3bd0afa3e80f4748752af43d2574f62ca9b3c8fd3e7c29d22bab928a93,2025-03,City of London Police,City of London Police,-0.081902,51.517296,On or near Liverpool Street,E01032739,City of London 001F,Theft from the person,Investigation complete; no suspect identified,
9ab2b88ae6c0e5ae24d0c34ceea9f840d652746d739882bab69dcca28c1c1c16,2025-03,City of London Police,City of London Police,-0.083977,51.510441,On or near Lovat Lane,E01032739,City of London 001F,Theft from the person,Investigation complete; no suspect identified,
86142dea5693c6ad79aa0fa79dd453335b3bbcc7ba8240d9960277cb71338ec3,2025-03,City of London Police,City of London Police,-0.077372,51.512590,On or near Carlisle Avenue,E01032739,City of London 001F,Theft from the person,Investigation complete; no suspect identified,
9a17495bf11271cb620e47acde31cd88687d5039ac8c1ef69f62c6082b7a042d,2025-03,City of London Police,City of London Police,-0.086815,51.517007,On or near Circus Place,E01032739,City of London 001F,Theft from the person,Investigation complete; no suspect identified,
e6cc22f98a859e1f08d2ba754d89fdfd5da9f554c22beac9f206ad5a04b4bb7d,2025-03,City of London Police,City of London Police,-0.100588,51.512636,On or near Addle Hill,E01032739,City of London 001F,Theft from the person,Investigation complete; no suspect identified,
a61d035878aa373ffe6b14f7996d693a0050e1caafc593b523c8a2fae83b0276,2025-03,City of London Police,City of London Police,-0.083977,51.510441,On or near Lovat Lane,E01032739,City of London 001F,Theft from the person,Investigation complete; no suspect identified,
2d36170ac654a457e8e9f7928b9c22a47be75f328e0dcf52fb210ef5a5b30531,2025-03,City of London Police,City of London Police,-0.094900,51.513209,On or near Bread Street,E01032739,City of London 001F,Theft from the person,Investigation complete; no suspect identified,
323fa440020173818d77e061debda650065786c43d310ee3631cfb313b83361f,2025-03,City of London Police,City of London Police,-0.092633,51.509872,On or near Bell Wharf Lane,E01032739,City of London 001F,Vehicle crime,Investigation complete; no suspect identified,
663217029c25ce0f79b157fdeb20fc6d1a57cba5ef5de6aa54b966e5b802d6c4,2025-03,City of London Police,City of London Police,-0.092633,51.509872,On or near Bell Wharf Lane,E01032739,City of London 001F,Vehicle crime,Investigation complete; no suspect identified,
db472c815341a74d3dfc12d3f09183771e87bc87a3f6611944e7f73e102173eb,2025-03,City of London Police,City of London Police,-0.092633,51.509872,On or near Bell Wharf Lane,E01032739,City of London 001F,Vehicle crime,Investigation complete; no suspect identified,
7c8dad96c8ddea4a868079a89ec161d5994c55d1c2cf63901b23111a755e6764,2025-03,City of London Police,City of London Police,-0.092633,51.509872,On or near Bell Wharf Lane,E01032739,City of London 001F,Vehicle crime,Status update unavailable,
e392cd86744cffb1145807531a2e423507fbf552ed717adf0465a4d4fac798bb,2025-03,City of London Police,City of London Police,-0.092633,51.509872,On or near Bell Wharf Lane,E01032739,City of London 001F,Vehicle crime,Investigation complete; no suspect identified,
17f7900a3ebb9c783d0820d42ed440b9f5684b32cee7f2881a693034b80f41b9,2025-03,City of London Police,City of London Police,-0.081902,51.517296,On or near Liverpool Street,E01032739,City of London 001F,Violence and sexual offences,Court result unavailable,
73ea61053dad5cb54ea4514660a34dc558ce16e3b1277c01d9d7f56e61bea589,2025-03,City of London Police,City of London Police,-0.081902,51.517296,On or near Liverpool Street,E01032739,City of London 001F,Violence and sexual offences,Unable to prosecute suspect,
3f1da0a03a0db3e9d15631a5caaf560898c0967f6b790d7a920fbaf2943c3fd3,2025-03,City of London Police,City of London Police,-0.079907,51.517785,On or near Victoria Avenue,E01032739,City of London 001F,Violence and sexual offences,Investigation complete; no suspect identified,
447c8883eb84d70b3e438dc24d684fc6d4faa902c97820cdf7334ba23e9abbc6,2025-03,City of London Police,City of London Police,-0.081113,51.516869,On or near Bishopsgate,E01032739,City of London 001F,Violence and sexual offences,Local resolution,
2216e16555e97d9b2ce11a6b91745dd3e10ac1a00a58f09e49421ae5a1a01e82,2025-03,City of London Police,City of London Police,-0.101292,51.514770,On or near Amen Court,E01032739,City of London 001F,Violence and sexual offences,Unable to prosecute suspect,
400e4de11261ae75b3bfbcd8294c634b2fc17d7cfa3388568c27e7901c860031,2025-03,City of London Police,City of London Police,-0.081902,51.517296,On or near Liverpool Street,E01032739,City of London 001F,Violence and sexual offences,Unable to prosecute suspect,
439d340be05e0c4a57072fd92514da404c378c7e8ee514f00d9af0e31c5654fb,2025-03,City of London Police,City of London Police,-0.081973,51.515948,On or near A10,E01032739,City of London 001F,Violence and sexual offences,Investigation complete; no suspect identified,
81ea2af2d56ca144805b003d6b3dfcf153ffa3edf3c1bcbeb08b8dd4da24bced,2025-03,City of London Police,City of London Police,-0.095054,51.510559,On or near Queenhithe,E01032739,City of London 001F,Violence and sexual offences,Investigation complete; no suspect identified,
e722aab3f03195583fb9e00498e426d7c8aef1bbe53d532c9f9d849ffc68ba17,2025-03,City of London Police,City of London Police,-0.084836,51.511939,On or near Shopping Area,E01032739,City of London 001F,Violence and sexual offences,Investigation complete; no suspect identified,
55afe84e255d8b3807a2bbeb795cdffecf09eba24662ebcfeaaf033b9049e77b,2025-03,City of London Police,City of London Police,-0.091823,51.514427,On or near Ironmonger Lane,E01032739,City of London 001F,Violence and sexual offences,Investigation complete; no suspect identified,
dde5221b0f45d52952221daef7ed9342219ffde64a98fd3ace599ee0b9e5bb9f,2025-03,City of London Police,City of London Police,-0.096917,51.510823,On or near Broken Wharf,E01032739,City of London 001F,Violence and sexual offences,Local resolution,
f34b4b6c0e206a4d1b84fc6e1abec6f1556b45a8347d82be983e9c10c6263247,2025-03,City of London Police,City of London Police,-0.081973,51.515948,On or near A10,E01032739,City of London 001F,Violence and sexual offences,Unable to prosecute suspect,
9e386d084fecfcc98c1cea201931765dc89ed7c61af7b2c431e8f2d6b658b9b7,2025-03,City of London Police,City of London Police,-0.081973,51.515948,On or near A10,E01032739,City of London 001F,Violence and sexual offences,Unable to prosecute suspect,
6ca719e153cfc480a0871628a44391ada6455bbdbcce2861f6b0be46c15f0b00,2025-03,City of London Police,City of London Police,-0.092531,51.512658,On or near Queen Street,E01032739,City of London 001F,Violence and sexual offences,Unable to prosecute suspect,
a666230c799db7b3cc4a55dd3708d571e8ab287ea87b9629de867d1a643ad353,2025-03,City of London Police,City of London Police,-0.077804,51.518083,On or near Sandy'S Row,E01032739,City of London 001F,Violence and sexual offences,Status update unavailable,
917755b2d770df7230cc3ab460c967c0c20e415039e0cee0755f9ff4d67b2b05,2025-03,City of London Police,City of London Police,-0.101963,51.510761,On or near Ferry Terminal,E01032739,City of London 001F,Violence and sexual offences,Investigation complete; no suspect identified,
0a9e041c4ff8101a1a6dea079f0d09bc7db6272c6f9cbeb95e5b83b17b435c31,2025-03,City of London Police,City of London Police,-0.085089,51.512105,On or near Gracechurch Street,E01032739,City of London 001F,Violence and sexual offences,Court result unavailable,
1ade6052d35712585c2e87267f28660919e59f80c838e1a175b26c558774346d,2025-03,City of London Police,City of London Police,-0.079883,51.517326,On or near New Street,E01032739,City of London 001F,Violence and sexual offences,Unable to prosecute suspect,
c2c230923982e74e5ece1d3c96e961b383d80bf6ce60e00808df88437647bb68,2025-03,City of London Police,City of London Police,-0.079883,51.517326,On or near New Street,E01032739,City of London 001F,Violence and sexual offences,Unable to prosecute suspect,
b591ed3553e2ad451651c19ff6f7cb15e7cdd05589128c23184146d37d041bc4,2025-03,City of London Police,City of London Police,-0.104276,51.513712,On or near A201,E01032739,City of London 001F,Violence and sexual offences,Unable to prosecute suspect,
4caff0f11ad0d391bf05bfac2a1ec3b76e34c7f66d1c4338f3f7cb6b285ef0c2,2025-03,City of London Police,City of London Police,-0.082993,51.516360,On or near Wormwood Street,E01032739,City of London 001F,Violence and sexual offences,Status update unavailable,
820867cf8fda387fdec5b8dae92b943d07632d8e776bfe4c1855c58e8d2d60ca,2025-03,City of London Police,City of London Police,-0.081113,51.516869,On or near Bishopsgate,E01032739,City of London 001F,Violence and sexual offences,Investigation complete; no suspect identified,
fadf23181356b402628c6d513e3cdd3551318fc55df1e11648dd9da198691a90,2025-03,City of London Police,City of London Police,-0.087157,51.512624,On or near Lombard Street,E01032739,City of London 001F,Violence and sexual offences,Status update unavailable,
350cd46439a3ef6add5e6dc69d247568411212969d62330a3c016a09a88dc0c8,2025-03,City of London Police,City of London Police,-0.085228,51.511190,On or near Talbot Court,E01032739,City of London 001F,Violence and sexual offences,Court result unavailable,
38864ccedd440adfa212e26309cb15f39bd5614c6f734fc7c2cbb2ff1460c1b1,2025-03,City of London Police,City of London Police,-0.079907,51.517785,On or near Victoria Avenue,E01032739,City of London 001F,Violence and sexual offences,Investigation complete; no suspect identified,
983e405db2cb21f98829d3d8ad170d408dd50faa32418fa9a22fdffdf3040e8d,2025-03,City of London Police,City of London Police,-0.081902,51.517296,On or near Liverpool Street,E01032739,City of London 001F,Violence and sexual offences,Status update unavailable,
c2e78b64fb07ab4ff976faf65f1bcce74481b380a56a83cc27287c65fce4a3ee,2025-03,City of London Police,City of London Police,-0.081113,51.516869,On or near Bishopsgate,E01032739,City of London 001F,Violence and sexual offences,Status update unavailable,
80b3196e0b0c695120c78560a87ad586f901dc7280350e73cebbd2e26ca7430e,2025-03,City of London Police,City of London Police,-0.091823,51.514427,On or near Ironmonger Lane,E01032739,City of London 001F,Violence and sexual offences,Unable to prosecute suspect,
fac7b910008dc45d548a4a108630465946857a004f743025e35e6e648717165f,2025-03,City of London Police,City of London Police,-0.082993,51.516360,On or near Wormwood Street,E01032739,City of London 001F,Violence and sexual offences,Local resolution,
3faa0212fe0ccc157a58afba8b198d0dcbd9df5c2163924aab5be48d4b1da084,2025-03,City of London Police,City of London Police,-0.083349,51.514830,On or near Shopping Area,E01032739,City of London 001F,Violence and sexual offences,Unable to prosecute suspect,
67785ea68837c27569157648fea728b84ca26f46ba75137afe328b707c5e10b9,2025-03,City of London Police,City of London Police,-0.082993,51.516360,On or near Wormwood Street,E01032739,City of London 001F,Violence and sexual offences,Local resolution,
cb4068d9810f26feb89ce0cdabff425e0ac48585c607d84f2b1b8f8a342e7454,2025-03,City of London Police,City of London Police,-0.094900,51.513209,On or near Bread Street,E01032739,City of London 001F,Violence and sexual offences,Status update unavailable,
6b6c8cc5073351d3a894ab10b1f51c5be6b539f0046f2f74e139e7f1fa219176,2025-03,City of London Police,City of London Police,-0.095830,51.510967,On or near High Timber Street,E01032739,City of London 001F,Violence and sexual offences,Unable to prosecute suspect,
0db12f775b108e9c66f341ca41c7d3141666d57ad33774723a03d38afdb19485,2025-03,City of London Police,City of London Police,-0.086019,51.513631,On or near Finch Lane,E01032739,City of London 001F,Violence and sexual offences,Offender given a caution,
a6624dd3293c43c1b951335c3f107d445c2da83504ab1ca2676c1cf6903e9489,2025-03,City of London Police,City of London Police,-0.078755,51.518440,On or near Artillery Lane,E01032739,City of London 001F,Violence and sexual offences,Status update unavailable,
3954eb7c23f0d173425191c1e3229395c4a85b6327052a3e08b5eda1bf1a64ad,2025-03,City of London Police,City of London Police,-0.079883,51.517326,On or near New Street,E01032739,City of London 001F,Violence and sexual offences,Court result unavailable,
dcee698dbc38cf15315aa8b1cb49c0f276695f56357b03f21d945462c8dd84f3,2025-03,City of London Police,City of London Police,-0.079883,51.517326,On or near New Street,E01032739,City of London 001F,Violence and sexual offences,Court result unavailable,
fb17f04d1a4d2a1ac4d6c31bcf9ee3d83e1b3674b262b8cbb5bd9ae651b7b77b,2025-03,City of London Police,City of London Police,-0.077070,51.510877,On or near Cooper'S Row,E01032739,City of London 001F,Violence and sexual offences,Local resolution,
0532dced3cc6de5a08b1240af05fd12b47209cbbee868a4af9776b77e0000dae,2025-03,City of London Police,City of London Police,-0.100588,51.512636,On or near Addle Hill,E01032739,City of London 001F,Violence and sexual offences,Investigation complete; no suspect identified,
354f0f6e56bc4a42402220af9eb1509109682535ba1ba40791a3aca3ac4d47cf,2025-03,City of London Police,City of London Police,-0.084844,51.510725,On or near Eastcheap,E01032739,City of London 001F,Violence and sexual offences,Status update unavailable,
3725952f42d9a7ab022c4f1720e6e9881989e739c86e3f9996592cf302c2b121,2025-03,City of London Police,City of London Police,-0.078755,51.518440,On or near Artillery Lane,E01032739,City of London 001F,Violence and sexual offences,Unable to prosecute suspect,
65542ae0bd673bb9e8fde2bee2b6d8b87bd3ddb744271d69d5b33a0a520b37a6,2025-03,City of London Police,City of London Police,-0.086815,51.517007,On or near Circus Place,E01032739,City of London 001F,Violence and sexual offences,Court result unavailable,
acd69cedd67263f64677ae667817585291f6ee5a3df1b62a576dddd372297eaa,2025-03,City of London Police,City of London Police,-0.086815,51.517007,On or near Circus Place,E01032739,City of London 001F,Violence and sexual offences,Court result unavailable,
e98d55e1bec54a480a23ac8206cb6e6eeffb9f5dd37df4373a976c609a1fa7d4,2025-03,City of London Police,City of London Police,-0.084754,51.512882,On or near Corbet Court,E01032739,City of London 001F,Violence and sexual offences,Status update unavailable,
769ffc46715a7f6e0b31544f2e972f674c1c3e34f55790bdf2a39c34b8a3191a,2025-03,City of London Police,City of London Police,-0.079907,51.517785,On or near Victoria Avenue,E01032739,City of London 001F,Violence and sexual offences,Unable to prosecute suspect,
09f7f97df35cb8ceedeef51d07ab0d06f3295e505c631665a781773398c63268,2025-03,City of London Police,City of London Police,-0.079907,51.517785,On or near Victoria Avenue,E01032739,City of London 001F,Violence and sexual offences,Court result unavailable,
de44681eff39166218b282ce9f86dddf2180ba2e51b86e7334bb0eafde05bdcc,2025-03,City of London Police,City of London Police,-0.084836,51.511939,On or near Shopping Area,E01032739,City of London 001F,Violence and sexual offences,Unable to prosecute suspect,
3f8b14d6ab0a55bad6ab774b58bbf93c11e08c84ceabf702ac5bdf63ae5675af,2025-03,City of London Police,City of London Police,-0.094900,51.513209,On or near Bread Street,E01032739,City of London 001F,Violence and sexual offences,Unable to prosecute suspect,
8744029d32a00f8e1f58daf85a9d634dfbc9c614afc1af2cdedc17daa9d96744,2025-03,City of London Police,City of London Police,-0.091947,51.513188,On or near Pancras Lane,E01032739,City of London 001F,Violence and sexual offences,Investigation complete; no suspect identified,
7884ad767067163780763d728fded65eb5560196f284b17b005fe5e17f07efcf,2025-03,City of London Police,City of London Police,-0.081113,51.516869,On or near Bishopsgate,E01032739,City of London 001F,Violence and sexual offences,Court result unavailable,
7d876f2df41efa71daa20843d1c3a47e163d748e7d968ef65479537ad8a6ce99,2025-03,City of London Police,City of London Police,-0.091947,51.513188,On or near Pancras Lane,E01032739,City of London 001F,Violence and sexual offences,Investigation complete; no suspect identified,
66acde4609930cd19e3d09fde9cb73723fec27fe971a619f5dda2cd2ebb0837d,2025-03,City of London Police,City of London Police,-0.084559,51.510316,On or near Botolph Lane,E01032739,City of London 001F,Violence and sexual offences,Status update unavailable,
6a4367b33123e505bff18f31aecb0366935a7ea414152959e88d120401e0625a,2025-03,City of London Police,City of London Police,-0.084754,51.512882,On or near Corbet Court,E01032739,City of London 001F,Violence and sexual offences,Status update unavailable,
1476e98ffde1dd3cd4d291fc9505c564bb26fb86025ba1ee85d20dd732c9b06c,2025-03,City of London Police,City of London Police,-0.081113,51.516869,On or near Bishopsgate,E01032739,City of London 001F,Violence and sexual offences,Unable to prosecute suspect,
649a34f7f4172c8fcbd0a1b9c0fb550449ae816e42fa4ea51a32ab79bcad55e8,2025-03,City of London Police,City of London Police,-0.079907,51.517785,On or near Victoria Avenue,E01032739,City of London 001F,Violence and sexual offences,Status update unavailable,
715d8f99b3be40171d56837c0af520b002d47bbadc299cf5cae346df4a32a956,2025-03,City of London Police,City of London Police,-0.101475,51.511077,On or near A3211,E01032739,City of London 001F,Violence and sexual offences,Status update unavailable,
13fef56e5e439d3d1f9e0eee4b52a0c459707b3c4b5a49a9e18fdc71f32366de,2025-03,City of London Police,City of London Police,-0.081902,51.517296,On or near Liverpool Street,E01032739,City of London 001F,Violence and sexual offences,Investigation complete; no suspect identified,
a1b42a5ce3df024b56b75d44b7b9616e1d660b11558aef66784e6b4cdcbb9344,2025-03,City of London Police,City of London Police,-0.104276,51.513712,On or near A201,E01032739,City of London 001F,Violence and sexual offences,Investigation complete; no suspect identified,
bd231dc850488dce7f01b542db4e35a66252e6a2c5c566042557e441f40612fb,2025-03,City of London Police,City of London Police,-0.096501,51.513874,On or near New Change,E01032739,City of London 001F,Violence and sexual offences,Court result unavailable,
af7bf2d6d2de03593fdc5b73fc6825afc40d721188b3c1193a669f77d087a838,2025-03,City of London Police,City of London Police,-0.083977,51.510441,On or near Lovat Lane,E01032739,City of London 001F,Violence and sexual offences,Investigation complete; no suspect identified,
5afe81c05a00418512b11b6188c966a3bef348d0b73998bd286fc0b49b3d4c9b,2025-03,City of London Police,City of London Police,-0.091947,51.513188,On or near Pancras Lane,E01032739,City of London 001F,Violence and sexual offences,Unable to prosecute suspect,
a2e67de1889410e972db0c094523d6b704b171cf715e035977bdb50b6a77aa1d,2025-03,City of London Police,City of London Police,-0.081113,51.516869,On or near Bishopsgate,E01032739,City of London 001F,Violence and sexual offences,Unable to prosecute suspect,
287e936fba1669072e659fa49d136b8fad4588bb9b9d63239d534d09cf8b9d2d,2025-03,City of London Police,City of London Police,-0.085089,51.512105,On or near Gracechurch Street,E01032739,City of London 001F,Violence and sexual offences,Investigation complete; no suspect identified,
fbe094f72c0f05d8eea65b8bc2e919310abcd167139afc73812e317d7406eed1,2025-03,City of London Police,City of London Police,-0.088456,51.514975,On or near Tokenhouse Yard,E01032739,City of London 001F,Violence and sexual offences,Unable to prosecute suspect,
f48aabd36cb0874bc52494a292e2d2c7f93f58e65ce6cf4f8dd9f6d131735bda,2025-03,City of London Police,City of London Police,-0.092531,51.512658,On or near Queen Street,E01032739,City of London 001F,Violence and sexual offences,Investigation complete; no suspect identified,
dd2873918b86d29d65931a55aa1067c7de39f3142d19660b2ada8cb097e71f01,2025-03,City of London Police,City of London Police,-0.083600,51.509797,On or near St Mary At Hill,E01032739,City of London 001F,Violence and sexual offences,Unable to prosecute suspect,
d00aec1060037ec933f564875f1d1ed75b205772490c036dfaad9b14b583f27e,2025-03,City of London Police,City of London Police,-0.102134,51.513929,On or near Ludgate Hill,E01032739,City of London 001F,Violence and sexual offences,Status update unavailable,
a92146d6b7f9613bf8be9d7f564e9cb3eec27e5962770b08a0337376799c6cca,2025-03,City of London Police,City of London Police,-0.079907,51.517785,On or near Victoria Avenue,E01032739,City of London 001F,Violence and sexual offences,Investigation complete; no suspect identified,
cd23d60808436e112d8ff791c845f8d79f80a5b51ea9c9749fc74024ec0397ff,2025-03,City of London Police,City of London Police,-0.077070,51.510877,On or near Cooper'S Row,E01032739,City of London 001F,Violence and sexual offences,Status update unavailable,
cd23d60808436e112d8ff791c845f8d79f80a5b51ea9c9749fc74024ec0397ff,2025-03,City of London Police,City of London Police,-0.079907,51.517785,On or near Victoria Avenue,E01032739,City of London 001F,Violence and sexual offences,Status update unavailable,
282d4b0c98e0bd6a5a882af2f32a23d1e3ce48b84c56cc93fefe17e22a96463c,2025-03,City of London Police,City of London Police,-0.078894,51.520951,On or near Norton Folgate,E01032739,City of London 001F,Violence and sexual offences,Investigation complete; no suspect identified,
7107dcadddb452c56b89ec88400f04d8a44569232291a83e181afe0a4692eb4c,2025-03,City of London Police,City of London Police,-0.081902,51.517296,On or near Liverpool Street,E01032739,City of London 001F,Violence and sexual offences,Unable to prosecute suspect,
f13090135e6f14b7c44366864ef6df86b5be173d63f895a40d97158d9d093edb,2025-03,City of London Police,City of London Police,-0.078755,51.518440,On or near Artillery Lane,E01032739,City of London 001F,Violence and sexual offences,Unable to prosecute suspect,
a0c98aecb291aee745eca4933c23496343cc1d39bcca7fa0cdbc8d1dc6e98ee3,2025-03,City of London Police,City of London Police,-0.101292,51.514770,On or near Amen Court,E01032739,City of London 001F,Violence and sexual offences,Court result unavailable,
0cbea7843594a44004fe4b031c2b69e88a2ff5189b9ee836685db5b8c668e77f,2025-03,City of London Police,City of London Police,-0.089208,51.509744,On or near Angel Lane,E01032739,City of London 001F,Violence and sexual offences,Court result unavailable,
799d35eb0c4f2bebcb3d574ff47139c83db9dcb45f807a9868d8bc258730412f,2025-03,City of London Police,City of London Police,-0.081113,51.516869,On or near Bishopsgate,E01032739,City of London 001F,Violence and sexual offences,Unable to prosecute suspect,
7e2600db2696de7b6043b69b2a0d9ebc15849f6a5db347bc0d3f412b09a42a5e,2025-03,City of London Police,City of London Police,-0.081113,51.516869,On or near Bishopsgate,E01032739,City of London 001F,Violence and sexual offences,Court result unavailable,
63fe9d75116eae4b43fbf2537959629703307aa92fcdf89c5c7aa6662ba40fcc,2025-03,City of London Police,City of London Police,-0.078755,51.518440,On or near Artillery Lane,E01032739,City of London 001F,Violence and sexual offences,Unable to prosecute suspect,
9b9dc084d9a0674d537a2cb706aa49ce13ae84baf7cfd1aeb419047cc99e0e8f,2025-03,City of London Police,City of London Police,-0.086019,51.513631,On or near Finch Lane,E01032739,City of London 001F,Violence and sexual offences,Court result unavailable,
f598df70b43421926bb39502c7d4502ebc15c05de1c49f00fabea7a1df16b9c1,2025-03,City of London Police,City of London Police,-0.087772,51.510665,On or near Martin Lane,E01032739,City of London 001F,Violence and sexual offences,Investigation complete; no suspect identified,
f292bbcffd66587a756404ff94e5ef7a367ef058df06feae4cf96755b9e70d20,2025-03,City of London Police,City of London Police,-0.083600,51.509797,On or near St Mary At Hill,E01032739,City of London 001F,Violence and sexual offences,Unable to prosecute suspect,
0396efe3b29e5de2b5be2ffa1a74e40a1019f6cdc0652cf8461a3cb75d51e260,2025-03,City of London Police,City of London Police,-0.086815,51.517007,On or near Circus Place,E01032739,City of London 001F,Violence and sexual offences,Unable to prosecute suspect,
1a4169a2ee97c78c41827fddebb951c552af7f179f5f0e2a8f9a2a8422b4361c,2025-03,City of London Police,City of London Police,-0.078278,51.513666,On or near Mitre Street,E01032739,City of London 001F,Violence and sexual offences,Unable to prosecute suspect,
45d7a44158fbb2af55bb2e4c3d39f82ba0923a0550666103fab9b18d86b3d49d,2025-03,City of London Police,City of London Police,-0.087157,51.512624,On or near Lombard Street,E01032739,City of London 001F,Violence and sexual offences,Unable to prosecute suspect,
3b51041294a6123d0dce0b00825f774697537a321881c01a4f2b4b10edcd2877,2025-03,City of London Police,City of London Police,-0.084844,51.510725,On or near Eastcheap,E01032739,City of London 001F,Violence and sexual offences,Unable to prosecute suspect,
d60ffb52e75f26c6c008f98e97c9da564c0662b014810d904e04f7d866a3993b,2025-03,City of London Police,City of London Police,-0.082993,51.516360,On or near Wormwood Street,E01032739,City of London 001F,Violence and sexual offences,Unable to prosecute suspect,
36f576bf41fc98432370b5ac13f5e17f16dafd7e3830ce68e022bd11c7b2855b,2025-03,City of London Police,City of London Police,-0.088456,51.514975,On or near Tokenhouse Yard,E01032739,City of London 001F,Other crime,Unable to prosecute suspect,
5afe8fbd260a5595514776f6e130eaff31dce08d476071062bc4eb09a088b184,2025-03,City of London Police,City of London Police,-0.100201,51.513286,On or near Dean'S Court,E01032739,City of London 001F,Other crime,Status update unavailable,
7489528670d7b30fae2d437a2d7f9f221b0a2642716552ce8cbe551f55947334,2025-03,City of London Police,City of London Police,-0.081902,51.517296,On or near Liverpool Street,E01032739,City of London 001F,Other crime,Investigation complete; no suspect identified,
491c38369ecf92832c3436a4a078685e3cd374c8df0d448ea0443e9b0d4aae37,2025-03,City of London Police,City of London Police,-0.081902,51.517296,On or near Liverpool Street,E01032739,City of London 001F,Other crime,Status update unavailable,
ad838552a60079e261d13f8379fe78edd23bbec5479d0cb3d4e489366a9765dd,2025-03,City of London Police,City of London Police,-0.088456,51.514975,On or near Tokenhouse Yard,E01032739,City of London 001F,Other crime,Status update unavailable,
52d3aec148c99adee3a64d70d0021ed5322300a69bc6a7f4ddc48ced8991034f,2025-03,City of London Police,City of London Police,-0.101292,51.514770,On or near Amen Court,E01032739,City of London 001F,Other crime,Investigation complete; no suspect identified,
4af86994e93ab4d479cae18990fa75c7f62b95fd5eb98f765bd08cf7eff82395,2025-03,City of London Police,City of London Police,-0.101292,51.514770,On or near Amen Court,E01032739,City of London 001F,Other crime,Investigation complete; no suspect identified,
,2025-03,City of London Police,City of London Police,-0.105909,51.513262,On or near Dorset Buildings,E01032740,City of London 001G,Anti-social behaviour,,
,2025-03,City of London Police,City of London Police,-0.105909,51.513262,On or near Dorset Buildings,E01032740,City of London 001G,Anti-social behaviour,,
,2025-03,City of London Police,City of London Police,-0.108457,51.512997,On or near Temple Lane,E01032740,City of London 001G,Anti-social behaviour,,
717c66f3b6b135cf132c6929d52ca5e3fa6d361e1915c57d687b3fd36ce4e310,2025-03,City of London Police,City of London Police,-0.099803,51.519026,On or near Cloth Fair,E01032740,City of London 001G,Bicycle theft,Investigation complete; no suspect identified,
791d8313201a475adda681c541263488397acfd6dc1b24fae3ef1ef9ea6f3142,2025-03,City of London Police,City of London Police,-0.098017,51.519689,On or near Cloth Street,E01032740,City of London 001G,Bicycle theft,Investigation complete; no suspect identified,
1649292ba0af63862747fcd7cc698141123acefaf02b19ae7e4f5d8774e9fc8b,2025-03,City of London Police,City of London Police,-0.098875,51.518831,On or near Bartholomew Close,E01032740,City of London 001G,Bicycle theft,Investigation complete; no suspect identified,
25062f97f8bc5f5e851214f495e5d93e4cf9dfc5dddd83134855a637d716c192,2025-03,City of London Police,City of London Police,-0.098017,51.519689,On or near Cloth Street,E01032740,City of London 001G,Bicycle theft,Investigation complete; no suspect identified,
431695481d10966bd63bae346734edaded6bff2da0195acf73872934ab53e104,2025-03,City of London Police,City of London Police,-0.108450,51.514202,On or near Fleet Street,E01032740,City of London 001G,Burglary,Investigation complete; no suspect identified,
6eb5c88e67e2f5f1792423abebedd02eb7748b638a114e707b289d3e1f1cadc0,2025-03,City of London Police,City of London Police,-0.099301,51.519674,On or near Hayne Street,E01032740,City of London 001G,Burglary,Investigation complete; no suspect identified,
2f3daf2ad444ea4f7f1da776ecd4d2cbc52b1f51c68640f6e0348ee73118dee5,2025-03,City of London Police,City of London Police,-0.099803,51.519026,On or near Cloth Fair,E01032740,City of London 001G,Burglary,Investigation complete; no suspect identified,
513ecb48b3f4a47b1f6ca27592919846e119325165c0c1bba4cca088a8e7038c,2025-03,City of London Police,City of London Police,-0.109913,51.516806,On or near Norwich Street,E01032740,City of London 001G,Burglary,Investigation complete; no suspect identified,
de14857507b2d480bc52b417d11a337b7efb9bddcc3422c772cc150431e0b7aa,2025-03,City of London Police,City of London Police,-0.101621,51.516906,On or near Giltspur Street,E01032740,City of London 001G,Burglary,Investigation complete; no suspect identified,
24ceb5d1133a0411adfae210863ed0317ec79b831a3686931a6d7f84abc0cc22,2025-03,City of London Police,City of London Police,-0.098017,51.519689,On or near Cloth Street,E01032740,City of London 001G,Burglary,Investigation complete; no suspect identified,
d3de181c8dc12035da2413ced3d5c2525387e6236d5f4c553aec9cda26e0a53e,2025-03,City of London Police,City of London Police,-0.104980,51.512033,On or near Kingscote Street,E01032740,City of London 001G,Burglary,Court result unavailable,
af70d5ab6ba83b3be6b5eab5ef2d7f54ac930dde46f261b29674c6ac020faf80,2025-03,City of London Police,City of London Police,-0.112941,51.517484,On or near Shopping Area,E01032740,City of London 001G,Criminal damage and arson,Unable to prosecute suspect,
bf4e205f777cd634ffc8df59fc785cf15bd0ab11a934b4469a97992fdd7af8e0,2025-03,City of London Police,City of London Police,-0.104980,51.512033,On or near Kingscote Street,E01032740,City of London 001G,Criminal damage and arson,Investigation complete; no suspect identified,
c845b238e7c0511347d5e561816907f4788dd749a8db715a4b9940fd92221b53,2025-03,City of London Police,City of London Police,-0.099803,51.519026,On or near Cloth Fair,E01032740,City of London 001G,Drugs,Offender given a caution,
dc980cbd58482176c1ef3167f634862022e8d8f22d934cd6a1ec37092d337724,2025-03,City of London Police,City of London Police,-0.101359,51.518700,On or near Parking Area,E01032740,City of London 001G,Drugs,Court result unavailable,
6b02d3e06b3489e15d05c743508bcf7124412dfe898575f98ceb772787711e89,2025-03,City of London Police,City of London Police,-0.111255,51.516765,On or near Took'S Court,E01032740,City of London 001G,Drugs,Status update unavailable,
fcf8741cab8d32b56bdf881b22e4bebd3755f92cc442a25fa49e2e8e2f022498,2025-03,City of London Police,City of London Police,-0.106076,51.517239,On or near Conference/Exhibition Centre,E01032740,City of London 001G,Drugs,Status update unavailable,
f638c5564a174345c31029d7e94304ff87360746566ddb525912871d367f3621,2025-03,City of London Police,City of London Police,-0.104980,51.512033,On or near Kingscote Street,E01032740,City of London 001G,Drugs,Status update unavailable,
1c0f9b10ee11165cc6265efff9eb9a44cf95ba0d131f568144207989b0e79a61,2025-03,City of London Police,City of London Police,-0.108027,51.511884,On or near Temple Avenue,E01032740,City of London 001G,Drugs,Unable to prosecute suspect,
6b02d3e06b3489e15d05c743508bcf7124412dfe898575f98ceb772787711e89,2025-03,City of London Police,City of London Police,-0.111296,51.516136,On or near Further/Higher Educational Building,E01032740,City of London 001G,Drugs,Further investigation is not in the public interest,
e924feb83ba8e380215e6a587a8b87e6d094260d001737727a2e6ecc2c0e970b,2025-03,City of London Police,City of London Police,-0.098017,51.519689,On or near Cloth Street,E01032740,City of London 001G,Other theft,Investigation complete; no suspect identified,
9cf18f89f9088fe0a67fce36839618ae99737f31bae1864486e2217355ecb936,2025-03,City of London Police,City of London Police,-0.107443,51.515534,On or near Printer Street,E01032740,City of London 001G,Other theft,Unable to prosecute suspect,
32cb9ef15272c1aebc223ad6e9fbd6da9fc9f58c71ecd447c4f5b19747060555,2025-03,City of London Police,City of London Police,-0.112019,51.516067,On or near Chancery Lane,E01032740,City of London 001G,Other theft,Investigation complete; no suspect identified,
c17fbade5474e36c55909af5e7392e912be031e8fbe316cf2fbc61b4a2bd8690,2025-03,City of London Police,City of London Police,-0.101359,51.518700,On or near Parking Area,E01032740,City of London 001G,Other theft,Investigation complete; no suspect identified,
ef102f962ac03a847964a7fb1609477c946d58f1ffc0fa6df477a6de583d3d1b,2025-03,City of London Police,City of London Police,-0.101359,51.518700,On or near Parking Area,E01032740,City of London 001G,Other theft,Investigation complete; no suspect identified,
ab3c350a3503b953401290f0a1e9eddb22320b38697c36aaa610e7835fa5c67b,2025-03,City of London Police,City of London Police,-0.106076,51.517239,On or near Conference/Exhibition Centre,E01032740,City of London 001G,Other theft,Investigation complete; no suspect identified,
76746fccead0243badc6b5670dd29868fc9948d46c8f1a0072ea509034708532,2025-03,City of London Police,City of London Police,-0.102726,51.513911,On or near Pageantmaster Court,E01032740,City of London 001G,Other theft,Investigation complete; no suspect identified,
d7875f78a5ad5b4c8550da51e3ad8a96de63379f8ee2eeae63fc2987e63d29c8,2025-03,City of London Police,City of London Police,-0.106076,51.517239,On or near Conference/Exhibition Centre,E01032740,City of London 001G,Other theft,Investigation complete; no suspect identified,
dda64acdc614a499c89bd7733d22ca609c3aa5d01adb9fe00cf8329e4fe928b5,2025-03,City of London Police,City of London Police,-0.105131,51.513941,On or near Bride Lane,E01032740,City of London 001G,Other theft,Unable to prosecute suspect,
fb5b2547ead9631a50a2fd81ec58f063d10941496b7f7fa052bd2091b9c13ca5,2025-03,City of London Police,City of London Police,-0.102812,51.517051,On or near Police Station,E01032740,City of London 001G,Other theft,Status update unavailable,
e5be7f7b9e5e46ad5c6a123e5868056134b57f4163d3e7512988bae0ff01ed2d,2025-03,City of London Police,City of London Police,-0.097959,51.517629,On or near Montague Street,E01032740,City of London 001G,Other theft,Investigation complete; no suspect identified,
c485bc68284ca951261d4a5a41f6720b4d51a35dafb1c1765483d2a70cd86ded,2025-03,City of London Police,City of London Police,-0.102726,51.513911,On or near Pageantmaster Court,E01032740,City of London 001G,Other theft,Investigation complete; no suspect identified,
6a6cec7830adb5542d67428d433ee9865b4724447b256bbf912f99e530b4fe97,2025-03,City of London Police,City of London Police,-0.098017,51.519689,On or near Cloth Street,E01032740,City of London 001G,Other theft,Unable to prosecute suspect,
f76e3a5ec1586a6bb3ec6ad7321e8efb6a8553a461a91bdd8e76a60feffb7a98,2025-03,City of London Police,City of London Police,-0.109540,51.515721,On or near Rolls Buildings,E01032740,City of London 001G,Other theft,Investigation complete; no suspect identified,
cab4c6e65d528e80b9b63487d4a62000d4c32ffc6db92b335d3e300bb1c56774,2025-03,City of London Police,City of London Police,-0.106076,51.517239,On or near Conference/Exhibition Centre,E01032740,City of London 001G,Public order,Status update unavailable,
cfc72079366dbc2d1ce2acffda63784ab6e1a4589f78ea9cf69074e91ea271b3,2025-03,City of London Police,City of London Police,-0.107997,51.513313,On or near Bouverie Street,E01032740,City of London 001G,Public order,Formal action is not in the public interest,
24583b41e1e44339763d581690c8f7ea5ab18dec8929a1a171618b7b6546fbc8,2025-03,City of London Police,City of London Police,-0.101359,51.518700,On or near Parking Area,E01032740,City of London 001G,Public order,Unable to prosecute suspect,
9f5e026564df1d769c7d451af125fbb9fc423c6c0326e03520abb211f25ff98a,2025-03,City of London Police,City of London Police,-0.101621,51.516906,On or near Giltspur Street,E01032740,City of London 001G,Public order,Unable to prosecute suspect,
47dd14d93b6766b89c707c4d3ebcc7cf9cd4fcd72acc322106a6fefc512e7bc6,2025-03,City of London Police,City of London Police,-0.108069,51.515041,On or near Gough Square,E01032740,City of London 001G,Public order,Status update unavailable,
8a95ec38e3738cb4efffac9e45457eb6ea27f7699ff6ab8dacf1fef2d2d3abb7,2025-03,City of London Police,City of London Police,-0.108027,51.511884,On or near Temple Avenue,E01032740,City of London 001G,Public order,Unable to prosecute suspect,
84733f3db88f1695bcc1d5f6d2f733889feb34c779727db2a7be8339ad17efc8,2025-03,City of London Police,City of London Police,-0.098555,51.519248,On or near Newbury Street,E01032740,City of London 001G,Public order,Unable to prosecute suspect,
d0172cd5380e6f0beb1f39d8b6a9fbde5192387ed0ae256c594736417a3e8d54,2025-03,City of London Police,City of London Police,-0.112941,51.517484,On or near Shopping Area,E01032740,City of London 001G,Public order,Unable to prosecute suspect,
4fc0c86adf7af8b4d92afc4f12fa4197c81599b1faca8cb239e4f6117c66956b,2025-03,City of London Police,City of London Police,-0.102812,51.517051,On or near Police Station,E01032740,City of London 001G,Robbery,Investigation complete; no suspect identified,
02aa7594b0cd876a5e1679f15fee4a91f7321a4fd3fb8df713452708323d0b9a,2025-03,City of London Police,City of London Police,-0.102726,51.513911,On or near Pageantmaster Court,E01032740,City of London 001G,Robbery,Investigation complete; no suspect identified,
47644f94c10e388f8211c855ab6ee2b0554dd638052dab2474d3fc12fc46ec71,2025-03,City of London Police,City of London Police,-0.101320,51.519293,On or near Grand Avenue,E01032740,City of London 001G,Robbery,Investigation complete; no suspect identified,
5c69ff05fc6e4849704ae14613b28782f6a6758fa4339b4a8e5ea4d35b6d67ab,2025-03,City of London Police,City of London Police,-0.101320,51.519293,On or near Grand Avenue,E01032740,City of London 001G,Shoplifting,Court result unavailable,
e18e6b43428bb5d171787629d71db63fafc1c74026953cd279f1a5bf55b938f4,2025-03,City of London Police,City of London Police,-0.105131,51.513941,On or near Bride Lane,E01032740,City of London 001G,Shoplifting,Status update unavailable,
5cf868342e104f5b12f0f5ee6208672920a4f4dfa00e44f27fd4addfaafffd0d,2025-03,City of London Police,City of London Police,-0.104980,51.512033,On or near Kingscote Street,E01032740,City of London 001G,Shoplifting,Status update unavailable,
8c36f72647b808e35797abacd636b8a4570d673b367432fb719521f95610f5b0,2025-03,City of London Police,City of London Police,-0.112953,51.518231,On or near Southampton Buildings,E01032740,City of London 001G,Shoplifting,Status update unavailable,
927a9a7c581e891e1ecbdb1f17dc4fdcf6a2d29f5c6510573f467318d0aca756,2025-03,City of London Police,City of London Police,-0.102812,51.517051,On or near Police Station,E01032740,City of London 001G,Theft from the person,Investigation complete; no suspect identified,
840d3fe0a775347fa8d272272d8e79ddc609e44ed4cbd51d10257fe697616822,2025-03,City of London Police,City of London Police,-0.104980,51.512033,On or near Kingscote Street,E01032740,City of London 001G,Theft from the person,Investigation complete; no suspect identified,
f30af792ae1cb9b7a7cfdd0e6114168ff0f94a33082865a1d95bcb3d89dfd48c,2025-03,City of London Police,City of London Police,-0.102726,51.513911,On or near Pageantmaster Court,E01032740,City of London 001G,Theft from the person,Investigation complete; no suspect identified,
e306b3971d09bde641836d0207e2168029355752f6414705c1bec53b1052f0b0,2025-03,City of London Police,City of London Police,-0.108450,51.514202,On or near Fleet Street,E01032740,City of London 001G,Theft from the person,Investigation complete; no suspect identified,
9cc43890cf1a22b95a75bd529e5b550fe134409fd82d354523256626ad077108,2025-03,City of London Police,City of London Police,-0.107201,51.514092,On or near Conference/Exhibition Centre,E01032740,City of London 001G,Theft from the person,Investigation complete; no suspect identified,
db627913f54d026aa854a814a31ca5d6d8cb9092f7dd8d1714cabc173f5e0182,2025-03,City of London Police,City of London Police,-0.106076,51.517239,On or near Conference/Exhibition Centre,E01032740,City of London 001G,Theft from the person,Investigation complete; no suspect identified,
267dc407eb5058ed7d1c86411d8fb42de493a959e2f90f974c569e0b1d6f1039,2025-03,City of London Police,City of London Police,-0.108027,51.511884,On or near Temple Avenue,E01032740,City of London 001G,Theft from the person,Investigation complete; no suspect identified,
16aa610e7cab2a80d2198b6ac1b28c1570c0bb6c8467ed7c999ccd4621e0b864,2025-03,City of London Police,City of London Police,-0.102726,51.513911,On or near Pageantmaster Court,E01032740,City of London 001G,Theft from the person,Investigation complete; no suspect identified,
1b63916f3829a7f4c71a7a378889326979ddfdbe0e417c183ec6357c36db51dc,2025-03,City of London Police,City of London Police,-0.101359,51.518700,On or near Parking Area,E01032740,City of London 001G,Theft from the person,Investigation complete; no suspect identified,
8a7f0264a271d648f39ecea917fbee9cf779d37d2d4f7a20e3c79954eb448c6d,2025-03,City of London Police,City of London Police,-0.106076,51.517239,On or near Conference/Exhibition Centre,E01032740,City of London 001G,Theft from the person,Investigation complete; no suspect identified,
ab5ebe8b538c9064a266f2e7be77c62697aad3824f7781b5c2a45dd333b2db96,2025-03,City of London Police,City of London Police,-0.099803,51.519026,On or near Cloth Fair,E01032740,City of London 001G,Theft from the person,Investigation complete; no suspect identified,
b1dc66b4c00b492641d2e3d777cd2254ca36a3ddabc7cc49134b9d03abb0b995,2025-03,City of London Police,City of London Police,-0.110690,51.517916,On or near Further/Higher Educational Building,E01032740,City of London 001G,Theft from the person,Investigation complete; no suspect identified,
b6f859e1a439a45ee8d97d2bfa560e5965aaf5523dc3ed9b2a783ee28f464c81,2025-03,City of London Police,City of London Police,-0.107201,51.514092,On or near Conference/Exhibition Centre,E01032740,City of London 001G,Theft from the person,Status update unavailable,
8c6cc68e7a569f1ca8c6200a9a6d098a26456ed762fed09883e04d1c5c79c89f,2025-03,City of London Police,City of London Police,-0.102812,51.517051,On or near Police Station,E01032740,City of London 001G,Theft from the person,Investigation complete; no suspect identified,
acaac5ca755d792e930cdfab9d1025c3899361062558d27b2128df881e7cfd7c,2025-03,City of London Police,City of London Police,-0.106076,51.517239,On or near Conference/Exhibition Centre,E01032740,City of London 001G,Theft from the person,Investigation complete; no suspect identified,
a2a65105bcb2412e28fddfdad2e7f3fb20937191a30b9999d17a52039874b413,2025-03,City of London Police,City of London Police,-0.106076,51.517239,On or near Conference/Exhibition Centre,E01032740,City of London 001G,Theft from the person,Investigation complete; no suspect identified,
b7e245dd98b610179b970f3aac1be79fd892e375a136e4c203696a7a659d898b,2025-03,City of London Police,City of London Police,-0.106076,51.517239,On or near Conference/Exhibition Centre,E01032740,City of London 001G,Theft from the person,Investigation complete; no suspect identified,
4695b53b0b727113ee4255958bed9337dfc4a57e5586095523dadd52c98a344e,2025-03,City of London Police,City of London Police,-0.112019,51.516067,On or near Chancery Lane,E01032740,City of London 001G,Theft from the person,Investigation complete; no suspect identified,
8c3d54f3e6978605ef55a4e501b5082918876cd19273f05411ef393f739b886a,2025-03,City of London Police,City of London Police,-0.107201,51.514092,On or near Conference/Exhibition Centre,E01032740,City of London 001G,Theft from the person,Investigation complete; no suspect identified,
413e0ab10e3dcb052e205ec995cf575305da66ed295bb426db1d5307f8760b99,2025-03,City of London Police,City of London Police,-0.101361,51.519357,On or near Grand Avenue,E01032740,City of London 001G,Theft from the person,Investigation complete; no suspect identified,
3b0958c5735611bd42d2fd300181bc3bd7c8ebd0c7bc9f30e4f3c665ffcd4d3d,2025-03,City of London Police,City of London Police,-0.102726,51.513911,On or near Pageantmaster Court,E01032740,City of London 001G,Theft from the person,Investigation complete; no suspect identified,
bd3e6ff5a3c48dcaf09e1122ed1ddaf1e986c05489b5a843c66ba3310327959a,2025-03,City of London Police,City of London Police,-0.104980,51.512033,On or near Kingscote Street,E01032740,City of London 001G,Theft from the person,Investigation complete; no suspect identified,
af09e9ce04e893551a8e8390c75267e1e62ceba5ea6f15c381814373cd8750d0,2025-03,City of London Police,City of London Police,-0.108450,51.514202,On or near Fleet Street,E01032740,City of London 001G,Theft from the person,Investigation complete; no suspect identified,
f530672d592f373245118cf647d10d17fd110c9ffd0cb389770166a69c3c91f2,2025-03,City of London Police,City of London Police,-0.110690,51.517916,On or near Further/Higher Educational Building,E01032740,City of London 001G,Theft from the person,Court result unavailable,
cdb7dbcf4d775aad8933453f3e71f0d0ffe9e001873a503e91ae3c5b3b5fcf95,2025-03,City of London Police,City of London Police,-0.101359,51.518700,On or near Parking Area,E01032740,City of London 001G,Theft from the person,Status update unavailable,
363ee574ae4e2ad0a7c3895c137b722f8a3dcf544250fb9f08576575f3861e87,2025-03,City of London Police,City of London Police,-0.106076,51.517239,On or near Conference/Exhibition Centre,E01032740,City of London 001G,Theft from the person,Investigation complete; no suspect identified,
9d00056e4547a4a80a24f3418be94372333f4af1f2aad958108f93f6c6a69b97,2025-03,City of London Police,City of London Police,-0.105131,51.513941,On or near Bride Lane,E01032740,City of London 001G,Vehicle crime,Investigation complete; no suspect identified,
bc8431ddb6dfc51d0f3fae671e549ff6ebea2d21b9c354598aec75bbb7d29913,2025-03,City of London Police,City of London Police,-0.097959,51.517629,On or near Montague Street,E01032740,City of London 001G,Violence and sexual offences,Investigation complete; no suspect identified,
e51a7de7b0d149706efb9434c61d436c311d2ce65df312e9fb0375b32234401b,2025-03,City of London Police,City of London Police,-0.101359,51.518700,On or near Parking Area,E01032740,City of London 001G,Violence and sexual offences,Investigation complete; no suspect identified,
f75c6e9c8da141a0f153a2ae81f3ca17824c8ed1d4cec5d28102ee6c92a90064,2025-03,City of London Police,City of London Police,-0.108450,51.514202,On or near Fleet Street,E01032740,City of London 001G,Violence and sexual offences,Unable to prosecute suspect,
5781fe50b680375605ee158f92a4a881b539bfa0b36981e93fe62d7cb8644503,2025-03,City of London Police,City of London Police,-0.104980,51.512033,On or near Kingscote Street,E01032740,City of London 001G,Violence and sexual offences,Investigation complete; no suspect identified,
f68a9af32d9552bc869dde7e9fc4592ad2a7226eae78cf5cc767bfdb87719af1,2025-03,City of London Police,City of London Police,-0.106076,51.517239,On or near Conference/Exhibition Centre,E01032740,City of London 001G,Violence and sexual offences,Investigation complete; no suspect identified,
24c6c373beb46e198c8b4d2166a6a4d71688c294013a5ef655acf551b2692a3e,2025-03,City of London Police,City of London Police,-0.102538,51.517739,On or near Hosier Lane,E01032740,City of London 001G,Violence and sexual offences,Unable to prosecute suspect,
93a0ef2dd9fad1026727add4f92b1fa6187a6ddd247d003c1cb9e05ff8cc8deb,2025-03,City of London Police,City of London Police,-0.101359,51.518700,On or near Parking Area,E01032740,City of London 001G,Violence and sexual offences,Unable to prosecute suspect,
727772788e3e93c1f39c005d9efe9d5583115f809f2165784c9f4cb07ebabb4e,2025-03,City of London Police,City of London Police,-0.108027,51.511884,On or near Temple Avenue,E01032740,City of London 001G,Violence and sexual offences,Unable to prosecute suspect,
6bfbb8d19525a92ab2fa190602b38140d1d930a61475a8208b76d733d33651bf,2025-03,City of London Police,City of London Police,-0.108457,51.512997,On or near Temple Lane,E01032740,City of London 001G,Violence and sexual offences,Unable to prosecute suspect,
2acfa8a4a756560ea77e5d51a327ea51cbd305de67d8054c48fcb0bfef992944,2025-03,City of London Police,City of London Police,-0.098017,51.519689,On or near Cloth Street,E01032740,City of London 001G,Violence and sexual offences,Unable to prosecute suspect,
686e2e1e0770f118c43ec655b4f34fc1990da1ebc9b8efdf6d671367ba27e6fe,2025-03,City of London Police,City of London Police,-0.103490,51.513897,On or near City Thameslink,E01032740,City of London 001G,Violence and sexual offences,Investigation complete; no suspect identified,
911e8979f38a008dd9a874b2f2fc49e8b1a5b386198aac13505af81ebd6388da,2025-03,City of London Police,City of London Police,-0.104980,51.512033,On or near Kingscote Street,E01032740,City of London 001G,Violence and sexual offences,Status update unavailable,
f99babc30c1c6dc677ac540d873cb8d374fb4879ed0e0fc300f911a8a5301148,2025-03,City of London Police,City of London Police,-0.078808,51.526381,On or near Nightclub,E01033706,Hackney 033B,Drugs,Status update unavailable,
8a48a415d7d59ede821896fba4625eee012c27119b8aa5c9a4ac5057e2f4bd61,2025-03,City of London Police,City of London Police,-0.082648,51.520455,On or near Earl Street,E01033708,Hackney 033C,Other theft,Investigation complete; no suspect identified,
5214f1988a7bc2f35fd549d7a1455681b95b2604b8b3a3803b15b659465b7d1c,2025-03,City of London Police,City of London Police,-0.082648,51.520455,On or near Earl Street,E01033708,Hackney 033C,Theft from the person,Investigation complete; no suspect identified,
7e73985d95bc13cd382466367f23e565dcb85eeb95046297cd85849fca6b08b9,2025-03,City of London Police,City of London Police,-0.097151,51.523182,On or near Baltic Street West,E01033490,Islington 022H,Violence and sexual offences,Action to be taken by another organisation,
a9ec539ab31f45c9e12d1778e23398927072681524840520b3a19a76581e34a9,2025-03,City of London Police,City of London Police,-0.097151,51.523182,On or near Baltic Street West,E01033490,Islington 022H,Violence and sexual offences,Unable to prosecute suspect,
ba024e3c89669b95ac24a35164040b3e6841e5ee5d07d75933dc4d3b3b11ee41,2025-03,City of London Police,City of London Police,-0.097151,51.523182,On or near Baltic Street West,E01033490,Islington 022H,Violence and sexual offences,Action to be taken by another organisation,
b58a9974906b9df1ab4fb3290a16122632a2b54af440286863a4a015b6a7328a,2025-03,City of London Police,City of London Police,-0.097151,51.523182,On or near Baltic Street West,E01033490,Islington 022H,Violence and sexual offences,Action to be taken by another organisation,
406e654470b03a4ed1efc39e56f195878859b9cd9543028cc210004881bea54e,2025-03,City of London Police,City of London Police,-0.097151,51.523182,On or near Baltic Street West,E01033490,Islington 022H,Violence and sexual offences,Unable to prosecute suspect,
d9fe6ce77f25a8c1eab275613ce9937c407d2259785ef31b01024662085d9def,2025-03,City of London Police,City of London Police,-0.097151,51.523182,On or near Baltic Street West,E01033490,Islington 022H,Violence and sexual offences,Action to be taken by another organisation,
9e1ff4e1bf22f00408a9a2d77d06f9fe8aff1e1a0463a52047d7a43b1192ba0c,2025-03,City of London Police,City of London Police,-0.097151,51.523182,On or near Baltic Street West,E01033490,Islington 022H,Violence and sexual offences,Action to be taken by another organisation,
63eb63053507a7a52893c05c4ea1c04866ddc8f44c1a4cefe67c27764ef91df9,2025-03,City of London Police,City of London Police,-0.092838,51.522915,On or near Whitecross Street,E01002706,Islington 023E,Theft from the person,Status update unavailable,
770305a60ce9058c436326edcd98767cb4b03d0b56e5a680e77dc36c23f78b59,2025-03,City of London Police,City of London Police,-0.214613,51.522619,On or near Bruce Close,E01002905,Kensington and Chelsea 002B,Public order,Unable to prosecute suspect,
9889d73c64b97363b0ad260fd844561b8ff812a15f1deb17965e55e04cc132f6,2025-03,City of London Police,City of London Police,-0.013624,51.548137,On or near Madison Way,E01034213,Newham 038A,Other crime,Status update unavailable,
05ea8f61c805c3419904a589b5a3da80425294047dcc26383773fb6d54b01498,2025-03,City of London Police,City of London Police,-0.000876,51.550375,On or near Chandos Road,E01034218,Newham 039B,Drugs,Awaiting court outcome,
ffbcca62312783ffc0b1d76bdb541035d1ec9888e37b9715194725ca2fa79308,2025-03,City of London Police,City of London Police,-0.090756,51.505480,On or near Shopping Area,E01003929,Southwark 002B,Theft from the person,Status update unavailable,
5b08aabc8d779b10a74b7c31facb8783a82be6e96133a0900aad60b739072fb4,2025-03,City of London Police,City of London Police,-1.778270,51.538546,On or near Pipers Way,E01033847,Swindon 024E,Other crime,Status update unavailable,
236064bfccea364212dab75f71134054bb42d5233729740f9c87640921f0e6ee,2025-03,City of London Police,City of London Police,-0.061215,51.519078,On or near Shopping Area,E01004208,Tower Hamlets 013C,Violence and sexual offences,Unable to prosecute suspect,
497c21c90da2419fdd579aa18469d30b7f1941fef1dc3709f211c4b79e557302,2025-03,City of London Police,City of London Police,-0.078757,51.520455,On or near Spital Square,E01004307,Tower Hamlets 015B,Bicycle theft,Investigation complete; no suspect identified,
ba8b47fe063f1963ed6a5c21ebada1c66571f3026b984c338b939c54daf39493,2025-03,City of London Police,City of London Police,-0.074881,51.519931,On or near Shopping Area,E01004307,Tower Hamlets 015B,Theft from the person,Status update unavailable,
373ef67c0c8d83771a2cd90b23627e204dd7d2ca631e8e66cccf47094f98788e,2025-03,City of London Police,City of London Police,-0.077597,51.518907,On or near Steward Street,E01004307,Tower Hamlets 015B,Theft from the person,Investigation complete; no suspect identified,
ff2cac57002f615cb10de7250c265c11974123166c100d3cc093bb5e869d6c43,2025-03,City of London Police,City of London Police,-0.059165,51.519161,On or near East Mount Street,E01004322,Tower Hamlets 017A,Theft from the person,Status update unavailable,
664d938b26ec017134a43608b1f4609cb7273bcd8864b3a9408fd4ed2fc61ede,2025-03,City of London Police,City of London Police,-0.072542,51.513100,On or near Further/Higher Educational Building,E01032767,Tower Hamlets 021F,Violence and sexual offences,Court result unavailable,
31b0b4703402cdeb02257dd1c8c377ef756e19202eebbdded4ff9d3c0cdacf9b,2025-03,City of London Police,City of London Police,-0.069709,51.515225,On or near Manningtree Street,E01035687,Tower Hamlets 021H,Theft from the person,Status update unavailable,
30840e53a55b3af3a6276bc3c6e7beab2c1fbecadb8d317805729df9430ee1f4,2025-03,City of London Police,City of London Police,-0.073608,51.509939,On or near Further/Higher Educational Building,E01004293,Tower Hamlets 027B,Theft from the person,Investigation complete; no suspect identified,
7893aec692bd670de3aa32ca52d89093e0810a8e0b3d3fa2c936e4a9f8a3d33c,2025-03,City of London Police,City of London Police,-0.071708,51.506463,On or near St Katharine'S Way,E01004293,Tower Hamlets 027B,Theft from the person,Investigation complete; no suspect identified,
9be437db2ecb274277a7288e7be557ffb606e754c914204cabd60ebdbbff4c3b,2025-03,City of London Police,City of London Police,-0.016329,51.582094,On or near First Avenue,E01004411,Waltham Forest 016D,Drugs,Local resolution,
31b82abe89a0cb5d9d1f27cc6b5b0df15a2cde9a9a300388433a462abcd743ca,2025-03,City of London Police,City of London Police,-0.019225,51.570596,On or near Cornwell Gardens,E01004426,Waltham Forest 022D,Violence and sexual offences,Status update unavailable,
46f9663c84dff415ead2f3c8d1380a505c68b386f50738f7865e5916ee04d861,2025-03,City of London Police,City of London Police,-0.129593,51.513848,On or near Old Compton Street,E01004763,Westminster 013B,Theft from the person,Status update unavailable,
172b1900a3d0ed952dec067821338ae889f4a60cf52aebac34a9abc9c2a2ffa2,2025-03,City of London Police,City of London Police,-0.140844,51.514684,On or near Argyll Street,E01035716,Westminster 013G,Theft from the person,Status update unavailable,
3eb2cb28718449c06e876efd8ebb347fa6b783f6b27cca41ed547817ed7153bd,2025-03,City of London Police,City of London Police,-0.173569,51.516969,On or near Hospital,E01033594,Westminster 015G,Violence and sexual offences,Status update unavailable,
6dc03b3e9add93dc0d468175e88840510128e1c2413ea881cf746d69bf3f4fb8,2025-03,City of London Police,City of London Police,-0.111756,51.513724,On or near Fleet Street,E01004735,Westminster 018B,Burglary,Investigation complete; no suspect identified,
7f7a1cf412daeb7e68379210548ff2230f4cba154cfbe459bdfaf8c5843f06f7,2025-03,City of London Police,City of London Police,-0.111756,51.513724,On or near Fleet Street,E01004735,Westminster 018B,Criminal damage and arson,Status update unavailable,
a234de944fbcec06f621eb6cbff9919a4d488618670532ef81cd46701482d339,2025-03,City of London Police,City of London Police,-0.111567,51.513757,On or near Middle Temple Lane,E01004735,Westminster 018B,Other theft,Investigation complete; no suspect identified,
519fbc7b963c8e46ce64c36f95026e135a1ff8b9acba980018f48bce6a9fe1fd,2025-03,City of London Police,City of London Police,-0.123818,51.512166,On or near Shopping Area,E01004735,Westminster 018B,Other crime,Unable to prosecute suspect,
d8cc8a43e85c4cf687b0a0752f2e904d9584b534e8ee5cb9f3338debc329a9c3,2025-03,City of London Police,City of London Police,-0.122909,51.507096,On or near Embankment Place,E01004736,Westminster 018C,Public order,Status update unavailable,
,2025-03,City of London Police,City of London Police,,,No Location,,,Anti-social behaviour,,
985936d2eeb047a4c4ca4274fadb198ac93140ebfb40e56c964c07e5e3cb1508,2025-03,City of London Police,City of London Police,,,No Location,,,Bicycle theft,Investigation complete; no suspect identified,
8253a53371dee54ed71d7c0c9040ff3240392c9b2a3cf7e2327ddf83f0e72e59,2025-03,City of London Police,City of London Police,,,No Location,,,Bicycle theft,Investigation complete; no suspect identified,
a7588cd2d3e287bf3c3d03c742fab4da757b7c34a1f6e974e0204f80ea8969bf,2025-03,City of London Police,City of London Police,,,No Location,,,Burglary,Status update unavailable,
8f2c94776d00cc26f9748cc1ad76d54d0f666b633c651b240c8a309c5da36829,2025-03,City of London Police,City of London Police,,,No Location,,,Burglary,Investigation complete; no suspect identified,
9525a1bfb07086ae5709cb5fa9730fa476645ec436dc7250fbb48deea3191e74,2025-03,City of London Police,City of London Police,,,No Location,,,Burglary,Investigation complete; no suspect identified,
f5dd4c9098ed23f9ac01c7da06e24f96ade4fb0ca35ec82afd963ef3c2bceef6,2025-03,City of London Police,City of London Police,,,No Location,,,Criminal damage and arson,Investigation complete; no suspect identified,
fb1435d13f8da2515a3dfd623526c3e36e2a8b84b668afdd48f40ed59b911e97,2025-03,City of London Police,City of London Police,,,No Location,,,Criminal damage and arson,Investigation complete; no suspect identified,
67aed4c0a3d3d548af30b44ee23339b0c133aea272eee00ee7f9455bb7ca12e1,2025-03,City of London Police,City of London Police,,,No Location,,,Drugs,Local resolution,
16779c6e3cc08dd4af6c17c6ef334d152d1201b91e5ca96bbd390ab1a63db394,2025-03,City of London Police,City of London Police,,,No Location,,,Drugs,Local resolution,
11c041e948b64515db20cbfcf762763d6fc31d23ea269fb7d7645df54a450884,2025-03,City of London Police,City of London Police,,,No Location,,,Drugs,Court result unavailable,
1cfaa1f96569c2248cfa45a1062428cc4eef2060a47b5aeedd807663fde6457d,2025-03,City of London Police,City of London Police,,,No Location,,,Other theft,Investigation complete; no suspect identified,
83a7ff5c986380d4af580f14b8258178c543fbb82b4133daa13a5e35654721b5,2025-03,City of London Police,City of London Police,,,No Location,,,Other theft,Investigation complete; no suspect identified,
e0bed890c41c81b65df067b698b288b392ba542b9068a5f3c68cdae492370c17,2025-03,City of London Police,City of London Police,,,No Location,,,Other theft,Investigation complete; no suspect identified,
dddbab29df039a427a60e37f9a5bc56cd3ac09446a7c85bc54ddc609f21f5f91,2025-03,City of London Police,City of London Police,,,No Location,,,Other theft,Investigation complete; no suspect identified,
b890de86fb1dfa4978453599fce2519916eeb1e56d760f38c0cdd92569b4f845,2025-03,City of London Police,City of London Police,,,No Location,,,Other theft,Investigation complete; no suspect identified,
edcb647fdaa06c4b66fab2a1f61cb3a2fc0d6cff277e4251aa496791675aef23,2025-03,City of London Police,City of London Police,,,No Location,,,Other theft,Status update unavailable,
5589fb49555cabfa66ed007b1197e171c66fc6d75a7f39f94e0c4db48bb9f76a,2025-03,City of London Police,City of London Police,,,No Location,,,Public order,Unable to prosecute suspect,
39dca75d2759110db4bfe957f312a5b4d1e45f8701ec36368b0ac3ec1f80cfd7,2025-03,City of London Police,City of London Police,,,No Location,,,Public order,Unable to prosecute suspect,
ac80e1f7aabded07315e001358a0c672bc324ae7ae123a3ab982c73c12173434,2025-03,City of London Police,City of London Police,,,No Location,,,Shoplifting,Awaiting court outcome,
3a4f6525fbac4c6223e50b24bc494fb7971af5b14595d08b0148d2c973e80c07,2025-03,City of London Police,City of London Police,,,No Location,,,Shoplifting,Investigation complete; no suspect identified,
7b325f2ffae188ba6eca04960b46f26f6b682437323be86a703a19410d5c07de,2025-03,City of London Police,City of London Police,,,No Location,,,Shoplifting,Investigation complete; no suspect identified,
e3e3fbe5b6e57b43323210133e11bfd5152934db7632070cbdd216e5b24dbaf4,2025-03,City of London Police,City of London Police,,,No Location,,,Shoplifting,Investigation complete; no suspect identified,
df9c15e7fd77e85956d2a950bc47eb0ef653d49f90758f37ba7a44c8150d2bd4,2025-03,City of London Police,City of London Police,,,No Location,,,Shoplifting,Court result unavailable,
9232a121f349158ba420a26d32879f1eee58c9a10b35140ede107986ebcccae6,2025-03,City of London Police,City of London Police,,,No Location,,,Shoplifting,Investigation complete; no suspect identified,
74894922e2d98ceb486065769e247553be88eb820468d6cd6d716494bbd9d92e,2025-03,City of London Police,City of London Police,,,No Location,,,Theft from the person,Status update unavailable,
d70d3d68355bd7f9e7fd09db2e1c0ed31d2276a9bd60b44246354e93db3ae809,2025-03,City of London Police,City of London Police,,,No Location,,,Theft from the person,Investigation complete; no suspect identified,
e06a265036813412f3136ba815f900356a67ee841b7617d46d9915118fbd47e1,2025-03,City of London Police,City of London Police,,,No Location,,,Theft from the person,Investigation complete; no suspect identified,
c5d8ee51a5bfee82aafb7fd63637b9dd0b86c86c233634fd2e78d008218d8432,2025-03,City of London Police,City of London Police,,,No Location,,,Theft from the person,Investigation complete; no suspect identified,
3a03b0a63f56a5aa80c4e2857f82a96a0098e5c954e5227e1793f81d66db1ede,2025-03,City of London Police,City of London Police,,,No Location,,,Theft from the person,Investigation complete; no suspect identified,
43d8018d5fb874287a572e124cae64d3d8b42537bcbd19cd709ccf610ffe3309,2025-03,City of London Police,City of London Police,,,No Location,,,Theft from the person,Investigation complete; no suspect identified,
6852ffbab361f6f6ae6747be0953e6abe02a0e21368abc2156149e5c170b0dfa,2025-03,City of London Police,City of London Police,,,No Location,,,Theft from the person,Investigation complete; no suspect identified,
1a7783dbab4cf90887dc2df617bb9dca6b5baec35a6e5fa3d26390a08dca8e29,2025-03,City of London Police,City of London Police,,,No Location,,,Theft from the person,Investigation complete; no suspect identified,
aba8ec0d6bdd9218ca4a5e9ad25a8724d817624d0d38d225c9b78332c002c721,2025-03,City of London Police,City of London Police,,,No Location,,,Theft from the person,Status update unavailable,
d425a12b4cbea15d4980f2af49db2b1ac649ac5872f49973db7d1ff77a30c8f1,2025-03,City of London Police,City of London Police,,,No Location,,,Theft from the person,Status update unavailable,
7d380ca3341d572e7a8f01bcf74b176df1b3103fe923872328361a91fc0d8c1c,2025-03,City of London Police,City of London Police,,,No Location,,,Theft from the person,Status update unavailable,
bbf2ab777cf289c6b2deecfc42faca02b673eeaa0c71f53ae874108dc3ed8ea3,2025-03,City of London Police,City of London Police,,,No Location,,,Theft from the person,Investigation complete; no suspect identified,
be919dfebb314144cec05c1316c03126b07530df9a057adba1d01d2a009db615,2025-03,City of London Police,City of London Police,,,No Location,,,Theft from the person,Investigation complete; no suspect identified,
1a017c266ef4a4108bbc745cd71495c1b86be989d46243506c5fe87465b9271a,2025-03,City of London Police,City of London Police,,,No Location,,,Vehicle crime,Investigation complete; no suspect identified,
f2190ccdb23f0ab3c4adf1478881ef8caf8db134a8f8dd01bd92168d50db4588,2025-03,City of London Police,City of London Police,,,No Location,,,Violence and sexual offences,Unable to prosecute suspect,
14e540bc8916308a8faf539d98c5a492440e07de3eb03f887366e89486e46701,2025-03,City of London Police,City of London Police,,,No Location,,,Violence and sexual offences,Further action is not in the public interest,
311e5b00ddf41fcb17ee255f5a295ad826e14311406d018a007d411bd4f2e98d,2025-03,City of London Police,City of London Police,,,No Location,,,Violence and sexual offences,Status update unavailable,
3d0eb4265a09e35913bb891303cb51a1d82b8d0249d13b0127e8caec89ac93cc,2025-03,City of London Police,City of London Police,,,No Location,,,Violence and sexual offences,Status update unavailable,
1d024a64c588da56f7849a75ad82aa214e8ada0dbf5e1a211beea8f5e197fb42,2025-03,City of London Police,City of London Police,,,No Location,,,Violence and sexual offences,Status update unavailable,
711d9d1a541f15f4dd45e030d2e8065ba4df78bcfde8572a101184baa0eb9532,2025-03,City of London Police,City of London Police,,,No Location,,,Violence and sexual offences,Local resolution,
483ba6333331319537aa8436c7785b3429cdb065d9228e05a4a5f8ea0382856a,2025-03,City of London Police,City of London Police,,,No Location,,,Violence and sexual offences,Status update unavailable,
e607951c9ede1f0b4b2cd206e385cb9b835b69cbce43980bb507bdeb8ecf084a,2025-03,City of London Police,City of London Police,,,No Location,,,Violence and sexual offences,Unable to prosecute suspect,
7da9c4902edc1e48e68342745299a001af5b5fd21ca976eb0d74608a61faf7e3,2025-03,City of London Police,City of London Police,,,No Location,,,Other crime,Status update unavailable,
0f2f9cbb972d1abf573aaca78e176f93358a22d5de68b75ed96fa8c1c29236d4,2025-03,City of London Police,City of London Police,,,No Location,,,Other crime,Offender given a caution,
9af4a713958c4b3ff28606c85ea4bda79c7b627baa9401c5d24b065765698378,2025-03,City of London Police,City of London Police,,,No Location,,,Other crime,Offender given a caution,
485fec57c336137c6c6f791933fd79519b63ec175d38006db481eb4ca9675bf4,2025-03,City of London Police,City of London Police,,,No Location,,,Other crime,Offender given a caution,
771926a347318327bca6d2ce6907a11d419b98c5c43bb22da98cd407e2612b46,2025-03,City of London Police,City of London Police,,,No Location,,,Other crime,Status update unavailable,
