lsoa21cd,imd_rank,imd_dec
E01000001,26525,8
E01000002,31203,10
E01000003,25913,8
E01000005,14807,5
E01000006,10917,4
E01000007,5377,2
E01000008,4400,2
E01000009,4812,2
E01000011,5535,2
E01000012,5278,2
E01000013,7410,3
E01000014,9243,3
E01000015,8120,3
E01000016,10202,4
E01000017,7452,3
E01000018,8300,3
E01000019,7965,3
E01000020,8264,3
E01000021,5192,2
E01000022,8043,3
E01000024,8426,3
E01000025,8359,3
E01000027,6841,3
E01000028,6021,2
E01000029,15432,5
E01000030,6345,2
E01000031,13927,5
E01000032,10040,3
E01000033,6743,2
E01000034,8994,3
E01000035,8514,3
E01000036,10874,4
E01000037,16580,5
E01000038,16728,5
E01000039,17151,6
E01000040,5208,2
E01000041,10397,4
E01000042,4753,2
E01000043,9631,3
E01000044,7562,3
E01000045,6387,2
E01000046,9497,3
E01000049,5459,2
E01000050,7897,3
E01000051,7571,3
E01000052,6208,2
E01000053,6763,3
E01000054,9055,3
E01000055,8945,3
E01000056,4599,2
E01000057,8843,3
E01000058,8503,3
E01000059,9848,3
E01000060,7035,3
E01000061,1545,1
E01000062,10394,4
E01000063,10883,4
E01000064,7649,3
E01000065,5811,2
E01000066,13708,5
E01000067,11472,4
E01000068,12348,4
E01000069,18866,6
E01000070,12968,4
E01000071,13366,4
E01000072,5523,2
E01000073,8025,3
E01000074,8640,3
E01000075,10481,4
E01000076,8315,3
E01000077,6646,2
E01000078,7165,3
E01000079,9422,3
E01000080,9673,3
E01000081,11202,4
E01000082,8446,3
E01000083,6814,3
E01000084,6644,2
E01000085,5699,2
E01000086,6870,3
E01000087,7092,3
E01000088,9752,3
E01000089,8110,3
E01000090,8847,3
E01000091,4644,2
E01000093,3999,2
E01000094,12032,4
E01000095,6862,3
E01000096,6611,2
E01000097,7385,3
E01000098,5725,2
E01000099,11925,4
E01000100,9927,3
E01000101,6585,2
E01000102,6771,3
E01000103,10456,4
E01000104,6517,2
E01000105,4451,2
E01000106,3580,2
E01000107,12519,4
E01000108,9311,3
E01000110,16154,5
E01000111,9532,3
E01000112,10982,4
E01000113,8791,3
E01000114,9786,3
E01000115,30546,10
E01000116,25568,8
E01000117,25250,8
E01000118,23486,7
E01000119,27394,9
E01000120,29768,9
E01000121,8255,3
E01000122,26263,8
E01000123,18894,6
E01000124,11873,4
E01000126,6096,2
E01000127,8055,3
E01000128,8961,3
E01000129,3668,2
E01000130,9376,3
E01000131,12031,4
E01000132,7980,3
E01000133,7811,3
E01000134,10065,3
E01000135,23144,7
E01000136,25507,8
E01000137,7934,3
E01000138,8092,3
E01000139,17259,6
E01000140,17297,6
E01000141,4170,2
E01000142,9739,3
E01000143,7234,3
E01000144,11364,4
E01000145,12393,4
E01000146,10219,4
E01000147,14403,5
E01000150,11057,4
E01000151,2331,1
E01000152,14739,5
E01000153,6211,2
E01000154,8072,3
E01000156,22937,7
E01000157,16817,5
E01000158,16312,5
E01000159,19763,6
E01000160,17253,6
E01000161,12075,4
E01000162,15020,5
E01000163,6827,3
E01000164,6291,2
E01000165,17435,6
E01000166,16226,5
E01000167,8818,3
E01000168,30038,9
E01000169,20384,7
E01000170,13655,5
E01000171,6645,2
E01000172,26429,8
E01000173,22614,7
E01000174,11343,4
E01000175,28185,9
E01000176,8191,3
E01000177,22043,7
E01000178,21494,7
E01000179,22508,7
E01000180,13873,5
E01000181,24222,8
E01000182,24648,8
E01000183,24705,8
E01000184,7094,3
E01000185,7824,3
E01000186,27074,9
E01000187,13592,5
E01000188,19783,6
E01000189,10799,4
E01000190,21827,7
E01000191,19496,6
E01000192,10974,4
E01000193,9746,3
E01000194,6427,2
E01000195,5694,2
E01000196,13501,4
E01000197,16832,5
E01000198,17271,6
E01000199,24629,8
E01000200,20709,7
E01000201,30556,10
E01000202,23617,7
E01000203,10536,4
E01000204,21823,7
E01000205,25607,8
E01000206,27469,9
E01000207,23375,7
E01000208,25003,8
E01000209,26229,8
E01000210,22107,7
E01000211,10442,4
E01000212,19531,6
E01000213,26870,8
E01000214,23859,8
E01000215,9962,3
E01000216,14573,5
E01000217,13780,5
E01000218,10123,3
E01000219,7512,3
E01000220,8812,3
E01000221,4126,2
E01000222,9546,3
E01000223,5458,2
E01000224,8840,3
E01000225,15941,5
E01000226,6353,2
E01000227,23509,7
E01000228,17707,6
E01000229,8616,3
E01000230,16377,5
E01000231,12266,4
E01000232,16265,5
E01000233,23211,7
E01000234,19832,6
E01000235,11785,4
E01000236,11276,4
E01000237,13294,4
E01000238,13608,5
E01000239,10513,4
E01000240,10468,4
E01000241,18025,6
E01000242,19152,6
E01000243,11123,4
E01000244,11148,4
E01000245,7294,3
E01000246,26905,8
E01000247,21123,7
E01000248,23071,7
E01000249,31123,10
E01000250,19311,6
E01000251,11137,4
E01000252,18199,6
E01000253,30230,9
E01000254,28838,9
E01000255,13313,4
E01000256,19859,6
E01000257,12991,4
E01000258,22855,7
E01000259,17181,6
E01000260,12190,4
E01000261,28126,9
E01000263,32419,10
E01000264,12189,4
E01000265,13950,5
E01000266,32599,10
E01000267,23426,7
E01000268,10060,3
E01000269,22327,7
E01000270,22955,7
E01000271,28338,9
E01000272,32104,10
E01000273,15504,5
E01000274,15706,5
E01000275,27030,9
E01000276,33689,10
E01000277,16548,5
E01000278,33094,10
E01000279,31287,10
E01000280,33002,10
E01000281,22630,7
E01000282,26269,8
E01000283,33622,10
E01000284,16012,5
E01000285,19901,6
E01000286,12260,4
E01000287,12162,4
E01000288,21181,7
E01000289,6120,2
E01000290,15501,5
E01000291,14521,5
E01000292,24553,8
E01000293,25879,8
E01000294,18828,6
E01000295,22747,7
E01000296,16400,5
E01000297,18747,6
E01000298,16734,5
E01000299,12857,4
E01000300,22827,7
E01000301,29247,9
E01000302,12710,4
E01000303,30965,10
E01000304,21218,7
E01000305,8458,3
E01000306,12774,4
E01000307,7793,3
E01000308,13189,4
E01000309,14804,5
E01000310,7872,3
E01000311,15318,5
E01000312,8621,3
E01000313,6925,3
E01000314,15599,5
E01000315,7642,3
E01000316,12199,4
E01000317,20390,7
E01000318,22336,7
E01000319,27228,9
E01000320,23214,7
E01000321,17664,6
E01000322,16776,5
E01000323,11509,4
E01000324,21585,7
E01000325,31750,10
E01000326,23161,7
E01000327,29019,9
E01000328,26848,8
E01000329,19997,6
E01000330,18526,6
E01000331,11694,4
E01000332,21811,7
E01000333,9142,3
E01000334,21736,7
E01000335,12975,4
E01000336,7449,3
E01000337,12671,4
E01000338,15538,5
E01000339,20993,7
E01000340,27048,9
E01000341,27874,9
E01000342,27283,9
E01000343,26845,8
E01000344,28439,9
E01000345,30937,10
E01000346,28910,9
E01000347,24850,8
E01000348,33252,10
E01000349,31870,10
E01000350,31132,10
E01000351,29881,9
E01000352,19194,6
E01000353,32481,10
E01000354,18486,6
E01000355,31700,10
E01000356,28847,9
E01000357,33250,10
E01000358,30318,9
E01000359,31748,10
E01000360,13810,5
E01000361,28098,9
E01000362,20111,6
E01000363,28836,9
E01000364,28365,9
E01000365,22334,7
E01000366,25196,8
E01000367,9830,3
E01000368,8213,3
E01000369,25518,8
E01000370,24659,8
E01000371,26901,8
E01000372,9288,3
E01000373,10354,4
E01000374,6407,2
E01000375,18718,6
E01000376,21345,7
E01000377,22831,7
E01000379,15536,5
E01000380,13073,4
E01000381,11599,4
E01000382,31644,10
E01000383,18711,6
E01000384,21267,7
E01000385,9708,3
E01000386,4284,2
E01000387,27261,9
E01000388,30147,9
E01000389,25546,8
E01000390,27479,9
E01000391,22823,7
E01000392,12352,4
E01000393,27396,9
E01000394,27514,9
E01000395,32007,10
E01000396,31313,10
E01000398,16332,5
E01000399,27365,9
E01000400,21810,7
E01000401,10910,4
E01000402,12138,4
E01000403,5964,2
E01000404,6367,2
E01000405,10432,4
E01000406,14966,5
E01000407,22707,7
E01000408,8696,3
E01000409,31106,10
E01000410,29180,9
E01000411,26878,8
E01000412,25787,8
E01000413,23728,8
E01000414,17293,6
E01000415,32490,10
E01000416,11829,4
E01000417,15041,5
E01000418,17958,6
E01000419,29648,9
E01000420,24886,8
E01000421,31634,10
E01000422,8563,3
E01000423,32796,10
E01000424,28283,9
E01000425,32889,10
E01000426,25920,8
E01000427,22567,7
E01000428,11929,4
E01000429,4149,2
E01000430,15673,5
E01000431,4439,2
E01000433,3945,2
E01000434,5490,2
E01000435,9301,3
E01000436,32315,10
E01000437,24368,8
E01000438,17977,6
E01000439,9525,3
E01000440,31013,10
E01000441,6462,2
E01000442,25803,8
E01000443,19024,6
E01000444,32469,10
E01000445,30998,10
E01000446,31326,10
E01000447,23525,7
E01000448,33301,10
E01000449,32719,10
E01000450,17947,6
E01000451,29408,9
E01000452,30971,10
E01000453,29668,9
E01000454,17008,6
E01000455,29793,9
E01000456,31709,10
E01000457,20745,7
E01000458,31722,10
E01000459,20044,6
E01000460,32849,10
E01000461,31898,10
E01000462,22602,7
E01000463,31099,10
E01000464,9485,3
E01000465,7701,3
E01000466,9426,3
E01000467,11678,4
E01000468,13855,5
E01000469,13692,5
E01000470,4590,2
E01000471,12806,4
E01000472,10784,4
E01000473,7237,3
E01000474,10359,4
E01000475,9882,3
E01000476,11152,4
E01000477,4734,2
E01000478,9209,3
E01000479,17040,6
E01000480,18864,6
E01000481,7371,3
E01000483,3583,2
E01000484,7717,3
E01000485,10549,4
E01000486,17267,6
E01000487,11048,4
E01000488,12746,4
E01000489,14355,5
E01000490,10525,4
E01000491,14787,5
E01000492,18107,6
E01000493,20299,7
E01000494,12795,4
E01000495,7854,3
E01000497,6927,3
E01000498,1933,1
E01000499,2823,1
E01000501,5012,2
E01000502,5431,2
E01000503,5493,2
E01000504,11117,4
E01000505,12513,4
E01000506,3392,2
E01000507,11060,4
E01000508,3133,1
E01000509,2207,1
E01000510,1482,1
E01000511,4419,2
E01000512,10867,4
E01000513,12703,4
E01000514,14186,5
E01000515,7343,3
E01000516,13265,4
E01000517,17692,6
E01000518,13012,4
E01000519,8909,3
E01000520,9522,3
E01000521,721,1
E01000522,5134,2
E01000523,2961,1
E01000524,799,1
E01000525,3505,2
E01000526,1995,1
E01000527,1822,1
E01000528,3308,1
E01000530,18923,6
E01000531,6884,3
E01000532,11306,4
E01000533,1629,1
E01000534,16063,5
E01000535,6850,3
E01000536,21873,7
E01000538,26737,8
E01000539,21521,7
E01000540,26236,8
E01000541,13884,5
E01000543,14300,5
E01000544,8415,3
E01000545,5922,2
E01000546,7206,3
E01000547,13825,5
E01000548,5926,2
E01000549,17338,6
E01000550,6438,2
E01000551,7611,3
E01000552,9483,3
E01000553,5668,2
E01000554,9835,3
E01000555,13555,5
E01000556,3978,2
E01000557,7634,3
E01000558,8576,3
E01000559,11535,4
E01000560,12165,4
E01000561,10854,4
E01000562,22649,7
E01000563,26295,8
E01000564,10455,4
E01000565,10327,4
E01000566,18128,6
E01000567,12830,4
E01000568,22102,7
E01000569,24102,8
E01000570,9218,3
E01000571,12761,4
E01000572,17443,6
E01000573,15601,5
E01000574,16344,5
E01000575,13300,4
E01000576,13923,5
E01000577,6283,2
E01000578,7504,3
E01000579,12086,4
E01000580,16391,5
E01000581,14465,5
E01000582,19182,6
E01000583,13833,5
E01000584,17498,6
E01000585,16108,5
E01000586,9444,3
E01000587,16483,5
E01000589,14494,5
E01000590,17794,6
E01000591,11532,4
E01000592,13304,4
E01000593,12182,4
E01000594,12490,4
E01000595,2078,1
E01000596,2189,1
E01000599,3403,2
E01000601,238,1
E01000602,4092,2
E01000603,1646,1
E01000604,2811,1
E01000605,2393,1
E01000606,9557,3
E01000607,11897,4
E01000608,8425,3
E01000609,11129,4
E01000610,8474,3
E01000611,15230,5
E01000612,8714,3
E01000613,9403,3
E01000615,17736,6
E01000616,9020,3
E01000617,11876,4
E01000618,9686,3
E01000619,9940,3
E01000620,12413,4
E01000621,7976,3
E01000622,5702,2
E01000623,15978,5
E01000624,14413,5
E01000625,8686,3
E01000626,3303,1
E01000627,3167,1
E01000628,2442,1
E01000629,13458,4
E01000630,6844,3
E01000631,14234,5
E01000632,9571,3
E01000633,6980,3
E01000634,7262,3
E01000636,10332,4
E01000637,6965,3
E01000638,3803,2
E01000639,10848,4
E01000640,3064,1
E01000641,3555,2
E01000642,5942,2
E01000643,2008,1
E01000644,7658,3
E01000645,33283,10
E01000646,29255,9
E01000647,27754,9
E01000648,29761,9
E01000649,30261,9
E01000650,29177,9
E01000651,26418,8
E01000652,33018,10
E01000653,30763,10
E01000654,24704,8
E01000655,24185,8
E01000656,28870,9
E01000657,18371,6
E01000658,28456,9
E01000659,27265,9
E01000661,7794,3
E01000662,20650,7
E01000663,20236,6
E01000664,20638,7
E01000665,24184,8
E01000666,30382,10
E01000667,32196,10
E01000668,23153,7
E01000669,24527,8
E01000670,31576,10
E01000671,23611,7
E01000672,28430,9
E01000673,26689,8
E01000674,20102,6
E01000676,11702,4
E01000677,22549,7
E01000678,28623,9
E01000679,26173,8
E01000680,27711,9
E01000681,33467,10
E01000682,33121,10
E01000683,26188,8
E01000684,33676,10
E01000685,26186,8
E01000686,28549,9
E01000687,29766,9
E01000688,33108,10
E01000689,15585,5
E01000690,31428,10
E01000691,22041,7
E01000692,25469,8
E01000693,28085,9
E01000694,32410,10
E01000695,31581,10
E01000696,31159,10
E01000697,30171,9
E01000698,32302,10
E01000699,14491,5
E01000700,20949,7
E01000701,24246,8
E01000702,24694,8
E01000703,26912,8
E01000704,25856,8
E01000705,14933,5
E01000706,20540,7
E01000707,32778,10
E01000708,27389,9
E01000709,23349,7
E01000710,28740,9
E01000711,23574,7
E01000712,30202,9
E01000713,29938,9
E01000714,21318,7
E01000715,30766,10
E01000716,31659,10
E01000717,27102,9
E01000718,15127,5
E01000719,10221,4
E01000720,5258,2
E01000721,5653,2
E01000722,13760,5
E01000723,29264,9
E01000724,5190,2
E01000725,10164,4
E01000726,21838,7
E01000727,20243,6
E01000728,13683,5
E01000729,5464,2
E01000730,5669,2
E01000731,12262,4
E01000732,25550,8
E01000733,15756,5
E01000734,27191,9
E01000735,10344,4
E01000736,12927,4
E01000737,8777,3
E01000738,19873,6
E01000739,4680,2
E01000741,13694,5
E01000742,14261,5
E01000743,4671,2
E01000744,3653,2
E01000745,16136,5
E01000746,19430,6
E01000747,14010,5
E01000748,25070,8
E01000749,26303,8
E01000750,8019,3
E01000751,32019,10
E01000752,27918,9
E01000753,33022,10
E01000754,30751,10
E01000755,32432,10
E01000756,31458,10
E01000757,33723,10
E01000758,33207,10
E01000759,31567,10
E01000760,26652,8
E01000761,32812,10
E01000762,29976,9
E01000763,32972,10
E01000764,22323,7
E01000765,27777,9
E01000766,33690,10
E01000767,33310,10
E01000768,29267,9
E01000769,14127,5
E01000770,31735,10
E01000771,31610,10
E01000772,32392,10
E01000773,32774,10
E01000774,25368,8
E01000775,28305,9
E01000777,31626,10
E01000778,22001,7
E01000779,20978,7
E01000780,13377,4
E01000781,7013,3
E01000782,5367,2
E01000783,7149,3
E01000784,26119,8
E01000785,9335,3
E01000786,27512,9
E01000787,13532,5
E01000788,20099,6
E01000789,2883,1
E01000790,21252,7
E01000791,26783,8
E01000792,17956,6
E01000793,33455,10
E01000794,33484,10
E01000795,21090,7
E01000796,4571,2
E01000797,20571,7
E01000798,5276,2
E01000799,11511,4
E01000800,9701,3
E01000801,15477,5
E01000802,17780,6
E01000803,18346,6
E01000804,29587,9
E01000805,12544,4
E01000806,7393,3
E01000807,26739,8
E01000808,32330,10
E01000809,33532,10
E01000810,33741,10
E01000811,33177,10
E01000812,25562,8
E01000813,32724,10
E01000814,33602,10
E01000815,33638,10
E01000816,22254,7
E01000818,29690,9
E01000819,10763,4
E01000820,14560,5
E01000822,17645,6
E01000823,22391,7
E01000824,18532,6
E01000825,19395,6
E01000826,33604,10
E01000827,29667,9
E01000828,26096,8
E01000829,29489,9
E01000830,33343,10
E01000831,31001,10
E01000832,31542,10
E01000833,33344,10
E01000834,33274,10
E01000835,23437,7
E01000836,33433,10
E01000837,25850,8
E01000838,32693,10
E01000839,33304,10
E01000840,30117,9
E01000841,32289,10
E01000842,29782,9
E01000843,15517,5
E01000844,26814,8
E01000845,22257,7
E01000846,8539,3
E01000847,13533,5
E01000848,27844,9
E01000849,22918,7
E01000850,19709,6
E01000851,17800,6
E01000853,3936,2
E01000855,17240,6
E01000856,7423,3
E01000857,17700,6
E01000858,5711,2
E01000859,26327,8
E01000860,11443,4
E01000861,7837,3
E01000862,26292,8
E01000863,5910,2
E01000866,9932,3
E01000867,9382,3
E01000868,4638,2
E01000869,11769,4
E01000870,8838,3
E01000871,17430,6
E01000872,6413,2
E01000873,24138,8
E01000874,25116,8
E01000875,9672,3
E01000876,8303,3
E01000877,20753,7
E01000878,24123,8
E01000879,29112,9
E01000880,28724,9
E01000881,18678,6
E01000882,30062,9
E01000883,24362,8
E01000884,27899,9
E01000885,27883,9
E01000886,21321,7
E01000887,19652,6
E01000888,17935,6
E01000889,5896,2
E01000890,2029,1
E01000891,3270,1
E01000892,17090,6
E01000893,30114,9
E01000894,27987,9
E01000895,19738,6
E01000896,30406,10
E01000897,31645,10
E01000898,19019,6
E01000899,26790,8
E01000900,9463,3
E01000901,4602,2
E01000902,4915,2
E01000903,15589,5
E01000904,6900,3
E01000905,3750,2
E01000906,23004,7
E01000907,8096,3
E01000908,8144,3
E01000909,20687,7
E01000910,24315,8
E01000911,14771,5
E01000912,7411,3
E01000913,23270,7
E01000914,12794,4
E01000915,8076,3
E01000916,11245,4
E01000917,2752,1
E01000918,12105,4
E01000919,9765,3
E01000920,16484,5
E01000921,16230,5
E01000922,10150,4
E01000923,16209,5
E01000924,18665,6
E01000925,7350,3
E01000926,11669,4
E01000927,15155,5
E01000928,12818,4
E01000929,6305,2
E01000930,5273,2
E01000931,3018,1
E01000932,12176,4
E01000933,9139,3
E01000934,3929,2
E01000935,5822,2
E01000937,19128,6
E01000938,3703,2
E01000939,4227,2
E01000941,4760,2
E01000942,12987,4
E01000943,18269,6
E01000944,6940,3
E01000946,13842,5
E01000947,7184,3
E01000948,7858,3
E01000949,10482,4
E01000951,4449,2
E01000952,4722,2
E01000954,3795,2
E01000955,4579,2
E01000956,3647,2
E01000957,8612,3
E01000958,12474,4
E01000959,4744,2
E01000960,16200,5
E01000961,9280,3
E01000962,30241,9
E01000963,23800,8
E01000964,16234,5
E01000965,17274,6
E01000966,31837,10
E01000967,27632,9
E01000968,20808,7
E01000969,23678,8
E01000970,19120,6
E01000971,23496,7
E01000972,6807,3
E01000973,13530,5
E01000974,6333,2
E01000975,16505,5
E01000976,6495,2
E01000977,8507,3
E01000978,12867,4
E01000979,14555,5
E01000980,9732,3
E01000981,15400,5
E01000982,13018,4
E01000983,19739,6
E01000984,6631,2
E01000985,26843,8
E01000986,20921,7
E01000987,26773,8
E01000989,24697,8
E01000990,4248,2
E01000991,28318,9
E01000992,7622,3
E01000993,19247,6
E01000994,14027,5
E01000995,11200,4
E01000996,15587,5
E01000997,12153,4
E01000998,5118,2
E01000999,14365,5
E01001000,7735,3
E01001001,6461,2
E01001002,11937,4
E01001003,11236,4
E01001004,9959,3
E01001005,8385,3
E01001006,9328,3
E01001007,13293,4
E01001008,7541,3
E01001009,10829,4
E01001010,6569,2
E01001011,3600,2
E01001012,4192,2
E01001013,2742,1
E01001015,11264,4
E01001016,26745,8
E01001017,31273,10
E01001018,31527,10
E01001019,31614,10
E01001020,27218,9
E01001021,5921,2
E01001022,30014,9
E01001023,15199,5
E01001024,24573,8
E01001025,31765,10
E01001026,20963,7
E01001027,31803,10
E01001028,31514,10
E01001029,20465,7
E01001030,30741,10
E01001031,31931,10
E01001032,32636,10
E01001033,16149,5
E01001034,19174,6
E01001035,15780,5
E01001036,29069,9
E01001037,10286,4
E01001038,16819,5
E01001039,30044,9
E01001040,14302,5
E01001041,9863,3
E01001042,5786,2
E01001044,25626,8
E01001046,24772,8
E01001047,10753,4
E01001049,29219,9
E01001050,14516,5
E01001051,4619,2
E01001052,3660,2
E01001053,6658,2
E01001054,5977,2
E01001055,4830,2
E01001056,3260,1
E01001057,2616,1
E01001058,21447,7
E01001059,15873,5
E01001060,14199,5
E01001061,13274,4
E01001062,23479,7
E01001063,27478,9
E01001064,26931,8
E01001065,17668,6
E01001066,4588,2
E01001067,32361,10
E01001068,18625,6
E01001069,30544,10
E01001070,18792,6
E01001071,24098,8
E01001072,31034,10
E01001073,21196,7
E01001074,16053,5
E01001075,20717,7
E01001076,4201,2
E01001077,17417,6
E01001078,4925,2
E01001079,3537,2
E01001080,944,1
E01001081,7650,3
E01001082,6654,2
E01001083,25954,8
E01001084,25311,8
E01001085,13591,5
E01001086,19643,6
E01001087,7532,3
E01001088,17731,6
E01001089,9295,3
E01001090,11096,4
E01001091,20204,6
E01001092,16496,5
E01001093,20627,7
E01001094,31752,10
E01001095,15346,5
E01001096,32188,10
E01001097,9319,3
E01001098,32217,10
E01001099,14630,5
E01001100,28826,9
E01001101,33555,10
E01001102,30508,10
E01001103,31841,10
E01001104,31030,10
E01001105,22046,7
E01001106,23236,7
E01001107,30527,10
E01001108,33404,10
E01001109,7160,3
E01001110,4657,2
E01001111,10298,4
E01001112,8561,3
E01001113,8287,3
E01001114,4445,2
E01001115,5346,2
E01001116,7212,3
E01001118,3908,2
E01001119,32022,10
E01001120,27498,9
E01001121,30529,10
E01001122,32521,10
E01001123,33004,10
E01001124,32991,10
E01001125,21924,7
E01001126,30132,9
E01001127,29779,9
E01001128,5567,2
E01001129,32458,10
E01001130,3973,2
E01001131,20718,7
E01001132,26710,8
E01001133,25166,8
E01001134,27090,9
E01001135,27516,9
E01001136,7952,3
E01001137,18286,6
E01001138,14774,5
E01001139,16587,5
E01001140,16322,5
E01001141,9124,3
E01001142,14917,5
E01001143,8602,3
E01001144,8502,3
E01001145,3568,2
E01001146,14133,5
E01001147,6919,3
E01001148,12685,4
E01001149,16722,5
E01001150,17470,6
E01001151,4610,2
E01001152,5819,2
E01001153,11459,4
E01001154,6363,2
E01001155,2210,1
E01001156,13362,4
E01001157,15458,5
E01001158,14174,5
E01001159,20318,7
E01001160,17380,6
E01001161,4801,2
E01001162,10640,4
E01001163,18693,6
E01001164,12271,4
E01001165,13062,4
E01001166,6194,2
E01001167,13864,5
E01001168,12642,4
E01001169,9846,3
E01001170,8198,3
E01001171,11554,4
E01001172,5736,2
E01001173,13598,5
E01001174,13494,4
E01001175,8028,3
E01001176,7213,3
E01001177,8046,3
E01001178,284,1
E01001179,12316,4
E01001180,7892,3
E01001181,2690,1
E01001182,13202,4
E01001183,7027,3
E01001184,17774,6
E01001185,12331,4
E01001186,7161,3
E01001187,10576,4
E01001188,8766,3
E01001189,19634,6
E01001190,15281,5
E01001191,5752,2
E01001192,10406,4
E01001193,8278,3
E01001194,18079,6
E01001195,16696,5
E01001196,5621,2
E01001197,12906,4
E01001198,19124,6
E01001199,9986,3
E01001200,17786,6
E01001201,18950,6
E01001202,6282,2
E01001203,5515,2
E01001204,20110,6
E01001205,6076,2
E01001206,1544,1
E01001207,18596,6
E01001208,26518,8
E01001209,25247,8
E01001210,2852,1
E01001211,22026,7
E01001212,19792,6
E01001213,7123,3
E01001214,12479,4
E01001215,4702,2
E01001216,7819,3
E01001217,14290,5
E01001218,5317,2
E01001219,4079,2
E01001220,4484,2
E01001223,22993,7
E01001224,26769,8
E01001225,13493,4
E01001226,22133,7
E01001227,21753,7
E01001228,20171,6
E01001229,9342,3
E01001230,15636,5
E01001231,20967,7
E01001232,12279,4
E01001233,13508,5
E01001234,12809,4
E01001235,19341,6
E01001236,18939,6
E01001237,20216,6
E01001239,5401,2
E01001240,7825,3
E01001241,11375,4
E01001242,12647,4
E01001243,12016,4
E01001244,10953,4
E01001245,15745,5
E01001246,6065,2
E01001247,7902,3
E01001248,14091,5
E01001249,5525,2
E01001250,3847,2
E01001251,13886,5
E01001252,7465,3
E01001253,13901,5
E01001254,18287,6
E01001255,20744,7
E01001257,4452,2
E01001258,12904,4
E01001259,10603,4
E01001260,10981,4
E01001261,7875,3
E01001262,6952,3
E01001263,5975,2
E01001264,9459,3
E01001265,12107,4
E01001266,14471,5
E01001267,7319,3
E01001268,15760,5
E01001269,14159,5
E01001270,15126,5
E01001271,8886,3
E01001272,11100,4
E01001273,21244,7
E01001274,22514,7
E01001275,14945,5
E01001276,6336,2
E01001277,10120,3
E01001278,9629,3
E01001279,30920,10
E01001280,19723,6
E01001281,26047,8
E01001282,6890,3
E01001283,6124,2
E01001284,16889,6
E01001285,7940,3
E01001286,9116,3
E01001287,9245,3
E01001288,13425,4
E01001289,14019,5
E01001290,14085,5
E01001291,10667,4
E01001292,14765,5
E01001293,10539,4
E01001294,8896,3
E01001295,11583,4
E01001296,7990,3
E01001297,7136,3
E01001298,7661,3
E01001299,23379,7
E01001300,24637,8
E01001301,14540,5
E01001302,23113,7
E01001303,21264,7
E01001304,20226,6
E01001305,28334,9
E01001306,24698,8
E01001307,14543,5
E01001308,20333,7
E01001309,14033,5
E01001310,15618,5
E01001311,8837,3
E01001312,13588,5
E01001313,14880,5
E01001314,16782,5
E01001315,12151,4
E01001316,6280,2
E01001317,8080,3
E01001318,4922,2
E01001319,15245,5
E01001320,3510,2
E01001321,8529,3
E01001322,8404,3
E01001323,7494,3
E01001324,5487,2
E01001325,9519,3
E01001326,5978,2
E01001327,6973,3
E01001328,5280,2
E01001329,8172,3
E01001330,2685,1
E01001331,3679,2
E01001332,5175,2
E01001333,3676,2
E01001334,4536,2
E01001335,11651,4
E01001336,10302,4
E01001337,10111,3
E01001338,6818,3
E01001339,9785,3
E01001340,2563,1
E01001341,12466,4
E01001342,11922,4
E01001343,14938,5
E01001344,8558,3
E01001345,11537,4
E01001346,9303,3
E01001347,9514,3
E01001348,6183,2
E01001349,5857,2
E01001350,19222,6
E01001351,8739,3
E01001352,18028,6
E01001353,13676,5
E01001354,13429,4
E01001355,12024,4
E01001356,2509,1
E01001357,16693,5
E01001358,12788,4
E01001359,6265,2
E01001360,10012,3
E01001361,3336,1
E01001362,5267,2
E01001363,7443,3
E01001364,4317,2
E01001365,7933,3
E01001366,5840,2
E01001367,4538,2
E01001368,6715,2
E01001369,4292,2
E01001370,7470,3
E01001371,5170,2
E01001372,6756,3
E01001373,7028,3
E01001374,24304,8
E01001375,28550,9
E01001376,12783,4
E01001377,23895,8
E01001379,28738,9
E01001380,27487,9
E01001381,13235,4
E01001382,26892,8
E01001383,21063,7
E01001384,21278,7
E01001385,22752,7
E01001386,22769,7
E01001387,16624,5
E01001388,5127,2
E01001389,8900,3
E01001390,17474,6
E01001391,7736,3
E01001392,23061,7
E01001393,10340,4
E01001394,8478,3
E01001395,5223,2
E01001396,12283,4
E01001397,7052,3
E01001398,28026,9
E01001399,22812,7
E01001400,22169,7
E01001401,19014,6
E01001402,22522,7
E01001403,17587,6
E01001404,14690,5
E01001405,18702,6
E01001406,9997,3
E01001407,15515,5
E01001408,18178,6
E01001409,5002,2
E01001410,4500,2
E01001411,16137,5
E01001412,9225,3
E01001413,26526,8
E01001414,4118,2
E01001415,16198,5
E01001416,30959,10
E01001417,31129,10
E01001418,13741,5
E01001419,14670,5
E01001420,12452,4
E01001421,14191,5
E01001422,30358,9
E01001423,5218,2
E01001424,1999,1
E01001425,1038,1
E01001426,2693,1
E01001427,2437,1
E01001428,3616,2
E01001429,888,1
E01001430,2868,1
E01001431,2059,1
E01001432,1947,1
E01001433,2864,1
E01001434,7325,3
E01001435,8493,3
E01001436,6630,2
E01001437,3013,1
E01001438,4327,2
E01001439,2152,1
E01001440,3697,2
E01001441,3693,2
E01001442,1326,1
E01001444,7235,3
E01001445,6404,2
E01001446,5194,2
E01001447,2436,1
E01001448,5750,2
E01001449,6624,2
E01001450,10683,4
E01001451,20500,7
E01001452,29033,9
E01001453,30865,10
E01001454,27563,9
E01001455,25488,8
E01001456,31561,10
E01001457,18721,6
E01001458,2724,1
E01001459,6604,2
E01001460,2486,1
E01001461,835,1
E01001462,3607,2
E01001463,8469,3
E01001464,4957,2
E01001465,6230,2
E01001466,5078,2
E01001467,5583,2
E01001468,13337,4
E01001469,15689,5
E01001470,24267,8
E01001471,18591,6
E01001472,21515,7
E01001473,21575,7
E01001474,23952,8
E01001475,32248,10
E01001476,4933,2
E01001477,5632,2
E01001478,11587,4
E01001479,2067,1
E01001480,6433,2
E01001481,5875,2
E01001482,3227,1
E01001483,981,1
E01001484,7510,3
E01001485,2734,1
E01001486,2597,1
E01001487,3182,1
E01001488,3201,1
E01001489,3923,2
E01001491,3589,2
E01001492,4868,2
E01001493,9597,3
E01001494,17301,6
E01001495,15423,5
E01001496,20035,6
E01001497,12267,4
E01001498,10625,4
E01001499,11767,4
E01001500,14788,5
E01001501,7599,3
E01001502,5188,2
E01001503,6190,2
E01001504,8445,3
E01001505,5783,2
E01001507,3449,2
E01001508,4280,2
E01001509,3151,1
E01001511,10161,4
E01001512,13495,4
E01001513,3514,2
E01001514,11526,4
E01001515,3611,2
E01001516,6914,3
E01001517,2449,1
E01001518,13151,4
E01001520,16553,5
E01001521,25266,8
E01001522,15839,5
E01001523,23979,8
E01001524,13535,5
E01001525,15969,5
E01001526,26961,8
E01001527,15651,5
E01001528,6733,2
E01001529,5729,2
E01001530,11752,4
E01001531,29866,9
E01001532,27384,9
E01001533,30666,10
E01001534,18695,6
E01001535,22337,7
E01001536,12852,4
E01001537,17447,6
E01001538,28525,9
E01001539,21517,7
E01001540,17765,6
E01001541,27060,9
E01001542,12606,4
E01001543,25532,8
E01001544,24100,8
E01001545,2950,1
E01001546,5442,2
E01001547,5917,2
E01001548,5162,2
E01001549,2443,1
E01001550,5412,2
E01001551,2698,1
E01001552,8021,3
E01001553,4497,2
E01001554,1140,1
E01001555,4076,2
E01001556,10438,4
E01001557,4878,2
E01001558,2416,1
E01001559,3828,2
E01001560,6533,2
E01001562,3033,1
E01001563,15072,5
E01001564,24551,8
E01001565,19294,6
E01001566,18452,6
E01001567,30699,10
E01001568,32676,10
E01001569,15404,5
E01001570,13703,5
E01001571,15976,5
E01001572,14973,5
E01001573,14158,5
E01001574,4424,2
E01001575,4724,2
E01001576,6693,2
E01001577,8433,3
E01001578,10085,3
E01001579,7559,3
E01001580,24040,8
E01001581,12996,4
E01001582,13179,4
E01001583,22794,7
E01001584,26410,8
E01001585,21471,7
E01001586,15547,5
E01001587,24478,8
E01001588,8323,3
E01001589,8852,3
E01001590,15441,5
E01001591,7855,3
E01001592,22748,7
E01001593,23787,8
E01001594,9345,3
E01001595,12529,4
E01001596,29465,9
E01001597,18910,6
E01001598,22409,7
E01001599,15294,5
E01001600,16892,6
E01001601,24571,8
E01001602,6102,2
E01001603,5471,2
E01001604,18617,6
E01001605,30679,10
E01001606,31164,10
E01001607,17174,6
E01001608,25613,8
E01001609,13521,5
E01001610,23010,7
E01001611,16579,5
E01001613,12894,4
E01001614,30579,10
E01001615,14430,5
E01001617,21806,7
E01001618,15105,5
E01001619,21625,7
E01001620,7031,3
E01001621,9166,3
E01001623,12926,4
E01001624,12754,4
E01001625,4658,2
E01001629,6570,2
E01001631,4130,2
E01001632,7233,3
E01001633,7684,3
E01001634,5902,2
E01001635,9292,3
E01001636,8574,3
E01001637,7846,3
E01001638,5625,2
E01001641,18863,6
E01001642,20206,6
E01001644,17506,6
E01001645,11915,4
E01001646,10626,4
E01001647,19740,6
E01001648,16382,5
E01001649,9811,3
E01001650,9016,3
E01001651,5587,2
E01001652,16534,5
E01001653,4249,2
E01001654,5837,2
E01001655,3503,2
E01001656,17916,6
E01001657,21577,7
E01001658,17399,6
E01001659,17984,6
E01001660,7893,3
E01001661,8163,3
E01001664,19236,6
E01001665,16803,5
E01001666,15215,5
E01001669,7700,3
E01001671,9013,3
E01001672,7486,3
E01001673,5845,2
E01001674,9297,3
E01001675,7377,3
E01001676,6083,2
E01001677,8717,3
E01001678,14347,5
E01001679,19726,6
E01001680,26956,8
E01001681,17552,6
E01001682,15938,5
E01001683,10210,4
E01001684,12145,4
E01001685,13451,4
E01001686,10446,4
E01001687,4057,2
E01001688,8905,3
E01001690,6334,2
E01001692,6477,2
E01001693,4005,2
E01001694,9854,3
E01001695,8332,3
E01001696,9991,3
E01001697,8778,3
E01001698,6824,3
E01001699,12003,4
E01001700,9298,3
E01001701,11320,4
E01001702,6625,2
E01001703,5250,2
E01001704,9886,3
E01001705,6004,2
E01001708,17469,6
E01001710,5249,2
E01001712,5180,2
E01001714,10378,4
E01001715,11713,4
E01001716,5436,2
E01001717,13095,4
E01001718,14863,5
E01001719,9350,3
E01001720,18595,6
E01001722,3020,1
E01001723,8633,3
E01001724,11077,4
E01001725,3066,1
E01001726,2236,1
E01001727,6332,2
E01001728,2472,1
E01001729,3140,1
E01001730,5291,2
E01001731,9155,3
E01001732,3925,2
E01001733,14541,5
E01001734,7543,3
E01001735,8921,3
E01001736,19539,6
E01001737,17680,6
E01001738,13164,4
E01001739,14877,5
E01001740,6066,2
E01001741,22092,7
E01001742,11574,4
E01001744,12008,4
E01001745,4747,2
E01001746,6355,2
E01001747,9680,3
E01001749,11588,4
E01001750,9723,3
E01001751,23883,8
E01001753,4158,2
E01001755,5498,2
E01001756,15870,5
E01001757,5085,2
E01001758,6639,2
E01001759,10661,4
E01001760,6348,2
E01001761,4975,2
E01001762,2609,1
E01001763,10909,4
E01001764,8792,3
E01001765,4560,2
E01001767,9378,3
E01001768,12525,4
E01001769,13753,5
E01001770,5449,2
E01001772,8257,3
E01001773,9100,3
E01001774,10920,4
E01001775,6187,2
E01001776,7955,3
E01001777,14374,5
E01001780,6535,2
E01001781,4329,2
E01001783,4481,2
E01001784,8377,3
E01001785,12624,4
E01001786,5683,2
E01001787,4163,2
E01001788,4591,2
E01001789,12736,4
E01001790,4831,2
E01001791,7753,3
E01001792,8466,3
E01001793,11480,4
E01001794,15261,5
E01001795,9720,3
E01001796,7521,3
E01001798,4837,2
E01001799,3046,1
E01001800,890,1
E01001801,5566,2
E01001802,4694,2
E01001803,18309,6
E01001804,3482,2
E01001805,10015,3
E01001806,10291,4
E01001807,3343,1
E01001808,1212,1
E01001809,2438,1
E01001811,3243,1
E01001812,2374,1
E01001813,3705,2
E01001814,2200,1
E01001815,7248,3
E01001816,12171,4
E01001819,12408,4
E01001820,6755,3
E01001821,5021,2
E01001822,1166,1
E01001823,2222,1
E01001824,1258,1
E01001825,2725,1
E01001826,1380,1
E01001827,1523,1
E01001828,4255,2
E01001829,24244,8
E01001830,8486,3
E01001831,10689,4
E01001832,11479,4
E01001833,8648,3
E01001834,11073,4
E01001835,16565,5
E01001836,9465,3
E01001837,18409,6
E01001838,2817,1
E01001839,5767,2
E01001840,5019,2
E01001841,7202,3
E01001842,5392,2
E01001843,8674,3
E01001844,10214,4
E01001845,3239,1
E01001846,3904,2
E01001847,3097,1
E01001848,6821,3
E01001849,7109,3
E01001850,4252,2
E01001851,23146,7
E01001852,17171,6
E01001853,18832,6
E01001854,13468,4
E01001855,18838,6
E01001856,7757,3
E01001857,5063,2
E01001858,12681,4
E01001859,17713,6
E01001860,7374,3
E01001861,7792,3
E01001862,9666,3
E01001863,17518,6
E01001864,15852,5
E01001865,23631,8
E01001866,17835,6
E01001867,19350,6
E01001868,6162,2
E01001869,22430,7
E01001870,20063,6
E01001871,22124,7
E01001872,15741,5
E01001873,15079,5
E01001875,4081,2
E01001876,7376,3
E01001877,7183,3
E01001878,4663,2
E01001879,9380,3
E01001880,11776,4
E01001881,19963,6
E01001882,18755,6
E01001883,19299,6
E01001884,7970,3
E01001885,3125,1
E01001886,12084,4
E01001887,10851,4
E01001888,23465,7
E01001889,17593,6
E01001890,18037,6
E01001891,29233,9
E01001892,11190,4
E01001893,10715,4
E01001894,7045,3
E01001895,15260,5
E01001896,14526,5
E01001897,19711,6
E01001898,19355,6
E01001899,8420,3
E01001900,6447,2
E01001901,23680,8
E01001902,15712,5
E01001903,12501,4
E01001904,25295,8
E01001905,25208,8
E01001906,21669,7
E01001907,24206,8
E01001908,17362,6
E01001909,16093,5
E01001910,14651,5
E01001911,6441,2
E01001912,4836,2
E01001913,24084,8
E01001914,11221,4
E01001915,22789,7
E01001916,29114,9
E01001917,20914,7
E01001918,18403,6
E01001919,28295,9
E01001920,6373,2
E01001921,17356,6
E01001922,22395,7
E01001923,19811,6
E01001924,27466,9
E01001925,23850,8
E01001926,24616,8
E01001927,27975,9
E01001928,18033,6
E01001929,24826,8
E01001930,10604,4
E01001931,22153,7
E01001932,13940,5
E01001933,18538,6
E01001934,14038,5
E01001935,14875,5
E01001937,21817,7
E01001938,9771,3
E01001940,9424,3
E01001941,8375,3
E01001942,11501,4
E01001943,7613,3
E01001944,3375,1
E01001945,13834,5
E01001946,17767,6
E01001947,5107,2
E01001948,19934,6
E01001949,25449,8
E01001950,23023,7
E01001951,17598,6
E01001952,17266,6
E01001953,12449,4
E01001954,10860,4
E01001955,7472,3
E01001956,10991,4
E01001957,5374,2
E01001958,5691,2
E01001959,7828,3
E01001960,14283,5
E01001961,4555,2
E01001962,17582,6
E01001963,28875,9
E01001964,17042,6
E01001965,27579,9
E01001966,24559,8
E01001967,29550,9
E01001968,25042,8
E01001969,6768,3
E01001970,6377,2
E01001971,3357,1
E01001972,7039,3
E01001973,13162,4
E01001974,9801,3
E01001975,8282,3
E01001976,6299,2
E01001977,4153,2
E01001978,2417,1
E01001979,2196,1
E01001980,6068,2
E01001981,6726,2
E01001982,5443,2
E01001983,7989,3
E01001984,17190,6
E01001985,28833,9
E01001986,21778,7
E01001987,28993,9
E01001988,23894,8
E01001989,24899,8
E01001990,17963,6
E01001991,22274,7
E01001992,29551,9
E01001993,30478,10
E01001994,23999,8
E01001995,13041,4
E01001996,25835,8
E01001997,22766,7
E01001998,14007,5
E01001999,12360,4
E01002000,15048,5
E01002001,16316,5
E01002002,4996,2
E01002003,4444,2
E01002004,14194,5
E01002005,22058,7
E01002006,21357,7
E01002007,25258,8
E01002008,29617,9
E01002009,24906,8
E01002010,19076,6
E01002011,17490,6
E01002013,21254,7
E01002014,12820,4
E01002015,9505,3
E01002016,14684,5
E01002017,13105,4
E01002018,10769,4
E01002019,27429,9
E01002020,19774,6
E01002021,28306,9
E01002022,24255,8
E01002023,26167,8
E01002024,20471,7
E01002025,31692,10
E01002026,2373,1
E01002027,6618,2
E01002028,6384,2
E01002029,4143,2
E01002030,6697,2
E01002031,4966,2
E01002032,3786,2
E01002033,4893,2
E01002034,1758,1
E01002036,565,1
E01002037,1124,1
E01002038,879,1
E01002039,1506,1
E01002040,2279,1
E01002041,2304,1
E01002042,10609,4
E01002043,5061,2
E01002044,9938,3
E01002045,4855,2
E01002046,4892,2
E01002047,13556,5
E01002048,7356,3
E01002049,6338,2
E01002050,2994,1
E01002051,1211,1
E01002052,3544,2
E01002053,3623,2
E01002054,1990,1
E01002055,2273,1
E01002056,6679,2
E01002057,9612,3
E01002058,9282,3
E01002059,16433,5
E01002060,21884,7
E01002061,21072,7
E01002062,17959,6
E01002063,12633,4
E01002064,11144,4
E01002065,8124,3
E01002066,4622,2
E01002067,3592,2
E01002068,4585,2
E01002069,3012,1
E01002070,13140,4
E01002071,3116,1
E01002072,3942,2
E01002073,3735,2
E01002074,2721,1
E01002075,4306,2
E01002076,3369,1
E01002077,4265,2
E01002078,11250,4
E01002079,6797,3
E01002081,3626,2
E01002082,2383,1
E01002083,13603,5
E01002084,8541,3
E01002085,7915,3
E01002086,11298,4
E01002087,6796,3
E01002088,7983,3
E01002089,1791,1
E01002090,6411,2
E01002091,3117,1
E01002092,2747,1
E01002093,2225,1
E01002094,4004,2
E01002095,2991,1
E01002096,4516,2
E01002097,4384,2
E01002098,9849,3
E01002099,2005,1
E01002100,3924,2
E01002101,9516,3
E01002102,6196,2
E01002103,7047,3
E01002104,7379,3
E01002105,5014,2
E01002106,19619,6
E01002107,23491,7
E01002108,25285,8
E01002109,25322,8
E01002110,23345,7
E01002111,15439,5
E01002112,25465,8
E01002113,15304,5
E01002114,13665,5
E01002115,16535,5
E01002116,22371,7
E01002118,9428,3
E01002119,12717,4
E01002120,4675,2
E01002121,16612,5
E01002122,17568,6
E01002123,12586,4
E01002124,14725,5
E01002125,11131,4
E01002127,19572,6
E01002128,12911,4
E01002129,11714,4
E01002130,7774,3
E01002131,9982,3
E01002132,21074,7
E01002133,7729,3
E01002134,21953,7
E01002135,15197,5
E01002136,18144,6
E01002137,23969,8
E01002138,15383,5
E01002139,8112,3
E01002140,14841,5
E01002141,16640,5
E01002142,19641,6
E01002143,14372,5
E01002144,22229,7
E01002145,13850,5
E01002146,32468,10
E01002147,32161,10
E01002148,28066,9
E01002149,33700,10
E01002150,22287,7
E01002151,6830,3
E01002152,30368,9
E01002153,29834,9
E01002155,28917,9
E01002156,32143,10
E01002157,21851,7
E01002158,32966,10
E01002159,21293,7
E01002160,16123,5
E01002161,18683,6
E01002162,14137,5
E01002163,29382,9
E01002164,19731,6
E01002165,16862,5
E01002166,18758,6
E01002167,16823,5
E01002168,10692,4
E01002169,12425,4
E01002170,18040,6
E01002171,17168,6
E01002172,18979,6
E01002173,24409,8
E01002174,25649,8
E01002175,20413,7
E01002176,18628,6
E01002177,17694,6
E01002178,26515,8
E01002179,7590,3
E01002181,16412,5
E01002182,15718,5
E01002183,10783,4
E01002184,10368,4
E01002185,9779,3
E01002186,14135,5
E01002187,22312,7
E01002188,33016,10
E01002189,26207,8
E01002190,33053,10
E01002191,31694,10
E01002192,30360,9
E01002193,21995,7
E01002194,32816,10
E01002195,30217,9
E01002196,32988,10
E01002197,22510,7
E01002198,15945,5
E01002199,19306,6
E01002200,19356,6
E01002201,23266,7
E01002202,7863,3
E01002203,14689,5
E01002204,12383,4
E01002206,19623,6
E01002207,23178,7
E01002208,32960,10
E01002209,21187,7
E01002210,25049,8
E01002211,10474,4
E01002212,9490,3
E01002214,12828,4
E01002215,8593,3
E01002216,20187,6
E01002217,11621,4
E01002218,14565,5
E01002219,9446,3
E01002220,18389,6
E01002221,11037,4
E01002222,19602,6
E01002223,17932,6
E01002224,9788,3
E01002225,27541,9
E01002226,13807,5
E01002227,6864,3
E01002228,15032,5
E01002229,11859,4
E01002230,23074,7
E01002231,11908,4
E01002232,11047,4
E01002233,7345,3
E01002234,13275,4
E01002235,6817,3
E01002236,10740,4
E01002237,14692,5
E01002238,20306,7
E01002239,25859,8
E01002240,17886,6
E01002241,14784,5
E01002242,26999,8
E01002243,7336,3
E01002244,17827,6
E01002245,17359,6
E01002246,18999,6
E01002247,10554,4
E01002248,10548,4
E01002250,14617,5
E01002251,11391,4
E01002252,29003,9
E01002253,33403,10
E01002254,32891,10
E01002255,25986,8
E01002256,30439,10
E01002257,32941,10
E01002258,17055,6
E01002259,28020,9
E01002260,22594,7
E01002261,20956,7
E01002262,20672,7
E01002263,28079,9
E01002264,6526,2
E01002265,25792,8
E01002266,22404,7
E01002267,13572,5
E01002268,23257,7
E01002269,24036,8
E01002270,30778,10
E01002271,32396,10
E01002272,27834,9
E01002273,25848,8
E01002274,27793,9
E01002275,30380,10
E01002276,8871,3
E01002277,8018,3
E01002278,7441,3
E01002279,10208,4
E01002280,3598,2
E01002281,6428,2
E01002282,2757,1
E01002283,10258,4
E01002284,10006,3
E01002285,31994,10
E01002286,32980,10
E01002287,27922,9
E01002288,31002,10
E01002289,26252,8
E01002290,30142,9
E01002291,22590,7
E01002292,16575,5
E01002294,24125,8
E01002295,19647,6
E01002296,20045,6
E01002297,5110,2
E01002298,20933,7
E01002299,14942,5
E01002300,26174,8
E01002301,21528,7
E01002302,21141,7
E01002303,9970,3
E01002304,15083,5
E01002305,16275,5
E01002306,6710,2
E01002307,14081,5
E01002308,12600,4
E01002309,11880,4
E01002310,5153,2
E01002311,11239,4
E01002312,11119,4
E01002313,10062,3
E01002314,5129,2
E01002315,11452,4
E01002316,3388,2
E01002317,32679,10
E01002318,29216,9
E01002319,12096,4
E01002320,29458,9
E01002321,27106,9
E01002322,28996,9
E01002323,28786,9
E01002324,17013,6
E01002325,10382,4
E01002326,12228,4
E01002327,21405,7
E01002328,27080,9
E01002329,21722,7
E01002330,13696,5
E01002331,21607,7
E01002332,19686,6
E01002333,30375,9
E01002334,27719,9
E01002335,14892,5
E01002336,22721,7
E01002337,24011,8
E01002338,21148,7
E01002339,31680,10
E01002340,28146,9
E01002341,28081,9
E01002342,12470,4
E01002343,23283,7
E01002344,14210,5
E01002345,8218,3
E01002346,11222,4
E01002347,20494,7
E01002348,23598,7
E01002349,18070,6
E01002350,8790,3
E01002351,20982,7
E01002352,15309,5
E01002353,16145,5
E01002354,31482,10
E01002355,32722,10
E01002356,5388,2
E01002358,15787,5
E01002359,30743,10
E01002360,16581,5
E01002361,13789,5
E01002362,28009,9
E01002363,15932,5
E01002364,30065,9
E01002365,19447,6
E01002366,24099,8
E01002367,23821,8
E01002368,7332,3
E01002369,15648,5
E01002370,10143,4
E01002371,19466,6
E01002372,24451,8
E01002373,20032,6
E01002374,15537,5
E01002375,9279,3
E01002376,32678,10
E01002377,21714,7
E01002378,28937,9
E01002379,22606,7
E01002380,12599,4
E01002381,19732,6
E01002382,25923,8
E01002383,25315,8
E01002384,30526,10
E01002385,28635,9
E01002386,21746,7
E01002387,33677,10
E01002388,33640,10
E01002389,33014,10
E01002390,33507,10
E01002391,26687,8
E01002392,4896,2
E01002393,11000,4
E01002394,11958,4
E01002395,13431,4
E01002396,9760,3
E01002397,5423,2
E01002398,14114,5
E01002399,14426,5
E01002400,9700,3
E01002401,9029,3
E01002402,8228,3
E01002403,8658,3
E01002404,6491,2
E01002405,9773,3
E01002408,5637,2
E01002409,11207,4
E01002410,14242,5
E01002411,13564,5
E01002412,16920,6
E01002413,6971,3
E01002414,24545,8
E01002415,30961,10
E01002416,29854,9
E01002417,29235,9
E01002418,23561,7
E01002419,29820,9
E01002420,21347,7
E01002421,24901,8
E01002422,12215,4
E01002423,13258,4
E01002424,14834,5
E01002425,8666,3
E01002426,11868,4
E01002427,18252,6
E01002428,18827,6
E01002429,8217,3
E01002430,33336,10
E01002431,33681,10
E01002432,24980,8
E01002433,18387,6
E01002434,31550,10
E01002435,32397,10
E01002436,24308,8
E01002437,32308,10
E01002438,19419,6
E01002439,14195,5
E01002440,11548,4
E01002441,8381,3
E01002442,9934,3
E01002443,9065,3
E01002444,6626,2
E01002445,4178,2
E01002446,13068,4
E01002447,8232,3
E01002448,9114,3
E01002449,6714,2
E01002450,23296,7
E01002451,24751,8
E01002452,21051,7
E01002453,20889,7
E01002454,12835,4
E01002455,11135,4
E01002456,14252,5
E01002457,7864,3
E01002458,31666,10
E01002459,32999,10
E01002460,27540,9
E01002461,26355,8
E01002462,31487,10
E01002463,29733,9
E01002464,29201,9
E01002465,19198,6
E01002466,29410,9
E01002467,30663,10
E01002468,29133,9
E01002469,31046,10
E01002470,19610,6
E01002471,30571,10
E01002472,24332,8
E01002473,23624,7
E01002474,25216,8
E01002475,17863,6
E01002476,32265,10
E01002477,25122,8
E01002478,23833,8
E01002479,15809,5
E01002480,31918,10
E01002481,13755,5
E01002482,33048,10
E01002483,17632,6
E01002484,13964,5
E01002485,14067,5
E01002486,7693,3
E01002487,9561,3
E01002488,12652,4
E01002489,13165,4
E01002490,11014,4
E01002491,8452,3
E01002492,13321,4
E01002493,5713,2
E01002494,21868,7
E01002495,22638,7
E01002496,13516,5
E01002497,14446,5
E01002498,25719,8
E01002499,16221,5
E01002501,13014,4
E01002502,11350,4
E01002503,7006,3
E01002505,5111,2
E01002506,3886,2
E01002507,12042,4
E01002508,6346,2
E01002509,30792,10
E01002511,13210,4
E01002512,26799,8
E01002513,22548,7
E01002514,15282,5
E01002516,28973,9
E01002518,17747,6
E01002519,11038,4
E01002520,9560,3
E01002521,5904,2
E01002523,15119,5
E01002525,13354,4
E01002526,11296,4
E01002527,5670,2
E01002528,5513,2
E01002529,8611,3
E01002530,4247,2
E01002531,15104,5
E01002533,16014,5
E01002534,28192,9
E01002535,24934,8
E01002536,25340,8
E01002537,27737,9
E01002538,18881,6
E01002539,28764,9
E01002540,6898,3
E01002541,14520,5
E01002542,4931,2
E01002543,8143,3
E01002544,19003,6
E01002545,3860,2
E01002546,14287,5
E01002547,9850,3
E01002548,9454,3
E01002549,10908,4
E01002550,8991,3
E01002551,11330,4
E01002552,8500,3
E01002553,6577,2
E01002555,12448,4
E01002556,12572,4
E01002557,9012,3
E01002558,6160,2
E01002559,8702,3
E01002560,9717,3
E01002561,6660,2
E01002562,6896,3
E01002563,18778,6
E01002564,8254,3
E01002565,13103,4
E01002567,14462,5
E01002569,27173,9
E01002570,18050,6
E01002571,31077,10
E01002572,7963,3
E01002573,23538,7
E01002574,23721,8
E01002575,24387,8
E01002576,13670,5
E01002577,21348,7
E01002578,21470,7
E01002579,22356,7
E01002580,13277,4
E01002581,19735,6
E01002582,24108,8
E01002583,8946,3
E01002584,8668,3
E01002585,7459,3
E01002586,12209,4
E01002587,7916,3
E01002588,3146,1
E01002589,7605,3
E01002590,9136,3
E01002591,10084,3
E01002592,8423,3
E01002593,9823,3
E01002594,11891,4
E01002595,7551,3
E01002596,10126,3
E01002598,9227,3
E01002599,9559,3
E01002600,10934,4
E01002601,11916,4
E01002602,16648,5
E01002603,10968,4
E01002604,3328,1
E01002605,5424,2
E01002606,5780,2
E01002607,10645,4
E01002608,5617,2
E01002609,16267,5
E01002610,7501,3
E01002611,11934,4
E01002612,8603,3
E01002613,12772,4
E01002614,14590,5
E01002615,5762,2
E01002616,14713,5
E01002617,18585,6
E01002618,15468,5
E01002619,12423,4
E01002620,7079,3
E01002621,9040,3
E01002622,12093,4
E01002623,7509,3
E01002624,7880,3
E01002625,12286,4
E01002626,12716,4
E01002627,5796,2
E01002628,12388,4
E01002629,12295,4
E01002630,11797,4
E01002631,9640,3
E01002632,12502,4
E01002633,5409,2
E01002634,4359,2
E01002635,12210,4
E01002636,12201,4
E01002637,5748,2
E01002638,6437,2
E01002639,13326,4
E01002640,13209,4
E01002641,10325,4
E01002643,10241,4
E01002645,8162,3
E01002646,5552,2
E01002647,7623,3
E01002649,5062,2
E01002650,8589,3
E01002651,9772,3
E01002652,10235,4
E01002653,16891,6
E01002654,18515,6
E01002655,18054,6
E01002656,24235,8
E01002657,18809,6
E01002658,23973,8
E01002659,17845,6
E01002660,9747,3
E01002661,10276,4
E01002662,11970,4
E01002663,9076,3
E01002665,6474,2
E01002666,13623,5
E01002667,14832,5
E01002668,14862,5
E01002669,6063,2
E01002670,18157,6
E01002671,18493,6
E01002672,10484,4
E01002673,1815,1
E01002674,20743,7
E01002675,22465,7
E01002676,21723,7
E01002677,13648,5
E01002678,21097,7
E01002679,20381,7
E01002680,16821,5
E01002681,8627,3
E01002682,13276,4
E01002686,3624,2
E01002687,20030,6
E01002689,15324,5
E01002690,22343,7
E01002691,22251,7
E01002692,18327,6
E01002693,19207,6
E01002694,6011,2
E01002695,10885,4
E01002696,13419,4
E01002697,11223,4
E01002698,13432,4
E01002699,12017,4
E01002700,19974,6
E01002701,6911,3
E01002702,9606,3
E01002703,10373,4
E01002704,12063,4
E01002706,11377,4
E01002707,11289,4
E01002708,10509,4
E01002709,8585,3
E01002710,7460,3
E01002711,14656,5
E01002712,9007,3
E01002713,6490,2
E01002714,16109,5
E01002715,5066,2
E01002716,4796,2
E01002717,14352,5
E01002718,15418,5
E01002719,18134,6
E01002720,3368,1
E01002721,9642,3
E01002722,5955,2
E01002723,9287,3
E01002724,23903,8
E01002725,7524,3
E01002726,11280,4
E01002727,11973,4
E01002728,11676,4
E01002729,9697,3
E01002730,7461,3
E01002732,2952,1
E01002733,18978,6
E01002734,4364,2
E01002735,10904,4
E01002736,2854,1
E01002737,4322,2
E01002738,14265,5
E01002739,16765,5
E01002740,23449,7
E01002741,4519,2
E01002742,24667,8
E01002743,15417,5
E01002744,15558,5
E01002745,18215,6
E01002747,18412,6
E01002748,5089,2
E01002749,13728,5
E01002751,2455,1
E01002752,14512,5
E01002753,9129,3
E01002754,16427,5
E01002755,4112,2
E01002756,9754,3
E01002757,10416,4
E01002758,4027,2
E01002759,15713,5
E01002760,6188,2
E01002762,15744,5
E01002763,7197,3
E01002764,10898,4
E01002765,8773,3
E01002766,8472,3
E01002767,7687,3
E01002768,10232,4
E01002769,17900,6
E01002770,12879,4
E01002771,10170,4
E01002772,9526,3
E01002773,5195,2
E01002774,8835,3
E01002775,12567,4
E01002776,9312,3
E01002777,12469,4
E01002778,6297,2
E01002779,13967,5
E01002780,9968,3
E01002781,13674,5
E01002782,4489,2
E01002783,4397,2
E01002784,6672,2
E01002785,15890,5
E01002786,5526,2
E01002787,10360,4
E01002788,16786,5
E01002789,21087,7
E01002790,3179,1
E01002791,16182,5
E01002792,17534,6
E01002793,6222,2
E01002794,15829,5
E01002795,7852,3
E01002796,8537,3
E01002797,6951,3
E01002798,15447,5
E01002799,8730,3
E01002800,12073,4
E01002801,15078,5
E01002802,14147,5
E01002804,3793,2
E01002805,9589,3
E01002806,11540,4
E01002807,5438,2
E01002808,8470,3
E01002809,9080,3
E01002810,6261,2
E01002811,5938,2
E01002812,29940,9
E01002813,26149,8
E01002814,12020,4
E01002815,19131,6
E01002816,24543,8
E01002817,25616,8
E01002818,22835,7
E01002819,21852,7
E01002821,22200,7
E01002823,9344,3
E01002824,27456,9
E01002825,28187,9
E01002826,24202,8
E01002827,23439,7
E01002828,22066,7
E01002829,7598,3
E01002830,7438,3
E01002831,5302,2
E01002832,10231,4
E01002833,16105,5
E01002834,21687,7
E01002835,22401,7
E01002836,24798,8
E01002837,24678,8
E01002839,12303,4
E01002840,3548,2
E01002841,9985,3
E01002842,3190,1
E01002843,3909,2
E01002844,19226,6
E01002845,10009,3
E01002846,10480,4
E01002847,16750,5
E01002848,10503,4
E01002849,17996,6
E01002850,13121,4
E01002851,3881,2
E01002852,5333,2
E01002853,8762,3
E01002854,3379,2
E01002855,3918,2
E01002856,4498,2
E01002857,3581,2
E01002858,13447,4
E01002859,25158,8
E01002860,23591,7
E01002861,17662,6
E01002862,9450,3
E01002863,26347,8
E01002864,28589,9
E01002865,27934,9
E01002866,19358,6
E01002867,11161,4
E01002868,29340,9
E01002869,16418,5
E01002870,5610,2
E01002871,24068,8
E01002872,6306,2
E01002873,18073,6
E01002874,14592,5
E01002875,27470,9
E01002876,19693,6
E01002877,7796,3
E01002878,7089,3
E01002879,9438,3
E01002880,3862,2
E01002881,6185,2
E01002882,15841,5
E01002883,23203,7
E01002884,16472,5
E01002885,16038,5
E01002886,23226,7
E01002887,17525,6
E01002888,28101,9
E01002889,26445,8
E01002890,27630,9
E01002891,26484,8
E01002892,24265,8
E01002893,13720,5
E01002894,13958,5
E01002896,26181,8
E01002897,19412,6
E01002898,27358,9
E01002899,9086,3
E01002900,25015,8
E01002901,22030,7
E01002902,19992,6
E01002903,25737,8
E01002904,3092,1
E01002905,5593,2
E01002906,7818,3
E01002907,2790,1
E01002908,13619,5
E01002909,11108,4
E01002910,17683,6
E01002911,21590,7
E01002912,19646,6
E01002913,14490,5
E01002914,27146,9
E01002915,28012,9
E01002916,32051,10
E01002917,33537,10
E01002918,22181,7
E01002919,14752,5
E01002920,32610,10
E01002921,19420,6
E01002922,28781,9
E01002923,7198,3
E01002924,33534,10
E01002925,23993,8
E01002926,31587,10
E01002927,23511,7
E01002928,17156,6
E01002929,29084,9
E01002930,20759,7
E01002931,25904,8
E01002932,10951,4
E01002933,18761,6
E01002934,29769,9
E01002935,25541,8
E01002937,30280,9
E01002938,28080,9
E01002939,17029,6
E01002940,19644,6
E01002941,25268,8
E01002942,28905,9
E01002943,20042,6
E01002944,23824,8
E01002945,26680,8
E01002946,28152,9
E01002947,31166,10
E01002948,20109,6
E01002949,23609,7
E01002950,15514,5
E01002951,30336,9
E01002952,32913,10
E01002953,30970,10
E01002954,19399,6
E01002955,18189,6
E01002956,28042,9
E01002957,13400,4
E01002958,29159,9
E01002959,33692,10
E01002960,30637,10
E01002961,31665,10
E01002962,19291,6
E01002963,23679,8
E01002964,16952,6
E01002965,23541,7
E01002966,25791,8
E01002967,30918,10
E01002968,21563,7
E01002969,6772,3
E01002970,13589,5
E01002971,20898,7
E01002972,16471,5
E01002973,11219,4
E01002974,17538,6
E01002975,22438,7
E01002976,30722,10
E01002977,13527,5
E01002978,29038,9
E01002979,27179,9
E01002980,29291,9
E01002981,25508,8
E01002982,25048,8
E01002983,32244,10
E01002984,19577,6
E01002985,17368,6
E01002986,23792,8
E01002987,15953,5
E01002988,23335,7
E01002989,30264,9
E01002990,29839,9
E01002991,29076,9
E01002992,30968,10
E01002993,27118,9
E01002994,30067,9
E01002995,32080,10
E01002996,29468,9
E01002997,30685,10
E01002998,20163,6
E01002999,22972,7
E01003000,18214,6
E01003001,25366,8
E01003002,16061,5
E01003003,14949,5
E01003004,24253,8
E01003005,28950,9
E01003006,31184,10
E01003007,31833,10
E01003008,32942,10
E01003009,26573,8
E01003010,31607,10
E01003011,28709,9
E01003013,23019,7
E01003014,8115,3
E01003015,10215,4
E01003016,17431,6
E01003017,9069,3
E01003018,15151,5
E01003019,21253,7
E01003020,13131,4
E01003021,11114,4
E01003022,15166,5
E01003023,15857,5
E01003024,9729,3
E01003025,13405,4
E01003026,21112,7
E01003027,30345,9
E01003028,21055,7
E01003029,19500,6
E01003030,14735,5
E01003031,13236,4
E01003032,10700,4
E01003033,23846,8
E01003034,11675,4
E01003035,10771,4
E01003036,17143,6
E01003037,5370,2
E01003038,26551,8
E01003039,25105,8
E01003040,17134,6
E01003041,6527,2
E01003042,12399,4
E01003043,15405,5
E01003044,6053,2
E01003045,6770,3
E01003046,5959,2
E01003047,5890,2
E01003048,5433,2
E01003049,6813,3
E01003050,11409,4
E01003051,9578,3
E01003052,7564,3
E01003053,17851,6
E01003054,21299,7
E01003055,8374,3
E01003056,13788,5
E01003057,7675,3
E01003058,13920,5
E01003059,11961,4
E01003060,10144,4
E01003061,9113,3
E01003062,11423,4
E01003063,6950,3
E01003064,21618,7
E01003065,6997,3
E01003066,7861,3
E01003067,17979,6
E01003068,12103,4
E01003069,9340,3
E01003070,7129,3
E01003071,20732,7
E01003072,21436,7
E01003073,6935,3
E01003074,14458,5
E01003075,4285,2
E01003076,16247,5
E01003077,11619,4
E01003078,22999,7
E01003079,8969,3
E01003080,15755,5
E01003081,8291,3
E01003082,6395,2
E01003083,18750,6
E01003084,15921,5
E01003085,20945,7
E01003086,6651,2
E01003087,3061,1
E01003088,10948,4
E01003089,10136,4
E01003090,16764,5
E01003091,12053,4
E01003092,10967,4
E01003093,6084,2
E01003094,13078,4
E01003095,18592,6
E01003096,13316,4
E01003097,9455,3
E01003098,15569,5
E01003099,9384,3
E01003100,17446,6
E01003101,7200,3
E01003102,10863,4
E01003104,15157,5
E01003105,8410,3
E01003106,10760,4
E01003107,15704,5
E01003108,6954,3
E01003110,17241,6
E01003111,7290,3
E01003112,9267,3
E01003113,8863,3
E01003114,15729,5
E01003115,12767,4
E01003116,19379,6
E01003117,12252,4
E01003118,10345,4
E01003119,10699,4
E01003120,7207,3
E01003121,7641,3
E01003122,14502,5
E01003123,17442,6
E01003124,10947,4
E01003125,8770,3
E01003126,10571,4
E01003127,16576,5
E01003128,7587,3
E01003129,13218,4
E01003130,14924,5
E01003131,20617,7
E01003132,5932,2
E01003133,10500,4
E01003134,15311,5
E01003135,10844,4
E01003136,15990,5
E01003137,8038,3
E01003138,24388,8
E01003139,13322,4
E01003140,17308,6
E01003141,11935,4
E01003142,14674,5
E01003143,8020,3
E01003144,21073,7
E01003145,9214,3
E01003146,10595,4
E01003147,12665,4
E01003148,15629,5
E01003149,20566,7
E01003150,8103,3
E01003151,7152,3
E01003152,20670,7
E01003153,19440,6
E01003154,11643,4
E01003155,16461,5
E01003156,19031,6
E01003157,24502,8
E01003158,28047,9
E01003159,15330,5
E01003160,13219,4
E01003161,22844,7
E01003162,9337,3
E01003163,23522,7
E01003164,10139,4
E01003165,15045,5
E01003166,12826,4
E01003167,22774,7
E01003168,5928,2
E01003169,12993,4
E01003170,23978,8
E01003171,13861,5
E01003172,11118,4
E01003173,20488,7
E01003174,7506,3
E01003175,8396,3
E01003176,7696,3
E01003177,11337,4
E01003178,15178,5
E01003179,7133,3
E01003180,11103,4
E01003181,9531,3
E01003182,9224,3
E01003183,6766,3
E01003184,9363,3
E01003185,11845,4
E01003186,16492,5
E01003187,11056,4
E01003188,5804,2
E01003189,3518,2
E01003190,4649,2
E01003191,7414,3
E01003192,3540,2
E01003193,10458,4
E01003194,5758,2
E01003195,15799,5
E01003196,4641,2
E01003197,3284,1
E01003198,17949,6
E01003199,24402,8
E01003200,20974,7
E01003201,9918,3
E01003202,25828,8
E01003203,9885,3
E01003204,12382,4
E01003205,10666,4
E01003206,21332,7
E01003207,8677,3
E01003209,10160,4
E01003210,13273,4
E01003211,13195,4
E01003212,14887,5
E01003213,15003,5
E01003214,9289,3
E01003215,10792,4
E01003216,10537,4
E01003217,17864,6
E01003218,15603,5
E01003219,12925,4
E01003220,10674,4
E01003221,9109,3
E01003222,12455,4
E01003223,13114,4
E01003224,11124,4
E01003225,24668,8
E01003226,20911,7
E01003227,23943,8
E01003228,19217,6
E01003229,6685,2
E01003230,13181,4
E01003231,14835,5
E01003232,23485,7
E01003233,20189,6
E01003235,8742,3
E01003236,5359,2
E01003237,6560,2
E01003238,6195,2
E01003239,7347,3
E01003240,7176,3
E01003241,8662,3
E01003243,5807,2
E01003244,9151,3
E01003245,7280,3
E01003246,10787,4
E01003247,16407,5
E01003248,7295,3
E01003249,13306,4
E01003251,5601,2
E01003252,4584,2
E01003253,5923,2
E01003254,20123,6
E01003255,11279,4
E01003256,7146,3
E01003257,14362,5
E01003258,10355,4
E01003259,13242,4
E01003260,20083,6
E01003261,21119,7
E01003262,17407,6
E01003263,8599,3
E01003264,12956,4
E01003265,8190,3
E01003266,6087,2
E01003267,9317,3
E01003268,12978,4
E01003269,13486,4
E01003270,20762,7
E01003271,26168,8
E01003272,15014,5
E01003273,17323,6
E01003274,13459,4
E01003275,8622,3
E01003276,18543,6
E01003277,16446,5
E01003278,11972,4
E01003279,18746,6
E01003280,10701,4
E01003281,20902,7
E01003282,14588,5
E01003283,19957,6
E01003284,16099,5
E01003285,18554,6
E01003286,8987,3
E01003287,21330,7
E01003288,8878,3
E01003290,3734,2
E01003291,3983,2
E01003292,12126,4
E01003293,9713,3
E01003295,9322,3
E01003297,10358,4
E01003298,8490,3
E01003299,9031,3
E01003300,6148,2
E01003301,18349,6
E01003302,8220,3
E01003303,4986,2
E01003304,8567,3
E01003305,9611,3
E01003307,17818,6
E01003308,12465,4
E01003309,6895,3
E01003310,8588,3
E01003311,18259,6
E01003312,17414,6
E01003313,5660,2
E01003314,18083,6
E01003315,11987,4
E01003316,19283,6
E01003318,454,1
E01003319,5581,2
E01003320,6145,2
E01003321,4932,2
E01003322,11297,4
E01003323,10798,4
E01003324,9192,3
E01003325,5920,2
E01003326,13110,4
E01003327,13684,5
E01003328,12322,4
E01003329,17178,6
E01003330,9521,3
E01003331,13040,4
E01003332,13618,5
E01003333,12014,4
E01003334,6901,3
E01003335,5281,2
E01003336,7330,3
E01003337,4020,2
E01003338,6045,2
E01003339,10546,4
E01003340,18621,6
E01003341,20775,7
E01003342,15845,5
E01003343,17132,6
E01003344,14224,5
E01003345,17369,6
E01003346,5428,2
E01003347,1633,1
E01003348,9081,3
E01003349,8029,3
E01003350,6273,2
E01003351,4832,2
E01003352,7312,3
E01003353,15084,5
E01003354,9873,3
E01003355,28611,9
E01003356,28030,9
E01003357,7317,3
E01003358,30726,10
E01003359,19181,6
E01003360,27636,9
E01003361,26686,8
E01003362,32056,10
E01003363,31623,10
E01003364,31911,10
E01003365,32434,10
E01003366,20257,7
E01003368,21489,7
E01003369,23363,7
E01003370,20154,6
E01003371,24151,8
E01003372,12594,4
E01003373,6429,2
E01003374,8276,3
E01003375,12559,4
E01003376,10273,4
E01003377,5805,2
E01003378,14657,5
E01003379,6642,2
E01003380,30928,10
E01003381,29302,9
E01003382,31555,10
E01003383,28215,9
E01003384,30619,10
E01003385,31265,10
E01003386,15325,5
E01003387,11921,4
E01003388,13199,4
E01003389,9523,3
E01003390,4941,2
E01003391,5539,2
E01003392,16931,6
E01003393,16319,5
E01003394,15784,5
E01003395,18997,6
E01003396,20287,7
E01003397,16375,5
E01003398,16629,5
E01003399,28011,9
E01003400,22090,7
E01003401,28990,9
E01003402,30356,9
E01003403,29986,9
E01003404,29518,9
E01003405,11762,4
E01003406,15022,5
E01003407,16570,5
E01003408,22712,7
E01003409,12238,4
E01003410,13017,4
E01003411,15897,5
E01003412,12583,4
E01003413,17832,6
E01003414,19103,6
E01003415,15449,5
E01003416,18404,6
E01003417,26574,8
E01003418,30418,10
E01003419,22770,7
E01003420,27428,9
E01003421,24116,8
E01003422,27696,9
E01003423,29244,9
E01003424,33419,10
E01003425,33562,10
E01003426,28358,9
E01003427,15222,5
E01003428,29440,9
E01003429,18002,6
E01003430,6276,2
E01003431,9060,3
E01003432,6934,3
E01003433,13083,4
E01003434,18849,6
E01003435,16497,5
E01003436,13988,5
E01003437,20079,6
E01003438,11175,4
E01003439,10923,4
E01003440,13982,5
E01003441,11332,4
E01003442,32973,10
E01003443,30070,9
E01003444,30419,10
E01003445,27774,9
E01003446,19961,6
E01003447,10022,3
E01003448,17813,6
E01003449,17251,6
E01003450,11240,4
E01003451,24621,8
E01003452,12613,4
E01003453,13627,5
E01003454,29258,9
E01003455,25463,8
E01003456,20347,7
E01003457,32394,10
E01003458,31022,10
E01003459,19536,6
E01003460,27201,9
E01003461,30836,10
E01003462,31449,10
E01003463,32360,10
E01003464,32920,10
E01003465,32431,10
E01003466,31959,10
E01003467,28911,9
E01003468,31972,10
E01003469,18065,6
E01003470,24468,8
E01003471,28976,9
E01003472,31950,10
E01003473,29605,9
E01003474,32827,10
E01003476,21129,7
E01003477,28328,9
E01003478,31209,10
E01003479,8705,3
E01003480,11919,4
E01003481,9767,3
E01003483,6403,2
E01003484,13867,5
E01003485,13766,5
E01003486,1781,1
E01003487,3281,1
E01003488,4509,2
E01003489,10315,4
E01003490,5629,2
E01003491,5633,2
E01003492,7769,3
E01003494,7899,3
E01003495,10439,4
E01003496,5969,2
E01003497,6500,2
E01003498,5851,2
E01003499,2888,1
E01003500,7744,3
E01003501,6001,2
E01003502,5872,2
E01003503,8693,3
E01003506,4097,2
E01003507,6085,2
E01003508,7847,3
E01003509,4791,2
E01003511,8676,3
E01003512,4870,2
E01003513,8209,3
E01003514,5023,2
E01003515,4990,2
E01003516,4799,2
E01003517,4495,2
E01003518,11874,4
E01003519,8263,3
E01003520,4301,2
E01003521,4241,2
E01003522,5115,2
E01003523,5375,2
E01003524,4556,2
E01003525,5331,2
E01003526,6470,2
E01003527,10405,4
E01003528,4607,2
E01003529,8090,3
E01003530,9479,3
E01003531,6739,2
E01003532,10293,4
E01003533,9528,3
E01003534,6402,2
E01003535,2420,1
E01003536,6944,3
E01003537,5774,2
E01003538,5820,2
E01003539,7938,3
E01003540,5262,2
E01003541,7935,3
E01003542,5145,2
E01003543,10918,4
E01003544,7210,3
E01003545,8906,3
E01003546,7141,3
E01003547,13215,4
E01003548,8697,3
E01003549,8171,3
E01003550,7674,3
E01003551,5553,2
E01003552,7082,3
E01003553,4232,2
E01003554,11853,4
E01003555,12760,4
E01003556,1710,1
E01003557,4985,2
E01003558,3594,2
E01003559,9540,3
E01003560,8246,3
E01003561,7471,3
E01003562,7398,3
E01003563,9837,3
E01003564,7364,3
E01003565,6684,2
E01003566,3378,2
E01003567,5393,2
E01003568,10942,4
E01003569,7603,3
E01003570,5776,2
E01003571,6257,2
E01003572,5657,2
E01003573,7910,3
E01003574,7745,3
E01003575,4681,2
E01003576,1824,1
E01003577,3327,1
E01003578,3174,1
E01003579,6676,2
E01003580,4845,2
E01003581,5993,2
E01003582,5027,2
E01003583,7142,3
E01003584,10813,4
E01003585,8215,3
E01003586,5667,2
E01003587,5294,2
E01003588,5830,2
E01003589,5387,2
E01003590,4504,2
E01003591,3323,1
E01003592,6435,2
E01003593,7283,3
E01003594,8614,3
E01003595,7994,3
E01003596,7219,3
E01003597,12648,4
E01003598,5391,2
E01003599,6005,2
E01003600,5098,2
E01003601,2605,1
E01003602,6819,3
E01003603,8333,3
E01003604,5737,2
E01003605,5509,2
E01003607,6665,2
E01003608,9855,3
E01003611,4389,2
E01003615,7563,3
E01003616,7086,3
E01003618,8897,3
E01003619,6544,2
E01003621,6933,3
E01003622,4019,2
E01003623,5507,2
E01003624,6586,2
E01003625,5470,2
E01003626,8042,3
E01003627,7135,3
E01003628,7271,3
E01003629,7126,3
E01003630,5425,2
E01003631,9006,3
E01003632,12850,4
E01003633,3511,2
E01003634,7535,3
E01003635,9998,3
E01003636,6663,2
E01003637,10954,4
E01003638,17428,6
E01003639,14760,5
E01003640,17157,6
E01003641,16172,5
E01003642,14583,5
E01003643,22016,7
E01003644,23166,7
E01003645,14593,5
E01003646,16972,6
E01003647,20930,7
E01003648,29478,9
E01003649,25736,8
E01003650,16837,5
E01003651,26405,8
E01003652,27084,9
E01003653,14262,5
E01003654,19953,6
E01003655,24608,8
E01003656,11263,4
E01003657,20519,7
E01003658,11581,4
E01003659,25622,8
E01003660,28501,9
E01003661,11683,4
E01003662,9339,3
E01003663,18011,6
E01003664,16410,5
E01003665,21032,7
E01003666,9024,3
E01003668,24056,8
E01003669,29079,9
E01003670,27177,9
E01003671,32943,10
E01003672,16790,5
E01003673,25670,8
E01003674,21462,7
E01003675,18682,6
E01003676,23977,8
E01003677,25112,8
E01003678,28007,9
E01003679,28769,9
E01003680,26364,8
E01003681,19329,6
E01003682,28693,9
E01003683,9026,3
E01003684,10233,4
E01003685,7467,3
E01003686,8932,3
E01003688,6937,3
E01003689,5545,2
E01003690,14021,5
E01003691,16364,5
E01003692,16590,5
E01003693,22178,7
E01003694,21251,7
E01003695,9333,3
E01003696,4540,2
E01003697,17488,6
E01003698,24090,8
E01003699,20135,6
E01003700,16422,5
E01003701,16701,5
E01003702,18374,6
E01003703,20451,7
E01003704,12121,4
E01003705,19190,6
E01003706,16248,5
E01003707,21422,7
E01003708,10547,4
E01003709,26988,8
E01003710,24491,8
E01003711,17045,6
E01003712,6368,2
E01003713,13828,5
E01003714,9573,3
E01003715,11529,4
E01003716,10622,4
E01003718,10572,4
E01003719,8957,3
E01003720,7958,3
E01003721,11611,4
E01003722,12812,4
E01003723,10755,4
E01003724,17663,6
E01003725,10623,4
E01003726,13877,5
E01003727,8846,3
E01003729,2643,1
E01003730,8512,3
E01003731,8755,3
E01003732,2922,1
E01003733,6705,2
E01003734,5416,2
E01003735,3418,2
E01003736,10486,4
E01003737,23265,7
E01003738,19047,6
E01003739,12770,4
E01003740,15033,5
E01003741,14741,5
E01003742,12090,4
E01003743,9125,3
E01003744,30454,10
E01003745,33135,10
E01003746,31045,10
E01003747,32877,10
E01003748,29584,9
E01003749,24862,8
E01003750,19831,6
E01003751,12000,4
E01003752,25020,8
E01003753,17017,6
E01003754,20219,6
E01003755,19808,6
E01003756,14678,5
E01003757,10475,4
E01003759,31758,10
E01003760,19750,6
E01003761,4379,2
E01003762,21009,7
E01003763,26145,8
E01003764,18109,6
E01003765,22036,7
E01003766,16207,5
E01003767,8376,3
E01003768,7604,3
E01003769,5073,2
E01003770,13610,5
E01003771,10209,4
E01003772,16617,5
E01003773,13960,5
E01003774,29307,9
E01003775,29018,9
E01003776,11837,4
E01003777,27435,9
E01003778,24672,8
E01003779,22357,7
E01003780,33370,10
E01003781,6707,2
E01003782,10094,3
E01003783,2583,1
E01003784,11545,4
E01003785,5719,2
E01003786,20489,7
E01003787,18799,6
E01003788,4070,2
E01003789,28245,9
E01003790,21545,7
E01003791,30402,10
E01003792,27909,9
E01003793,11201,4
E01003794,26358,8
E01003795,31130,10
E01003796,27397,9
E01003797,30853,10
E01003798,22516,7
E01003799,27482,9
E01003800,20104,6
E01003801,31212,10
E01003802,33152,10
E01003803,10864,4
E01003804,27414,9
E01003805,30525,10
E01003806,29416,9
E01003807,24817,8
E01003808,25639,8
E01003809,27611,9
E01003810,29481,9
E01003811,30884,10
E01003812,26426,8
E01003813,32156,10
E01003814,29186,9
E01003815,25589,8
E01003816,26529,8
E01003817,23786,8
E01003818,31080,10
E01003819,13710,5
E01003820,21994,7
E01003821,30676,10
E01003822,33407,10
E01003823,27731,9
E01003824,32439,10
E01003825,33179,10
E01003826,12946,4
E01003827,25698,8
E01003828,31820,10
E01003829,9901,3
E01003830,27274,9
E01003831,29385,9
E01003832,6805,3
E01003833,19891,6
E01003834,23887,8
E01003835,32157,10
E01003836,20340,7
E01003837,30138,9
E01003838,30057,9
E01003839,24188,8
E01003840,18068,6
E01003841,7041,3
E01003842,16618,5
E01003843,14825,5
E01003844,27688,9
E01003845,29344,9
E01003846,28380,9
E01003847,28037,9
E01003848,25537,8
E01003849,25475,8
E01003851,26514,8
E01003852,25008,8
E01003853,22473,7
E01003854,19862,6
E01003855,15591,5
E01003856,28498,9
E01003857,28633,9
E01003858,28741,9
E01003859,26741,8
E01003860,25418,8
E01003861,28184,9
E01003862,19134,6
E01003863,16447,5
E01003864,26964,8
E01003865,24105,8
E01003866,30939,10
E01003867,25079,8
E01003868,29586,9
E01003869,30165,9
E01003870,31768,10
E01003871,31172,10
E01003872,28186,9
E01003873,25233,8
E01003874,29357,9
E01003875,26677,8
E01003876,25151,8
E01003877,27336,9
E01003878,15511,5
E01003879,30252,9
E01003880,29831,9
E01003881,31759,10
E01003882,29736,9
E01003883,30323,9
E01003884,27659,9
E01003885,29102,9
E01003886,30601,10
E01003887,31498,10
E01003888,20783,7
E01003889,30514,10
E01003890,30577,10
E01003891,32866,10
E01003892,33117,10
E01003893,29336,9
E01003894,29662,9
E01003895,27985,9
E01003896,25844,8
E01003897,26776,8
E01003898,28203,9
E01003899,28889,9
E01003900,15331,5
E01003901,32150,10
E01003902,30005,9
E01003903,20276,7
E01003904,25017,8
E01003905,26701,8
E01003906,22171,7
E01003907,15354,5
E01003908,27395,9
E01003909,21972,7
E01003910,31800,10
E01003911,11515,4
E01003912,8844,3
E01003913,13843,5
E01003914,14306,5
E01003915,11162,4
E01003916,16652,5
E01003917,11383,4
E01003918,8292,3
E01003919,10444,4
E01003920,8690,3
E01003921,5899,2
E01003922,8590,3
E01003923,10894,4
E01003924,8872,3
E01003925,12516,4
E01003926,9797,3
E01003929,11656,4
E01003930,16262,5
E01003932,4977,2
E01003933,15315,5
E01003934,24168,8
E01003935,15798,5
E01003936,25763,8
E01003937,16363,5
E01003938,14761,5
E01003939,17778,6
E01003940,9122,3
E01003941,17232,6
E01003942,10372,4
E01003943,8600,3
E01003945,21541,7
E01003946,21980,7
E01003947,6628,2
E01003948,20114,6
E01003949,18311,6
E01003950,9593,3
E01003951,21800,7
E01003952,14944,5
E01003953,17183,6
E01003954,21820,7
E01003955,17201,6
E01003956,21050,7
E01003957,22211,7
E01003958,18542,6
E01003960,14464,5
E01003961,5000,2
E01003963,6916,3
E01003966,6709,2
E01003969,11017,4
E01003971,8388,3
E01003972,10246,4
E01003973,8204,3
E01003975,9652,3
E01003976,10518,4
E01003977,8688,3
E01003979,7871,3
E01003980,6802,3
E01003981,11498,4
E01003983,7780,3
E01003984,10257,4
E01003986,5635,2
E01003987,6109,2
E01003988,5772,2
E01003989,10544,4
E01003990,8943,3
E01003991,7137,3
E01003992,7208,3
E01003993,10476,4
E01003994,8354,3
E01003995,6017,2
E01003997,10703,4
E01003998,10447,4
E01003999,12491,4
E01004000,9358,3
E01004001,7151,3
E01004002,19660,6
E01004003,6826,3
E01004004,10071,3
E01004005,5439,2
E01004006,11294,4
E01004007,7462,3
E01004008,6846,3
E01004010,6753,3
E01004011,8137,3
E01004012,12236,4
E01004013,9089,3
E01004014,7895,3
E01004015,17226,6
E01004016,19490,6
E01004017,22087,7
E01004018,23708,8
E01004019,14178,5
E01004020,10805,4
E01004021,20078,6
E01004023,8173,3
E01004024,8692,3
E01004028,8067,3
E01004029,23642,8
E01004030,13914,5
E01004031,15005,5
E01004032,31480,10
E01004033,9829,3
E01004034,7830,3
E01004035,7810,3
E01004036,7954,3
E01004037,8888,3
E01004038,11156,4
E01004039,13540,5
E01004040,5305,2
E01004041,9900,3
E01004042,4428,2
E01004043,11440,4
E01004044,7458,3
E01004045,9120,3
E01004046,15655,5
E01004047,11188,4
E01004048,15317,5
E01004049,11531,4
E01004050,21542,7
E01004051,23073,7
E01004052,16160,5
E01004053,28419,9
E01004054,29375,9
E01004055,7378,3
E01004056,18633,6
E01004057,15719,5
E01004058,31955,10
E01004059,26461,8
E01004060,11883,4
E01004061,14902,5
E01004062,9250,3
E01004063,13430,4
E01004064,10137,4
E01004065,16966,6
E01004066,11414,4
E01004067,6010,2
E01004068,7783,3
E01004069,27341,9
E01004070,19909,6
E01004071,12628,4
E01004072,23550,7
E01004073,23575,7
E01004074,23404,7
E01004075,26320,8
E01004076,15935,5
E01004077,20310,7
E01004078,14969,5
E01004079,32623,10
E01004080,31026,10
E01004081,21045,7
E01004082,29479,9
E01004083,4409,2
E01004084,32441,10
E01004085,32087,10
E01004086,20229,6
E01004087,32531,10
E01004088,2364,1
E01004089,5184,2
E01004090,4507,2
E01004091,33449,10
E01004092,31082,10
E01004093,32323,10
E01004094,28745,9
E01004095,32470,10
E01004096,19917,6
E01004097,29139,9
E01004098,28378,9
E01004099,13951,5
E01004100,26505,8
E01004101,31272,10
E01004102,23068,7
E01004103,22709,7
E01004104,31926,10
E01004105,29158,9
E01004106,33513,10
E01004107,19906,6
E01004108,26446,8
E01004109,16279,5
E01004110,21963,7
E01004111,26855,8
E01004112,32583,10
E01004114,33356,10
E01004115,27091,9
E01004116,30952,10
E01004117,32897,10
E01004118,21301,7
E01004119,30281,9
E01004120,32240,10
E01004121,23697,8
E01004122,32461,10
E01004123,8825,3
E01004124,11004,4
E01004125,6525,2
E01004126,10042,3
E01004127,15001,5
E01004128,11710,4
E01004129,6653,2
E01004130,25381,8
E01004131,25218,8
E01004132,32116,10
E01004133,31723,10
E01004134,22010,7
E01004135,27718,9
E01004136,30312,9
E01004137,24964,8
E01004138,19591,6
E01004139,20620,7
E01004140,7399,3
E01004141,10935,4
E01004143,22223,7
E01004144,26338,8
E01004145,22991,7
E01004146,24943,8
E01004147,27634,9
E01004148,11015,4
E01004149,24891,8
E01004150,15747,5
E01004151,22082,7
E01004152,18271,6
E01004153,25431,8
E01004154,32346,10
E01004155,28074,9
E01004156,24761,8
E01004157,33109,10
E01004158,27781,9
E01004159,24033,8
E01004160,26479,8
E01004161,27475,9
E01004162,21023,7
E01004163,24008,8
E01004164,23643,8
E01004165,16146,5
E01004166,21606,7
E01004167,9185,3
E01004168,27827,9
E01004169,16875,5
E01004170,21561,7
E01004171,26983,8
E01004172,10296,4
E01004173,22830,7
E01004174,17089,6
E01004175,25154,8
E01004176,19489,6
E01004177,12012,4
E01004178,13689,5
E01004179,31096,10
E01004180,32731,10
E01004181,16708,5
E01004182,9088,3
E01004183,9242,3
E01004184,8566,3
E01004185,8910,3
E01004186,19352,6
E01004187,13821,5
E01004189,9334,3
E01004190,32843,10
E01004191,25411,8
E01004192,23087,7
E01004193,25239,8
E01004194,20794,7
E01004195,23314,7
E01004196,30493,10
E01004198,3183,1
E01004199,3553,2
E01004200,12777,4
E01004201,10737,4
E01004202,11187,4
E01004203,7827,3
E01004204,5300,2
E01004205,2820,1
E01004206,2022,1
E01004207,3709,2
E01004208,7919,3
E01004209,2588,1
E01004211,6290,2
E01004212,8034,3
E01004214,1919,1
E01004216,13837,5
E01004217,10251,4
E01004218,18216,6
E01004219,8309,3
E01004221,8544,3
E01004222,5303,2
E01004223,6074,2
E01004226,7482,3
E01004228,14838,5
E01004229,10007,3
E01004230,9721,3
E01004231,5070,2
E01004232,14122,5
E01004233,8733,3
E01004234,16434,5
E01004235,2295,1
E01004236,2199,1
E01004237,5076,2
E01004239,5020,2
E01004240,4624,2
E01004241,2576,1
E01004243,5839,2
E01004244,3483,2
E01004245,9098,3
E01004247,3648,2
E01004248,2206,1
E01004249,3256,1
E01004251,6008,2
E01004255,4417,2
E01004256,2972,1
E01004257,2876,1
E01004258,16769,5
E01004259,9011,3
E01004260,4413,2
E01004263,3959,2
E01004264,2880,1
E01004266,8498,3
E01004267,6878,3
E01004268,5222,2
E01004270,11150,4
E01004271,8384,3
E01004272,4069,2
E01004274,7716,3
E01004275,12258,4
E01004276,29477,9
E01004277,26984,8
E01004280,9476,3
E01004281,23276,7
E01004283,4333,2
E01004286,4894,2
E01004287,3838,2
E01004288,3567,2
E01004289,4969,2
E01004290,7672,3
E01004291,23180,7
E01004292,30381,10
E01004293,27562,9
E01004295,4826,2
E01004296,10228,4
E01004297,27253,9
E01004298,2338,1
E01004300,2678,1
E01004301,3192,1
E01004302,3257,1
E01004303,7318,3
E01004304,3364,1
E01004305,3619,2
E01004306,5760,2
E01004307,17906,6
E01004308,6123,2
E01004309,2794,1
E01004310,6873,3
E01004311,7026,3
E01004312,4179,2
E01004313,5371,2
E01004315,7807,3
E01004316,4209,2
E01004319,5853,2
E01004321,5378,2
E01004322,3313,1
E01004323,5823,2
E01004324,3844,2
E01004326,5619,2
E01004327,10224,4
E01004328,10531,4
E01004329,11334,4
E01004330,17010,6
E01004331,7950,3
E01004332,8113,3
E01004333,8724,3
E01004334,4787,2
E01004335,4609,2
E01004336,7617,3
E01004337,6983,3
E01004338,12734,4
E01004339,14742,5
E01004340,6493,2
E01004341,6193,2
E01004342,11798,4
E01004343,20939,7
E01004344,10195,4
E01004345,14184,5
E01004346,19082,6
E01004347,19475,6
E01004348,13872,5
E01004349,12229,4
E01004350,12499,4
E01004351,26420,8
E01004352,26254,8
E01004353,21247,7
E01004354,18571,6
E01004355,12072,4
E01004356,15503,5
E01004357,18830,6
E01004358,17085,6
E01004359,22478,7
E01004360,27037,9
E01004361,24039,8
E01004362,15575,5
E01004363,16697,5
E01004364,8735,3
E01004365,6315,2
E01004366,19049,6
E01004367,9983,3
E01004368,15922,5
E01004369,15335,5
E01004370,16746,5
E01004371,16994,6
E01004372,22825,7
E01004373,11646,4
E01004374,18004,6
E01004375,13107,4
E01004376,12916,4
E01004377,18379,6
E01004378,15188,5
E01004379,27220,9
E01004380,17565,6
E01004381,20313,7
E01004382,10146,4
E01004383,24065,8
E01004384,6244,2
E01004385,10565,4
E01004386,30551,10
E01004387,33024,10
E01004388,13427,4
E01004389,10197,4
E01004390,9661,3
E01004391,13292,4
E01004392,9658,3
E01004393,7341,3
E01004394,8153,3
E01004395,18889,6
E01004396,13312,4
E01004397,9211,3
E01004398,6974,3
E01004399,6423,2
E01004400,10225,4
E01004401,14121,5
E01004402,10336,4
E01004403,11831,4
E01004404,9392,3
E01004405,12903,4
E01004406,11397,4
E01004407,1283,1
E01004408,14326,5
E01004409,11003,4
E01004410,9920,3
E01004411,14547,5
E01004412,18842,6
E01004413,9165,3
E01004414,14748,5
E01004415,11623,4
E01004416,21538,7
E01004417,16157,5
E01004418,17829,6
E01004419,15428,5
E01004420,3445,2
E01004421,11019,4
E01004422,13506,5
E01004423,5238,2
E01004424,5742,2
E01004425,10738,4
E01004426,12965,4
E01004427,10121,3
E01004428,5232,2
E01004429,12197,4
E01004430,12369,4
E01004432,12203,4
E01004434,9187,3
E01004435,6722,2
E01004436,9808,3
E01004437,9275,3
E01004438,13801,5
E01004439,14847,5
E01004440,12507,4
E01004441,22879,7
E01004442,21910,7
E01004443,13232,4
E01004444,8380,3
E01004445,14509,5
E01004446,15424,5
E01004447,17677,6
E01004448,11494,4
E01004449,5057,2
E01004450,22004,7
E01004451,18757,6
E01004452,11102,4
E01004453,12475,4
E01004454,14683,5
E01004455,9251,3
E01004456,5358,2
E01004457,13478,4
E01004458,10597,4
E01004459,3855,2
E01004460,10478,4
E01004462,14711,5
E01004463,20729,7
E01004464,6147,2
E01004465,20815,7
E01004466,24445,8
E01004467,6783,3
E01004468,20567,7
E01004469,5318,2
E01004470,9749,3
E01004471,9853,3
E01004472,29207,9
E01004473,26061,8
E01004474,19080,6
E01004475,24493,8
E01004476,22491,7
E01004477,30612,10
E01004478,31173,10
E01004479,28595,9
E01004480,27957,9
E01004481,20958,7
E01004482,24137,8
E01004483,25947,8
E01004484,22878,7
E01004485,23320,7
E01004486,25096,8
E01004487,20894,7
E01004488,23051,7
E01004489,16893,6
E01004490,30059,9
E01004491,22682,7
E01004492,19980,6
E01004493,20653,7
E01004494,18443,6
E01004495,14811,5
E01004496,21760,7
E01004497,23848,8
E01004498,28003,9
E01004499,21534,7
E01004500,26021,8
E01004501,15622,5
E01004502,28376,9
E01004503,18941,6
E01004504,28461,9
E01004505,29564,9
E01004506,29310,9
E01004507,29312,9
E01004508,24472,8
E01004510,25379,8
E01004511,26585,8
E01004512,27079,9
E01004513,16825,5
E01004514,24997,8
E01004515,19678,6
E01004516,25437,8
E01004517,15359,5
E01004518,22219,7
E01004519,16818,5
E01004520,17675,6
E01004521,16355,5
E01004522,13597,5
E01004523,16424,5
E01004524,5080,2
E01004525,10712,4
E01004526,14377,5
E01004527,21144,7
E01004528,6892,3
E01004529,19588,6
E01004530,21062,7
E01004531,13616,5
E01004532,20862,7
E01004533,11931,4
E01004534,23241,7
E01004535,3494,2
E01004536,12025,4
E01004537,8685,3
E01004538,16009,5
E01004539,8496,3
E01004540,14101,5
E01004541,5685,2
E01004542,30124,9
E01004543,28939,9
E01004544,29017,9
E01004545,27165,9
E01004546,29821,9
E01004547,20239,6
E01004548,19844,6
E01004549,19491,6
E01004550,20475,7
E01004551,17015,6
E01004552,23095,7
E01004553,26887,8
E01004554,26040,8
E01004555,28039,9
E01004556,28879,9
E01004557,28086,9
E01004558,28890,9
E01004559,29748,9
E01004560,19458,6
E01004563,9364,3
E01004564,15805,5
E01004565,14368,5
E01004566,22328,7
E01004567,8251,3
E01004568,9648,3
E01004569,6440,2
E01004570,5537,2
E01004571,7680,3
E01004572,14893,5
E01004573,10588,4
E01004574,5481,2
E01004575,10076,3
E01004576,8651,3
E01004577,23896,8
E01004579,21176,7
E01004580,19830,6
E01004581,21933,7
E01004582,29607,9
E01004583,22170,7
E01004584,8647,3
E01004585,22890,7
E01004586,25898,8
E01004587,26185,8
E01004588,21304,7
E01004589,26504,8
E01004590,11447,4
E01004591,14249,5
E01004592,7786,3
E01004593,27167,9
E01004594,31017,10
E01004595,28817,9
E01004596,30667,10
E01004597,26396,8
E01004598,31266,10
E01004599,32762,10
E01004601,19562,6
E01004602,27192,9
E01004604,27297,9
E01004605,21490,7
E01004606,27638,9
E01004607,27858,9
E01004608,20782,7
E01004609,22900,7
E01004610,23957,8
E01004611,19886,6
E01004612,13678,5
E01004613,8861,3
E01004614,18230,6
E01004615,4750,2
E01004616,16416,5
E01004617,16324,5
E01004618,27804,9
E01004619,27663,9
E01004620,25201,8
E01004621,23867,8
E01004622,12463,4
E01004623,28153,9
E01004624,21922,7
E01004625,32416,10
E01004626,23443,7
E01004627,24819,8
E01004628,13952,5
E01004629,28322,9
E01004630,7095,3
E01004631,14338,5
E01004632,24743,8
E01004633,6784,3
E01004634,19268,6
E01004635,20046,6
E01004636,17499,6
E01004637,17284,6
E01004638,29021,9
E01004639,24611,8
E01004640,29178,9
E01004641,18255,6
E01004642,19006,6
E01004643,13727,5
E01004644,20373,7
E01004645,9302,3
E01004646,20436,7
E01004647,15228,5
E01004648,23070,7
E01004649,28323,9
E01004650,27933,9
E01004651,26140,8
E01004652,15289,5
E01004653,24203,8
E01004654,21325,7
E01004656,11404,4
E01004657,20579,7
E01004658,14126,5
E01004659,20117,6
E01004660,24078,8
E01004661,16285,5
E01004662,18684,6
E01004663,15482,5
E01004665,2470,1
E01004668,8842,3
E01004669,5728,2
E01004670,2194,1
E01004674,4914,2
E01004675,4318,2
E01004676,10450,4
E01004677,8656,3
E01004678,8683,3
E01004679,3738,2
E01004680,22098,7
E01004681,22442,7
E01004682,11815,4
E01004683,23718,8
E01004684,11632,4
E01004686,6388,2
E01004687,26945,8
E01004690,24755,8
E01004691,25385,8
E01004692,25711,8
E01004693,21484,7
E01004694,18171,6
E01004695,13076,4
E01004696,5121,2
E01004697,17671,6
E01004698,10461,4
E01004699,16537,5
E01004700,16988,6
E01004701,23604,7
E01004702,3233,1
E01004703,22915,7
E01004705,26415,8
E01004706,27008,9
E01004707,28257,9
E01004708,11850,4
E01004709,11727,4
E01004710,8049,3
E01004711,7370,3
E01004712,21777,7
E01004713,27616,9
E01004714,26473,8
E01004715,16737,5
E01004716,28688,9
E01004717,23488,7
E01004718,7118,3
E01004719,6503,2
E01004720,8101,3
E01004721,2920,1
E01004722,4945,2
E01004723,5797,2
E01004724,22690,7
E01004725,10091,3
E01004726,24626,8
E01004727,25313,8
E01004728,18395,6
E01004729,7338,3
E01004730,27088,9
E01004731,28289,9
E01004732,1338,1
E01004733,21213,7
E01004734,9191,3
E01004735,13237,4
E01004736,24593,8
E01004737,11016,4
E01004740,4731,2
E01004741,9285,3
E01004742,16599,5
E01004743,13343,4
E01004744,9244,3
E01004746,5551,2
E01004747,12909,4
E01004748,20241,6
E01004749,14408,5
E01004750,10871,4
E01004751,18920,6
E01004752,6499,2
E01004753,14915,5
E01004754,3834,2
E01004755,8862,3
E01004756,6990,3
E01004757,3320,1
E01004760,12896,4
E01004761,20936,7
E01004762,19310,6
E01004763,11944,4
E01004765,16070,5
E01004766,6907,3
E01004767,13203,4
E01004768,30794,10
E01004769,27111,9
E01004770,24397,8
E01004771,28855,9
E01004772,5714,2
E01004773,19972,6
E01004774,7568,3
E01004775,28488,9
E01004776,12752,4
E01004777,9499,3
E01004778,23692,8
E01004779,14132,5
E01004780,24148,8
E01004781,23326,7
E01004782,14570,5
E01004783,21946,7
E01004784,31437,10
E01004785,11461,4
E01004786,23595,7
E01004787,295,1
E01004788,32202,10
E01004789,29582,9
E01004790,19473,6
E01004791,24182,8
E01004792,31074,10
E01004793,1383,1
E01004794,679,1
E01004795,3701,2
E01004796,9709,3
E01004797,2937,1
E01004798,5045,2
E01004799,23719,8
E01004800,22159,7
E01004801,362,1
E01004802,1626,1
E01004803,30127,9
E01004804,32025,10
E01004805,30811,10
E01004806,26829,8
E01004807,29419,9
E01004808,32303,10
E01004809,12847,4
E01004810,29411,9
E01004811,815,1
E01004812,3255,1
E01004813,3861,2
E01004814,4230,2
E01004815,5429,2
E01004816,10407,4
E01004817,5001,2
E01004818,1681,1
E01004819,7886,3
E01004820,704,1
E01004822,2012,1
E01004823,228,1
E01004824,4807,2
E01004825,3342,1
E01004826,1382,1
E01004827,1723,1
E01004828,2584,1
E01004829,2051,1
E01004830,2285,1
E01004831,11214,4
E01004832,6717,2
E01004833,16941,6
E01004834,4923,2
E01004835,21459,7
E01004836,17994,6
E01004837,29832,9
E01004838,2055,1
E01004839,1324,1
E01004840,14431,5
E01004841,236,1
E01004842,31333,10
E01004843,25981,8
E01004844,31235,10
E01004845,18815,6
E01004846,1527,1
E01004847,2984,1
E01004848,1778,1
E01004849,1671,1
E01004850,1378,1
E01004851,2221,1
E01004852,3977,2
E01004853,2341,1
E01004854,4300,2
E01004855,4907,2
E01004856,1074,1
E01004857,3205,1
E01004858,2977,1
E01004859,756,1
E01004860,7106,3
E01004861,3197,1
E01004862,1462,1
E01004863,622,1
E01004864,10979,4
E01004865,5559,2
E01004866,1076,1
E01004867,4305,2
E01004868,4294,2
E01004869,821,1
E01004870,2547,1
E01004871,1568,1
E01004872,5856,2
E01004873,5163,2
E01004874,5806,2
E01004875,11729,4
E01004876,4144,2
E01004877,1337,1
E01004878,7751,3
E01004879,3809,2
E01004880,14167,5
E01004881,3966,2
E01004882,16543,5
E01004883,16024,5
E01004884,30010,9
E01004885,32148,10
E01004886,5579,2
E01004887,7865,3
E01004888,12646,4
E01004889,8455,3
E01004890,10322,4
E01004891,18193,6
E01004892,23227,7
E01004893,30773,10
E01004894,17225,6
E01004895,8048,3
E01004896,29004,9
E01004897,26851,8
E01004899,13081,4
E01004900,20075,6
E01004901,32828,10
E01004902,5914,2
E01004903,28088,9
E01004904,18754,6
E01004905,5380,2
E01004906,4947,2
E01004907,5887,2
E01004908,17914,6
E01004909,9347,3
E01004910,17846,6
E01004911,3930,2
E01004912,18915,6
E01004913,12877,4
E01004914,25786,8
E01004915,26302,8
E01004916,8521,3
E01004917,8728,3
E01004918,26200,8
E01004919,19465,6
E01004920,11775,4
E01004921,10437,4
E01004922,6509,2
E01004923,10017,3
E01004924,29591,9
E01004925,17454,6
E01004926,1619,1
E01004927,1865,1
E01004928,1976,1
E01004929,10043,3
E01004930,18376,6
E01004931,5777,2
E01004932,4965,2
E01004933,19789,6
E01004934,14627,5
E01004935,24916,8
E01004936,11962,4
E01004937,28565,9
E01004938,2326,1
E01004939,9253,3
E01004940,21190,7
E01004941,9670,3
E01004942,2290,1
E01004943,12609,4
E01004944,26801,8
E01004945,24393,8
E01004946,1932,1
E01004947,5861,2
E01004948,3743,2
E01004949,32424,10
E01004950,31804,10
E01004951,27163,9
E01004952,31179,10
E01004953,30023,9
E01004954,13934,5
E01004955,8366,3
E01004956,4851,2
E01004957,1974,1
E01004958,1766,1
E01004959,3070,1
E01004960,82,1
E01004961,9659,3
E01004962,16986,6
E01004963,19620,6
E01004964,9675,3
E01004965,30140,9
E01004966,6449,2
E01004967,28216,9
E01004968,30786,10
E01004969,4900,2
E01004970,25181,8
E01004971,28410,9
E01004972,6918,3
E01004973,24020,8
E01004974,23383,7
E01004975,15647,5
E01004976,6312,2
E01004977,14450,5
E01004978,7787,3
E01004979,654,1
E01004980,3989,2
E01004981,14622,5
E01004982,25387,8
E01004983,19476,6
E01004984,29384,9
E01004985,30607,10
E01004986,10846,4
E01004987,2110,1
E01004988,15530,5
E01004989,28619,9
E01004990,6659,2
E01004991,11424,4
E01004992,8421,3
E01004993,13417,4
E01004994,6014,2
E01004995,22304,7
E01004996,1435,1
E01004997,12644,4
E01004998,21317,7
E01004999,17874,6
E01005000,27026,9
E01005001,29182,9
E01005002,17610,6
E01005003,5844,2
E01005004,200,1
E01005005,19918,6
E01005006,17559,6
E01005007,19598,6
E01005008,1913,1
E01005009,2689,1
E01005010,17375,6
E01005011,27527,9
E01005012,6635,2
E01005013,7403,3
E01005014,17820,6
E01005015,7433,3
E01005016,20870,7
E01005017,24109,8
E01005018,13452,4
E01005019,25818,8
E01005020,32407,10
E01005021,28955,9
E01005022,25565,8
E01005023,17739,6
E01005024,3704,2
E01005025,13418,4
E01005026,6863,3
E01005027,3156,1
E01005028,4190,2
E01005029,6337,2
E01005030,4165,2
E01005031,9744,3
E01005032,4460,2
E01005033,18781,6
E01005034,15006,5
E01005035,22345,7
E01005036,9145,3
E01005037,25378,8
E01005038,29086,9
E01005039,7401,3
E01005040,12722,4
E01005041,18270,6
E01005042,16299,5
E01005043,17782,6
E01005044,6405,2
E01005045,14517,5
E01005046,30155,9
E01005047,24870,8
E01005048,32086,10
E01005049,24050,8
E01005050,25478,8
E01005051,19985,6
E01005052,28349,9
E01005053,14663,5
E01005054,18097,6
E01005055,28432,9
E01005056,25369,8
E01005057,21518,7
E01005058,29053,9
E01005059,11062,4
E01005060,16358,5
E01005061,1719,1
E01005063,2329,1
E01005065,3104,1
E01005066,2788,1
E01005067,2900,1
E01005068,3613,2
E01005069,20565,7
E01005070,4361,2
E01005071,6602,2
E01005072,5336,2
E01005073,14571,5
E01005074,2758,1
E01005075,3502,2
E01005076,17685,6
E01005077,1243,1
E01005078,24030,8
E01005079,14623,5
E01005081,2284,1
E01005082,5864,2
E01005083,27669,9
E01005084,12677,4
E01005085,1150,1
E01005086,1020,1
E01005087,1048,1
E01005088,675,1
E01005089,845,1
E01005090,658,1
E01005091,2324,1
E01005092,605,1
E01005093,1574,1
E01005094,820,1
E01005097,1191,1
E01005098,1821,1
E01005099,348,1
E01005100,5340,2
E01005101,2641,1
E01005102,6227,2
E01005103,1173,1
E01005104,3783,2
E01005105,6443,2
E01005106,633,1
E01005107,1780,1
E01005111,6270,2
E01005112,5504,2
E01005113,1439,1
E01005114,22428,7
E01005115,9299,3
E01005116,9270,3
E01005117,1847,1
E01005118,11639,4
E01005119,4136,2
E01005120,7090,3
E01005121,2317,1
E01005122,5330,2
E01005123,2842,1
E01005124,3416,2
E01005125,4299,2
E01005126,16469,5
E01005128,17043,6
E01005129,2128,1
E01005130,1303,1
E01005132,2522,1
E01005135,2248,1
E01005136,4060,2
E01005138,2402,1
E01005139,7750,3
E01005141,494,1
E01005142,294,1
E01005143,1871,1
E01005145,2805,1
E01005147,2034,1
E01005149,2958,1
E01005150,10670,4
E01005151,14251,5
E01005152,26728,8
E01005153,17296,6
E01005154,18878,6
E01005155,27558,9
E01005156,22469,7
E01005157,30796,10
E01005158,10114,3
E01005159,23122,7
E01005160,4718,2
E01005161,6049,2
E01005162,5832,2
E01005163,4166,2
E01005164,1863,1
E01005165,1025,1
E01005166,1274,1
E01005167,2777,1
E01005168,24838,8
E01005169,31104,10
E01005170,24454,8
E01005171,15234,5
E01005172,25375,8
E01005173,31196,10
E01005174,32096,10
E01005175,20856,7
E01005176,21315,7
E01005177,27303,9
E01005178,4437,2
E01005179,11475,4
E01005180,2606,1
E01005181,11274,4
E01005182,2760,1
E01005183,2177,1
E01005184,12756,4
E01005185,12384,4
E01005186,2463,1
E01005187,777,1
E01005188,3804,2
E01005189,66,1
E01005190,904,1
E01005191,559,1
E01005192,3189,1
E01005193,2082,1
E01005195,1938,1
E01005197,558,1
E01005198,1447,1
E01005199,3570,2
E01005200,4958,2
E01005201,307,1
E01005202,285,1
E01005203,93,1
E01005205,161,1
E01005206,3160,1
E01005207,2125,1
E01005208,11216,4
E01005210,8701,3
E01005212,13568,5
E01005213,2812,1
E01005214,13536,5
E01005215,6590,2
E01005216,11786,4
E01005217,15420,5
E01005218,6811,3
E01005219,3275,1
E01005220,4876,2
E01005221,5092,2
E01005222,3068,1
E01005223,3390,2
E01005224,2299,1
E01005225,1738,1
E01005226,1205,1
E01005227,590,1
E01005228,764,1
E01005229,13009,4
E01005230,3042,1
E01005231,13522,5
E01005232,3329,1
E01005233,1013,1
E01005234,784,1
E01005235,739,1
E01005236,2740,1
E01005237,1794,1
E01005238,1747,1
E01005239,611,1
E01005243,3008,1
E01005244,7163,3
E01005245,2647,1
E01005246,1034,1
E01005247,10745,4
E01005248,14951,5
E01005249,8235,3
E01005250,5259,2
E01005251,3957,2
E01005252,2860,1
E01005253,3987,2
E01005254,12409,4
E01005255,258,1
E01005256,2254,1
E01005257,502,1
E01005258,1837,1
E01005259,103,1
E01005260,5860,2
E01005261,624,1
E01005262,6486,2
E01005263,6223,2
E01005264,4189,2
E01005265,4198,2
E01005266,4822,2
E01005267,13767,5
E01005268,16389,5
E01005269,17939,6
E01005270,3975,2
E01005271,7887,3
E01005272,2590,1
E01005273,13469,4
E01005274,6588,2
E01005275,25029,8
E01005276,14947,5
E01005277,26382,8
E01005278,12953,4
E01005279,6931,3
E01005280,3297,1
E01005281,16793,5
E01005284,8180,3
E01005285,1149,1
E01005286,10822,4
E01005287,2105,1
E01005288,1692,1
E01005289,854,1
E01005290,2766,1
E01005291,557,1
E01005292,2311,1
E01005293,14931,5
E01005294,12683,4
E01005295,13271,4
E01005296,15875,5
E01005297,7699,3
E01005298,7926,3
E01005299,13816,5
E01005300,16908,6
E01005301,18843,6
E01005302,8275,3
E01005304,19964,6
E01005305,20985,7
E01005306,28791,9
E01005307,22945,7
E01005308,7925,3
E01005309,10775,4
E01005310,7205,3
E01005311,10113,3
E01005312,11013,4
E01005313,3614,2
E01005314,3030,1
E01005315,2260,1
E01005316,7663,3
E01005317,4873,2
E01005318,3137,1
E01005319,4697,2
E01005320,1509,1
E01005321,1576,1
E01005322,169,1
E01005323,2544,1
E01005324,2002,1
E01005325,491,1
E01005326,2203,1
E01005327,11072,4
E01005328,1736,1
E01005329,27950,9
E01005330,22689,7
E01005331,6307,2
E01005332,6035,2
E01005333,28601,9
E01005334,28518,9
E01005335,25936,8
E01005336,27480,9
E01005337,2669,1
E01005338,2052,1
E01005339,27096,9
E01005340,2510,1
E01005341,8694,3
E01005342,3074,1
E01005343,7367,3
E01005344,3848,2
E01005345,18896,6
E01005346,17167,6
E01005347,13847,5
E01005348,2838,1
E01005349,736,1
E01005350,140,1
E01005351,1893,1
E01005352,1555,1
E01005353,427,1
E01005354,3796,2
E01005355,6469,2
E01005356,20529,7
E01005357,28236,9
E01005358,7305,3
E01005359,21040,7
E01005360,8379,3
E01005361,25344,8
E01005362,12135,4
E01005363,9130,3
E01005364,21564,7
E01005365,19459,6
E01005366,5827,2
E01005367,26015,8
E01005368,2621,1
E01005369,5434,2
E01005370,2168,1
E01005371,4596,2
E01005372,9050,3
E01005373,22299,7
E01005374,10530,4
E01005375,25571,8
E01005376,2119,1
E01005377,2160,1
E01005378,4690,2
E01005379,666,1
E01005380,2447,1
E01005381,2877,1
E01005382,1507,1
E01005383,2863,1
E01005386,813,1
E01005387,12225,4
E01005388,12804,4
E01005389,2457,1
E01005390,22668,7
E01005391,14296,5
E01005392,2892,1
E01005393,16595,5
E01005394,19313,6
E01005395,20215,6
E01005396,13986,5
E01005397,12167,4
E01005398,13717,5
E01005399,15966,5
E01005400,3434,2
E01005401,24419,8
E01005402,13345,4
E01005403,21365,7
E01005406,25836,8
E01005407,26516,8
E01005408,24981,8
E01005409,22208,7
E01005410,23533,7
E01005411,19192,6
E01005412,21677,7
E01005413,29109,9
E01005414,15180,5
E01005415,14390,5
E01005416,20790,7
E01005417,22961,7
E01005418,27566,9
E01005419,19729,6
E01005420,11304,4
E01005421,3806,2
E01005422,514,1
E01005427,230,1
E01005428,964,1
E01005429,738,1
E01005430,2188,1
E01005431,3310,1
E01005432,533,1
E01005433,254,1
E01005434,39,1
E01005435,2276,1
E01005436,9751,3
E01005437,4011,2
E01005438,3347,1
E01005439,10046,3
E01005440,6708,2
E01005441,3865,2
E01005442,27746,9
E01005443,26354,8
E01005444,9710,3
E01005445,5829,2
E01005446,11426,4
E01005447,2910,1
E01005448,196,1
E01005449,3982,2
E01005450,1088,1
E01005451,9371,3
E01005452,20680,7
E01005453,24225,8
E01005454,13424,4
E01005455,12460,4
E01005456,499,1
E01005459,448,1
E01005460,2987,1
E01005461,3274,1
E01005462,6352,2
E01005463,1782,1
E01005464,2496,1
E01005465,9466,3
E01005466,498,1
E01005467,2932,1
E01005468,28547,9
E01005469,9370,3
E01005470,2804,1
E01005471,2684,1
E01005472,1926,1
E01005473,3632,2
E01005474,11357,4
E01005475,3000,1
E01005476,10927,4
E01005477,2564,1
E01005478,10333,4
E01005479,9478,3
E01005480,6765,3
E01005481,9036,3
E01005482,24,1
E01005483,1187,1
E01005484,175,1
E01005485,2358,1
E01005486,1455,1
E01005487,2904,1
E01005488,23374,7
E01005489,14190,5
E01005490,7514,3
E01005491,9745,3
E01005492,23148,7
E01005493,22339,7
E01005494,9669,3
E01005495,10460,4
E01005496,828,1
E01005497,1953,1
E01005498,7057,3
E01005499,11771,4
E01005500,11577,4
E01005501,2151,1
E01005502,4881,2
E01005503,29588,9
E01005504,4777,2
E01005505,10570,4
E01005506,7464,3
E01005507,14440,5
E01005508,26623,8
E01005509,1400,1
E01005510,24394,8
E01005511,13634,5
E01005512,6899,3
E01005513,1214,1
E01005514,6238,2
E01005515,699,1
E01005516,19178,6
E01005517,20675,7
E01005518,7306,3
E01005519,17915,6
E01005520,11895,4
E01005521,16616,5
E01005522,5966,2
E01005523,17333,6
E01005524,11487,4
E01005525,2739,1
E01005526,7637,3
E01005527,4967,2
E01005528,7569,3
E01005529,2149,1
E01005530,26864,8
E01005531,11660,4
E01005532,3389,2
E01005533,10324,4
E01005534,10608,4
E01005535,5906,2
E01005536,5357,2
E01005537,23387,7
E01005538,4480,2
E01005539,1345,1
E01005540,13991,5
E01005541,7287,3
E01005542,6197,2
E01005543,15703,5
E01005544,28642,9
E01005545,28979,9
E01005546,8719,3
E01005547,8634,3
E01005548,4367,2
E01005549,30662,10
E01005550,30429,10
E01005551,1640,1
E01005552,858,1
E01005553,3805,2
E01005554,16630,5
E01005555,21468,7
E01005556,12562,4
E01005557,25858,8
E01005558,10066,3
E01005559,1207,1
E01005560,14943,5
E01005561,12144,4
E01005562,9437,3
E01005563,2611,1
E01005564,1410,1
E01005565,3084,1
E01005566,3994,2
E01005567,14080,5
E01005568,242,1
E01005569,3304,1
E01005570,21047,7
E01005571,23559,7
E01005572,26914,8
E01005573,27477,9
E01005574,25927,8
E01005575,22588,7
E01005576,29671,9
E01005577,26889,8
E01005578,1256,1
E01005579,939,1
E01005580,3007,1
E01005581,1084,1
E01005583,1037,1
E01005585,2785,1
E01005586,543,1
E01005587,29058,9
E01005588,5661,2
E01005589,7546,3
E01005590,3577,2
E01005591,13023,4
E01005592,3119,1
E01005593,6221,2
E01005594,10949,4
E01005595,635,1
E01005596,16238,5
E01005597,20634,7
E01005598,22828,7
E01005599,3060,1
E01005600,11795,4
E01005601,2487,1
E01005602,1623,1
E01005603,5972,2
E01005604,9568,3
E01005605,5693,2
E01005610,7098,3
E01005611,3435,2
E01005612,563,1
E01005613,657,1
E01005614,2707,1
E01005615,286,1
E01005616,5264,2
E01005617,13926,5
E01005618,11087,4
E01005619,6667,2
E01005620,17294,6
E01005621,6398,2
E01005622,9588,3
E01005623,20246,6
E01005624,2175,1
E01005625,22728,7
E01005626,20840,7
E01005627,24075,8
E01005628,14744,5
E01005629,14746,5
E01005630,13525,5
E01005631,371,1
E01005632,12307,4
E01005633,7873,3
E01005634,30661,10
E01005635,12509,4
E01005636,24915,8
E01005637,13650,5
E01005638,4533,2
E01005639,163,1
E01005640,3215,1
E01005641,5043,2
E01005642,19506,6
E01005643,15292,5
E01005644,20857,7
E01005645,26421,8
E01005646,10008,3
E01005647,11462,4
E01005648,15153,5
E01005649,12837,4
E01005650,2901,1
E01005651,3700,2
E01005652,4511,2
E01005653,442,1
E01005654,6742,2
E01005656,6242,2
E01005657,4795,2
E01005659,2044,1
E01005660,130,1
E01005661,3324,1
E01005662,467,1
E01005663,6056,2
E01005664,1007,1
E01005665,625,1
E01005667,4193,2
E01005670,4476,2
E01005671,4652,2
E01005672,8447,3
E01005673,9008,3
E01005674,7469,3
E01005676,22646,7
E01005677,12098,4
E01005678,3016,1
E01005679,1493,1
E01005680,421,1
E01005681,1963,1
E01005682,28,1
E01005683,1111,1
E01005686,7570,3
E01005687,12100,4
E01005688,11322,4
E01005689,2037,1
E01005690,11208,4
E01005691,18439,6
E01005692,1520,1
E01005693,18042,6
E01005694,21199,7
E01005695,31233,10
E01005696,17307,6
E01005697,28861,9
E01005698,1530,1
E01005699,24983,8
E01005700,10096,3
E01005701,23047,7
E01005702,9105,3
E01005703,687,1
E01005704,3322,1
E01005706,2208,1
E01005707,1803,1
E01005708,3493,2
E01005709,681,1
E01005710,15140,5
E01005711,17061,6
E01005712,8695,3
E01005713,30072,9
E01005714,7747,3
E01005715,27370,9
E01005716,30791,10
E01005717,33005,10
E01005718,12825,4
E01005719,5815,2
E01005721,6497,2
E01005722,3843,2
E01005723,2542,1
E01005724,19196,6
E01005725,1654,1
E01005726,6791,3
E01005727,9587,3
E01005728,20824,7
E01005729,278,1
E01005730,10562,4
E01005731,2477,1
E01005732,4151,2
E01005733,3141,1
E01005734,14098,5
E01005735,30723,10
E01005736,27119,9
E01005737,29169,9
E01005738,27897,9
E01005739,31535,10
E01005740,26767,8
E01005741,30362,9
E01005742,26707,8
E01005743,21931,7
E01005744,7127,3
E01005745,18392,6
E01005746,1612,1
E01005747,28025,9
E01005748,32149,10
E01005749,20442,7
E01005750,18992,6
E01005751,15583,5
E01005752,7054,3
E01005753,1351,1
E01005754,92,1
E01005755,1675,1
E01005756,1318,1
E01005757,7075,3
E01005759,16525,5
E01005760,7726,3
E01005761,8822,3
E01005762,2773,1
E01005763,4013,2
E01005764,7254,3
E01005765,22387,7
E01005766,4730,2
E01005767,29118,9
E01005768,30447,10
E01005769,19203,6
E01005770,27285,9
E01005771,24903,8
E01005772,25533,8
E01005773,26331,8
E01005774,5029,2
E01005775,30267,9
E01005776,30507,10
E01005777,17733,6
E01005778,21114,7
E01005779,20575,7
E01005780,22079,7
E01005781,5226,2
E01005782,26981,8
E01005783,22751,7
E01005784,29927,9
E01005785,26620,8
E01005786,31762,10
E01005787,33750,10
E01005788,32606,10
E01005789,31744,10
E01005790,18421,6
E01005791,26383,8
E01005792,33647,10
E01005793,29545,9
E01005794,33386,10
E01005795,33592,10
E01005796,33464,10
E01005797,9082,3
E01005798,12563,4
E01005799,3043,1
E01005800,27402,9
E01005801,22366,7
E01005802,29714,9
E01005803,32125,10
E01005804,11403,4
E01005805,32413,10
E01005806,30812,10
E01005807,33226,10
E01005808,33188,10
E01005809,30938,10
E01005810,26176,8
E01005811,32200,10
E01005812,33087,10
E01005813,31932,10
E01005814,32633,10
E01005815,33230,10
E01005816,10149,4
E01005817,8737,3
E01005818,6400,2
E01005819,25256,8
E01005820,12185,4
E01005821,11180,4
E01005822,2366,1
E01005823,7426,3
E01005824,22059,7
E01005825,17122,6
E01005826,2346,1
E01005827,25579,8
E01005828,257,1
E01005829,6681,2
E01005830,22723,7
E01005831,16522,5
E01005832,19302,6
E01005833,13036,4
E01005834,10470,4
E01005835,30877,10
E01005836,20293,7
E01005837,25399,8
E01005838,12733,4
E01005839,32970,10
E01005840,14718,5
E01005841,21193,7
E01005842,28418,9
E01005843,28076,9
E01005844,20278,7
E01005845,20034,6
E01005846,23877,8
E01005847,19812,6
E01005848,30175,9
E01005849,29052,9
E01005850,13091,4
E01005851,26032,8
E01005852,23757,8
E01005853,10431,4
E01005854,29939,9
E01005855,30974,10
E01005856,25447,8
E01005857,23275,7
E01005858,27559,9
E01005859,22160,7
E01005860,32775,10
E01005861,25696,8
E01005862,29784,9
E01005863,23570,7
E01005864,26289,8
E01005865,31573,10
E01005866,15268,5
E01005867,26794,8
E01005868,28704,9
E01005869,24343,8
E01005870,11428,4
E01005871,12043,4
E01005872,8623,3
E01005873,17310,6
E01005874,3272,1
E01005875,22262,7
E01005876,18619,6
E01005877,13033,4
E01005878,9690,3
E01005879,15170,5
E01005880,26813,8
E01005881,33437,10
E01005882,32908,10
E01005883,32485,10
E01005884,31685,10
E01005885,21731,7
E01005886,6998,3
E01005887,3998,2
E01005888,11199,4
E01005889,6538,2
E01005890,8509,3
E01005891,26918,8
E01005892,11671,4
E01005893,13818,5
E01005894,16056,5
E01005895,10780,4
E01005896,9548,3
E01005897,11107,4
E01005898,15070,5
E01005899,19451,6
E01005900,13778,5
E01005901,23962,8
E01005902,6127,2
E01005903,33266,10
E01005904,31076,10
E01005905,2288,1
E01005906,29572,9
E01005907,29222,9
E01005908,28264,9
E01005909,30636,10
E01005910,12851,4
E01005911,29282,9
E01005912,26242,8
E01005913,26522,8
E01005914,13916,5
E01005915,5865,2
E01005916,10039,3
E01005917,4326,2
E01005918,21,1
E01005919,3813,2
E01005920,28213,9
E01005921,6399,2
E01005922,19672,6
E01005923,33688,10
E01005924,32473,10
E01005925,27578,9
E01005926,32715,10
E01005927,32921,10
E01005928,13581,5
E01005929,33182,10
E01005930,33649,10
E01005931,33231,10
E01005932,33408,10
E01005933,2135,1
E01005934,9090,3
E01005935,507,1
E01005936,22755,7
E01005937,8156,3
E01005938,5708,2
E01005939,16774,5
E01005940,15433,5
E01005941,2047,1
E01005942,16647,5
E01005943,9473,3
E01005944,18801,6
E01005945,2859,1
E01005946,6173,2
E01005947,1685,1
E01005948,337,1
E01005949,5764,2
E01005950,1595,1
E01005951,3708,2
E01005953,1394,1
E01005954,4735,2
E01005955,27905,9
E01005956,16017,5
E01005957,9208,3
E01005958,4095,2
E01005959,5013,2
E01005960,3405,2
E01005961,27039,9
E01005962,17517,6
E01005963,18594,6
E01005964,14634,5
E01005965,6342,2
E01005966,7725,3
E01005967,3240,1
E01005968,19761,6
E01005969,21829,7
E01005970,24982,8
E01005971,12521,4
E01005972,6599,2
E01005973,21588,7
E01005974,4949,2
E01005975,7813,3
E01005976,5320,2
E01005977,17128,6
E01005978,5289,2
E01005979,9879,3
E01005980,4692,2
E01005981,4827,2
E01005982,6876,3
E01005983,21275,7
E01005984,3629,2
E01005985,23958,8
E01005986,12571,4
E01005987,25253,8
E01005988,28353,9
E01005989,26849,8
E01005990,20426,7
E01005991,15103,5
E01005992,6150,2
E01005993,14896,5
E01005994,10464,4
E01005995,27523,9
E01005996,11110,4
E01005997,12254,4
E01005998,9467,3
E01005999,6849,3
E01006000,5286,2
E01006001,9719,3
E01006002,12217,4
E01006003,11281,4
E01006004,17634,6
E01006005,2335,1
E01006006,16245,5
E01006007,10369,4
E01006008,12030,4
E01006009,8744,3
E01006010,2045,1
E01006011,3358,1
E01006012,11856,4
E01006013,13734,5
E01006014,8062,3
E01006015,28190,9
E01006016,1636,1
E01006017,31312,10
E01006018,28849,9
E01006019,2224,1
E01006020,9053,3
E01006021,13858,5
E01006022,15091,5
E01006023,3605,2
E01006024,29970,9
E01006025,2891,1
E01006026,7845,3
E01006027,3969,2
E01006028,1826,1
E01006029,4386,2
E01006030,6015,2
E01006031,7698,3
E01006032,4956,2
E01006033,6380,2
E01006034,6125,2
E01006035,11555,4
E01006036,6335,2
E01006037,28706,9
E01006038,19814,6
E01006039,3976,2
E01006040,2362,1
E01006041,8798,3
E01006042,20516,7
E01006043,14376,5
E01006044,18519,6
E01006045,27716,9
E01006046,25772,8
E01006047,11708,4
E01006048,16992,6
E01006049,10718,4
E01006050,669,1
E01006051,13518,5
E01006052,1064,1
E01006053,21554,7
E01006054,7422,3
E01006055,18035,6
E01006056,2077,1
E01006057,19759,6
E01006058,11376,4
E01006059,16438,5
E01006060,2944,1
E01006061,7405,3
E01006062,30196,9
E01006063,24115,8
E01006064,3282,1
E01006065,2339,1
E01006066,6169,2
E01006067,28946,9
E01006068,7014,3
E01006069,5172,2
E01006070,16975,6
E01006071,30618,10
E01006072,30307,9
E01006073,7513,3
E01006074,14918,5
E01006075,28797,9
E01006076,30821,10
E01006077,21661,7
E01006078,26809,8
E01006079,33614,10
E01006080,29473,9
E01006081,33554,10
E01006082,31737,10
E01006083,33076,10
E01006084,32077,10
E01006085,31851,10
E01006086,23440,7
E01006087,25983,8
E01006088,27745,9
E01006089,26108,8
E01006090,27657,9
E01006091,29540,9
E01006092,8409,3
E01006093,31793,10
E01006094,33363,10
E01006095,31697,10
E01006096,32463,10
E01006097,30993,10
E01006098,32785,10
E01006099,27194,9
E01006100,30258,9
E01006101,33744,10
E01006102,25888,8
E01006103,33646,10
E01006104,9586,3
E01006105,895,1
E01006106,7173,3
E01006107,7860,3
E01006108,382,1
E01006109,1026,1
E01006110,7418,3
E01006111,3651,2
E01006112,3933,2
E01006113,17112,6
E01006114,12007,4
E01006115,9118,3
E01006116,27380,9
E01006117,29422,9
E01006118,14999,5
E01006119,30095,9
E01006120,30239,9
E01006121,16681,5
E01006122,30097,9
E01006123,24290,8
E01006124,32586,10
E01006125,20754,7
E01006126,7610,3
E01006127,21599,7
E01006128,29332,9
E01006129,17833,6
E01006130,28460,9
E01006131,26362,8
E01006132,20990,7
E01006133,29925,9
E01006134,33139,10
E01006135,32063,10
E01006136,32201,10
E01006137,30819,10
E01006138,22023,7
E01006139,32856,10
E01006140,31322,10
E01006141,13465,4
E01006142,15399,5
E01006143,25264,8
E01006144,3219,1
E01006145,7857,3
E01006146,21433,7
E01006147,32756,10
E01006148,28784,9
E01006149,22809,7
E01006150,18805,6
E01006151,33416,10
E01006152,32681,10
E01006153,32559,10
E01006154,26708,8
E01006155,25601,8
E01006156,15145,5
E01006157,21159,7
E01006158,10023,3
E01006159,7169,3
E01006160,14671,5
E01006161,30017,9
E01006162,31268,10
E01006163,25633,8
E01006164,28989,9
E01006165,11700,4
E01006166,19645,6
E01006167,2767,1
E01006168,1543,1
E01006169,25739,8
E01006170,24540,8
E01006171,9421,3
E01006172,27182,9
E01006173,31925,10
E01006174,27548,9
E01006175,5810,2
E01006176,21555,7
E01006177,7612,3
E01006178,28454,9
E01006179,9547,3
E01006180,11579,4
E01006181,13482,4
E01006182,23328,7
E01006183,22785,7
E01006184,11295,4
E01006186,12729,4
E01006187,8904,3
E01006188,12844,4
E01006189,13879,5
E01006190,33549,10
E01006191,33162,10
E01006192,30118,9
E01006193,31155,10
E01006194,24619,8
E01006195,33623,10
E01006196,33125,10
E01006197,26685,8
E01006198,16827,5
E01006199,13661,5
E01006200,19158,6
E01006201,16420,5
E01006202,21775,7
E01006203,31799,10
E01006204,27642,9
E01006205,33058,10
E01006206,15013,5
E01006207,4148,2
E01006208,18082,6
E01006209,32854,10
E01006210,28787,9
E01006211,13811,5
E01006212,19013,6
E01006213,1176,1
E01006214,4513,2
E01006215,966,1
E01006216,15602,5
E01006217,7903,3
E01006218,7533,3
E01006219,12575,4
E01006220,8545,3
E01006221,17642,6
E01006222,28413,9
E01006223,11818,4
E01006224,30549,10
E01006225,22330,7
E01006226,22095,7
E01006227,19571,6
E01006228,10399,4
E01006229,24857,8
E01006230,30548,10
E01006231,23182,7
E01006232,28471,9
E01006233,31264,10
E01006234,15667,5
E01006235,6745,2
E01006236,24467,8
E01006237,32578,10
E01006238,7384,3
E01006239,1562,1
E01006240,650,1
E01006241,7636,3
E01006242,12350,4
E01006243,24890,8
E01006244,5122,2
E01006245,20660,7
E01006246,6518,2
E01006247,19286,6
E01006248,1765,1
E01006249,4568,2
E01006250,31479,10
E01006251,23185,7
E01006252,22494,7
E01006253,6649,2
E01006254,4108,2
E01006255,21111,7
E01006256,14806,5
E01006257,16463,5
E01006258,15011,5
E01006259,20461,7
E01006260,6483,2
E01006261,9678,3
E01006262,8519,3
E01006263,30755,10
E01006264,28678,9
E01006265,11075,4
E01006266,24477,8
E01006267,3471,2
E01006268,16041,5
E01006269,9951,3
E01006270,2779,1
E01006271,17033,6
E01006272,7394,3
E01006273,5243,2
E01006274,4382,2
E01006275,1904,1
E01006276,20255,7
E01006277,23170,7
E01006278,10831,4
E01006279,25519,8
E01006280,8661,3
E01006281,23366,7
E01006282,9009,3
E01006283,2833,1
E01006284,3300,1
E01006285,27042,9
E01006286,14737,5
E01006287,26896,8
E01006288,2567,1
E01006289,1070,1
E01006290,21724,7
E01006291,8555,3
E01006292,17347,6
E01006293,8903,3
E01006294,11395,4
E01006295,5730,2
E01006296,1584,1
E01006297,2581,1
E01006298,3426,2
E01006299,24430,8
E01006300,30492,10
E01006301,32144,10
E01006302,23399,7
E01006303,23469,7
E01006304,12781,4
E01006305,2144,1
E01006306,1129,1
E01006307,5892,2
E01006308,3372,1
E01006309,3633,2
E01006310,3287,1
E01006311,5009,2
E01006312,29678,9
E01006313,11171,4
E01006314,27863,9
E01006315,30981,10
E01006316,28542,9
E01006317,19413,6
E01006318,29204,9
E01006319,29016,9
E01006320,27229,9
E01006321,30582,10
E01006322,8459,3
E01006323,4488,2
E01006324,4793,2
E01006325,10064,3
E01006326,2974,1
E01006327,5712,2
E01006328,2784,1
E01006329,7260,3
E01006330,25709,8
E01006331,30859,10
E01006332,14410,5
E01006333,3436,2
E01006334,2382,1
E01006335,8184,3
E01006336,260,1
E01006337,14331,5
E01006338,7058,3
E01006339,25756,8
E01006340,11664,4
E01006341,8253,3
E01006342,6031,2
E01006343,32094,10
E01006344,5335,2
E01006345,26802,8
E01006346,14635,5
E01006347,31946,10
E01006348,28874,9
E01006349,15061,5
E01006350,1225,1
E01006351,539,1
E01006352,7032,3
E01006353,12913,4
E01006354,4407,2
E01006355,12900,4
E01006356,3677,2
E01006357,510,1
E01006358,8547,3
E01006359,3846,2
E01006360,758,1
E01006361,1437,1
E01006362,27430,9
E01006363,27000,8
E01006364,14044,5
E01006365,28467,9
E01006366,17081,6
E01006367,30026,9
E01006368,22503,7
E01006369,2043,1
E01006370,8362,3
E01006371,12113,4
E01006372,32187,10
E01006373,28834,9
E01006374,29047,9
E01006375,14024,5
E01006376,7110,3
E01006377,30800,10
E01006378,29126,9
E01006379,22633,7
E01006380,16500,5
E01006381,31170,10
E01006382,31611,10
E01006383,24310,8
E01006384,28034,9
E01006385,28997,9
E01006386,32,1
E01006387,8104,3
E01006388,11393,4
E01006389,20274,7
E01006390,9469,3
E01006391,15691,5
E01006392,1117,1
E01006393,26057,8
E01006394,29830,9
E01006395,32672,10
E01006396,24679,8
E01006397,2783,1
E01006398,5139,2
E01006399,9957,3
E01006400,31683,10
E01006401,26985,8
E01006402,30963,10
E01006403,26535,8
E01006404,6239,2
E01006405,7552,3
E01006406,18300,6
E01006407,25656,8
E01006408,7505,3
E01006409,27073,9
E01006410,26619,8
E01006411,512,1
E01006412,509,1
E01006413,83,1
E01006414,782,1
E01006415,7033,3
E01006416,1454,1
E01006417,1921,1
E01006418,2064,1
E01006419,21642,7
E01006420,26083,8
E01006421,27735,9
E01006422,20511,7
E01006423,23279,7
E01006424,22894,7
E01006425,14293,5
E01006426,1119,1
E01006427,17588,6
E01006428,5065,2
E01006429,1777,1
E01006430,2978,1
E01006431,11510,4
E01006432,2303,1
E01006433,11637,4
E01006434,1360,1
E01006435,3026,1
E01006436,384,1
E01006437,843,1
E01006438,18113,6
E01006439,8134,3
E01006440,1281,1
E01006442,369,1
E01006443,760,1
E01006444,969,1
E01006445,1172,1
E01006446,1224,1
E01006447,751,1
E01006448,536,1
E01006449,10812,4
E01006450,5626,2
E01006451,5558,2
E01006452,8236,3
E01006453,841,1
E01006454,16995,6
E01006455,863,1
E01006456,12483,4
E01006457,17058,6
E01006458,6058,2
E01006459,11407,4
E01006460,173,1
E01006461,1073,1
E01006462,20822,7
E01006464,15323,5
E01006465,19214,6
E01006466,8615,3
E01006467,388,1
E01006470,1457,1
E01006471,25820,8
E01006472,23244,7
E01006473,26442,8
E01006474,24805,8
E01006475,16615,5
E01006476,30139,9
E01006477,3995,2
E01006478,4029,2
E01006479,6247,2
E01006480,2247,1
E01006481,2213,1
E01006482,6476,2
E01006483,4794,2
E01006484,3355,1
E01006485,20927,7
E01006486,21392,7
E01006487,18692,6
E01006488,23838,8
E01006489,18463,6
E01006490,16909,6
E01006491,17071,6
E01006492,6310,2
E01006493,3051,1
E01006494,379,1
E01006495,4363,2
E01006496,7944,3
E01006497,8417,3
E01006498,26641,8
E01006499,20428,7
E01006500,2836,1
E01006501,12778,4
E01006502,15734,5
E01006503,18898,6
E01006504,2215,1
E01006505,1823,1
E01006506,4339,2
E01006507,2712,1
E01006508,7036,3
E01006509,1104,1
E01006510,7072,3
E01006512,17822,6
E01006514,8976,3
E01006518,1102,1
E01006519,28924,9
E01006520,5411,2
E01006521,11293,4
E01006522,4072,2
E01006523,7756,3
E01006524,30468,10
E01006525,29261,9
E01006526,20221,6
E01006527,15842,5
E01006528,13677,5
E01006529,19517,6
E01006530,26916,8
E01006531,28303,9
E01006532,31874,10
E01006533,15008,5
E01006534,17145,6
E01006535,10527,4
E01006536,6622,2
E01006537,18046,6
E01006538,19662,6
E01006539,30835,10
E01006540,204,1
E01006541,3071,1
E01006542,1841,1
E01006543,14436,5
E01006544,246,1
E01006545,1869,1
E01006546,837,1
E01006547,143,1
E01006548,1202,1
E01006549,3198,1
E01006550,18200,6
E01006551,3797,2
E01006552,889,1
E01006553,13653,5
E01006554,12655,4
E01006556,111,1
E01006557,13690,5
E01006558,67,1
E01006560,234,1
E01006562,299,1
E01006563,120,1
E01006564,4303,2
E01006565,5707,2
E01006566,13239,4
E01006567,4032,2
E01006568,14255,5
E01006569,4470,2
E01006570,14008,5
E01006571,2714,1
E01006572,746,1
E01006573,3252,1
E01006574,4978,2
E01006575,11444,4
E01006576,24209,8
E01006577,27859,9
E01006578,22623,7
E01006579,28600,9
E01006580,28640,9
E01006581,29370,9
E01006582,31349,10
E01006583,33328,10
E01006584,16470,5
E01006585,2204,1
E01006586,6930,3
E01006587,13006,4
E01006588,11040,4
E01006589,26835,8
E01006590,15616,5
E01006591,21341,7
E01006592,29442,9
E01006593,14691,5
E01006594,32324,10
E01006595,20676,7
E01006596,23425,7
E01006597,27094,9
E01006598,1109,1
E01006599,3470,2
E01006600,3928,2
E01006603,3001,1
E01006604,5158,2
E01006605,3802,2
E01006606,3991,2
E01006607,3191,1
E01006608,3656,2
E01006609,2089,1
E01006610,215,1
E01006611,46,1
E01006612,668,1
E01006613,4124,2
E01006614,370,1
E01006615,849,1
E01006616,3658,2
E01006617,15469,5
E01006618,6189,2
E01006619,15257,5
E01006620,14621,5
E01006621,22868,7
E01006622,28654,9
E01006623,24847,8
E01006624,5929,2
E01006625,15322,5
E01006626,14348,5
E01006627,12362,4
E01006628,17233,6
E01006629,13307,4
E01006630,3831,2
E01006632,1711,1
E01006633,468,1
E01006637,1524,1
E01006638,214,1
E01006639,9393,3
E01006640,16852,5
E01006641,14598,5
E01006642,1018,1
E01006643,1845,1
E01006644,3974,2
E01006645,970,1
E01006646,1762,1
E01006647,906,1
E01006648,4846,2
E01006651,20315,7
E01006652,8720,3
E01006653,4044,2
E01006654,8262,3
E01006655,7239,3
E01006656,6936,3
E01006657,3755,2
E01006658,1305,1
E01006659,2074,1
E01006660,2656,1
E01006661,1328,1
E01006662,598,1
E01006663,5399,2
E01006664,1560,1
E01006665,16217,5
E01006666,23342,7
E01006667,6759,3
E01006668,25274,8
E01006669,17064,6
E01006670,18816,6
E01006671,10857,4
E01006672,1567,1
E01006673,1918,1
E01006674,776,1
E01006675,2053,1
E01006676,796,1
E01006677,2943,1
E01006678,1179,1
E01006679,1504,1
E01006680,28892,9
E01006681,12117,4
E01006682,31010,10
E01006683,30724,10
E01006684,30340,9
E01006685,23632,8
E01006686,25056,8
E01006687,20227,6
E01006688,14561,5
E01006689,24963,8
E01006690,1371,1
E01006691,2756,1
E01006692,2562,1
E01006693,789,1
E01006694,1210,1
E01006695,162,1
E01006696,3940,2
E01006697,1517,1
E01006698,1167,1
E01006699,394,1
E01006700,490,1
E01006701,2357,1
E01006702,648,1
E01006703,328,1
E01006705,374,1
E01006706,822,1
E01006707,1486,1
E01006708,3892,2
E01006709,4023,2
E01006710,4542,2
E01006711,1724,1
E01006712,4908,2
E01006713,6938,3
E01006716,1900,1
E01006717,10552,4
E01006718,5672,2
E01006719,6857,3
E01006721,300,1
E01006722,8234,3
E01006723,7515,3
E01006724,15080,5
E01006725,4475,2
E01006726,4627,2
E01006727,7937,3
E01006728,535,1
E01006729,2094,1
E01006730,2837,1
E01006731,1734,1
E01006732,1131,1
E01006734,707,1
E01006735,603,1
E01006736,3040,1
E01006737,1813,1
E01006738,1516,1
E01006739,4751,2
E01006740,2183,1
E01006741,4526,2
E01006742,11940,4
E01006743,8004,3
E01006744,7030,3
E01006745,3778,2
E01006746,4171,2
E01006747,14294,5
E01006748,7387,3
E01006751,7105,3
E01006753,2722,1
E01006754,752,1
E01006755,593,1
E01006756,1334,1
E01006757,861,1
E01006758,2081,1
E01006759,2951,1
E01006760,65,1
E01006761,1134,1
E01006762,3350,1
E01006763,4008,2
E01006764,1490,1
E01006765,6993,3
E01006766,357,1
E01006767,2104,1
E01006768,4707,2
E01006769,2596,1
E01006770,5446,2
E01006771,528,1
E01006772,9842,3
E01006773,21919,7
E01006774,26493,8
E01006775,2359,1
E01006776,5337,2
E01006778,323,1
E01006779,465,1
E01006780,7583,3
E01006781,15951,5
E01006782,5534,2
E01006783,4039,2
E01006784,7835,3
E01006785,6389,2
E01006786,8608,3
E01006787,2184,1
E01006788,8208,3
E01006790,275,1
E01006791,296,1
E01006792,27835,9
E01006793,9878,3
E01006794,21309,7
E01006795,24277,8
E01006796,32961,10
E01006797,4937,2
E01006798,24240,8
E01006799,7419,3
E01006800,25811,8
E01006801,29948,9
E01006802,15914,5
E01006803,24558,8
E01006804,15788,5
E01006805,8948,3
E01006806,28701,9
E01006807,29608,9
E01006808,26608,8
E01006809,24062,8
E01006810,21702,7
E01006811,10492,4
E01006812,2106,1
E01006813,4653,2
E01006814,26135,8
E01006815,6712,2
E01006816,552,1
E01006817,125,1
E01006818,20506,7
E01006819,7943,3
E01006820,1563,1
E01006821,483,1
E01006822,26044,8
E01006823,31507,10
E01006824,28795,9
E01006825,30562,10
E01006826,4782,2
E01006827,28965,9
E01006828,31308,10
E01006829,28624,9
E01006830,2706,1
E01006831,6523,2
E01006832,5466,2
E01006833,16308,5
E01006834,2264,1
E01006835,10612,4
E01006836,8006,3
E01006837,12261,4
E01006838,6617,2
E01006839,9365,3
E01006840,10268,4
E01006841,28164,9
E01006842,4298,2
E01006843,10188,4
E01006844,1250,1
E01006845,7491,3
E01006846,19558,6
E01006847,2186,1
E01006848,16405,5
E01006849,2107,1
E01006850,2301,1
E01006851,13246,4
E01006852,24945,8
E01006853,20847,7
E01006854,9397,3
E01006855,7430,3
E01006856,23774,8
E01006857,28538,9
E01006858,5602,2
E01006859,29620,9
E01006860,8382,3
E01006861,3273,1
E01006862,13863,5
E01006863,1532,1
E01006864,19541,6
E01006866,5241,2
E01006867,25561,8
E01006868,7383,3
E01006869,7024,3
E01006870,3394,2
E01006871,999,1
E01006872,403,1
E01006873,151,1
E01006874,138,1
E01006875,3225,1
E01006876,5641,2
E01006877,961,1
E01006878,7981,3
E01006879,7373,3
E01006880,195,1
E01006881,929,1
E01006882,29259,9
E01006883,23769,8
E01006884,21926,7
E01006885,27418,9
E01006886,26791,8
E01006887,13344,4
E01006888,27936,9
E01006889,27322,9
E01006890,14868,5
E01006891,22969,7
E01006892,16518,5
E01006893,13074,4
E01006894,19288,6
E01006895,29693,9
E01006896,19348,6
E01006897,17324,6
E01006898,5800,2
E01006899,5991,2
E01006901,23055,7
E01006903,1519,1
E01006904,8511,3
E01006905,1638,1
E01006906,9994,3
E01006907,5527,2
E01006908,1103,1
E01006909,100,1
E01006910,6094,2
E01006911,17710,6
E01006912,3997,2
E01006913,2770,1
E01006914,31296,10
E01006915,7304,3
E01006916,10870,4
E01006917,31464,10
E01006918,19872,6
E01006919,3108,1
E01006920,15326,5
E01006921,28477,9
E01006922,26872,8
E01006923,25355,8
E01006924,4769,2
E01006925,10684,4
E01006926,31992,10
E01006927,17603,6
E01006928,29153,9
E01006929,14782,5
E01006930,15376,5
E01006931,26977,8
E01006932,31216,10
E01006933,12381,4
E01006934,14485,5
E01006935,18573,6
E01006936,28556,9
E01006937,32322,10
E01006938,29462,9
E01006939,20027,6
E01006940,26345,8
E01006941,22959,7
E01006942,17795,6
E01006943,32233,10
E01006944,7718,3
E01006945,8106,3
E01006946,16611,5
E01006947,24386,8
E01006948,4934,2
E01006949,20209,6
E01006950,2378,1
E01006951,14820,5
E01006952,816,1
E01006953,4551,2
E01006954,12332,4
E01006955,21124,7
E01006956,7402,3
E01006957,4018,2
E01006958,5149,2
E01006959,15109,5
E01006960,12610,4
E01006961,1962,1
E01006962,4935,2
E01006963,646,1
E01006964,1184,1
E01006965,3636,2
E01006966,4527,2
E01006967,1031,1
E01006969,7274,3
E01006970,7967,3
E01006971,16001,5
E01006972,19011,6
E01006973,23434,7
E01006974,30730,10
E01006976,10838,4
E01006977,5791,2
E01006978,18917,6
E01006979,804,1
E01006980,864,1
E01006981,1812,1
E01006982,16533,5
E01006983,15287,5
E01006984,1814,1
E01006985,31226,10
E01006986,27298,9
E01006987,26017,8
E01006988,19746,6
E01006989,27686,9
E01006990,33253,10
E01006991,32704,10
E01006992,20592,7
E01006993,31279,10
E01006994,7175,3
E01006995,22476,7
E01006996,8664,3
E01006997,10602,4
E01006998,8159,3
E01006999,13719,5
E01007000,8738,3
E01007001,8935,3
E01007002,20183,6
E01007003,174,1
E01007004,920,1
E01007005,399,1
E01007006,231,1
E01007007,233,1
E01007008,193,1
E01007009,800,1
E01007010,1312,1
E01007011,342,1
E01007012,3798,2
E01007013,409,1
E01007014,18330,6
E01007016,3083,1
E01007017,2039,1
E01007019,690,1
E01007020,7215,3
E01007021,28991,9
E01007022,8335,3
E01007023,29642,9
E01007024,2990,1
E01007025,31944,10
E01007026,6252,2
E01007027,28863,9
E01007028,17699,6
E01007029,21843,7
E01007030,13439,4
E01007031,23906,8
E01007032,25775,8
E01007033,19855,6
E01007034,29123,9
E01007035,23321,7
E01007036,24143,8
E01007037,24737,8
E01007038,11046,4
E01007039,17766,6
E01007040,12335,4
E01007041,15207,5
E01007042,16118,5
E01007043,24601,8
E01007044,24864,8
E01007045,24549,8
E01007046,18518,6
E01007047,8307,3
E01007048,2787,1
E01007049,12344,4
E01007050,13970,5
E01007051,2079,1
E01007052,3396,2
E01007053,13937,5
E01007054,5427,2
E01007055,1811,1
E01007056,12321,4
E01007057,11943,4
E01007058,10191,4
E01007059,17395,6
E01007060,6764,3
E01007061,16077,5
E01007062,19603,6
E01007063,17012,6
E01007064,20355,7
E01007065,20339,7
E01007066,22000,7
E01007067,22695,7
E01007068,29289,9
E01007069,16770,5
E01007070,29575,9
E01007071,29374,9
E01007072,24834,8
E01007073,30091,9
E01007074,14361,5
E01007075,23415,7
E01007076,18771,6
E01007077,25193,8
E01007078,29592,9
E01007079,31031,10
E01007080,21188,7
E01007081,29007,9
E01007082,25310,8
E01007083,13420,4
E01007084,26138,8
E01007085,2087,1
E01007086,818,1
E01007087,1872,1
E01007088,5970,2
E01007089,1937,1
E01007090,2146,1
E01007091,4779,2
E01007092,1467,1
E01007095,25663,8
E01007096,28218,9
E01007097,26180,8
E01007098,25653,8
E01007099,23008,7
E01007100,24749,8
E01007101,27741,9
E01007102,12672,4
E01007103,23736,8
E01007104,21383,7
E01007105,18303,6
E01007106,21339,7
E01007107,29274,9
E01007108,23418,7
E01007109,17142,6
E01007110,27043,9
E01007111,30850,10
E01007112,16274,5
E01007113,24883,8
E01007114,10103,3
E01007115,14225,5
E01007116,23502,7
E01007117,27895,9
E01007118,9291,3
E01007119,2792,1
E01007120,3236,1
E01007121,217,1
E01007122,78,1
E01007123,880,1
E01007124,222,1
E01007125,2427,1
E01007127,94,1
E01007128,107,1
E01007129,207,1
E01007130,1366,1
E01007131,474,1
E01007133,75,1
E01007135,25057,8
E01007136,5884,2
E01007137,11164,4
E01007138,1497,1
E01007139,6104,2
E01007141,7284,3
E01007142,23832,8
E01007143,14386,5
E01007144,19714,6
E01007145,32498,10
E01007146,32982,10
E01007147,32263,10
E01007148,31494,10
E01007149,32098,10
E01007150,31304,10
E01007151,30650,10
E01007152,15277,5
E01007153,9647,3
E01007154,27446,9
E01007155,2063,1
E01007156,12402,4
E01007157,14398,5
E01007158,19994,6
E01007159,25331,8
E01007160,14515,5
E01007161,17823,6
E01007162,1451,1
E01007163,19180,6
E01007164,24347,8
E01007165,28840,9
E01007166,28090,9
E01007167,12066,4
E01007168,5678,2
E01007169,11971,4
E01007170,24254,8
E01007171,30435,10
E01007172,29812,9
E01007173,11445,4
E01007174,12412,4
E01007175,2271,1
E01007176,3682,2
E01007177,9440,3
E01007178,6508,2
E01007179,1615,1
E01007180,5985,2
E01007181,6418,2
E01007182,28800,9
E01007183,28319,9
E01007184,27592,9
E01007185,24055,8
E01007186,32649,10
E01007187,32683,10
E01007188,33244,10
E01007189,32568,10
E01007190,32979,10
E01007191,32178,10
E01007192,19396,6
E01007193,24369,8
E01007194,17388,6
E01007195,29749,9
E01007196,24450,8
E01007197,31613,10
E01007198,19956,6
E01007199,30908,10
E01007200,31416,10
E01007201,21875,7
E01007202,10541,4
E01007203,20842,7
E01007204,240,1
E01007205,5769,2
E01007206,11451,4
E01007207,671,1
E01007208,8031,3
E01007209,1866,1
E01007210,3622,2
E01007211,18158,6
E01007212,13856,5
E01007213,18067,6
E01007214,5310,2
E01007215,651,1
E01007216,5572,2
E01007217,3457,2
E01007218,4496,2
E01007219,4522,2
E01007220,602,1
E01007221,16026,5
E01007222,23394,7
E01007223,12682,4
E01007224,24988,8
E01007225,24512,8
E01007226,21834,7
E01007227,3468,2
E01007228,2723,1
E01007229,9858,3
E01007230,9481,3
E01007231,12345,4
E01007232,8231,3
E01007233,8516,3
E01007234,11595,4
E01007235,11266,4
E01007236,10171,4
E01007237,8347,3
E01007238,2350,1
E01007239,3877,2
E01007240,11662,4
E01007241,26251,8
E01007242,25352,8
E01007243,18976,6
E01007244,4748,2
E01007245,25371,8
E01007246,24029,8
E01007247,24765,8
E01007248,22060,7
E01007249,4337,2
E01007250,27450,9
E01007251,20173,6
E01007252,22456,7
E01007253,9283,3
E01007254,30515,10
E01007255,23759,8
E01007256,27086,9
E01007257,1727,1
E01007258,29732,9
E01007259,31414,10
E01007260,31355,10
E01007261,31849,10
E01007262,32976,10
E01007263,8066,3
E01007264,30893,10
E01007265,25248,8
E01007266,30833,10
E01007267,24927,8
E01007268,24712,8
E01007269,1100,1
E01007270,1065,1
E01007271,2761,1
E01007272,280,1
E01007273,52,1
E01007274,127,1
E01007275,1716,1
E01007276,8105,3
E01007277,1475,1
E01007278,460,1
E01007279,27390,9
E01007280,30107,9
E01007281,31971,10
E01007282,22795,7
E01007283,30630,10
E01007284,30904,10
E01007285,27672,9
E01007286,21634,7
E01007287,20952,7
E01007288,16596,5
E01007289,110,1
E01007290,444,1
E01007291,262,1
E01007292,717,1
E01007293,183,1
E01007294,1908,1
E01007295,3226,1
E01007296,1849,1
E01007297,10220,4
E01007298,29740,9
E01007299,21340,7
E01007300,4429,2
E01007301,22071,7
E01007302,16155,5
E01007303,1373,1
E01007304,1678,1
E01007305,24865,8
E01007306,25290,8
E01007307,21369,7
E01007308,22535,7
E01007309,27058,9
E01007310,23259,7
E01007311,27017,9
E01007312,16610,5
E01007313,10440,4
E01007314,12359,4
E01007315,21068,7
E01007316,21453,7
E01007317,1805,1
E01007318,4208,2
E01007319,20368,7
E01007320,3166,1
E01007321,26106,8
E01007322,7368,3
E01007323,3231,1
E01007324,4087,2
E01007325,1386,1
E01007326,4506,2
E01007327,3200,1
E01007328,3714,2
E01007329,9677,3
E01007330,12213,4
E01007331,10591,4
E01007332,2658,1
E01007333,3109,1
E01007334,21501,7
E01007335,17530,6
E01007336,6047,2
E01007337,6729,2
E01007338,749,1
E01007339,1456,1
E01007340,4483,2
E01007341,475,1
E01007342,10816,4
E01007343,4592,2
E01007344,10932,4
E01007345,7291,3
E01007346,8925,3
E01007347,19187,6
E01007348,4353,2
E01007349,3664,2
E01007350,14243,5
E01007351,8116,3
E01007352,1687,1
E01007353,8224,3
E01007354,7542,3
E01007355,25690,8
E01007356,22506,7
E01007357,9864,3
E01007358,19033,6
E01007359,10271,4
E01007360,14151,5
E01007361,18822,6
E01007362,27917,9
E01007363,6612,2
E01007364,4024,2
E01007365,3072,1
E01007366,18335,6
E01007367,3023,1
E01007368,6736,2
E01007369,2548,1
E01007370,4134,2
E01007371,5973,2
E01007372,2137,1
E01007373,1540,1
E01007374,7624,3
E01007375,8451,3
E01007376,1858,1
E01007377,2016,1
E01007378,573,1
E01007379,21619,7
E01007380,28954,9
E01007381,24848,8
E01007382,11960,4
E01007383,27239,9
E01007384,26513,8
E01007385,4850,2
E01007386,26939,8
E01007387,16281,5
E01007388,14856,5
E01007389,23801,8
E01007390,14216,5
E01007391,4104,2
E01007392,3775,2
E01007393,11030,4
E01007394,6456,2
E01007395,4888,2
E01007396,9852,3
E01007397,8245,3
E01007398,15674,5
E01007399,17054,6
E01007400,21061,7
E01007402,1647,1
E01007403,459,1
E01007404,17415,6
E01007405,9639,3
E01007406,1280,1
E01007408,17068,6
E01007409,16601,5
E01007410,3047,1
E01007411,953,1
E01007413,2459,1
E01007414,6489,2
E01007415,11074,4
E01007416,1968,1
E01007417,5597,2
E01007418,22480,7
E01007419,27801,9
E01007420,25609,8
E01007421,19455,6
E01007422,24590,8
E01007423,19151,6
E01007424,20158,6
E01007425,30348,9
E01007426,17837,6
E01007427,19275,6
E01007428,24377,8
E01007429,9649,3
E01007430,31366,10
E01007431,23924,8
E01007432,26495,8
E01007433,8141,3
E01007434,13919,5
E01007435,2913,1
E01007436,12661,4
E01007437,7357,3
E01007438,18548,6
E01007439,23621,7
E01007440,2622,1
E01007441,10067,3
E01007442,27924,9
E01007443,5878,2
E01007444,17352,6
E01007445,7676,3
E01007446,15098,5
E01007447,6082,2
E01007448,7791,3
E01007449,7313,3
E01007450,3065,1
E01007451,5869,2
E01007452,15195,5
E01007453,1143,1
E01007455,18483,6
E01007456,19879,6
E01007457,8157,3
E01007458,6397,2
E01007459,13803,5
E01007460,12786,4
E01007461,4185,2
E01007462,2585,1
E01007463,481,1
E01007464,5155,2
E01007465,9394,3
E01007466,2322,1
E01007467,4537,2
E01007468,20453,7
E01007469,11147,4
E01007470,6330,2
E01007471,22681,7
E01007472,1080,1
E01007473,4075,2
E01007474,874,1
E01007475,27961,9
E01007476,16151,5
E01007477,22180,7
E01007478,11133,4
E01007479,9665,3
E01007480,6572,2
E01007482,4246,2
E01007483,20984,7
E01007484,12728,4
E01007485,27699,9
E01007486,14209,5
E01007487,7404,3
E01007488,9396,3
E01007489,10724,4
E01007490,9355,3
E01007491,1817,1
E01007492,793,1
E01007493,21066,7
E01007494,8795,3
E01007495,3800,2
E01007496,1279,1
E01007497,5324,2
E01007498,3927,2
E01007499,1097,1
E01007500,2519,1
E01007501,20561,7
E01007503,23889,8
E01007504,7065,3
E01007505,12898,4
E01007506,5130,2
E01007507,915,1
E01007508,808,1
E01007509,1578,1
E01007510,7331,3
E01007511,637,1
E01007512,18653,6
E01007513,12512,4
E01007514,5342,2
E01007515,8868,3
E01007516,20654,7
E01007517,3557,2
E01007518,18302,6
E01007519,11634,4
E01007520,28369,9
E01007521,23917,8
E01007522,3604,2
E01007523,24728,8
E01007524,27325,9
E01007525,6732,2
E01007526,26342,8
E01007528,8077,3
E01007529,203,1
E01007530,2681,1
E01007531,156,1
E01007532,17,1
E01007533,4155,2
E01007534,1966,1
E01007535,2228,1
E01007536,9398,3
E01007537,9980,3
E01007538,7549,3
E01007539,3244,1
E01007540,11068,4
E01007541,5863,2
E01007542,2159,1
E01007543,912,1
E01007544,62,1
E01007545,8942,3
E01007546,5749,2
E01007547,1601,1
E01007548,8926,3
E01007549,3542,2
E01007550,7286,3
E01007551,21457,7
E01007552,21582,7
E01007553,19656,6
E01007554,18242,6
E01007555,2666,1
E01007556,3126,1
E01007557,14145,5
E01007558,17618,6
E01007559,10282,4
E01007560,17975,6
E01007561,25720,8
E01007562,12308,4
E01007563,2704,1
E01007564,4728,2
E01007565,23247,7
E01007566,1501,1
E01007567,12750,4
E01007568,2495,1
E01007569,7468,3
E01007570,21240,7
E01007571,7882,3
E01007572,9057,3
E01007573,1008,1
E01007574,1622,1
E01007575,437,1
E01007576,7816,3
E01007577,373,1
E01007578,3902,2
E01007579,10720,4
E01007580,11055,4
E01007581,29044,9
E01007582,22928,7
E01007583,16826,5
E01007584,14865,5
E01007585,21506,7
E01007586,18875,6
E01007587,7988,3
E01007588,16293,5
E01007589,24534,8
E01007590,5782,2
E01007591,9775,3
E01007592,2889,1
E01007593,11382,4
E01007594,25728,8
E01007595,6064,2
E01007596,26597,8
E01007597,1980,1
E01007598,19244,6
E01007599,22109,7
E01007600,27309,9
E01007601,26195,8
E01007602,26733,8
E01007603,25687,8
E01007604,24851,8
E01007605,27383,9
E01007606,29224,9
E01007607,9186,3
E01007609,13053,4
E01007610,27794,9
E01007611,15702,5
E01007612,25716,8
E01007613,17861,6
E01007614,23367,7
E01007615,21155,7
E01007616,24613,8
E01007617,30727,10
E01007618,21399,7
E01007619,32163,10
E01007620,22558,7
E01007621,20401,7
E01007622,25466,8
E01007623,9137,3
E01007624,28499,9
E01007625,14115,5
E01007626,2062,1
E01007627,1735,1
E01007628,694,1
E01007629,213,1
E01007630,16187,5
E01007631,29364,9
E01007632,6780,3
E01007633,3088,1
E01007634,2736,1
E01007635,5541,2
E01007636,4251,2
E01007637,9385,3
E01007638,5355,2
E01007639,6853,3
E01007640,17701,6
E01007641,12775,4
E01007642,4569,2
E01007643,1276,1
E01007644,15204,5
E01007646,11283,4
E01007647,11609,4
E01007649,14894,5
E01007650,12634,4
E01007651,5315,2
E01007652,3818,2
E01007653,13404,4
E01007654,5718,2
E01007655,1306,1
E01007656,4842,2
E01007657,24811,8
E01007658,22201,7
E01007659,22949,7
E01007660,23231,7
E01007661,26906,8
E01007662,1941,1
E01007663,27857,9
E01007664,22072,7
E01007666,19487,6
E01007667,9817,3
E01007668,243,1
E01007669,18667,6
E01007670,26979,8
E01007671,23513,7
E01007672,28932,9
E01007673,6905,3
E01007674,29734,9
E01007675,8891,3
E01007676,7788,3
E01007677,434,1
E01007678,28584,9
E01007679,6858,3
E01007680,3652,2
E01007681,20137,6
E01007682,17154,6
E01007683,20931,7
E01007684,18790,6
E01007685,24025,8
E01007686,25612,8
E01007687,20033,6
E01007688,23453,7
E01007689,22034,7
E01007690,31825,10
E01007691,24329,8
E01007692,22293,7
E01007694,5962,2
E01007695,19797,6
E01007696,13999,5
E01007697,3880,2
E01007698,17165,6
E01007699,13754,5
E01007700,21913,7
E01007701,3952,2
E01007702,7969,3
E01007703,22294,7
E01007704,15804,5
E01007705,25415,8
E01007706,15052,5
E01007707,18454,6
E01007708,3194,1
E01007709,30807,10
E01007710,30705,10
E01007711,24840,8
E01007712,21605,7
E01007713,28902,9
E01007714,154,1
E01007715,15,1
E01007716,274,1
E01007717,4385,2
E01007718,2193,1
E01007719,412,1
E01007720,7874,3
E01007721,1657,1
E01007723,2529,1
E01007724,24501,8
E01007725,20085,6
E01007726,2376,1
E01007727,1171,1
E01007728,14996,5
E01007729,938,1
E01007730,2345,1
E01007731,9939,3
E01007732,1749,1
E01007733,4211,2
E01007734,1261,1
E01007735,547,1
E01007736,349,1
E01007737,229,1
E01007738,684,1
E01007739,407,1
E01007740,6775,3
E01007741,24473,8
E01007742,12361,4
E01007743,26069,8
E01007744,8981,3
E01007745,6180,2
E01007746,12742,4
E01007747,7267,3
E01007748,17137,6
E01007749,25126,8
E01007750,19791,6
E01007751,15861,5
E01007752,28148,9
E01007753,14928,5
E01007754,24530,8
E01007755,20685,7
E01007756,26201,8
E01007757,13233,4
E01007758,7704,3
E01007759,4456,2
E01007760,632,1
E01007761,8219,3
E01007762,12317,4
E01007763,1748,1
E01007764,466,1
E01007765,6785,3
E01007766,2536,1
E01007767,3497,2
E01007768,389,1
E01007769,10,1
E01007770,3773,2
E01007771,15117,5
E01007772,4477,2
E01007773,5496,2
E01007774,7767,3
E01007775,405,1
E01007776,5648,2
E01007777,12621,4
E01007778,19483,6
E01007779,9898,3
E01007780,13933,5
E01007781,7922,3
E01007782,5099,2
E01007783,3402,2
E01007784,3883,2
E01007785,14415,5
E01007786,20502,7
E01007788,12340,4
E01007789,5533,2
E01007790,311,1
E01007791,2136,1
E01007792,28597,9
E01007793,8605,3
E01007794,3025,1
E01007795,21948,7
E01007796,1996,1
E01007797,10688,4
E01007798,25741,8
E01007799,8126,3
E01007800,6382,2
E01007801,24004,8
E01007802,24181,8
E01007803,15952,5
E01007804,2782,1
E01007805,4127,2
E01007806,4902,2
E01007807,9843,3
E01007808,30221,9
E01007809,1244,1
E01007810,13443,4
E01007811,25500,8
E01007812,5053,2
E01007815,3754,2
E01007816,10133,4
E01007817,8314,3
E01007818,22501,7
E01007819,14978,5
E01007820,8389,3
E01007821,9851,3
E01007822,1891,1
E01007823,12427,4
E01007824,32673,10
E01007825,31121,10
E01007826,32832,10
E01007827,25050,8
E01007828,18593,6
E01007829,23243,7
E01007830,19297,6
E01007831,20525,7
E01007832,24719,8
E01007833,22416,7
E01007834,22924,7
E01007835,19950,6
E01007836,22817,7
E01007838,17581,6
E01007839,26059,8
E01007841,28277,9
E01007842,12148,4
E01007843,6256,2
E01007846,26076,8
E01007847,4951,2
E01007848,1911,1
E01007849,5245,2
E01007850,13912,5
E01007851,2377,1
E01007852,9019,3
E01007853,19845,6
E01007854,5665,2
E01007855,2661,1
E01007856,3331,1
E01007857,4357,2
E01007858,28851,9
E01007861,32653,10
E01007862,32399,10
E01007863,28558,9
E01007864,20062,6
E01007865,26430,8
E01007866,27685,9
E01007867,22288,7
E01007868,30103,9
E01007869,2471,1
E01007870,1940,1
E01007871,3984,2
E01007872,4897,2
E01007873,2006,1
E01007874,1452,1
E01007875,415,1
E01007878,2454,1
E01007879,6838,3
E01007881,4706,2
E01007882,12407,4
E01007883,1126,1
E01007885,1108,1
E01007886,967,1
E01007887,20007,6
E01007888,27172,9
E01007889,28894,9
E01007890,30474,10
E01007891,29496,9
E01007892,1046,1
E01007893,29703,9
E01007894,15826,5
E01007895,7619,3
E01007896,32237,10
E01007897,29071,9
E01007898,26665,8
E01007899,26381,8
E01007900,7629,3
E01007901,2223,1
E01007902,592,1
E01007903,5277,2
E01007904,417,1
E01007905,1581,1
E01007906,2613,1
E01007907,6328,2
E01007908,17191,6
E01007909,16594,5
E01007910,6643,2
E01007911,27542,9
E01007912,16887,6
E01007913,551,1
E01007914,1259,1
E01007915,32440,10
E01007916,1339,1
E01007917,15303,5
E01007918,23213,7
E01007919,847,1
E01007920,32994,10
E01007921,29095,9
E01007922,32476,10
E01007923,27241,9
E01007924,15708,5
E01007925,25576,8
E01007926,31493,10
E01007927,33229,10
E01007928,33183,10
E01007929,32053,10
E01007930,33619,10
E01007931,33475,10
E01007932,32381,10
E01007933,32894,10
E01007934,32018,10
E01007935,23722,8
E01007936,26690,8
E01007937,32294,10
E01007938,33470,10
E01007939,32508,10
E01007940,104,1
E01007941,4575,2
E01007942,960,1
E01007943,950,1
E01007945,1471,1
E01007946,1751,1
E01007947,178,1
E01007948,949,1
E01007949,77,1
E01007950,3717,2
E01007951,27257,9
E01007952,33438,10
E01007953,16021,5
E01007954,33375,10
E01007955,32802,10
E01007956,30189,9
E01007957,33081,10
E01007958,33009,10
E01007959,33411,10
E01007960,28324,9
E01007961,33156,10
E01007962,17148,6
E01007963,7238,3
E01007964,6865,3
E01007965,3958,2
E01007966,11978,4
E01007967,6233,2
E01007968,3638,2
E01007969,10422,4
E01007970,73,1
E01007971,8703,3
E01007972,23902,8
E01007973,22245,7
E01007974,21993,7
E01007975,5656,2
E01007976,8070,3
E01007977,991,1
E01007978,13806,5
E01007979,245,1
E01007980,16656,5
E01007981,16846,5
E01007982,4146,2
E01007983,20505,7
E01007984,32345,10
E01007985,23768,8
E01007986,19384,6
E01007987,23117,7
E01007988,28691,9
E01007989,20845,7
E01007990,17597,6
E01007991,7659,3
E01007992,21452,7
E01007993,11441,4
E01007994,24578,8
E01007995,15279,5
E01007996,19094,6
E01007997,27896,9
E01007998,3373,1
E01007999,24176,8
E01008000,14686,5
E01008001,8613,3
E01008002,23464,7
E01008003,19592,6
E01008004,9471,3
E01008005,16884,6
E01008006,19685,6
E01008007,1151,1
E01008008,4217,2
E01008009,934,1
E01008010,5081,2
E01008011,1316,1
E01008012,3248,1
E01008013,6458,2
E01008014,4474,2
E01008015,1806,1
E01008016,5576,2
E01008017,698,1
E01008018,2238,1
E01008019,10491,4
E01008020,19307,6
E01008021,31394,10
E01008022,433,1
E01008023,30399,10
E01008024,17287,6
E01008025,22233,7
E01008027,7834,3
E01008028,10157,4
E01008029,6140,2
E01008030,17548,6
E01008031,14394,5
E01008032,7565,3
E01008033,17888,6
E01008034,11976,4
E01008035,31319,10
E01008036,30037,9
E01008037,3728,2
E01008038,30400,10
E01008039,25713,8
E01008040,18138,6
E01008041,29562,9
E01008042,13546,5
E01008043,30491,10
E01008044,30383,10
E01008045,15076,5
E01008046,12592,4
E01008047,22671,7
E01008048,25881,8
E01008049,23712,8
E01008050,20332,7
E01008051,12212,4
E01008052,19170,6
E01008053,3769,2
E01008054,3549,2
E01008055,2400,1
E01008056,7147,3
E01008057,4090,2
E01008058,18810,6
E01008059,3563,2
E01008060,2699,1
E01008061,3788,2
E01008062,893,1
E01008063,6762,3
E01008064,24136,8
E01008065,1535,1
E01008066,20942,7
E01008067,14481,5
E01008068,6431,2
E01008069,23956,8
E01008072,5400,2
E01008073,11907,4
E01008074,24587,8
E01008075,936,1
E01008076,842,1
E01008077,4365,2
E01008078,22525,7
E01008079,25286,8
E01008080,15448,5
E01008081,1558,1
E01008082,1343,1
E01008083,767,1
E01008084,297,1
E01008085,2174,1
E01008086,3290,1
E01008087,18874,6
E01008088,11502,4
E01008089,5555,2
E01008090,1309,1
E01008091,12790,4
E01008092,697,1
E01008093,9408,3
E01008094,2117,1
E01008095,9373,3
E01008096,3726,2
E01008097,2124,1
E01008098,1914,1
E01008099,15759,5
E01008100,1744,1
E01008101,5809,2
E01008102,354,1
E01008103,256,1
E01008104,17620,6
E01008105,16411,5
E01008107,3812,2
E01008108,9913,3
E01008109,12056,4
E01008111,17651,6
E01008112,4156,2
E01008113,10297,4
E01008114,6562,2
E01008115,12660,4
E01008116,1127,1
E01008117,4918,2
E01008118,1828,1
E01008119,2905,1
E01008122,1916,1
E01008123,2035,1
E01008124,268,1
E01008125,6219,2
E01008126,29632,9
E01008128,21708,7
E01008129,24087,8
E01008130,25731,8
E01008131,27569,9
E01008132,31771,10
E01008133,22557,7
E01008134,18817,6
E01008135,21289,7
E01008136,10319,4
E01008137,31678,10
E01008138,5460,2
E01008139,15462,5
E01008140,17750,6
E01008141,25184,8
E01008142,11584,4
E01008143,14320,5
E01008144,19785,6
E01008145,5450,2
E01008146,31973,10
E01008147,24785,8
E01008148,9413,3
E01008149,25657,8
E01008150,14478,5
E01008151,19392,6
E01008152,17884,6
E01008153,19942,6
E01008154,21249,7
E01008155,15342,5
E01008156,31967,10
E01008157,2921,1
E01008158,7264,3
E01008159,29453,9
E01008160,19301,6
E01008161,13770,5
E01008162,11691,4
E01008163,3513,2
E01008164,2237,1
E01008165,2672,1
E01008166,7688,3
E01008167,3746,2
E01008170,1862,1
E01008172,14314,5
E01008173,3876,2
E01008174,12161,4
E01008175,5948,2
E01008176,21877,7
E01008177,17895,6
E01008178,15835,5
E01008179,16480,5
E01008180,2251,1
E01008181,21429,7
E01008182,7292,3
E01008183,7923,3
E01008184,25795,8
E01008185,3504,2
E01008186,2066,1
E01008188,20265,7
E01008189,1375,1
E01008190,21335,7
E01008191,3011,1
E01008192,6541,2
E01008193,28285,9
E01008194,27697,9
E01008195,14173,5
E01008196,14895,5
E01008197,22948,7
E01008198,11955,4
E01008199,19526,6
E01008200,26548,8
E01008201,1035,1
E01008202,6839,3
E01008203,1704,1
E01008204,1230,1
E01008205,27433,9
E01008206,14922,5
E01008207,27972,9
E01008208,9194,3
E01008209,10227,4
E01008210,5497,2
E01008211,12357,4
E01008212,894,1
E01008213,11810,4
E01008214,644,1
E01008215,1986,1
E01008216,2797,1
E01008217,7203,3
E01008218,1487,1
E01008219,12249,4
E01008220,253,1
E01008221,4561,2
E01008222,9907,3
E01008223,1641,1
E01008224,24742,8
E01008225,11688,4
E01008226,11685,4
E01008227,353,1
E01008228,4304,2
E01008229,12390,4
E01008230,11894,4
E01008231,4083,2
E01008232,4435,2
E01008233,23410,7
E01008234,25092,8
E01008235,28674,9
E01008236,15077,5
E01008237,31191,10
E01008238,24504,8
E01008239,26197,8
E01008240,12859,4
E01008241,10485,4
E01008242,7616,3
E01008243,21183,7
E01008244,9248,3
E01008245,23557,7
E01008246,13363,4
E01008247,10262,4
E01008248,31478,10
E01008249,22885,7
E01008250,15073,5
E01008251,6201,2
E01008252,2572,1
E01008253,3178,1
E01008254,4953,2
E01008255,16408,5
E01008256,16386,5
E01008257,2118,1
E01008258,8953,3
E01008259,3972,2
E01008260,31092,10
E01008261,4120,2
E01008262,6750,2
E01008263,4399,2
E01008264,33189,10
E01008265,13740,5
E01008266,29602,9
E01008267,17319,6
E01008268,22022,7
E01008269,32771,10
E01008270,32189,10
E01008271,32452,10
E01008272,29824,9
E01008273,18841,6
E01008274,7777,3
E01008275,33233,10
E01008276,12174,4
E01008277,11353,4
E01008278,28883,9
E01008279,22344,7
E01008280,3517,2
E01008281,5858,2
E01008282,3767,2
E01008283,27503,9
E01008284,13630,5
E01008285,1459,1
E01008286,9845,3
E01008287,26969,8
E01008288,7987,3
E01008289,1408,1
E01008290,5521,2
E01008291,53,1
E01008292,25558,8
E01008293,16854,5
E01008294,25097,8
E01008295,1870,1
E01008296,5647,2
E01008297,2327,1
E01008298,12320,4
E01008299,2651,1
E01008300,6024,2
E01008301,3878,2
E01008302,747,1
E01008303,689,1
E01008305,470,1
E01008306,17421,6
E01008307,10402,4
E01008309,33708,10
E01008311,30424,10
E01008312,24859,8
E01008313,20307,7
E01008314,22925,7
E01008315,21137,7
E01008316,30332,9
E01008317,32783,10
E01008318,6432,2
E01008319,33608,10
E01008320,25493,8
E01008321,33172,10
E01008322,30670,10
E01008323,29634,9
E01008324,2839,1
E01008325,2429,1
E01008326,23857,8
E01008327,1314,1
E01008328,29934,9
E01008329,11288,4
E01008330,3410,2
E01008331,868,1
E01008333,1667,1
E01008334,2694,1
E01008335,2867,1
E01008336,4852,2
E01008337,2982,1
E01008338,6776,3
E01008339,5654,2
E01008340,1323,1
E01008341,6593,2
E01008342,19446,6
E01008343,17462,6
E01008344,8160,3
E01008345,1946,1
E01008346,8297,3
E01008347,15471,5
E01008348,3186,1
E01008349,6095,2
E01008350,10240,4
E01008351,27594,9
E01008352,16016,5
E01008353,13490,4
E01008354,15053,5
E01008355,29868,9
E01008356,14004,5
E01008357,33062,10
E01008358,28067,9
E01008359,13549,5
E01008360,23539,7
E01008361,12198,4
E01008362,9449,3
E01008363,26114,8
E01008364,19688,6
E01008365,27350,9
E01008366,31388,10
E01008367,25335,8
E01008368,27211,9
E01008369,25156,8
E01008370,27226,9
E01008371,33275,10
E01008372,22773,7
E01008373,25606,8
E01008374,20838,7
E01008375,5404,2
E01008376,32231,10
E01008377,4626,2
E01008378,32619,10
E01008379,9458,3
E01008380,376,1
E01008381,24356,8
E01008382,1185,1
E01008383,4450,2
E01008384,13289,4
E01008385,3123,1
E01008386,16983,6
E01008387,20536,7
E01008388,636,1
E01008389,1160,1
E01008390,606,1
E01008391,965,1
E01008392,3506,2
E01008396,3114,1
E01008397,10328,4
E01008398,1081,1
E01008399,2201,1
E01008400,3444,2
E01008401,5608,2
E01008402,10247,4
E01008403,22664,7
E01008404,7959,3
E01008405,8801,3
E01008406,14152,5
E01008407,18556,6
E01008409,25457,8
E01008410,16184,5
E01008411,24291,8
E01008412,21964,7
E01008413,11612,4
E01008415,4051,2
E01008416,16642,5
E01008418,32191,10
E01008419,27671,9
E01008420,30311,9
E01008421,31871,10
E01008422,30917,10
E01008423,33184,10
E01008424,24204,8
E01008425,423,1
E01008426,522,1
E01008427,359,1
E01008428,2281,1
E01008429,716,1
E01008430,6510,2
E01008431,14479,5
E01008432,8530,3
E01008433,20671,7
E01008434,21376,7
E01008435,3585,2
E01008436,1772,1
E01008437,548,1
E01008438,791,1
E01008439,341,1
E01008441,10457,4
E01008442,29659,9
E01008443,27481,9
E01008444,26743,8
E01008445,14574,5
E01008446,30199,9
E01008447,21246,7
E01008448,29322,9
E01008449,3792,2
E01008450,4864,2
E01008451,7270,3
E01008452,22083,7
E01008453,17532,6
E01008455,6093,2
E01008456,2533,1
E01008457,1006,1
E01008458,30204,9
E01008459,201,1
E01008460,2849,1
E01008461,7018,3
E01008462,8100,3
E01008463,8407,3
E01008464,15310,5
E01008465,21848,7
E01008466,32651,10
E01008467,22318,7
E01008468,8087,3
E01008469,23803,8
E01008470,9870,3
E01008471,13582,5
E01008472,28814,9
E01008473,20837,7
E01008474,8005,3
E01008475,31143,10
E01008476,8940,3
E01008477,6716,2
E01008478,5447,2
E01008479,31657,10
E01008480,5476,2
E01008481,5024,2
E01008482,3208,1
E01008483,10652,4
E01008484,3005,1
E01008485,141,1
E01008486,8131,3
E01008487,10097,3
E01008488,8936,3
E01008489,4685,2
E01008490,14381,5
E01008491,8193,3
E01008492,5538,2
E01008493,30696,10
E01008494,15259,5
E01008495,33104,10
E01008496,12989,4
E01008497,33349,10
E01008498,31828,10
E01008499,15212,5
E01008500,22122,7
E01008502,10088,3
E01008503,10984,4
E01008504,30301,9
E01008505,21404,7
E01008506,9684,3
E01008507,29542,9
E01008508,8289,3
E01008509,6119,2
E01008510,9498,3
E01008511,7522,3
E01008512,2754,1
E01008513,13882,5
E01008514,14935,5
E01008516,32627,10
E01008517,33228,10
E01008518,25346,8
E01008519,27452,9
E01008520,29694,9
E01008521,28112,9
E01008522,32787,10
E01008523,32870,10
E01008524,2741,1
E01008525,25460,8
E01008526,30940,10
E01008527,24633,8
E01008528,24325,8
E01008529,22764,7
E01008530,17853,6
E01008531,26189,8
E01008532,11631,4
E01008533,7710,3
E01008534,22573,7
E01008535,16128,5
E01008536,5307,2
E01008537,4802,2
E01008538,24902,8
E01008539,19821,6
E01008540,631,1
E01008541,4036,2
E01008542,2441,1
E01008543,6584,2
E01008544,700,1
E01008545,754,1
E01008546,33320,10
E01008547,33557,10
E01008548,33709,10
E01008549,32871,10
E01008550,30064,9
E01008551,31649,10
E01008552,25150,8
E01008553,27199,9
E01008554,14805,5
E01008555,11543,4
E01008556,31447,10
E01008557,33242,10
E01008558,22289,7
E01008559,20493,7
E01008560,22100,7
E01008561,9457,3
E01008562,26309,8
E01008563,33234,10
E01008564,30040,9
E01008567,9276,3
E01008568,11852,4
E01008569,6809,3
E01008570,20022,6
E01008571,4210,2
E01008572,4045,2
E01008573,1469,1
E01008574,23881,8
E01008575,1416,1
E01008576,8765,3
E01008577,20704,7
E01008578,12510,4
E01008579,31009,10
E01008580,28761,9
E01008581,31114,10
E01008582,8789,3
E01008583,10207,4
E01008584,5968,2
E01008585,20469,7
E01008586,22452,7
E01008587,16512,5
E01008588,13039,4
E01008589,32510,10
E01008590,3691,2
E01008591,1971,1
E01008592,5666,2
E01008593,1631,1
E01008594,6600,2
E01008595,6463,2
E01008596,1095,1
E01008597,11601,4
E01008598,5462,2
E01008599,4963,2
E01008600,1242,1
E01008601,4558,2
E01008602,4759,2
E01008603,3943,2
E01008604,1634,1
E01008605,9622,3
E01008606,3466,2
E01008607,996,1
E01008608,2555,1
E01008609,2493,1
E01008610,2523,1
E01008611,29595,9
E01008612,24152,8
E01008613,2700,1
E01008614,15960,5
E01008615,16075,5
E01008616,30283,9
E01008617,30815,10
E01008618,32041,10
E01008619,31533,10
E01008620,29405,9
E01008621,32935,10
E01008622,18340,6
E01008624,12539,4
E01008625,3101,1
E01008627,25021,8
E01008628,4656,2
E01008629,13456,4
E01008630,4082,2
E01008631,10218,4
E01008632,5362,2
E01008633,4604,2
E01008634,3479,2
E01008635,14291,5
E01008636,9734,3
E01008637,9168,3
E01008638,21632,7
E01008639,8298,3
E01008640,14903,5
E01008641,6050,2
E01008642,28247,9
E01008643,20410,7
E01008644,6350,2
E01008645,14189,5
E01008646,14407,5
E01008647,28952,9
E01008648,13147,4
E01008649,6097,2
E01008650,24401,8
E01008651,779,1
E01008652,5164,2
E01008653,4049,2
E01008654,6325,2
E01008655,7062,3
E01008656,11821,4
E01008657,20749,7
E01008658,2696,1
E01008659,9815,3
E01008660,8873,3
E01008661,5347,2
E01008662,7986,3
E01008663,5643,2
E01008664,515,1
E01008665,1417,1
E01008666,1300,1
E01008667,2508,1
E01008668,1902,1
E01008669,1249,1
E01008670,4296,2
E01008671,2745,1
E01008672,11757,4
E01008673,23348,7
E01008674,31738,10
E01008675,11300,4
E01008676,9042,3
E01008677,24882,8
E01008678,6412,2
E01008679,13184,4
E01008680,24914,8
E01008681,26436,8
E01008682,1302,1
E01008683,6314,2
E01008684,7437,3
E01008685,14997,5
E01008686,14420,5
E01008687,13052,4
E01008688,4756,2
E01008689,1876,1
E01008690,4838,2
E01008691,27136,9
E01008692,7323,3
E01008693,4761,2
E01008694,4302,2
E01008695,4700,2
E01008696,19058,6
E01008697,4976,2
E01008698,3536,2
E01008699,3100,1
E01008700,9173,3
E01008701,4253,2
E01008702,160,1
E01008703,2769,1
E01008704,6904,3
E01008705,2445,1
E01008706,2795,1
E01008707,4336,2
E01008708,9430,3
E01008709,282,1
E01008711,8732,3
E01008712,1721,1
E01008713,28237,9
E01008714,2013,1
E01008715,8901,3
E01008716,27981,9
E01008717,7712,3
E01008718,11724,4
E01008719,2003,1
E01008720,5723,2
E01008721,23012,7
E01008722,26562,8
E01008723,29922,9
E01008724,30955,10
E01008725,26625,8
E01008726,24211,8
E01008727,13932,5
E01008728,24635,8
E01008730,827,1
E01008732,7480,3
E01008733,1000,1
E01008734,22297,7
E01008735,4107,2
E01008736,18,1
E01008737,709,1
E01008738,450,1
E01008739,4266,2
E01008740,18960,6
E01008741,13915,5
E01008742,4174,2
E01008743,677,1
E01008744,6547,2
E01008745,18564,6
E01008746,3480,2
E01008747,15582,5
E01008748,6996,3
E01008749,24019,8
E01008750,15563,5
E01008751,13562,5
E01008752,7999,3
E01008753,6289,2
E01008754,3990,2
E01008755,2995,1
E01008756,3650,2
E01008757,3718,2
E01008758,14109,5
E01008759,9160,3
E01008760,17636,6
E01008761,22578,7
E01008762,1024,1
E01008763,5473,2
E01008764,10376,4
E01008765,22592,7
E01008766,18277,6
E01008767,10795,4
E01008768,10362,4
E01008769,4467,2
E01008770,17504,6
E01008771,14645,5
E01008772,29167,9
E01008773,1411,1
E01008774,18211,6
E01008775,29559,9
E01008776,3176,1
E01008777,1049,1
E01008778,8003,3
E01008779,8138,3
E01008780,6266,2
E01008781,22221,7
E01008782,31455,10
E01008783,29870,9
E01008784,31067,10
E01008785,28921,9
E01008786,20674,7
E01008787,7942,3
E01008788,9170,3
E01008789,20250,6
E01008790,12607,4
E01008791,2598,1
E01008792,16974,6
E01008793,994,1
E01008795,14605,5
E01008796,15644,5
E01008799,25671,8
E01008800,1928,1
E01008801,27871,9
E01008802,15265,5
E01008803,3261,1
E01008804,6686,2
E01008805,3576,2
E01008808,28808,9
E01008809,8188,3
E01008810,2625,1
E01008811,12943,4
E01008812,2458,1
E01008813,2861,1
E01008814,9780,3
E01008817,270,1
E01008819,4395,2
E01008821,891,1
E01008822,2865,1
E01008823,1546,1
E01008824,771,1
E01008825,3716,2
E01008826,7156,3
E01008827,1590,1
E01008828,1620,1
E01008829,718,1
E01008830,5108,2
E01008831,4616,2
E01008832,5816,2
E01008833,8032,3
E01008834,5203,2
E01008835,11006,4
E01008836,109,1
E01008837,1665,1
E01008838,2975,1
E01008839,235,1
E01008840,3779,2
E01008841,1499,1
E01008842,9417,3
E01008843,23240,7
E01008844,13100,4
E01008845,20839,7
E01008846,1364,1
E01008847,2432,1
E01008848,13085,4
E01008849,2351,1
E01008851,7856,3
E01008852,20462,7
E01008853,1402,1
E01008854,1237,1
E01008855,13514,5
E01008856,19881,6
E01008857,5761,2
E01008858,1068,1
E01008859,1526,1
E01008860,3089,1
E01008861,10304,4
E01008862,25453,8
E01008863,30108,9
E01008864,25819,8
E01008865,6609,2
E01008866,6968,3
E01008867,1138,1
E01008868,26464,8
E01008869,15495,5
E01008870,28659,9
E01008871,6725,2
E01008872,24299,8
E01008873,20149,6
E01008874,3856,2
E01008875,12841,4
E01008876,25826,8
E01008877,22988,7
E01008878,10627,4
E01008879,11695,4
E01008880,10778,4
E01008881,3696,2
E01008882,1607,1
E01008883,1650,1
E01008884,1403,1
E01008885,13895,5
E01008886,1892,1
E01008887,2390,1
E01008888,15924,5
E01008889,2481,1
E01008890,6055,2
E01008891,12237,4
E01008892,1879,1
E01008893,6706,2
E01008894,4390,2
E01008895,10756,4
E01008896,1894,1
E01008897,4546,2
E01008898,1600,1
E01008899,591,1
E01008901,851,1
E01008905,909,1
E01008906,1118,1
E01008907,329,1
E01008909,1978,1
E01008910,396,1
E01008911,1239,1
E01008913,862,1
E01008915,1197,1
E01008916,136,1
E01008917,15238,5
E01008918,2075,1
E01008919,7053,3
E01008920,16292,5
E01008921,5833,2
E01008923,2239,1
E01008924,10004,3
E01008925,20353,7
E01008927,580,1
E01008928,1027,1
E01008929,883,1
E01008930,10070,3
E01008931,3376,2
E01008932,3411,2
E01008933,10069,3
E01008934,18196,6
E01008935,1367,1
E01008936,8811,3
E01008937,6874,3
E01008938,3472,2
E01008939,7170,3
E01008940,1466,1
E01008941,4195,2
E01008942,4856,2
E01008943,3321,1
E01008944,5224,2
E01008945,6006,2
E01008946,4815,2
E01008947,11484,4
E01008948,13287,4
E01008949,26568,8
E01008950,13751,5
E01008951,21434,7
E01008952,11169,4
E01008953,10392,4
E01008954,21667,7
E01008955,15172,5
E01008956,22325,7
E01008957,6702,2
E01008958,6200,2
E01008959,20264,7
E01008960,22493,7
E01008961,14182,5
E01008962,1175,1
E01008963,7960,3
E01008964,6051,2
E01008965,19722,6
E01008966,3170,1
E01008967,25043,8
E01008968,24236,8
E01008969,18295,6
E01008970,11151,4
E01008971,16448,5
E01008972,3522,2
E01008973,11265,4
E01008974,18964,6
E01008975,19589,6
E01008976,1770,1
E01008977,9198,3
E01008978,81,1
E01008979,1188,1
E01008980,665,1
E01008981,18749,6
E01008982,19305,6
E01008984,2976,1
E01008986,8361,3
E01008987,3425,2
E01008988,8290,3
E01008989,3106,1
E01008990,30338,9
E01008991,19681,6
E01008992,30593,10
E01008994,16768,5
E01008995,2650,1
E01008996,4293,2
E01008997,16867,5
E01008998,1423,1
E01008999,4865,2
E01009000,2150,1
E01009001,13457,4
E01009002,761,1
E01009003,7518,3
E01009005,8322,3
E01009006,6396,2
E01009007,2018,1
E01009008,14655,5
E01009009,13574,5
E01009011,9789,3
E01009012,14871,5
E01009013,2275,1
E01009014,5211,2
E01009015,5930,2
E01009016,1771,1
E01009017,6117,2
E01009018,3456,2
E01009019,2060,1
E01009020,4176,2
E01009021,2565,1
E01009022,6975,3
E01009023,14139,5
E01009024,2956,1
E01009025,2343,1
E01009026,2778,1
E01009028,3112,1
E01009029,2569,1
E01009030,12757,4
E01009031,17657,6
E01009032,17197,6
E01009033,4312,2
E01009034,18549,6
E01009035,11032,4
E01009036,18968,6
E01009037,18253,6
E01009039,23338,7
E01009040,24257,8
E01009041,21225,7
E01009042,17332,6
E01009043,2692,1
E01009044,2198,1
E01009045,7250,3
E01009046,16990,6
E01009047,500,1
E01009048,588,1
E01009049,4606,2
E01009050,2902,1
E01009051,584,1
E01009053,227,1
E01009054,5674,2
E01009056,1725,1
E01009057,1019,1
E01009058,1832,1
E01009059,850,1
E01009060,1752,1
E01009061,1531,1
E01009062,1110,1
E01009064,7101,3
E01009065,19499,6
E01009066,25138,8
E01009067,28942,9
E01009068,24042,8
E01009069,19975,6
E01009070,24952,8
E01009071,16161,5
E01009072,18385,6
E01009073,441,1
E01009074,1970,1
E01009075,1867,1
E01009077,14728,5
E01009078,10466,4
E01009079,1975,1
E01009080,1036,1
E01009081,962,1
E01009082,3762,2
E01009083,1784,1
E01009084,7804,3
E01009085,10049,3
E01009086,4882,2
E01009087,6514,2
E01009088,4972,2
E01009089,10516,4
E01009090,5563,2
E01009091,3774,2
E01009092,881,1
E01009093,1063,1
E01009094,2049,1
E01009095,4858,2
E01009096,1950,1
E01009097,680,1
E01009098,5292,2
E01009099,326,1
E01009100,6079,2
E01009101,3316,1
E01009102,2100,1
E01009103,809,1
E01009104,2771,1
E01009105,12679,4
E01009106,7381,3
E01009107,2218,1
E01009108,24832,8
E01009109,2394,1
E01009110,3467,2
E01009111,12882,4
E01009112,8271,3
E01009113,309,1
E01009114,2278,1
E01009115,2163,1
E01009116,28515,9
E01009117,928,1
E01009118,9687,3
E01009119,13301,4
E01009120,14323,5
E01009122,2114,1
E01009123,4820,2
E01009124,978,1
E01009125,4433,2
E01009126,16022,5
E01009127,1158,1
E01009128,794,1
E01009129,1266,1
E01009130,1754,1
E01009131,1608,1
E01009132,1683,1
E01009133,1347,1
E01009134,2286,1
E01009135,20646,7
E01009136,2729,1
E01009137,3238,1
E01009138,9564,3
E01009139,8207,3
E01009140,8877,3
E01009141,1053,1
E01009143,1325,1
E01009145,9539,3
E01009146,6161,2
E01009147,4287,2
E01009151,2158,1
E01009152,943,1
E01009153,1920,1
E01009155,418,1
E01009157,933,1
E01009158,5407,2
E01009159,16584,5
E01009160,114,1
E01009161,2379,1
E01009162,8413,3
E01009164,9496,3
E01009165,3110,1
E01009166,10657,4
E01009167,9966,3
E01009168,17771,6
E01009169,15860,5
E01009170,22377,7
E01009171,8089,3
E01009172,1877,1
E01009173,1463,1
E01009174,2360,1
E01009175,13092,4
E01009176,10739,4
E01009177,13445,4
E01009178,7896,3
E01009179,16907,6
E01009182,1290,1
E01009183,26344,8
E01009184,8920,3
E01009185,17373,6
E01009186,16781,5
E01009187,17318,6
E01009188,12230,4
E01009189,18943,6
E01009192,1910,1
E01009195,1551,1
E01009197,3193,1
E01009199,5612,2
E01009200,1424,1
E01009201,1311,1
E01009202,985,1
E01009204,1331,1
E01009205,17450,6
E01009206,16273,5
E01009207,24801,8
E01009208,19102,6
E01009209,8465,3
E01009210,4152,2
E01009211,21833,7
E01009212,2713,1
E01009213,6794,3
E01009214,1420,1
E01009215,695,1
E01009216,8270,3
E01009217,17361,6
E01009218,15229,5
E01009219,8083,3
E01009220,10346,4
E01009221,10424,4
E01009222,3695,2
E01009223,12659,4
E01009224,15678,5
E01009225,5220,2
E01009226,11953,4
E01009227,12959,4
E01009228,14460,5
E01009229,14451,5
E01009230,10381,4
E01009231,14702,5
E01009232,10412,4
E01009233,3710,2
E01009234,16499,5
E01009235,16078,5
E01009236,15614,5
E01009237,6528,2
E01009238,13127,4
E01009239,511,1
E01009240,13154,4
E01009241,10300,4
E01009242,9247,3
E01009243,12848,4
E01009244,14183,5
E01009245,14313,5
E01009246,16547,5
E01009247,16772,5
E01009248,16674,5
E01009249,16098,5
E01009250,16794,5
E01009251,24372,8
E01009252,28446,9
E01009253,18268,6
E01009254,7836,3
E01009255,8890,3
E01009256,10896,4
E01009257,6553,2
E01009258,2451,1
E01009259,2176,1
E01009260,23868,8
E01009261,20497,7
E01009262,13488,4
E01009263,4216,2
E01009264,12923,4
E01009265,4355,2
E01009266,826,1
E01009267,15765,5
E01009268,9655,3
E01009269,676,1
E01009270,642,1
E01009271,1564,1
E01009272,3147,1
E01009273,1468,1
E01009274,2444,1
E01009275,628,1
E01009276,13067,4
E01009278,14829,5
E01009279,15523,5
E01009280,20372,7
E01009281,18438,6
E01009282,7451,3
E01009283,14859,5
E01009284,17349,6
E01009286,23512,7
E01009288,19664,6
E01009289,16147,5
E01009290,21324,7
E01009291,6917,3
E01009292,24756,8
E01009293,8678,3
E01009294,9154,3
E01009295,13854,5
E01009296,5440,2
E01009297,3077,1
E01009298,1644,1
E01009299,2591,1
E01009300,1215,1
E01009301,763,1
E01009302,10290,4
E01009303,2226,1
E01009304,4220,2
E01009305,314,1
E01009306,3489,2
E01009307,1643,1
E01009308,3172,1
E01009309,1860,1
E01009310,2916,1
E01009311,1071,1
E01009312,15814,5
E01009313,10668,4
E01009314,5684,2
E01009315,6986,3
E01009316,8986,3
E01009317,7004,3
E01009318,18464,6
E01009319,19230,6
E01009320,9238,3
E01009321,516,1
E01009322,1289,1
E01009323,3333,1
E01009324,15064,5
E01009325,1964,1
E01009326,2979,1
E01009327,1603,1
E01009328,1395,1
E01009329,1122,1
E01009331,2289,1
E01009332,570,1
E01009333,501,1
E01009334,2397,1
E01009335,2556,1
E01009337,1128,1
E01009338,1350,1
E01009339,1427,1
E01009341,1476,1
E01009342,3352,1
E01009343,464,1
E01009344,1199,1
E01009345,202,1
E01009346,1534,1
E01009347,1409,1
E01009348,3858,2
E01009349,322,1
E01009350,857,1
E01009351,1101,1
E01009352,831,1
E01009353,975,1
E01009354,487,1
E01009355,135,1
E01009358,873,1
E01009359,386,1
E01009360,1659,1
E01009361,117,1
E01009362,696,1
E01009363,913,1
E01009364,310,1
E01009365,157,1
E01009366,2268,1
E01009367,336,1
E01009368,325,1
E01009371,524,1
E01009372,723,1
E01009373,585,1
E01009374,1549,1
E01009375,1169,1
E01009376,774,1
E01009377,194,1
E01009379,345,1
E01009380,1180,1
E01009382,1627,1
E01009383,2603,1
E01009384,2705,1
E01009385,5659,2
E01009389,5131,2
E01009390,4853,2
E01009391,653,1
E01009392,2413,1
E01009393,1220,1
E01009394,12712,4
E01009395,3262,1
E01009396,941,1
E01009397,1453,1
E01009399,363,1
E01009400,1253,1
E01009401,1009,1
E01009403,4545,2
E01009404,2456,1
E01009405,5231,2
E01009406,4203,2
E01009407,5016,2
E01009408,2629,1
E01009409,1694,1
E01009410,1981,1
E01009411,11436,4
E01009412,177,1
E01009413,1052,1
E01009414,3080,1
E01009415,33083,10
E01009416,30784,10
E01009417,27056,9
E01009418,16614,5
E01009419,22381,7
E01009420,31255,10
E01009421,33232,10
E01009422,30760,10
E01009423,12695,4
E01009424,19922,6
E01009425,24064,8
E01009426,33080,10
E01009427,24381,8
E01009428,33527,10
E01009429,33473,10
E01009430,33073,10
E01009431,33046,10
E01009432,15735,5
E01009433,32630,10
E01009434,31608,10
E01009435,30450,10
E01009436,32782,10
E01009437,28131,9
E01009438,29809,9
E01009439,21648,7
E01009440,27223,9
E01009441,10988,4
E01009442,28532,9
E01009443,26567,8
E01009444,33079,10
E01009445,3173,1
E01009446,22976,7
E01009447,17100,6
E01009448,8653,3
E01009449,18212,6
E01009450,23633,8
E01009451,17908,6
E01009452,19668,6
E01009453,27554,9
E01009454,30683,10
E01009455,4589,2
E01009456,29327,9
E01009457,31927,10
E01009458,10869,4
E01009459,29949,9
E01009460,11473,4
E01009461,31894,10
E01009462,13376,4
E01009463,29842,9
E01009464,27227,9
E01009465,29338,9
E01009466,29683,9
E01009467,17633,6
E01009468,29796,9
E01009469,28510,9
E01009470,33361,10
E01009471,24263,8
E01009472,27207,9
E01009473,15473,5
E01009474,21621,7
E01009475,1691,1
E01009476,1406,1
E01009477,783,1
E01009478,781,1
E01009479,728,1
E01009480,1630,1
E01009481,3136,1
E01009482,334,1
E01009483,431,1
E01009484,503,1
E01009485,1594,1
E01009486,597,1
E01009487,2318,1
E01009488,725,1
E01009489,663,1
E01009490,1233,1
E01009491,1273,1
E01009492,788,1
E01009493,3601,2
E01009494,1268,1
E01009495,2241,1
E01009496,23030,7
E01009497,11787,4
E01009498,1496,1
E01009499,4368,2
E01009500,2504,1
E01009501,2195,1
E01009502,2897,1
E01009503,3222,1
E01009504,19636,6
E01009505,3641,2
E01009506,27438,9
E01009507,315,1
E01009508,7091,3
E01009509,2738,1
E01009510,742,1
E01009511,1321,1
E01009512,4431,2
E01009513,1994,1
E01009514,2875,1
E01009515,5731,2
E01009516,6677,2
E01009517,3507,2
E01009518,10569,4
E01009519,15564,5
E01009520,16432,5
E01009521,11589,4
E01009522,15194,5
E01009523,24583,8
E01009524,8063,3
E01009525,20427,7
E01009526,24069,8
E01009527,13187,4
E01009528,29066,9
E01009529,20973,7
E01009530,22901,7
E01009531,15958,5
E01009532,22332,7
E01009535,24940,8
E01009536,26333,8
E01009537,6787,3
E01009538,7741,3
E01009539,1099,1
E01009540,1572,1
E01009541,2014,1
E01009542,1756,1
E01009543,29825,9
E01009544,9764,3
E01009548,16729,5
E01009549,29549,9
E01009550,17264,6
E01009552,12034,4
E01009553,6556,2
E01009554,19030,6
E01009555,28416,9
E01009556,18093,6
E01009557,32669,10
E01009558,22183,7
E01009559,24745,8
E01009560,32895,10
E01009561,12579,4
E01009562,21942,7
E01009563,33101,10
E01009564,2659,1
E01009565,4094,2
E01009566,2498,1
E01009567,482,1
E01009568,4948,2
E01009569,1295,1
E01009570,3067,1
E01009571,398,1
E01009573,1513,1
E01009574,305,1
E01009575,2600,1
E01009576,11305,4
E01009577,1686,1
E01009578,22761,7
E01009579,1407,1
E01009580,10845,4
E01009581,2997,1
E01009582,11909,4
E01009583,13512,5
E01009584,9193,3
E01009585,2821,1
E01009586,13851,5
E01009587,7113,3
E01009588,3221,1
E01009589,9035,3
E01009590,12749,4
E01009591,12863,4
E01009592,5328,2
E01009593,11507,4
E01009594,18468,6
E01009596,5741,2
E01009597,8775,3
E01009598,19278,6
E01009599,4426,2
E01009604,9486,3
E01009605,911,1
E01009606,12720,4
E01009607,102,1
E01009608,5417,2
E01009609,6089,2
E01009610,4080,2
E01009612,1491,1
E01009613,20100,6
E01009614,17776,6
E01009615,11464,4
E01009616,12992,4
E01009617,14405,5
E01009618,24169,8
E01009620,16725,5
E01009621,7973,3
E01009622,4077,2
E01009623,5179,2
E01009624,8892,3
E01009625,11747,4
E01009626,9416,3
E01009627,5594,2
E01009628,12373,4
E01009630,5585,2
E01009631,3098,1
E01009632,2267,1
E01009633,6532,2
E01009634,13197,4
E01009636,4705,2
E01009637,3135,1
E01009638,261,1
E01009639,4055,2
E01009640,1039,1
E01009641,7992,3
E01009643,23834,8
E01009644,23109,7
E01009645,18887,6
E01009646,21290,7
E01009647,15272,5
E01009648,24786,8
E01009649,19838,6
E01009650,4732,2
E01009651,1288,1
E01009652,26045,8
E01009653,24918,8
E01009654,15002,5
E01009655,6891,3
E01009656,4401,2
E01009657,18524,6
E01009658,13042,4
E01009659,1434,1
E01009660,9039,3
E01009661,2970,1
E01009662,5936,2
E01009663,15363,5
E01009664,8592,3
E01009665,30522,10
E01009666,29514,9
E01009667,31176,10
E01009668,25161,8
E01009669,29034,9
E01009670,30294,9
E01009671,32824,10
E01009672,32435,10
E01009674,8266,3
E01009676,17432,6
E01009679,10943,4
E01009681,20920,7
E01009682,22917,7
E01009683,14373,5
E01009684,3731,2
E01009685,21292,7
E01009686,25846,8
E01009687,23723,8
E01009688,8951,3
E01009689,9766,3
E01009690,12434,4
E01009691,10807,4
E01009692,28672,9
E01009693,23131,7
E01009694,28280,9
E01009695,27204,9
E01009696,29054,9
E01009697,30011,9
E01009698,29650,9
E01009699,18698,6
E01009700,1319,1
E01009701,6629,2
E01009702,1712,1
E01009704,30387,10
E01009705,31474,10
E01009706,23310,7
E01009707,27132,9
E01009708,20543,7
E01009709,206,1
E01009710,17016,6
E01009711,15280,5
E01009712,19534,6
E01009713,13862,5
E01009714,15479,5
E01009715,13636,5
E01009716,16258,5
E01009717,21140,7
E01009718,2775,1
E01009719,16699,5
E01009720,32273,10
E01009721,17876,6
E01009722,24484,8
E01009723,31866,10
E01009724,31914,10
E01009725,4617,2
E01009726,23531,7
E01009727,29827,9
E01009728,28234,9
E01009729,15062,5
E01009730,30233,9
E01009731,21435,7
E01009732,10912,4
E01009733,1480,1
E01009734,11170,4
E01009735,30198,9
E01009736,28351,9
E01009737,22869,7
E01009738,13196,4
E01009739,14955,5
E01009740,8817,3
E01009741,1859,1
E01009742,7246,3
E01009743,4123,2
E01009744,4970,2
E01009745,20281,7
E01009746,3747,2
E01009747,6454,2
E01009748,3148,1
E01009749,22486,7
E01009750,11111,4
E01009751,6529,2
E01009752,3383,2
E01009753,2649,1
E01009754,5198,2
E01009756,2819,1
E01009757,8989,3
E01009758,5376,2
E01009759,20285,7
E01009760,11725,4
E01009762,1340,1
E01009763,5408,2
E01009764,18836,6
E01009765,16029,5
E01009766,10836,4
E01009767,12937,4
E01009768,6650,2
E01009769,2506,1
E01009770,8464,3
E01009771,25423,8
E01009772,6301,2
E01009773,8814,3
E01009774,18623,6
E01009775,8035,3
E01009776,19368,6
E01009777,9570,3
E01009778,19316,6
E01009779,12366,4
E01009780,30013,9
E01009781,10415,4
E01009782,7488,3
E01009783,8796,3
E01009784,30143,9
E01009785,25730,8
E01009786,2167,1
E01009787,29164,9
E01009788,6110,2
E01009789,24294,8
E01009790,5681,2
E01009791,16350,5
E01009792,8950,3
E01009793,26099,8
E01009794,27521,9
E01009795,6284,2
E01009796,18988,6
E01009797,15572,5
E01009798,16510,5
E01009799,29002,9
E01009800,27200,9
E01009801,25650,8
E01009802,19497,6
E01009803,33280,10
E01009804,29633,9
E01009805,24665,8
E01009806,24015,8
E01009807,32353,10
E01009808,32337,10
E01009809,6126,2
E01009810,22698,7
E01009811,23882,8
E01009812,31156,10
E01009813,9756,3
E01009814,31814,10
E01009815,33224,10
E01009816,27425,9
E01009817,31767,10
E01009818,17021,6
E01009819,23636,8
E01009820,22163,7
E01009821,31921,10
E01009822,22084,7
E01009823,29700,9
E01009824,13299,4
E01009825,14504,5
E01009826,31277,10
E01009827,32776,10
E01009828,16694,5
E01009829,30068,9
E01009830,30641,10
E01009831,6023,2
E01009832,4952,2
E01009833,3210,1
E01009834,7431,3
E01009835,7924,3
E01009836,1001,1
E01009837,6254,2
E01009838,8221,3
E01009839,6090,2
E01009840,2282,1
E01009841,1385,1
E01009842,2677,1
E01009843,13663,5
E01009844,2735,1
E01009845,33498,10
E01009846,24917,8
E01009847,21867,7
E01009848,18705,6
E01009849,11220,4
E01009850,26928,8
E01009851,31204,10
E01009852,32721,10
E01009853,32166,10
E01009854,31787,10
E01009855,32113,10
E01009856,10370,4
E01009857,7627,3
E01009858,24730,8
E01009859,33093,10
E01009860,28115,9
E01009861,12011,4
E01009862,11235,4
E01009863,13836,5
E01009864,10555,4
E01009865,5390,2
E01009866,12082,4
E01009867,16327,5
E01009868,10892,4
E01009869,18145,6
E01009870,20193,6
E01009871,9733,3
E01009872,6166,2
E01009873,13169,4
E01009874,5025,2
E01009875,8149,3
E01009876,8301,3
E01009877,3315,1
E01009878,20106,6
E01009879,11467,4
E01009880,20787,7
E01009882,15912,5
E01009883,5886,2
E01009884,6792,3
E01009885,4696,2
E01009886,1838,1
E01009887,5364,2
E01009888,12933,4
E01009889,3490,2
E01009890,4942,2
E01009891,4633,2
E01009892,1137,1
E01009893,1668,1
E01009894,8887,3
E01009895,14240,5
E01009896,26054,8
E01009897,32544,10
E01009898,24274,8
E01009899,29546,9
E01009900,31777,10
E01009901,28239,9
E01009902,29191,9
E01009903,31747,10
E01009904,28782,9
E01009905,20830,7
E01009906,6287,2
E01009907,18570,6
E01009908,27607,9
E01009909,20466,7
E01009910,7527,3
E01009911,26483,8
E01009912,29686,9
E01009913,13340,4
E01009914,29791,9
E01009915,22807,7
E01009916,14280,5
E01009917,28094,9
E01009918,6615,2
E01009919,27989,9
E01009920,27742,9
E01009921,7927,3
E01009922,10585,4
E01009923,19388,6
E01009924,20297,7
E01009925,24159,8
E01009926,13030,4
E01009927,8506,3
E01009928,5474,2
E01009929,5299,2
E01009930,6852,3
E01009931,20581,7
E01009932,2934,1
E01009933,5983,2
E01009934,3915,2
E01009935,4157,2
E01009936,19085,6
E01009937,6151,2
E01009938,9014,3
E01009939,14040,5
E01009940,6371,2
E01009941,10260,4
E01009942,6746,2
E01009943,4341,2
E01009944,6044,2
E01009946,14463,5
E01009947,9883,3
E01009948,20755,7
E01009949,23076,7
E01009950,10850,4
E01009951,2296,1
E01009952,2827,1
E01009953,4631,2
E01009954,8052,3
E01009955,4643,2
E01009956,7646,3
E01009957,2623,1
E01009958,26379,8
E01009959,30135,9
E01009960,4215,2
E01009961,20678,7
E01009962,2822,1
E01009963,1942,1
E01009964,1246,1
E01009965,1381,1
E01009966,3772,2
E01009967,10654,4
E01009968,20232,6
E01009969,6522,2
E01009970,10305,4
E01009971,4904,2
E01009972,21676,7
E01009973,14128,5
E01009974,18333,6
E01009975,22968,7
E01009976,19195,6
E01009977,8805,3
E01009978,5603,2
E01009979,1391,1
E01009980,5550,2
E01009981,4466,2
E01009982,4434,2
E01009983,4177,2
E01009985,3400,2
E01009986,5197,2
E01009987,610,1
E01009988,7016,3
E01009989,6174,2
E01009991,6721,2
E01009992,6779,3
E01009993,2988,1
E01009994,5582,2
E01009995,7719,3
E01009996,3558,2
E01009997,4778,2
E01009998,5732,2
E01009999,8185,3
E01010000,13145,4
E01010001,5369,2
E01010002,14036,5
E01010003,3294,1
E01010004,6317,2
E01010005,8979,3
E01010006,14567,5
E01010007,11594,4
E01010008,15395,5
E01010009,10267,4
E01010010,3907,2
E01010011,18207,6
E01010012,20977,7
E01010013,20576,7
E01010014,15701,5
E01010015,15024,5
E01010016,5789,2
E01010017,2579,1
E01010018,9999,3
E01010019,3095,1
E01010020,8047,3
E01010021,5181,2
E01010022,20700,7
E01010023,17831,6
E01010024,24738,8
E01010025,6559,2
E01010026,14681,5
E01010027,19057,6
E01010028,6496,2
E01010029,587,1
E01010030,1082,1
E01010031,937,1
E01010032,172,1
E01010033,1358,1
E01010034,24072,8
E01010035,20415,7
E01010036,5841,2
E01010037,3105,1
E01010038,6596,2
E01010039,6869,3
E01010040,10937,4
E01010041,3516,2
E01010042,8330,3
E01010043,20029,6
E01010044,10010,3
E01010045,5514,2
E01010046,5275,2
E01010047,4581,2
E01010048,6028,2
E01010049,4225,2
E01010050,9664,3
E01010051,5743,2
E01010052,2507,1
E01010053,2796,1
E01010054,1651,1
E01010055,5915,2
E01010056,5989,2
E01010057,4549,2
E01010058,4578,2
E01010059,4373,2
E01010060,2323,1
E01010061,2559,1
E01010062,4916,2
E01010064,6202,2
E01010066,3102,1
E01010067,2061,1
E01010068,7097,3
E01010069,17084,6
E01010070,8595,3
E01010071,4559,2
E01010072,6687,2
E01010073,9095,3
E01010075,13200,4
E01010076,4884,2
E01010077,4286,2
E01010078,25014,8
E01010079,21059,7
E01010080,3476,2
E01010081,19354,6
E01010082,17724,6
E01010083,8569,3
E01010084,3900,2
E01010085,7122,3
E01010086,4150,2
E01010087,7601,3
E01010088,5911,2
E01010089,5954,2
E01010090,4053,2
E01010091,6713,2
E01010092,5038,2
E01010093,6459,2
E01010094,5862,2
E01010095,6302,2
E01010096,6030,2
E01010097,9876,3
E01010098,4530,2
E01010099,9300,3
E01010100,12952,4
E01010101,3551,2
E01010102,3596,2
E01010103,3627,2
E01010104,7258,3
E01010105,12294,4
E01010106,3154,1
E01010107,2554,1
E01010108,28519,9
E01010109,15980,5
E01010110,19066,6
E01010111,1997,1
E01010112,10521,4
E01010113,8489,3
E01010114,18482,6
E01010115,16945,6
E01010116,32405,10
E01010117,25545,8
E01010118,14861,5
E01010119,25205,8
E01010120,7255,3
E01010121,21743,7
E01010122,24766,8
E01010123,20177,6
E01010124,24165,8
E01010125,1399,1
E01010126,1144,1
E01010127,6300,2
E01010128,3003,1
E01010129,1846,1
E01010130,1308,1
E01010131,2646,1
E01010132,19193,6
E01010133,20133,6
E01010134,26137,8
E01010135,19525,6
E01010136,27222,9
E01010137,7560,3
E01010138,23845,8
E01010139,7554,3
E01010140,1705,1
E01010141,1508,1
E01010142,1155,1
E01010143,2411,1
E01010144,9567,3
E01010145,12216,4
E01010146,4719,2
E01010147,1973,1
E01010148,1855,1
E01010149,13480,4
E01010150,33653,10
E01010151,25433,8
E01010152,33702,10
E01010153,30951,10
E01010154,31565,10
E01010155,32667,10
E01010156,33685,10
E01010157,23544,7
E01010158,5828,2
E01010159,15168,5
E01010160,14790,5
E01010161,26397,8
E01010162,23031,7
E01010163,22566,7
E01010164,21101,7
E01010165,14497,5
E01010166,29175,9
E01010167,17779,6
E01010168,27170,9
E01010169,31845,10
E01010170,33107,10
E01010171,27755,9
E01010172,32211,10
E01010173,33478,10
E01010174,21485,7
E01010175,30735,10
E01010176,33050,10
E01010177,18980,6
E01010178,7134,3
E01010179,24414,8
E01010180,26336,8
E01010181,28013,9
E01010183,22349,7
E01010184,19249,6
E01010185,33595,10
E01010186,32861,10
E01010187,33313,10
E01010188,32896,10
E01010189,30882,10
E01010190,33270,10
E01010191,31887,10
E01010192,27752,9
E01010193,33713,10
E01010194,33528,10
E01010195,33323,10
E01010196,33384,10
E01010197,33720,10
E01010198,29601,9
E01010199,32686,10
E01010200,16942,6
E01010201,29356,9
E01010202,32852,10
E01010203,24120,8
E01010204,5652,2
E01010205,33254,10
E01010206,30943,10
E01010207,32276,10
E01010208,28604,9
E01010209,22898,7
E01010210,32884,10
E01010211,12588,4
E01010212,33019,10
E01010213,11438,4
E01010214,32430,10
E01010215,31211,10
E01010216,31061,10
E01010217,32280,10
E01010218,9431,3
E01010219,22283,7
E01010220,30314,9
E01010221,22210,7
E01010222,21765,7
E01010223,17998,6
E01010225,29807,9
E01010226,27318,9
E01010227,32158,10
E01010228,20361,7
E01010229,32445,10
E01010230,18323,6
E01010231,32597,10
E01010232,15660,5
E01010233,18504,6
E01010234,1886,1
E01010235,1948,1
E01010236,2253,1
E01010237,8059,3
E01010238,2319,1
E01010239,3953,2
E01010240,3113,1
E01010241,25938,8
E01010242,7475,3
E01010243,23841,8
E01010244,6039,2
E01010245,29237,9
E01010246,26125,8
E01010247,21985,7
E01010248,32119,10
E01010249,8609,3
E01010250,13361,4
E01010251,28143,9
E01010252,12177,4
E01010253,7679,3
E01010254,8794,3
E01010255,28120,9
E01010256,19608,6
E01010257,29929,9
E01010258,3985,2
E01010259,11243,4
E01010260,5161,2
E01010261,4066,2
E01010262,8226,3
E01010263,3188,1
E01010264,3760,2
E01010265,2933,1
E01010266,3829,2
E01010267,16085,5
E01010268,1553,1
E01010269,2004,1
E01010270,4863,2
E01010271,2998,1
E01010272,272,1
E01010273,1379,1
E01010274,1332,1
E01010275,2139,1
E01010277,4665,2
E01010279,5571,2
E01010282,1924,1
E01010283,1676,1
E01010284,3889,2
E01010285,14527,5
E01010286,1939,1
E01010287,6698,2
E01010288,2381,1
E01010289,882,1
E01010290,6304,2
E01010291,3223,1
E01010292,2844,1
E01010293,4960,2
E01010294,1396,1
E01010295,2799,1
E01010296,28282,9
E01010297,31584,10
E01010298,10057,3
E01010299,3419,2
E01010300,2539,1
E01010301,3866,2
E01010302,4906,2
E01010303,11939,4
E01010304,14980,5
E01010305,5268,2
E01010306,15321,5
E01010307,25394,8
E01010308,3202,1
E01010309,3948,2
E01010310,8553,3
E01010311,6062,2
E01010312,3724,2
E01010313,6339,2
E01010314,2134,1
E01010315,7476,3
E01010316,1196,1
E01010317,30740,10
E01010318,2717,1
E01010319,28093,9
E01010320,6475,2
E01010321,7007,3
E01010322,11641,4
E01010323,11059,4
E01010324,10939,4
E01010325,12744,4
E01010326,19669,6
E01010327,4543,2
E01010328,29130,9
E01010329,26867,8
E01010330,8176,3
E01010331,30565,10
E01010332,26830,8
E01010333,24245,8
E01010334,31621,10
E01010335,2940,1
E01010336,5395,2
E01010337,11315,4
E01010338,6442,2
E01010339,15236,5
E01010340,1783,1
E01010341,3155,1
E01010342,1262,1
E01010343,1848,1
E01010344,2255,1
E01010345,22962,7
E01010346,29553,9
E01010347,5103,2
E01010348,14833,5
E01010349,9812,3
E01010350,19213,6
E01010351,18122,6
E01010352,27244,9
E01010353,11864,4
E01010354,12304,4
E01010355,22871,7
E01010356,23927,8
E01010357,28666,9
E01010358,18659,6
E01010359,18906,6
E01010360,21000,7
E01010361,9584,3
E01010362,2682,1
E01010363,4659,2
E01010364,2242,1
E01010365,2102,1
E01010366,1690,1
E01010367,3401,2
E01010368,703,1
E01010369,1840,1
E01010370,1355,1
E01010372,3723,2
E01010373,23025,7
E01010374,5348,2
E01010375,2949,1
E01010376,20103,6
E01010377,14472,5
E01010378,17082,6
E01010379,22322,7
E01010380,20090,6
E01010381,4669,2
E01010382,8573,3
E01010383,4115,2
E01010384,31872,10
E01010385,32215,10
E01010386,31935,10
E01010387,32389,10
E01010388,31642,10
E01010389,26709,8
E01010390,31332,10
E01010391,30805,10
E01010392,29396,9
E01010393,17003,6
E01010394,19767,6
E01010395,26193,8
E01010396,10721,4
E01010397,4427,2
E01010398,31450,10
E01010399,16653,5
E01010400,1878,1
E01010401,5329,2
E01010402,12581,4
E01010403,5235,2
E01010404,3560,2
E01010405,8559,3
E01010406,4007,2
E01010407,7531,3
E01010408,4105,2
E01010409,5244,2
E01010410,5445,2
E01010411,9897,3
E01010412,5046,2
E01010413,2989,1
E01010414,1241,1
E01010415,4415,2
E01010416,1606,1
E01010417,3671,2
E01010418,20652,7
E01010419,6790,3
E01010420,5499,2
E01010421,2315,1
E01010422,8779,3
E01010423,2068,1
E01010424,15116,5
E01010425,7120,3
E01010426,9061,3
E01010427,8673,3
E01010428,3237,1
E01010429,5028,2
E01010430,3951,2
E01010431,18716,6
E01010432,15742,5
E01010433,4145,2
E01010434,9826,3
E01010436,24241,8
E01010437,29030,9
E01010438,15505,5
E01010439,6958,3
E01010440,4206,2
E01010441,4214,2
E01010442,3720,2
E01010443,2038,1
E01010444,8368,3
E01010445,2246,1
E01010446,5255,2
E01010447,4086,2
E01010448,3345,1
E01010449,5193,2
E01010450,4998,2
E01010451,10523,4
E01010452,4073,2
E01010454,4928,2
E01010455,4583,2
E01010456,255,1
E01010457,12568,4
E01010458,5950,2
E01010459,13020,4
E01010460,15491,5
E01010461,24083,8
E01010462,2283,1
E01010463,3241,1
E01010464,1589,1
E01010465,3579,2
E01010466,870,1
E01010467,8797,3
E01010468,13281,4
E01010469,20254,7
E01010470,3439,2
E01010471,1582,1
E01010472,3678,2
E01010473,218,1
E01010474,7059,3
E01010475,17393,6
E01010476,3246,1
E01010477,5788,2
E01010478,1002,1
E01010479,5580,2
E01010480,9784,3
E01010481,2425,1
E01010482,3535,2
E01010483,1624,1
E01010484,1673,1
E01010485,2809,1
E01010486,1232,1
E01010487,25261,8
E01010488,13868,5
E01010489,11885,4
E01010490,2482,1
E01010491,10357,4
E01010492,26103,8
E01010493,22067,7
E01010494,30538,10
E01010495,8495,3
E01010496,5468,2
E01010497,27360,9
E01010498,19553,6
E01010499,11989,4
E01010500,4288,2
E01010501,7413,3
E01010502,22019,7
E01010503,4859,2
E01010504,25757,8
E01010505,24379,8
E01010506,3433,2
E01010507,26631,8
E01010508,2535,1
E01010509,8571,3
E01010510,8962,3
E01010511,3326,1
E01010512,7391,3
E01010513,20622,7
E01010514,27811,9
E01010515,26721,8
E01010516,26293,8
E01010517,15244,5
E01010518,20530,7
E01010519,16841,5
E01010520,25345,8
E01010522,3143,1
E01010523,6170,2
E01010524,3245,1
E01010525,5215,2
E01010526,830,1
E01010527,1208,1
E01010528,3473,2
E01010529,1537,1
E01010530,2080,1
E01010531,5501,2
E01010532,5123,2
E01010533,6176,2
E01010534,17635,6
E01010535,4199,2
E01010536,21696,7
E01010537,23003,7
E01010538,8723,3
E01010539,14212,5
E01010540,26784,8
E01010541,2396,1
E01010542,17481,6
E01010543,2419,1
E01010544,24228,8
E01010545,20656,7
E01010546,30668,10
E01010547,21835,7
E01010548,13243,4
E01010549,19464,6
E01010550,31942,10
E01010551,22717,7
E01010552,17193,6
E01010553,24326,8
E01010554,14117,5
E01010555,2675,1
E01010556,11021,4
E01010557,20798,7
E01010558,16190,5
E01010559,6285,2
E01010560,7320,3
E01010561,23930,8
E01010562,5060,2
E01010563,3971,2
E01010564,8030,3
E01010565,23035,7
E01010566,10124,3
E01010567,6883,3
E01010568,22157,7
E01010569,7702,3
E01010570,32409,10
E01010571,7187,3
E01010572,28064,9
E01010573,24856,8
E01010574,30238,9
E01010575,24421,8
E01010576,30192,9
E01010577,30223,9
E01010578,19272,6
E01010579,32745,10
E01010580,32650,10
E01010581,22552,7
E01010582,17028,6
E01010583,6164,2
E01010584,8761,3
E01010585,17247,6
E01010586,30231,9
E01010587,22680,7
E01010588,21305,7
E01010589,28089,9
E01010590,21189,7
E01010591,8884,3
E01010592,15957,5
E01010593,16928,6
E01010594,12022,4
E01010595,6773,3
E01010596,23361,7
E01010597,9091,3
E01010598,11284,4
E01010599,5236,2
E01010600,7683,3
E01010601,8371,3
E01010602,9404,3
E01010603,14094,5
E01010604,21053,7
E01010605,2847,1
E01010606,181,1
E01010607,1190,1
E01010608,304,1
E01010609,1755,1
E01010610,496,1
E01010611,1798,1
E01010612,31,1
E01010613,959,1
E01010614,2632,1
E01010615,3741,2
E01010616,2928,1
E01010617,115,1
E01010618,743,1
E01010619,3566,2
E01010620,456,1
E01010621,1965,1
E01010622,753,1
E01010623,1132,1
E01010624,531,1
E01010625,1315,1
E01010626,2205,1
E01010627,1954,1
E01010628,4430,2
E01010629,8954,3
E01010630,6108,2
E01010631,1538,1
E01010632,836,1
E01010633,13252,4
E01010634,20124,6
E01010635,182,1
E01010636,15414,5
E01010637,12227,4
E01010638,22439,7
E01010639,22904,7
E01010640,12917,4
E01010641,22042,7
E01010642,29171,9
E01010643,18760,6
E01010644,24273,8
E01010645,29378,9
E01010646,28096,9
E01010647,22686,7
E01010648,31512,10
E01010649,6250,2
E01010650,910,1
E01010651,15305,5
E01010652,9969,3
E01010653,1353,1
E01010654,945,1
E01010655,1154,1
E01010656,12912,4
E01010657,6240,2
E01010658,1797,1
E01010659,251,1
E01010662,7618,3
E01010663,69,1
E01010664,8931,3
E01010665,5649,2
E01010666,27,1
E01010667,1091,1
E01010668,12365,4
E01010669,6181,2
E01010670,6749,2
E01010671,9003,3
E01010672,19472,6
E01010673,1746,1
E01010674,1307,1
E01010675,8439,3
E01010676,1292,1
E01010678,11707,4
E01010679,919,1
E01010680,1156,1
E01010681,30643,10
E01010682,3267,1
E01010683,29930,9
E01010684,21967,7
E01010685,19941,6
E01010686,28900,9
E01010687,31456,10
E01010688,15696,5
E01010689,21709,7
E01010690,19136,6
E01010691,33569,10
E01010692,30787,10
E01010693,33665,10
E01010694,32401,10
E01010695,23971,8
E01010696,33260,10
E01010697,32821,10
E01010698,24546,8
E01010699,16796,5
E01010700,1699,1
E01010701,730,1
E01010702,1889,1
E01010703,6135,2
E01010704,6545,2
E01010705,18795,6
E01010706,25695,8
E01010707,25153,8
E01010708,12188,4
E01010709,24227,8
E01010710,23,1
E01010711,425,1
E01010712,765,1
E01010713,1955,1
E01010714,5506,2
E01010715,5616,2
E01010716,3451,2
E01010717,4783,2
E01010718,812,1
E01010719,2894,1
E01010720,848,1
E01010721,2252,1
E01010722,4040,2
E01010723,560,1
E01010724,3052,1
E01010725,5297,2
E01010726,22392,7
E01010727,12318,4
E01010728,2942,1
E01010729,13712,5
E01010730,148,1
E01010731,872,1
E01010732,1713,1
E01010733,517,1
E01010734,276,1
E01010735,264,1
E01010736,281,1
E01010737,146,1
E01010738,1614,1
E01010739,210,1
E01010740,3474,2
E01010741,10736,4
E01010742,732,1
E01010743,192,1
E01010744,1884,1
E01010745,1275,1
E01010746,15154,5
E01010747,5739,2
E01010748,2140,1
E01010749,3144,1
E01010750,14664,5
E01010751,6595,2
E01010752,8832,3
E01010753,23219,7
E01010754,14435,5
E01010755,2122,1
E01010756,14813,5
E01010758,28385,9
E01010759,7064,3
E01010760,26387,8
E01010761,7232,3
E01010762,6210,2
E01010763,8581,3
E01010764,30209,9
E01010765,17114,6
E01010766,32680,10
E01010767,22865,7
E01010768,32482,10
E01010769,23652,8
E01010770,32688,10
E01010771,33142,10
E01010772,33611,10
E01010773,30609,10
E01010774,29303,9
E01010775,22463,7
E01010776,5488,2
E01010777,1133,1
E01010778,6581,2
E01010779,7348,3
E01010781,6607,2
E01010782,3894,2
E01010783,16266,5
E01010784,8919,3
E01010785,16388,5
E01010786,23608,7
E01010787,20772,7
E01010788,14207,5
E01010789,5453,2
E01010790,28341,9
E01010791,8249,3
E01010792,2490,1
E01010793,5079,2
E01010794,8457,3
E01010795,11986,4
E01010796,4885,2
E01010797,18723,6
E01010798,8174,3
E01010799,5265,2
E01010800,289,1
E01010801,7558,3
E01010802,3363,1
E01010803,607,1
E01010804,4849,2
E01010805,6020,2
E01010806,4406,2
E01010807,3643,2
E01010808,1757,1
E01010809,1168,1
E01010810,5322,2
E01010811,968,1
E01010812,209,1
E01010813,269,1
E01010814,2216,1
E01010815,5126,2
E01010816,21177,7
E01010817,3027,1
E01010818,16797,5
E01010819,34,1
E01010820,149,1
E01010821,237,1
E01010822,252,1
E01010824,786,1
E01010825,10264,4
E01010826,534,1
E01010827,5980,2
E01010828,1609,1
E01010829,1649,1
E01010830,1304,1
E01010831,1984,1
E01010832,3184,1
E01010833,762,1
E01010834,1605,1
E01010836,3031,1
E01010837,2212,1
E01010838,1827,1
E01010839,486,1
E01010840,618,1
E01010841,1515,1
E01010842,615,1
E01010843,385,1
E01010845,1444,1
E01010846,7060,3
E01010847,9379,3
E01010848,9316,3
E01010849,17144,6
E01010850,351,1
E01010851,11387,4
E01010852,6460,2
E01010853,11945,4
E01010854,11523,4
E01010855,14353,5
E01010856,11603,4
E01010857,17212,6
E01010858,17879,6
E01010859,19335,6
E01010860,19860,6
E01010861,24723,8
E01010862,20352,7
E01010863,25324,8
E01010864,4375,2
E01010865,14029,5
E01010866,13643,5
E01010867,7427,3
E01010868,1693,1
E01010869,6731,2
E01010870,18031,6
E01010871,7763,3
E01010872,2715,1
E01010873,18174,6
E01010874,3460,2
E01010875,30814,10
E01010876,25483,8
E01010877,10152,4
E01010878,9070,3
E01010879,18835,6
E01010880,1923,1
E01010881,16153,5
E01010882,18848,6
E01010883,17396,6
E01010884,12166,4
E01010885,17848,6
E01010886,11994,4
E01010887,17903,6
E01010888,14812,5
E01010889,1896,1
E01010890,10420,4
E01010891,5540,2
E01010892,25051,8
E01010893,11933,4
E01010894,3673,2
E01010895,10972,4
E01010896,26268,8
E01010897,22483,7
E01010898,10600,4
E01010899,20872,7
E01010900,31024,10
E01010901,26587,8
E01010902,8934,3
E01010903,18360,6
E01010904,28867,9
E01010905,29639,9
E01010906,30253,9
E01010907,24268,8
E01010908,22388,7
E01010909,20591,7
E01010910,5546,2
E01010911,19649,6
E01010912,5202,2
E01010913,25001,8
E01010914,7300,3
E01010915,17169,6
E01010916,2980,1
E01010917,19372,6
E01010918,19055,6
E01010919,7500,3
E01010920,18539,6
E01010921,8058,3
E01010922,16968,6
E01010923,11530,4
E01010924,187,1
E01010925,1992,1
E01010926,126,1
E01010927,21758,7
E01010928,2103,1
E01010929,3279,1
E01010930,3139,1
E01010931,21635,7
E01010932,22276,7
E01010933,22611,7
E01010934,13070,4
E01010935,27432,9
E01010936,27401,9
E01010937,23478,7
E01010938,527,1
E01010939,21769,7
E01010940,6977,3
E01010941,2256,1
E01010942,4342,2
E01010943,947,1
E01010944,1114,1
E01010945,19604,6
E01010946,33055,10
E01010947,29775,9
E01010948,19188,6
E01010949,8416,3
E01010950,6987,3
E01010951,14901,5
E01010952,18630,6
E01010953,25391,8
E01010954,28405,9
E01010955,19227,6
E01010956,15577,5
E01010957,20006,6
E01010958,2115,1
E01010959,7789,3
E01010960,422,1
E01010961,3250,1
E01010964,54,1
E01010965,339,1
E01010966,1218,1
E01010967,1915,1
E01010968,16757,5
E01010969,19824,6
E01010970,13782,5
E01010971,23225,7
E01010972,18598,6
E01010973,24089,8
E01010974,3675,2
E01010975,19504,6
E01010976,24247,8
E01010977,28104,9
E01010978,12132,4
E01010979,4999,2
E01010980,7259,3
E01010981,8807,3
E01010982,10821,4
E01010983,5696,2
E01010984,9068,3
E01010985,9346,3
E01010986,4282,2
E01010987,10074,3
E01010988,6369,2
E01010989,7985,3
E01010990,13473,4
E01010991,15730,5
E01010992,13331,4
E01010993,5253,2
E01010995,1518,1
E01010996,2234,1
E01010997,23683,8
E01010998,5279,2
E01010999,15059,5
E01011000,2587,1
E01011001,1661,1
E01011002,4052,2
E01011003,691,1
E01011004,2231,1
E01011005,23499,7
E01011006,15612,5
E01011007,16843,5
E01011008,9239,3
E01011009,16055,5
E01011010,3575,2
E01011011,28564,9
E01011012,12275,4
E01011013,19676,6
E01011014,5321,2
E01011015,3330,1
E01011016,4913,2
E01011017,4512,2
E01011018,6390,2
E01011019,10198,4
E01011020,4381,2
E01011021,21502,7
E01011022,18094,6
E01011023,8928,3
E01011024,5511,2
E01011025,3384,2
E01011026,11613,4
E01011027,11607,4
E01011028,6969,3
E01011029,579,1
E01011030,3247,1
E01011031,17342,6
E01011032,3954,2
E01011033,9533,3
E01011034,4257,2
E01011035,5901,2
E01011036,3121,1
E01011037,7814,3
E01011038,1664,1
E01011039,10032,3
E01011040,3534,2
E01011041,4268,2
E01011042,17046,6
E01011043,4548,2
E01011044,9412,3
E01011045,1093,1
E01011046,29073,9
E01011047,26836,8
E01011048,7575,3
E01011049,14031,5
E01011050,27525,9
E01011051,27445,9
E01011052,9602,3
E01011053,23447,7
E01011054,28858,9
E01011055,23111,7
E01011056,29199,9
E01011057,23804,8
E01011058,19890,6
E01011059,2076,1
E01011060,7913,3
E01011061,2484,1
E01011062,23626,7
E01011063,12645,4
E01011064,7631,3
E01011065,13576,5
E01011066,27500,9
E01011067,23246,7
E01011068,23616,7
E01011069,24060,8
E01011070,18738,6
E01011071,21808,7
E01011072,19519,6
E01011073,9989,3
E01011074,16736,5
E01011075,11496,4
E01011076,12041,4
E01011077,13697,5
E01011078,15792,5
E01011079,4091,2
E01011080,2557,1
E01011081,2332,1
E01011082,2244,1
E01011083,16033,5
E01011084,1729,1
E01011085,9628,3
E01011086,26226,8
E01011087,8342,3
E01011088,32585,10
E01011089,13051,4
E01011090,8628,3
E01011091,27290,9
E01011092,29280,9
E01011093,1040,1
E01011094,1204,1
E01011095,14757,5
E01011096,16511,5
E01011097,10512,4
E01011098,9952,3
E01011099,11571,4
E01011100,6099,2
E01011101,1107,1
E01011102,28394,9
E01011103,3988,2
E01011104,4111,2
E01011105,6680,2
E01011106,901,1
E01011107,2398,1
E01011108,15478,5
E01011109,26991,8
E01011110,22425,7
E01011111,23579,7
E01011112,20797,7
E01011113,27805,9
E01011114,13559,5
E01011115,25219,8
E01011116,27015,9
E01011117,26980,8
E01011118,25543,8
E01011119,19576,6
E01011120,31734,10
E01011121,4716,2
E01011122,400,1
E01011123,6258,2
E01011124,13664,5
E01011125,10174,4
E01011126,4200,2
E01011127,19012,6
E01011128,5867,2
E01011129,13515,5
E01011130,338,1
E01011132,33429,10
E01011133,2907,1
E01011134,905,1
E01011136,2791,1
E01011137,3429,2
E01011138,876,1
E01011139,6880,3
E01011140,495,1
E01011141,4593,2
E01011142,22188,7
E01011143,989,1
E01011144,829,1
E01011145,17945,6
E01011146,26414,8
E01011147,16068,5
E01011148,1313,1
E01011149,4872,2
E01011150,13775,5
E01011151,25441,8
E01011152,23207,7
E01011153,12416,4
E01011154,10803,4
E01011155,26768,8
E01011156,15918,5
E01011157,6786,3
E01011158,11557,4
E01011159,24794,8
E01011160,29358,9
E01011161,17546,6
E01011162,23785,8
E01011163,2092,1
E01011164,15489,5
E01011165,9644,3
E01011166,4727,2
E01011167,2981,1
E01011168,29122,9
E01011169,25409,8
E01011170,29534,9
E01011173,31329,10
E01011174,31137,10
E01011175,9874,3
E01011176,22253,7
E01011177,27760,9
E01011178,13930,5
E01011179,27131,9
E01011180,27176,9
E01011181,23546,7
E01011182,21747,7
E01011183,27492,9
E01011184,9436,3
E01011185,20594,7
E01011186,29136,9
E01011187,25732,8
E01011188,21791,7
E01011189,29502,9
E01011190,29108,9
E01011191,26264,8
E01011192,12157,4
E01011193,22400,7
E01011194,30370,9
E01011195,29745,9
E01011196,30367,9
E01011197,16020,5
E01011198,29081,9
E01011199,26157,8
E01011200,25209,8
E01011201,15531,5
E01011202,15499,5
E01011203,28561,9
E01011204,28982,9
E01011205,23009,7
E01011206,14336,5
E01011207,27406,9
E01011208,13583,5
E01011210,26693,8
E01011211,26301,8
E01011212,7764,3
E01011213,31174,10
E01011214,23584,7
E01011215,19893,6
E01011216,27633,9
E01011217,27538,9
E01011218,14204,5
E01011219,23481,7
E01011220,4766,2
E01011221,30240,9
E01011222,6071,2
E01011223,4441,2
E01011224,4264,2
E01011225,7117,3
E01011226,18654,6
E01011227,2015,1
E01011228,16089,5
E01011229,8938,3
E01011230,4259,2
E01011231,12364,4
E01011232,3683,2
E01011233,17549,6
E01011234,5599,2
E01011235,3730,2
E01011236,3917,2
E01011237,3606,2
E01011238,11820,4
E01011239,14889,5
E01011240,11582,4
E01011241,28708,9
E01011242,8655,3
E01011243,21822,7
E01011244,22509,7
E01011245,7748,3
E01011246,3545,2
E01011247,27941,9
E01011248,14235,5
E01011249,9503,3
E01011250,3541,2
E01011251,2308,1
E01011252,24031,8
E01011253,2511,1
E01011254,22832,7
E01011255,2405,1
E01011256,3365,1
E01011257,5799,2
E01011258,9928,3
E01011259,4817,2
E01011260,5482,2
E01011261,4662,2
E01011262,3756,2
E01011263,9704,3
E01011264,17269,6
E01011265,23637,8
E01011266,33379,10
E01011267,13409,4
E01011268,6812,3
E01011269,15843,5
E01011270,32760,10
E01011271,32336,10
E01011272,33302,10
E01011273,21288,7
E01011274,6808,3
E01011275,15669,5
E01011276,28647,9
E01011277,29497,9
E01011278,27640,9
E01011279,27620,9
E01011280,32343,10
E01011281,8483,3
E01011282,4349,2
E01011283,2668,1
E01011284,3758,2
E01011286,17078,6
E01011287,14328,5
E01011292,1178,1
E01011293,2156,1
E01011294,1461,1
E01011295,5256,2
E01011296,29398,9
E01011297,26694,8
E01011298,6953,3
E01011299,17889,6
E01011300,13230,4
E01011301,30680,10
E01011302,31163,10
E01011303,14625,5
E01011304,7662,3
E01011305,20606,7
E01011306,29246,9
E01011307,10425,4
E01011308,17968,6
E01011309,22455,7
E01011310,22876,7
E01011311,26920,8
E01011312,401,1
E01011313,5219,2
E01011314,6748,2
E01011315,6473,2
E01011316,1285,1
E01011317,2871,1
E01011318,2020,1
E01011319,8197,3
E01011320,12612,4
E01011321,4380,2
E01011322,12538,4
E01011323,10172,4
E01011324,3232,1
E01011325,11979,4
E01011326,3764,2
E01011327,8356,3
E01011328,11213,4
E01011329,24656,8
E01011330,14150,5
E01011331,11247,4
E01011332,2627,1
E01011333,9249,3
E01011334,5508,2
E01011335,12494,4
E01011336,2372,1
E01011337,1831,1
E01011338,3840,2
E01011339,5133,2
E01011340,2710,1
E01011341,12421,4
E01011342,3099,1
E01011343,8902,3
E01011344,106,1
E01011345,6815,3
E01011346,4471,2
E01011347,113,1
E01011348,2192,1
E01011349,2983,1
E01011350,29898,9
E01011351,25877,8
E01011352,18363,6
E01011353,32126,10
E01011354,3229,1
E01011355,8214,3
E01011356,18908,6
E01011357,2466,1
E01011358,5818,2
E01011359,8061,3
E01011360,2042,1
E01011361,2202,1
E01011362,2594,1
E01011363,1236,1
E01011364,3996,2
E01011366,1145,1
E01011368,951,1
E01011369,13476,4
E01011370,2938,1
E01011371,977,1
E01011372,705,1
E01011373,1229,1
E01011374,2460,1
E01011375,530,1
E01011376,32841,10
E01011377,33114,10
E01011378,2655,1
E01011379,6394,2
E01011380,31358,10
E01011381,30489,10
E01011382,32301,10
E01011383,19798,6
E01011384,20452,7
E01011385,30590,10
E01011386,32107,10
E01011388,19351,6
E01011390,11650,4
E01011391,12257,4
E01011392,19035,6
E01011393,25605,8
E01011394,19005,6
E01011395,14299,5
E01011396,17928,6
E01011397,29696,9
E01011398,32464,10
E01011399,25596,8
E01011400,19569,6
E01011401,32720,10
E01011402,17988,6
E01011403,27420,9
E01011404,31843,10
E01011405,31409,10
E01011406,29369,9
E01011407,15264,5
E01011408,20701,7
E01011409,17108,6
E01011410,28958,9
E01011411,30876,10
E01011412,30718,10
E01011413,29363,9
E01011414,28383,9
E01011415,16034,5
E01011416,23532,7
E01011417,20298,7
E01011418,29945,9
E01011419,32723,10
E01011420,25491,8
E01011421,5529,2
E01011422,2401,1
E01011423,4973,2
E01011424,6243,2
E01011425,17320,6
E01011426,497,1
E01011427,770,1
E01011428,708,1
E01011429,640,1
E01011430,367,1
E01011431,1498,1
E01011432,108,1
E01011433,58,1
E01011434,179,1
E01011435,20324,7
E01011440,18344,6
E01011441,21343,7
E01011442,24007,8
E01011443,24428,8
E01011444,11282,4
E01011445,16529,5
E01011446,16229,5
E01011447,13268,4
E01011448,7685,3
E01011449,8644,3
E01011450,8155,3
E01011451,23772,8
E01011452,32611,10
E01011453,31133,10
E01011454,30900,10
E01011455,33474,10
E01011456,33099,10
E01011457,29583,9
E01011458,33339,10
E01011459,26540,8
E01011460,22052,7
E01011461,33658,10
E01011462,16280,5
E01011463,10962,4
E01011464,26683,8
E01011465,16102,5
E01011466,4262,2
E01011467,6069,2
E01011468,3655,2
E01011469,13819,5
E01011470,8930,3
E01011471,2109,1
E01011472,1880,1
E01011473,886,1
E01011474,1776,1
E01011475,1598,1
E01011476,3919,2
E01011477,10018,3
E01011478,12158,4
E01011479,16747,5
E01011480,23467,7
E01011481,7114,3
E01011482,11439,4
E01011483,3891,2
E01011484,2638,1
E01011485,6520,2
E01011488,8233,3
E01011489,9338,3
E01011491,1286,1
E01011492,1592,1
E01011493,1632,1
E01011494,3768,2
E01011496,27713,9
E01011497,1181,1
E01011500,17289,6
E01011502,7167,3
E01011504,4207,2
E01011505,21803,7
E01011506,24183,8
E01011507,31086,10
E01011508,30626,10
E01011509,29906,9
E01011510,2959,1
E01011511,24525,8
E01011512,22215,7
E01011513,32049,10
E01011514,27976,9
E01011515,29495,9
E01011516,32808,10
E01011517,20400,7
E01011518,22172,7
E01011519,10961,4
E01011520,26649,8
E01011521,24999,8
E01011522,30167,9
E01011523,13891,5
E01011524,26366,8
E01011525,20337,7
E01011526,32373,10
E01011527,26970,8
E01011528,30090,9
E01011529,10199,4
E01011530,22684,7
E01011531,27551,9
E01011532,9510,3
E01011533,11400,4
E01011534,27838,9
E01011535,30583,10
E01011536,23699,8
E01011537,16191,5
E01011538,6057,2
E01011540,9740,3
E01011541,10436,4
E01011545,17381,6
E01011546,15023,5
E01011547,11536,4
E01011548,21478,7
E01011549,32779,10
E01011550,26274,8
E01011551,19016,6
E01011552,4582,2
E01011553,24802,8
E01011554,30412,10
E01011555,32564,10
E01011556,22453,7
E01011557,30379,9
E01011558,5586,2
E01011559,4666,2
E01011560,4340,2
E01011561,27491,9
E01011562,32555,10
E01011563,32317,10
E01011564,32736,10
E01011565,32079,10
E01011566,26758,8
E01011567,31050,10
E01011568,31753,10
E01011569,22144,7
E01011570,27246,9
E01011571,22412,7
E01011572,28244,9
E01011573,28487,9
E01011574,19411,6
E01011576,28154,9
E01011578,23285,7
E01011579,26150,8
E01011580,30446,10
E01011581,27405,9
E01011582,6327,2
E01011583,29324,9
E01011584,28815,9
E01011585,11262,4
E01011586,18078,6
E01011587,19232,6
E01011588,25714,8
E01011589,24555,8
E01011590,29996,9
E01011591,23127,7
E01011592,24352,8
E01011593,32735,10
E01011594,11996,4
E01011595,23750,8
E01011596,30628,10
E01011597,11618,4
E01011598,21909,7
E01011599,21889,7
E01011600,26822,8
E01011601,12897,4
E01011602,18235,6
E01011603,28032,9
E01011604,22139,7
E01011605,30875,10
E01011606,12256,4
E01011607,19417,6
E01011608,7884,3
E01011609,7061,3
E01011610,21413,7
E01011611,3962,2
E01011612,8334,3
E01011613,13570,5
E01011614,24437,8
E01011615,7652,3
E01011616,1809,1
E01011617,4335,2
E01011618,2057,1
E01011620,3887,2
E01011621,2370,1
E01011622,1436,1
E01011623,817,1
E01011624,1152,1
E01011625,545,1
E01011626,3665,2
E01011627,8068,3
E01011628,27965,9
E01011629,15046,5
E01011630,27998,9
E01011632,2881,1
E01011633,22017,7
E01011634,12097,4
E01011635,22247,7
E01011636,24288,8
E01011637,22295,7
E01011638,26827,8
E01011639,6881,3
E01011641,29893,9
E01011642,25864,8
E01011643,29144,9
E01011644,14669,5
E01011645,23147,7
E01011646,22800,7
E01011647,9178,3
E01011648,17553,6
E01011649,31390,10
E01011650,27202,9
E01011651,19281,6
E01011652,28737,9
E01011653,27842,9
E01011654,33240,10
E01011655,29729,9
E01011656,3301,1
E01011657,1189,1
E01011658,1890,1
E01011659,2813,1
E01011660,4636,2
E01011661,346,1
E01011662,287,1
E01011663,2422,1
E01011664,4492,2
E01011665,4711,2
E01011666,18927,6
E01011667,445,1
E01011668,14054,5
E01011669,11145,4
E01011670,8752,3
E01011671,4505,2
E01011673,283,1
E01011677,634,1
E01011678,22249,7
E01011681,3897,2
E01011684,26834,8
E01011685,32402,10
E01011686,3171,1
E01011687,27658,9
E01011688,20387,7
E01011689,23770,8
E01011690,29735,9
E01011691,9493,3
E01011692,27529,9
E01011693,21560,7
E01011694,29968,9
E01011695,3896,2
E01011696,31807,10
E01011697,24385,8
E01011698,29089,9
E01011699,33123,10
E01011700,25361,8
E01011701,31986,10
E01011702,33616,10
E01011703,33454,10
E01011704,19573,6
E01011705,11784,4
E01011706,31586,10
E01011707,21418,7
E01011708,27054,9
E01011709,31210,10
E01011710,28177,9
E01011711,27023,9
E01011712,21525,7
E01011713,30531,10
E01011714,25593,8
E01011715,30210,9
E01011716,24955,8
E01011717,12556,4
E01011718,9776,3
E01011719,26957,8
E01011720,3830,2
E01011721,3111,1
E01011722,7493,3
E01011723,2513,1
E01011724,3921,2
E01011725,710,1
E01011726,3654,2
E01011727,15823,5
E01011728,20197,6
E01011729,2101,1
E01011730,2537,1
E01011731,22063,7
E01011732,20459,7
E01011733,18751,6
E01011734,28852,9
E01011735,1569,1
E01011736,21003,7
E01011737,2604,1
E01011738,21360,7
E01011739,2130,1
E01011740,1616,1
E01011741,14971,5
E01011742,2873,1
E01011743,25501,8
E01011744,26227,8
E01011745,940,1
E01011746,2730,1
E01011747,741,1
E01011748,12349,4
E01011750,492,1
E01011751,21060,7
E01011752,6945,3
E01011753,7795,3
E01011754,4701,2
E01011755,23942,8
E01011756,1028,1
E01011757,14699,5
E01011758,12049,4
E01011759,5015,2
E01011761,12276,4
E01011762,5590,2
E01011763,3913,2
E01011764,2663,1
E01011765,17091,6
E01011766,15985,5
E01011767,26353,8
E01011768,23139,7
E01011770,16039,5
E01011771,2353,1
E01011772,10467,4
E01011773,27789,9
E01011774,17079,6
E01011776,5090,2
E01011777,8617,3
E01011778,10179,4
E01011779,7222,3
E01011780,451,1
E01011781,8449,3
E01011782,15959,5
E01011783,10203,4
E01011784,6751,2
E01011785,8596,3
E01011786,5717,2
E01011787,9663,3
E01011788,18198,6
E01011789,2530,1
E01011790,2302,1
E01011791,3291,1
E01011792,186,1
E01011793,16566,5
E01011794,10035,3
E01011795,9544,3
E01011796,27168,9
E01011797,32819,10
E01011798,15889,5
E01011799,9391,3
E01011800,23309,7
E01011801,12723,4
E01011802,17826,6
E01011803,5227,2
E01011804,6205,2
E01011805,3399,2
E01011806,7996,3
E01011807,6067,2
E01011808,8372,3
E01011809,5296,2
E01011810,8345,3
E01011811,447,1
E01011812,30553,10
E01011813,3986,2
E01011814,4338,2
E01011815,4319,2
E01011816,3276,1
E01011817,7585,3
E01011818,13286,4
E01011819,11218,4
E01011820,13875,5
E01011821,12061,4
E01011822,9537,3
E01011823,14853,5
E01011824,7713,3
E01011825,24283,8
E01011826,25748,8
E01011827,24845,8
E01011828,21703,7
E01011829,23043,7
E01011830,10809,4
E01011831,11645,4
E01011832,11104,4
E01011833,23628,7
E01011834,11843,4
E01011835,25038,8
E01011836,14483,5
E01011837,6467,2
E01011838,2926,1
E01011839,16219,5
E01011840,7626,3
E01011841,19263,6
E01011842,1648,1
E01011843,8201,3
E01011844,28582,9
E01011845,32311,10
E01011846,20230,6
E01011847,29596,9
E01011848,27121,9
E01011849,18856,6
E01011850,2257,1
E01011851,7557,3
E01011852,4042,2
E01011853,7829,3
E01011854,5695,2
E01011855,13580,5
E01011856,5692,2
E01011857,25993,8
E01011858,13211,4
E01011859,2733,1
E01011860,16815,5
E01011861,15878,5
E01011862,7677,3
E01011863,1393,1
E01011864,1492,1
E01011865,2806,1
E01011866,3947,2
E01011867,3407,2
E01011868,8099,3
E01011869,1989,1
E01011870,13693,5
E01011871,5986,2
E01011872,2031,1
E01011873,26190,8
E01011874,26730,8
E01011875,6263,2
E01011876,16555,5
E01011877,15184,5
E01011878,22725,7
E01011879,16676,5
E01011880,24433,8
E01011881,15617,5
E01011882,23811,8
E01011883,14717,5
E01011884,30081,9
E01011885,20792,7
E01011886,26986,8
E01011887,31158,10
E01011888,30642,10
E01011889,29984,9
E01011890,27624,9
E01011891,10770,4
E01011892,12336,4
E01011893,25645,8
E01011894,27210,9
E01011895,17759,6
E01011896,13931,5
E01011897,6246,2
E01011898,8577,3
E01011899,2935,1
E01011900,4535,2
E01011901,2073,1
E01011902,13317,4
E01011903,9146,3
E01011904,2580,1
E01011905,29430,9
E01011906,1277,1
E01011907,5645,2
E01011908,9610,3
E01011909,13499,4
E01011910,1655,1
E01011911,2850,1
E01011912,3036,1
E01011913,3628,2
E01011914,3912,2
E01011915,3662,2
E01011917,1489,1
E01011918,10426,4
E01011919,6165,2
E01011920,10499,4
E01011921,11870,4
E01011922,1192,1
E01011923,27449,9
E01011924,15529,5
E01011925,3644,2
E01011926,3258,1
E01011927,6249,2
E01011928,11420,4
E01011929,27980,9
E01011930,23138,7
E01011931,21071,7
E01011932,28412,9
E01011933,11789,4
E01011934,23754,8
E01011935,26144,8
E01011936,7723,3
E01011937,27645,9
E01011938,18151,6
E01011939,29568,9
E01011940,7396,3
E01011941,18806,6
E01011942,21239,7
E01011943,6378,2
E01011944,5478,2
E01011945,24944,8
E01011946,28333,9
E01011947,32557,10
E01011948,32810,10
E01011949,4520,2
E01011950,59,1
E01011951,416,1
E01011952,1228,1
E01011953,472,1
E01011954,5312,2
E01011955,564,1
E01011957,1700,1
E01011959,25188,8
E01011960,25551,8
E01011961,5394,2
E01011962,2181,1
E01011963,23332,7
E01011964,4269,2
E01011965,29427,9
E01011966,8959,3
E01011967,14723,5
E01011968,14482,5
E01011969,17814,6
E01011970,25165,8
E01011971,28509,9
E01011974,678,1
E01011975,609,1
E01011977,1488,1
E01011978,216,1
E01011979,643,1
E01011980,1441,1
E01011981,1141,1
E01011982,31098,10
E01011983,29818,9
E01011984,23892,8
E01011985,15995,5
E01011986,8302,3
E01011987,4387,2
E01011988,6978,3
E01011989,1368,1
E01011990,12855,4
E01011991,6212,2
E01011992,2462,1
E01011993,2011,1
E01011994,170,1
E01011995,22738,7
E01011996,13656,5
E01011997,26422,8
E01011998,21296,7
E01011999,80,1
E01012000,124,1
E01012001,656,1
E01012002,9956,3
E01012003,27304,9
E01012005,31340,10
E01012007,16494,5
E01012008,20833,7
E01012009,21874,7
E01012010,23294,7
E01012011,832,1
E01012012,15807,5
E01012013,2856,1
E01012014,1688,1
E01012015,1458,1
E01012016,184,1
E01012017,4485,2
E01012018,4022,2
E01012019,61,1
E01012020,1717,1
E01012021,521,1
E01012022,28253,9
E01012023,25976,8
E01012024,21705,7
E01012025,23373,7
E01012026,10989,4
E01012027,1415,1
E01012030,22435,7
E01012031,3732,2
E01012032,28036,9
E01012033,1370,1
E01012034,9974,3
E01012035,5868,2
E01012036,639,1
E01012037,45,1
E01012038,166,1
E01012039,859,1
E01012040,43,1
E01012041,72,1
E01012042,4187,2
E01012043,13939,5
E01012044,90,1
E01012045,68,1
E01012046,15205,5
E01012047,18278,6
E01012048,24720,8
E01012049,17742,6
E01012050,2121,1
E01012051,1969,1
E01012052,14778,5
E01012053,19175,6
E01012054,11687,4
E01012055,18555,6
E01012056,5239,2
E01012057,9215,3
E01012058,248,1
E01012059,520,1
E01012060,137,1
E01012061,1322,1
E01012062,29101,9
E01012063,24965,8
E01012065,26717,8
E01012066,31557,10
E01012067,27105,9
E01012068,2829,1
E01012071,32791,10
E01012073,27782,9
E01012074,1722,1
E01012075,443,1
E01012076,42,1
E01012077,840,1
E01012078,1247,1
E01012079,11176,4
E01012080,4557,2
E01012081,5456,2
E01012082,2464,1
E01012083,1227,1
E01012084,601,1
E01012085,461,1
E01012088,2230,1
E01012089,71,1
E01012090,549,1
E01012091,375,1
E01012092,2349,1
E01012093,1016,1
E01012095,27161,9
E01012096,2157,1
E01012097,12253,4
E01012098,14267,5
E01012099,983,1
E01012100,84,1
E01012101,4334,2
E01012102,2233,1
E01012105,13467,4
E01012106,14075,5
E01012107,1959,1
E01012108,3554,2
E01012109,8597,3
E01012110,12005,4
E01012111,3690,2
E01012112,76,1
E01012113,366,1
E01012114,99,1
E01012117,8118,3
E01012118,9484,3
E01012119,8691,3
E01012120,16310,5
E01012121,1743,1
E01012124,31297,10
E01012127,185,1
E01012128,987,1
E01012129,14584,5
E01012130,17754,6
E01012131,455,1
E01012132,3129,1
E01012134,6136,2
E01012136,4723,2
E01012137,10959,4
E01012138,31070,10
E01012139,28616,9
E01012140,8916,3
E01012141,26579,8
E01012142,10038,3
E01012143,3884,2
E01012144,12570,4
E01012145,8706,3
E01012146,23944,8
E01012147,29837,9
E01012148,1291,1
E01012149,19015,6
E01012150,1329,1
E01012151,16540,5
E01012152,22787,7
E01012154,25815,8
E01012155,10239,4
E01012156,27272,9
E01012157,14066,5
E01012158,27067,9
E01012159,3946,2
E01012160,12969,4
E01012161,14496,5
E01012162,7409,3
E01012163,24968,8
E01012164,13302,4
E01012165,2764,1
E01012167,14959,5
E01012168,4695,2
E01012170,60,1
E01012171,3417,2
E01012172,14205,5
E01012173,17667,6
E01012174,25918,8
E01012175,432,1
E01012176,26534,8
E01012177,26581,8
E01012178,19169,6
E01012179,30206,9
E01012180,32534,10
E01012181,6029,2
E01012182,32393,10
E01012183,31229,10
E01012184,9216,3
E01012185,12478,4
E01012186,19884,6
E01012187,17806,6
E01012188,27196,9
E01012189,24931,8
E01012190,23980,8
E01012191,14254,5
E01012192,11576,4
E01012193,3127,1
E01012194,5093,2
E01012195,387,1
E01012196,6800,3
E01012197,6682,2
E01012198,2412,1
E01012199,31054,10
E01012200,25086,8
E01012201,31923,10
E01012202,20975,7
E01012203,30430,10
E01012204,27258,9
E01012205,19421,6
E01012206,8580,3
E01012207,18845,6
E01012208,29912,9
E01012209,22236,7
E01012210,29386,9
E01012211,30295,9
E01012212,26214,8
E01012213,19889,6
E01012214,6279,2
E01012215,1113,1
E01012216,4258,2
E01012217,797,1
E01012218,12273,4
E01012219,17448,6
E01012223,29977,9
E01012224,28301,9
E01012225,23852,8
E01012226,29709,9
E01012227,24702,8
E01012228,24905,8
E01012230,27319,9
E01012231,31442,10
E01012232,29851,9
E01012233,30373,9
E01012234,32278,10
E01012235,26664,8
E01012236,27568,9
E01012237,30672,10
E01012238,2491,1
E01012239,7740,3
E01012240,10158,4
E01012241,24111,8
E01012242,20829,7
E01012243,28191,9
E01012244,26716,8
E01012245,1183,1
E01012246,27315,9
E01012247,2123,1
E01012248,3882,2
E01012249,3265,1
E01012250,3640,2
E01012251,1737,1
E01012252,271,1
E01012253,7496,3
E01012254,189,1
E01012255,28607,9
E01012256,23647,8
E01012257,27302,9
E01012258,8652,3
E01012259,12319,4
E01012260,16950,6
E01012261,16205,5
E01012262,1536,1
E01012267,244,1
E01012268,3874,2
E01012269,21527,7
E01012270,18023,6
E01012271,1112,1
E01012272,17572,6
E01012273,1033,1
E01012274,4256,2
E01012275,5146,2
E01012276,4062,2
E01012277,5644,2
E01012278,6426,2
E01012279,16384,5
E01012280,13319,4
E01012281,3422,2
E01012282,4639,2
E01012283,2072,1
E01012284,358,1
E01012285,12453,4
E01012286,40,1
E01012287,3771,2
E01012288,361,1
E01012289,4879,2
E01012290,18391,6
E01012291,4710,2
E01012292,11442,4
E01012294,23229,7
E01012295,8649,3
E01012296,15410,5
E01012297,28675,9
E01012298,32786,10
E01012299,27029,9
E01012300,8471,3
E01012301,31299,10
E01012302,30212,9
E01012303,30554,10
E01012304,221,1
E01012305,2923,1
E01012306,7547,3
E01012307,5072,2
E01012309,28478,9
E01012310,19524,6
E01012311,11355,4
E01012312,1346,1
E01012313,8050,3
E01012314,1779,1
E01012315,31675,10
E01012317,15284,5
E01012318,2890,1
E01012319,12087,4
E01012323,13382,4
E01012324,18904,6
E01012325,14974,5
E01012326,8073,3
E01012327,572,1
E01012328,7879,3
E01012329,27423,9
E01012330,30857,10
E01012331,17329,6
E01012332,4901,2
E01012333,13079,4
E01012334,22524,7
E01012335,24572,8
E01012336,31869,10
E01012337,32518,10
E01012338,14745,5
E01012339,30887,10
E01012340,8429,3
E01012341,1174,1
E01012342,8679,3
E01012344,13544,5
E01012345,11427,4
E01012346,28368,9
E01012347,32931,10
E01012348,32603,10
E01012349,540,1
E01012350,4689,2
E01012351,25353,8
E01012352,1927,1
E01012353,3631,2
E01012354,956,1
E01012355,5963,2
E01012356,10413,4
E01012357,4202,2
E01012358,10252,4
E01012359,532,1
E01012360,24434,8
E01012361,32400,10
E01012362,3367,1
E01012363,9409,3
E01012364,10686,4
E01012365,22555,7
E01012366,19657,6
E01012367,1330,1
E01012368,11259,4
E01012369,11866,4
E01012370,3424,2
E01012371,24992,8
E01012372,26310,8
E01012373,29227,9
E01012374,31208,10
E01012375,32145,10
E01012376,30299,9
E01012377,4921,2
E01012378,22519,7
E01012379,8550,3
E01012380,2527,1
E01012381,988,1
E01012382,435,1
E01012383,5385,2
E01012384,5271,2
E01012385,30002,9
E01012386,30089,9
E01012387,23730,8
E01012388,4244,2
E01012389,28821,9
E01012390,8698,3
E01012391,4984,2
E01012392,31695,10
E01012393,31434,10
E01012394,15016,5
E01012395,31258,10
E01012396,660,1
E01012397,1472,1
E01012398,15283,5
E01012399,2501,1
E01012400,18257,6
E01012401,19216,6
E01012402,2474,1
E01012403,2395,1
E01012404,12696,4
E01012405,12037,4
E01012406,5976,2
E01012407,1121,1
E01012408,198,1
E01012409,3054,1
E01012410,25024,8
E01012411,15452,5
E01012412,4889,2
E01012413,4213,2
E01012414,19923,6
E01012415,26992,8
E01012416,15179,5
E01012417,7945,3
E01012418,30543,10
E01012419,2340,1
E01012420,424,1
E01012421,29486,9
E01012422,2841,1
E01012423,13878,5
E01012424,372,1
E01012425,5165,2
E01012426,20923,7
E01012427,11127,4
E01012429,7728,3
E01012430,976,1
E01012431,6959,3
E01012432,8929,3
E01012433,2885,1
E01012434,24480,8
E01012435,29035,9
E01012436,1317,1
E01012437,2695,1
E01012438,614,1
E01012439,3950,2
E01012440,17858,6
E01012441,438,1
E01012442,1066,1
E01012443,12243,4
E01012444,1672,1
E01012445,316,1
E01012446,32727,10
E01012447,32729,10
E01012448,29708,9
E01012449,32615,10
E01012450,31036,10
E01012451,19224,6
E01012452,33480,10
E01012453,2516,1
E01012454,11477,4
E01012455,2911,1
E01012457,6488,2
E01012458,14631,5
E01012459,6673,2
E01012460,10890,4
E01012461,29524,9
E01012462,21624,7
E01012463,28161,9
E01012464,12769,4
E01012465,17809,6
E01012466,2566,1
E01012467,25120,8
E01012468,17842,6
E01012469,11410,4
E01012470,8367,3
E01012471,30033,9
E01012472,26628,8
E01012473,31056,10
E01012474,13992,5
E01012475,23202,7
E01012476,19694,6
E01012477,33138,10
E01012478,18962,6
E01012479,4926,2
E01012480,6106,2
E01012481,9943,3
E01012482,5792,2
E01012483,2083,1
E01012485,26034,8
E01012486,32647,10
E01012487,32255,10
E01012488,30287,9
E01012489,33061,10
E01012490,32371,10
E01012491,20460,7
E01012492,31183,10
E01012493,31518,10
E01012494,32703,10
E01012495,31367,10
E01012496,25823,8
E01012497,9657,3
E01012498,8893,3
E01012499,25717,8
E01012500,30433,10
E01012501,22329,7
E01012502,30224,9
E01012503,30272,9
E01012505,11177,4
E01012506,5308,2
E01012507,9643,3
E01012508,4443,2
E01012509,27870,9
E01012510,12776,4
E01012511,8373,3
E01012512,27704,9
E01012513,30624,10
E01012514,32199,10
E01012515,20457,7
E01012516,28346,9
E01012517,31511,10
E01012518,27840,9
E01012519,27997,9
E01012520,3667,2
E01012521,15200,5
E01012522,7839,3
E01012523,11080,4
E01012524,25885,8
E01012525,8284,3
E01012526,3527,2
E01012527,24248,8
E01012528,28445,9
E01012529,27235,9
E01012530,28252,9
E01012531,30520,10
E01012532,28403,9
E01012533,899,1
E01012534,5096,2
E01012535,7144,3
E01012536,7171,3
E01012537,4959,2
E01012538,28978,9
E01012539,9646,3
E01012540,25384,8
E01012541,17159,6
E01012542,14052,5
E01012543,28645,9
E01012544,16544,5
E01012545,2639,1
E01012546,2036,1
E01012547,26222,8
E01012548,26198,8
E01012549,30237,9
E01012550,30660,10
E01012551,31008,10
E01012552,18413,6
E01012553,32566,10
E01012554,18164,6
E01012555,29493,9
E01012556,29039,9
E01012557,24767,8
E01012558,30575,10
E01012559,32351,10
E01012560,26324,8
E01012561,21897,7
E01012562,32692,10
E01012563,32620,10
E01012564,25931,8
E01012566,32522,10
E01012569,29817,9
E01012570,5821,2
E01012571,2615,1
E01012572,1004,1
E01012573,4164,2
E01012574,2352,1
E01012575,2095,1
E01012576,3414,2
E01012577,2503,1
E01012578,2726,1
E01012579,2709,1
E01012580,3895,2
E01012581,21368,7
E01012582,25060,8
E01012583,24666,8
E01012584,24729,8
E01012585,6647,2
E01012586,1522,1
E01012587,8135,3
E01012588,4394,2
E01012589,3298,1
E01012590,4099,2
E01012591,3748,2
E01012592,20207,6
E01012593,8142,3
E01012594,488,1
E01012595,1810,1
E01012596,1819,1
E01012597,22175,7
E01012598,31263,10
E01012599,13290,4
E01012600,1548,1
E01012601,171,1
E01012602,22734,7
E01012603,1566,1
E01012604,13193,4
E01012605,4713,2
E01012606,6594,2
E01012607,10774,4
E01012608,3341,1
E01012609,28742,9
E01012610,21543,7
E01012611,20504,7
E01012612,28577,9
E01012613,30770,10
E01012614,24831,8
E01012615,5745,2
E01012616,18829,6
E01012617,6836,3
E01012618,16318,5
E01012619,477,1
E01012620,15874,5
E01012621,2662,1
E01012622,79,1
E01012623,4194,2
E01012624,1042,1
E01012625,2954,1
E01012628,18380,6
E01012629,2243,1
E01012630,3538,2
E01012631,292,1
E01012632,8557,3
E01012633,8700,3
E01012634,13571,5
E01012635,15466,5
E01012636,25160,8
E01012637,1059,1
E01012638,1067,1
E01012639,908,1
E01012640,3941,2
E01012641,819,1
E01012642,6248,2
E01012643,1836,1
E01012644,5097,2
E01012645,11002,4
E01012646,1742,1
E01012647,3669,2
E01012648,4824,2
E01012649,1094,1
E01012650,2270,1
E01012651,10955,4
E01012652,25189,8
E01012653,9207,3
E01012654,3487,2
E01012655,44,1
E01012656,1696,1
E01012657,1575,1
E01012658,4811,2
E01012659,18791,6
E01012660,26434,8
E01012661,9015,3
E01012662,6121,2
E01012663,11316,4
E01012664,14108,5
E01012665,13461,4
E01012666,5071,2
E01012667,18613,6
E01012668,11772,4
E01012669,10206,4
E01012670,5,1
E01012671,4,1
E01012672,12,1
E01012673,3,1
E01012674,64,1
E01012675,16,1
E01012676,7138,3
E01012677,7883,3
E01012678,711,1
E01012679,9,1
E01012680,513,1
E01012681,36,1
E01012682,6,1
E01012683,8,1
E01012684,277,1
E01012685,5971,2
E01012686,429,1
E01012687,537,1
E01012688,6401,2
E01012689,9054,3
E01012690,15450,5
E01012691,10145,4
E01012692,3770,2
E01012693,12611,4
E01012694,5260,2
E01012695,1645,1
E01012696,5191,2
E01012697,5803,2
E01012698,626,1
E01012699,11092,4
E01012700,12971,4
E01012701,12582,4
E01012702,1830,1
E01012703,11005,4
E01012704,972,1
E01012705,4398,2
E01012706,14311,5
E01012707,2957,1
E01012708,11858,4
E01012709,2573,1
E01012710,16973,6
E01012711,5058,2
E01012712,13981,5
E01012713,12543,4
E01012714,11182,4
E01012715,10255,4
E01012716,14107,5
E01012717,21745,7
E01012718,23120,7
E01012719,18500,6
E01012720,288,1
E01012721,105,1
E01012722,21721,7
E01012723,12235,4
E01012724,142,1
E01012725,14074,5
E01012726,12010,4
E01012727,21083,7
E01012728,4117,2
E01012729,15659,5
E01012730,19586,6
E01012731,9017,3
E01012732,7746,3
E01012733,1310,1
E01012734,5634,2
E01012735,471,1
E01012736,38,1
E01012737,2,1
E01012738,57,1
E01012739,1419,1
E01012740,9085,3
E01012741,10380,4
E01012742,8244,3
E01012743,726,1
E01012744,1550,1
E01012745,3430,2
E01012746,3314,1
E01012747,24383,8
E01012748,982,1
E01012749,3216,1
E01012750,9630,3
E01012751,14,1
E01012752,2657,1
E01012753,12334,4
E01012754,1449,1
E01012755,10744,4
E01012756,14794,5
E01012757,7770,3
E01012758,19993,6
E01012759,8631,3
E01012760,10429,4
E01012761,1796,1
E01012762,11130,4
E01012763,3587,2
E01012764,24163,8
E01012765,20805,7
E01012766,24201,8
E01012767,16902,6
E01012768,19631,6
E01012769,18457,6
E01012770,29932,9
E01012771,20346,7
E01012772,16478,5
E01012773,17460,6
E01012774,9108,3
E01012775,6158,2
E01012776,15026,5
E01012777,6664,2
E01012778,838,1
E01012779,715,1
E01012780,1235,1
E01012781,803,1
E01012782,702,1
E01012783,1011,1
E01012784,7096,3
E01012785,239,1
E01012786,2645,1
E01012787,541,1
E01012788,1014,1
E01012789,1098,1
E01012790,1106,1
E01012791,26285,8
E01012792,26437,8
E01012793,24758,8
E01012794,21391,7
E01012795,7108,3
E01012796,17136,6
E01012797,12569,4
E01012798,2515,1
E01012799,13575,5
E01012800,11518,4
E01012801,13396,4
E01012802,12114,4
E01012803,14721,5
E01012804,22238,7
E01012805,1157,1
E01012806,3447,2
E01012807,12048,4
E01012808,1165,1
E01012809,2032,1
E01012810,18415,6
E01012811,22744,7
E01012812,29072,9
E01012813,29641,9
E01012814,29026,9
E01012815,26800,8
E01012816,11401,4
E01012817,11088,4
E01012818,22903,7
E01012819,15118,5
E01012820,10494,4
E01012821,7425,3
E01012822,16005,5
E01012824,20059,6
E01012825,13288,4
E01012827,10709,4
E01012828,10922,4
E01012829,20312,7
E01012830,19790,6
E01012832,14343,5
E01012833,2667,1
E01012834,1440,1
E01012835,24778,8
E01012836,525,1
E01012837,2602,1
E01012838,2266,1
E01012839,11359,4
E01012840,2190,1
E01012841,504,1
E01012842,674,1
E01012843,542,1
E01012844,290,1
E01012845,1429,1
E01012846,712,1
E01012847,620,1
E01012848,3169,1
E01012849,3076,1
E01012850,688,1
E01012852,1718,1
E01012854,898,1
E01012855,458,1
E01012856,566,1
E01012857,568,1
E01012858,2731,1
E01012859,1270,1
E01012860,15390,5
E01012862,1297,1
E01012863,12438,4
E01012864,1658,1
E01012865,3152,1
E01012866,8966,3
E01012867,1960,1
E01012868,7800,3
E01012869,4684,2
E01012870,10249,4
E01012871,5636,2
E01012872,3058,1
E01012873,846,1
E01012874,1057,1
E01012875,428,1
E01012876,190,1
E01012877,410,1
E01012878,1422,1
E01012879,197,1
E01012880,1079,1
E01012881,1142,1
E01012882,23807,8
E01012883,14241,5
E01012884,5703,2
E01012886,4113,2
E01012887,1251,1
E01012888,853,1
E01012889,538,1
E01012891,1051,1
E01012892,2185,1
E01012893,604,1
E01012894,4188,2
E01012896,11500,4
E01012898,1625,1
E01012899,11608,4
E01012900,1240,1
E01012901,11112,4
E01012902,17464,6
E01012903,4562,2
E01012904,15233,5
E01012905,3131,1
E01012906,1617,1
E01012907,5578,2
E01012908,2229,1
E01012909,29190,9
E01012910,18714,6
E01012911,28504,9
E01012912,20077,6
E01012913,7519,3
E01012914,18433,6
E01012915,3599,2
E01012916,23298,7
E01012917,5402,2
E01012918,2834,1
E01012919,28453,9
E01012921,28877,9
E01012922,16607,5
E01012923,21600,7
E01012924,26952,8
E01012925,28535,9
E01012926,27497,9
E01012927,30665,10
E01012928,825,1
E01012929,9774,3
E01012930,19579,6
E01012931,1195,1
E01012932,2070,1
E01012933,19380,6
E01012934,14783,5
E01012935,26400,8
E01012936,8870,3
E01012937,16032,5
E01012939,25028,8
E01012940,18583,6
E01012941,18677,6
E01012942,23670,8
E01012943,5454,2
E01012944,165,1
E01012945,2831,1
E01012946,957,1
E01012947,12108,4
E01012948,263,1
E01012949,3346,1
E01012950,22376,7
E01012951,2955,1
E01012952,2898,1
E01012953,23809,8
E01012954,23026,7
E01012955,27691,9
E01012956,28988,9
E01012957,20630,7
E01012958,32364,10
E01012959,28641,9
E01012960,24920,8
E01012961,23549,7
E01012962,31876,10
E01012963,9515,3
E01012964,14578,5
E01012966,19630,6
E01012967,31088,10
E01012968,31688,10
E01012969,22561,7
E01012970,31772,10
E01012972,33025,10
E01012974,25903,8
E01012975,27603,9
E01012976,6701,2
E01012978,32595,10
E01012979,20217,6
E01012980,10747,4
E01012981,10403,4
E01012982,19737,6
E01012983,27991,9
E01012984,27281,9
E01012985,20710,7
E01012986,7849,3
E01012987,20178,6
E01012988,22745,7
E01012989,23217,7
E01012990,11720,4
E01012991,16148,5
E01012992,9286,3
E01012993,18813,6
E01012994,12149,4
E01012995,8956,3
E01012996,28862,9
E01012997,6379,2
E01012998,29625,9
E01012999,4979,2
E01013000,3713,2
E01013001,18291,6
E01013002,4877,2
E01013003,15097,5
E01013004,8258,3
E01013005,30781,10
E01013006,16173,5
E01013007,22884,7
E01013008,21091,7
E01013009,13024,4
E01013010,21132,7
E01013011,22788,7
E01013012,30032,9
E01013013,25534,8
E01013014,25875,8
E01013015,26891,8
E01013016,30414,10
E01013017,17484,6
E01013018,20369,7
E01013019,18905,6
E01013020,22990,7
E01013021,22813,7
E01013022,20358,7
E01013023,21891,7
E01013024,18232,6
E01013025,21596,7
E01013026,22724,7
E01013027,18361,6
E01013028,22241,7
E01013029,8123,3
E01013030,17229,6
E01013031,23412,7
E01013032,24118,8
E01013033,21998,7
E01013034,20693,7
E01013035,24624,8
E01013036,14112,5
E01013037,24895,8
E01013038,4160,2
E01013039,24307,8
E01013040,28325,9
E01013041,17526,6
E01013042,33560,10
E01013043,31300,10
E01013044,32699,10
E01013045,5463,2
E01013046,23401,7
E01013047,11230,4
E01013048,18551,6
E01013049,13906,5
E01013050,14172,5
E01013051,9816,3
E01013053,27124,9
E01013054,29621,9
E01013055,25619,8
E01013056,16354,5
E01013057,28886,9
E01013058,22942,7
E01013059,28803,9
E01013060,31108,10
E01013061,26213,8
E01013062,18612,6
E01013063,29994,9
E01013064,32292,10
E01013065,26929,8
E01013066,33267,10
E01013067,33394,10
E01013068,32998,10
E01013069,22308,7
E01013070,31936,10
E01013071,8237,3
E01013072,17195,6
E01013073,24066,8
E01013074,18965,6
E01013075,22822,7
E01013076,10824,4
E01013077,27049,9
E01013078,17216,6
E01013079,13980,5
E01013080,1613,1
E01013081,18488,6
E01013082,12585,4
E01013083,1844,1
E01013084,740,1
E01013085,16126,5
E01013086,8882,3
E01013087,7657,3
E01013088,31995,10
E01013089,30969,10
E01013090,31702,10
E01013091,30745,10
E01013092,30654,10
E01013093,32131,10
E01013094,21733,7
E01013095,18803,6
E01013096,22631,7
E01013097,22872,7
E01013098,27996,9
E01013099,8584,3
E01013100,27875,9
E01013101,24873,8
E01013102,23204,7
E01013103,31791,10
E01013104,26908,8
E01013105,16717,5
E01013106,13320,4
E01013107,17052,6
E01013108,31671,10
E01013110,28598,9
E01013111,30046,9
E01013112,31484,10
E01013113,32949,10
E01013114,33096,10
E01013115,30063,9
E01013116,33490,10
E01013117,31907,10
E01013118,32845,10
E01013119,16705,5
E01013120,29537,9
E01013121,27577,9
E01013122,22899,7
E01013123,25317,8
E01013124,15606,5
E01013125,14826,5
E01013126,24513,8
E01013127,22554,7
E01013128,3808,2
E01013129,3332,1
E01013130,5987,2
E01013131,4784,2
E01013132,17386,6
E01013133,11044,4
E01013134,8598,3
E01013135,6761,3
E01013136,19,1
E01013138,13,1
E01013140,131,1
E01013141,2048,1
E01013142,145,1
E01013143,5663,2
E01013144,335,1
E01013145,23715,8
E01013146,18487,6
E01013147,4797,2
E01013148,28197,9
E01013149,28392,9
E01013150,26842,8
E01013151,27867,9
E01013152,31134,10
E01013153,23140,7
E01013154,27166,9
E01013155,30710,10
E01013156,8348,3
E01013157,31192,10
E01013158,10592,4
E01013159,980,1
E01013160,17922,6
E01013161,2342,1
E01013162,3002,1
E01013163,24198,8
E01013164,8037,3
E01013165,383,1
E01013167,24150,8
E01013170,24392,8
E01013171,26166,8
E01013172,27057,9
E01013173,18077,6
E01013174,1479,1
E01013175,25269,8
E01013176,16947,6
E01013177,2071,1
E01013178,20342,7
E01013179,11516,4
E01013180,17575,6
E01013181,1448,1
E01013182,23558,7
E01013183,14647,5
E01013184,7906,3
E01013185,21492,7
E01013186,25958,8
E01013187,4635,2
E01013188,20345,7
E01013189,26565,8
E01013191,30682,10
E01013192,6966,3
E01013193,28580,9
E01013194,26219,8
E01013195,4014,2
E01013196,1833,1
E01013197,13637,5
E01013198,9304,3
E01013199,1883,1
E01013200,19437,6
E01013201,476,1
E01013202,3588,2
E01013203,144,1
E01013204,4565,2
E01013205,480,1
E01013206,3024,1
E01013207,12984,4
E01013208,33,1
E01013209,298,1
E01013210,757,1
E01013211,15254,5
E01013212,226,1
E01013213,10561,4
E01013214,26603,8
E01013215,31742,10
E01013216,28422,9
E01013217,27614,9
E01013218,1030,1
E01013219,4221,2
E01013220,1764,1
E01013221,365,1
E01013222,1414,1
E01013224,18208,6
E01013225,14456,5
E01013226,24297,8
E01013227,12908,4
E01013228,23734,8
E01013229,4324,2
E01013231,9743,3
E01013233,8051,3
E01013234,17083,6
E01013236,15883,5
E01013237,2993,1
E01013238,3509,2
E01013239,10272,4
E01013241,25688,8
E01013242,23716,8
E01013243,24600,8
E01013244,11768,4
E01013245,4968,2
E01013246,10277,4
E01013247,16779,5
E01013248,19864,6
E01013249,9361,3
E01013250,18921,6
E01013251,24627,8
E01013252,24828,8
E01013253,13502,4
E01013254,10053,3
E01013255,19868,6
E01013256,23330,7
E01013257,29619,9
E01013258,11109,4
E01013259,11884,4
E01013260,27907,9
E01013261,30129,9
E01013262,26695,8
E01013263,25284,8
E01013264,23711,8
E01013265,28160,9
E01013266,29154,9
E01013267,19139,6
E01013268,16360,5
E01013269,24133,8
E01013270,15065,5
E01013271,10308,4
E01013272,6027,2
E01013273,27162,9
E01013274,15158,5
E01013275,23677,8
E01013276,14258,5
E01013277,21920,7
E01013278,414,1
E01013279,453,1
E01013280,12125,4
E01013281,3356,1
E01013282,9018,3
E01013283,4532,2
E01013284,2762,1
E01013285,17550,6
E01013286,8619,3
E01013287,14480,5
E01013288,20998,7
E01013289,18776,6
E01013290,17147,6
E01013291,5008,2
E01013292,19479,6
E01013293,24947,8
E01013294,18953,6
E01013295,20386,7
E01013296,1428,1
E01013297,14929,5
E01013298,4101,2
E01013299,2141,1
E01013300,2025,1
E01013301,19266,6
E01013302,15382,5
E01013303,8894,3
E01013304,23613,7
E01013305,23858,8
E01013306,11666,4
E01013307,19928,6
E01013308,8748,3
E01013309,15255,5
E01013310,8841,3
E01013311,1136,1
E01013312,1684,1
E01013313,15438,5
E01013314,11380,4
E01013315,4348,2
E01013316,28062,9
E01013317,14738,5
E01013318,18169,6
E01013319,5500,2
E01013320,10586,4
E01013321,27110,9
E01013322,18544,6
E01013323,16597,5
E01013324,19438,6
E01013325,22820,7
E01013326,21540,7
E01013327,22077,7
E01013328,28992,9
E01013329,13433,4
E01013330,1956,1
E01013331,3386,2
E01013332,4307,2
E01013333,18478,6
E01013334,14618,5
E01013335,6410,2
E01013336,23406,7
E01013337,30290,9
E01013338,28421,9
E01013339,32632,10
E01013340,33007,10
E01013341,27585,9
E01013342,26370,8
E01013343,24400,8
E01013344,27153,9
E01013345,24978,8
E01013346,22735,7
E01013347,4223,2
E01013348,28389,9
E01013349,3992,2
E01013350,7567,3
E01013351,30315,9
E01013352,30599,10
E01013353,14599,5
E01013354,32934,10
E01013355,31582,10
E01013356,28137,9
E01013357,33130,10
E01013358,32781,10
E01013359,16568,5
E01013360,32763,10
E01013361,27926,9
E01013362,31066,10
E01013363,22967,7
E01013364,17489,6
E01013366,8960,3
E01013368,26139,8
E01013369,14476,5
E01013370,27963,9
E01013371,33398,10
E01013372,32004,10
E01013373,20739,7
E01013374,32900,10
E01013375,32710,10
E01013376,31730,10
E01013377,32124,10
E01013378,30333,9
E01013379,33128,10
E01013380,25599,8
E01013381,29676,9
E01013382,15570,5
E01013383,20681,7
E01013384,14610,5
E01013385,10095,3
E01013386,7111,3
E01013387,33627,10
E01013388,32159,10
E01013389,31361,10
E01013390,13831,5
E01013391,24436,8
E01013392,29218,9
E01013393,21880,7
E01013394,7984,3
E01013395,29706,9
E01013396,24047,8
E01013397,30824,10
E01013398,20350,7
E01013399,4699,2
E01013400,24692,8
E01013401,21645,7
E01013402,33489,10
E01013403,24457,8
E01013404,14223,5
E01013405,32042,10
E01013406,22604,7
E01013407,29377,9
E01013408,30978,10
E01013409,27779,9
E01013410,7194,3
E01013411,31075,10
E01013412,27968,9
E01013413,29903,9
E01013414,30486,10
E01013416,7002,3
E01013417,27216,9
E01013418,17957,6
E01013419,26223,8
E01013420,31915,10
E01013421,27064,9
E01013422,30284,9
E01013423,32576,10
E01013424,32219,10
E01013425,29424,9
E01013426,29538,9
E01013427,33319,10
E01013428,26921,8
E01013429,30146,9
E01013430,23926,8
E01013431,30377,9
E01013432,32210,10
E01013433,33615,10
E01013434,31920,10
E01013435,31186,10
E01013436,32091,10
E01013437,20636,7
E01013438,24953,8
E01013439,31724,10
E01013440,31740,10
E01013441,23062,7
E01013442,17149,6
E01013443,3485,2
E01013444,5933,2
E01013445,7714,3
E01013446,12292,4
E01013447,7450,3
E01013448,5847,2
E01013449,18531,6
E01013450,24349,8
E01013451,29329,9
E01013452,31180,10
E01013453,5706,2
E01013454,6033,2
E01013455,8937,3
E01013456,750,1
E01013457,6466,2
E01013458,13911,5
E01013459,8440,3
E01013460,5562,2
E01013461,32743,10
E01013462,29149,9
E01013463,32523,10
E01013464,28912,9
E01013465,33021,10
E01013466,33576,10
E01013467,33134,10
E01013468,32142,10
E01013469,26472,8
E01013470,10167,4
E01013471,6871,3
E01013472,1593,1
E01013473,3338,1
E01013474,5848,2
E01013475,4043,2
E01013476,18572,6
E01013477,7799,3
E01013480,74,1
E01013481,1421,1
E01013483,2800,1
E01013484,223,1
E01013485,526,1
E01013486,617,1
E01013487,852,1
E01013488,23308,7
E01013489,27925,9
E01013490,24023,8
E01013491,17224,6
E01013492,22985,7
E01013493,14537,5
E01013494,10294,4
E01013495,14493,5
E01013496,1432,1
E01013497,6214,2
E01013498,13226,4
E01013499,4874,2
E01013500,16644,5
E01013501,18394,6
E01013502,7891,3
E01013503,16311,5
E01013504,3963,2
E01013505,23286,7
E01013506,17257,6
E01013507,19927,6
E01013508,5257,2
E01013509,16783,5
E01013510,5716,2
E01013511,27556,9
E01013512,6037,2
E01013513,8078,3
E01013514,28267,9
E01013515,14743,5
E01013517,9204,3
E01013518,20896,7
E01013519,18140,6
E01013520,31354,10
E01013521,4332,2
E01013522,6237,2
E01013523,6092,2
E01013524,10596,4
E01013525,12180,4
E01013526,29172,9
E01013527,32631,10
E01013528,19599,6
E01013529,19144,6
E01013530,13019,4
E01013531,9944,3
E01013532,8525,3
E01013533,623,1
E01013534,13214,4
E01013535,567,1
E01013536,792,1
E01013537,13244,4
E01013538,5177,2
E01013539,32726,10
E01013540,25910,8
E01013541,17358,6
E01013542,18913,6
E01013543,31348,10
E01013544,33432,10
E01013545,18847,6
E01013546,25104,8
E01013547,9341,3
E01013548,8850,3
E01013549,8642,3
E01013550,3839,2
E01013551,14256,5
E01013552,5419,2
E01013553,7931,3
E01013554,5536,2
E01013555,14952,5
E01013556,31101,10
E01013557,32496,10
E01013558,24821,8
E01013559,29392,9
E01013560,31284,10
E01013561,27643,9
E01013562,16165,5
E01013563,29911,9
E01013564,26881,8
E01013565,2711,1
E01013566,159,1
E01013567,1022,1
E01013568,1404,1
E01013569,3578,2
E01013570,1979,1
E01013571,3019,1
E01013572,8858,3
E01013573,2485,1
E01013574,26688,8
E01013575,29100,9
E01013576,30980,10
E01013577,32066,10
E01013578,31081,10
E01013579,27453,9
E01013580,27311,9
E01013581,5212,2
E01013582,12653,4
E01013583,2815,1
E01013584,2781,1
E01013585,6414,2
E01013586,3702,2
E01013587,16679,5
E01013588,6616,2
E01013589,21969,7
E01013590,1341,1
E01013591,1703,1
E01013592,20037,6
E01013593,25517,8
E01013594,28744,9
E01013595,16088,5
E01013596,24129,8
E01013597,5690,2
E01013598,9236,3
E01013599,30460,10
E01013600,1320,1
E01013601,2931,1
E01013602,2568,1
E01013603,134,1
E01013604,3845,2
E01013605,7776,3
E01013606,16660,5
E01013608,17261,6
E01013609,18808,6
E01013610,4026,2
E01013611,9354,3
E01013612,12429,4
E01013613,5744,2
E01013614,9598,3
E01013615,18694,6
E01013616,9281,3
E01013617,11154,4
E01013618,9000,3
E01013619,1604,1
E01013620,1571,1
E01013621,2056,1
E01013622,1495,1
E01013623,15237,5
E01013624,6692,2
E01013625,4600,2
E01013626,5137,2
E01013627,14872,5
E01013628,4074,2
E01013629,7326,3
E01013630,6216,2
E01013631,3533,2
E01013632,273,1
E01013633,2265,1
E01013634,3464,2
E01013635,11416,4
E01013636,18521,6
E01013637,2541,1
E01013638,168,1
E01013639,5113,2
E01013640,1077,1
E01013641,6347,2
E01013642,15815,5
E01013643,17472,6
E01013648,10078,3
E01013649,12779,4
E01013650,19327,6
E01013651,4175,2
E01013652,3712,2
E01013653,5109,2
E01013654,3415,2
E01013655,5217,2
E01013656,5006,2
E01013657,3661,2
E01013658,5584,2
E01013659,3749,2
E01013660,4886,2
E01013661,1147,1
E01013662,8146,3
E01013663,8851,3
E01013664,2280,1
E01013665,6843,3
E01013666,22051,7
E01013667,4323,2
E01013668,9987,3
E01013669,25032,8
E01013670,17403,6
E01013671,12554,4
E01013672,17989,6
E01013673,3469,2
E01013674,259,1
E01013675,3821,2
E01013676,3277,1
E01013677,2807,1
E01013678,4776,2
E01013679,2545,1
E01013680,17543,6
E01013681,3970,2
E01013682,5554,2
E01013683,4648,2
E01013684,4402,2
E01013685,20341,7
E01013686,21861,7
E01013687,5034,2
E01013688,3637,2
E01013689,13462,4
E01013690,6964,3
E01013691,685,1
E01013692,595,1
E01013693,463,1
E01013694,5734,2
E01013696,13034,4
E01013698,8434,3
E01013699,16665,5
E01013700,10646,4
E01013702,24469,8
E01013703,27231,9
E01013704,24966,8
E01013705,12094,4
E01013706,27647,9
E01013707,27251,9
E01013709,19583,6
E01013710,14211,5
E01013711,11270,4
E01013712,21693,7
E01013713,5517,2
E01013714,10519,4
E01013715,8383,3
E01013717,8065,3
E01013718,6740,2
E01013719,6558,2
E01013720,4469,2
E01013721,7832,3
E01013722,3458,2
E01013723,3044,1
E01013725,1164,1
E01013726,122,1
E01013727,2287,1
E01013728,2879,1
E01013729,11514,4
E01013730,279,1
E01013731,5171,2
E01013732,6540,2
E01013733,15579,5
E01013734,13001,4
E01013735,17608,6
E01013736,15381,5
E01013737,14591,5
E01013738,16600,5
E01013739,7580,3
E01013740,13084,4
E01013741,12668,4
E01013742,4929,2
E01013743,6504,2
E01013744,5406,2
E01013745,4378,2
E01013746,1282,1
E01013747,8088,3
E01013748,1557,1
E01013749,10647,4
E01013750,8874,3
E01013751,4403,2
E01013752,4350,2
E01013753,1936,1
E01013754,2947,1
E01013755,2483,1
E01013756,6116,2
E01013757,14747,5
E01013758,8546,3
E01013759,18972,6
E01013760,1899,1
E01013761,1161,1
E01013762,3145,1
E01013763,2906,1
E01013764,15156,5
E01013765,2245,1
E01013766,16586,5
E01013767,11914,4
E01013768,5041,2
E01013770,11255,4
E01013771,19815,6
E01013772,3782,2
E01013773,7939,3
E01013774,4374,2
E01013776,4218,2
E01013777,5383,2
E01013779,5611,2
E01013780,24080,8
E01013781,3759,2
E01013782,9626,3
E01013783,22324,7
E01013784,9718,3
E01013785,26995,8
E01013786,9596,3
E01013787,20028,6
E01013788,25929,8
E01013789,23614,7
E01013790,18182,6
E01013791,22984,7
E01013792,26553,8
E01013793,24684,8
E01013794,23949,8
E01013795,21578,7
E01013796,27666,9
E01013797,25678,8
E01013798,32993,10
E01013799,20166,6
E01013800,27743,9
E01013803,29691,9
E01013804,28594,9
E01013805,21354,7
E01013806,28294,9
E01013807,25750,8
E01013808,23295,7
E01013809,24818,8
E01013810,1642,1
E01013811,655,1
E01013812,133,1
E01013813,7975,3
E01013814,3559,2
E01013815,5154,2
E01013816,13925,5
E01013817,810,1
E01013818,397,1
E01013819,2214,1
E01013820,2973,1
E01013821,2671,1
E01013822,1818,1
E01013823,3737,2
E01013824,3546,2
E01013825,3423,2
E01013826,1357,1
E01013827,6112,2
E01013828,7665,3
E01013829,7067,3
E01013830,8859,3
E01013831,17834,6
E01013832,5573,2
E01013833,2697,1
E01013834,3608,2
E01013835,4503,2
E01013836,3448,2
E01013837,23644,8
E01013838,21804,7
E01013839,2142,1
E01013840,19309,6
E01013841,1839,1
E01013842,1881,1
E01013843,8310,3
E01013844,2384,1
E01013845,1987,1
E01013846,1952,1
E01013847,3630,2
E01013849,2170,1
E01013850,2896,1
E01013851,356,1
E01013852,4031,2
E01013853,5031,2
E01013854,4093,2
E01013855,2392,1
E01013856,5838,2
E01013858,5339,2
E01013859,3034,1
E01013860,4114,2
E01013861,318,1
E01013862,1788,1
E01013863,11570,4
E01013864,4835,2
E01013865,2780,1
E01013866,3437,2
E01013867,2701,1
E01013868,1413,1
E01013870,7273,3
E01013871,4580,2
E01013872,7209,3
E01013873,6436,2
E01013874,15481,5
E01013875,19948,6
E01013876,1272,1
E01013877,101,1
E01013878,2232,1
E01013879,647,1
E01013880,1041,1
E01013881,2292,1
E01013882,3122,1
E01013883,2915,1
E01013884,1674,1
E01013885,1234,1
E01013886,3890,2
E01013887,23813,8
E01013888,7998,3
E01013889,15672,5
E01013890,11120,4
E01013891,3073,1
E01013892,23746,8
E01013893,2514,1
E01013894,18676,6
E01013895,28759,9
E01013896,3366,1
E01013897,7221,3
E01013898,14385,5
E01013899,5701,2
E01013900,4825,2
E01013901,30725,10
E01013902,28259,9
E01013903,13896,5
E01013904,7936,3
E01013905,4525,2
E01013906,6970,3
E01013907,4316,2
E01013908,3317,1
E01013909,1500,1
E01013910,6723,2
E01013911,5834,2
E01013912,17978,6
E01013913,15898,5
E01013914,19039,6
E01013915,11760,4
E01013916,3037,1
E01013917,4563,2
E01013918,2526,1
E01013919,2670,1
E01013920,4033,2
E01013921,1398,1
E01013928,19409,6
E01013929,11910,4
E01013930,5900,2
E01013931,16839,5
E01013932,14045,5
E01013933,4992,2
E01013934,8712,3
E01013935,18736,6
E01013936,12234,4
E01013937,13374,4
E01013938,21095,7
E01013939,12200,4
E01013940,4138,2
E01013941,16425,5
E01013942,2716,1
E01013943,7019,3
E01013944,3780,2
E01013945,4037,2
E01013947,2415,1
E01013948,380,1
E01013953,21934,7
E01013954,3431,2
E01013957,4139,2
E01013958,2467,1
E01013959,1793,1
E01013960,1680,1
E01013961,7029,3
E01013962,4758,2
E01013963,2619,1
E01013964,15556,5
E01013965,5620,2
E01013966,6619,2
E01013967,9087,3
E01013968,16516,5
E01013969,9512,3
E01013970,16857,5
E01013971,9914,3
E01013972,6016,2
E01013977,29203,9
E01013978,21456,7
E01013979,27287,9
E01013980,30702,10
E01013981,30393,10
E01013982,32102,10
E01013983,7479,3
E01013984,33372,10
E01013985,29080,9
E01013986,11448,4
E01013987,28947,9
E01013988,27147,9
E01013989,11580,4
E01013990,21870,7
E01013991,15557,5
E01013992,9955,3
E01013993,7668,3
E01013994,5042,2
E01013995,4140,2
E01013996,28128,9
E01013997,28204,9
E01013998,20481,7
E01013999,21172,7
E01014000,13524,5
E01014001,10790,4
E01014002,26907,8
E01014003,12694,4
E01014004,14772,5
E01014005,6727,2
E01014006,20879,7
E01014008,14564,5
E01014009,13944,5
E01014010,6860,3
E01014011,13918,5
E01014012,25738,8
E01014013,18615,6
E01014014,14202,5
E01014015,13064,4
E01014016,12278,4
E01014017,14615,5
E01014018,16711,5
E01014019,10893,4
E01014020,12764,4
E01014021,12618,4
E01014022,26531,8
E01014023,21076,7
E01014024,13355,4
E01014025,13805,5
E01014026,15099,5
E01014027,16112,5
E01014028,24212,8
E01014029,19841,6
E01014030,20279,7
E01014031,18209,6
E01014032,18201,6
E01014033,12988,4
E01014034,8152,3
E01014035,10669,4
E01014036,22024,7
E01014037,24322,8
E01014038,13391,4
E01014039,29615,9
E01014040,21514,7
E01014041,17444,6
E01014042,3163,1
E01014043,26648,8
E01014044,9293,3
E01014045,18419,6
E01014046,19428,6
E01014047,6149,2
E01014048,3766,2
E01014049,17792,6
E01014050,17628,6
E01014051,12139,4
E01014052,13628,5
E01014053,17103,6
E01014054,14775,5
E01014055,16663,5
E01014056,14551,5
E01014057,15694,5
E01014058,19488,6
E01014059,15419,5
E01014060,17115,6
E01014061,25071,8
E01014062,17967,6
E01014063,17702,6
E01014064,6319,2
E01014065,17345,6
E01014066,16349,5
E01014067,30697,10
E01014068,13347,4
E01014069,19043,6
E01014070,19089,6
E01014071,4640,2
E01014072,11173,4
E01014073,10828,4
E01014074,4461,2
E01014075,22040,7
E01014076,14013,5
E01014077,26638,8
E01014078,16855,5
E01014079,17475,6
E01014080,15138,5
E01014081,20918,7
E01014082,19584,6
E01014083,28472,9
E01014084,15213,5
E01014085,15004,5
E01014086,7737,3
E01014087,24577,8
E01014088,19949,6
E01014089,18331,6
E01014090,31004,10
E01014091,30960,10
E01014092,21623,7
E01014093,18865,6
E01014094,28228,9
E01014095,16393,5
E01014096,15671,5
E01014097,16189,5
E01014098,12055,4
E01014099,14919,5
E01014100,20082,6
E01014101,11867,4
E01014102,25427,8
E01014103,25963,8
E01014104,10542,4
E01014105,5475,2
E01014106,9429,3
E01014107,25705,8
E01014108,446,1
E01014109,10543,4
E01014110,1096,1
E01014111,25217,8
E01014112,27785,9
E01014113,3048,1
E01014114,20751,7
E01014115,2737,1
E01014116,3022,1
E01014117,17384,6
E01014118,302,1
E01014119,15984,5
E01014120,3526,2
E01014121,11497,4
E01014122,9067,3
E01014123,19484,6
E01014124,3603,2
E01014125,4173,2
E01014126,8749,3
E01014127,3268,1
E01014128,10975,4
E01014129,11832,4
E01014130,22141,7
E01014131,24333,8
E01014132,27609,9
E01014133,19048,6
E01014134,29539,9
E01014135,19326,6
E01014136,14461,5
E01014137,24017,8
E01014138,10540,4
E01014139,7068,3
E01014140,5565,2
E01014142,2312,1
E01014143,7055,3
E01014144,8876,3
E01014145,6816,3
E01014148,22572,7
E01014149,18696,6
E01014150,20450,7
E01014151,5135,2
E01014152,12284,4
E01014153,7049,3
E01014154,14316,5
E01014155,11116,4
E01014157,18844,6
E01014158,10178,4
E01014159,10819,4
E01014160,23301,7
E01014161,13139,4
E01014162,4141,2
E01014163,6115,2
E01014164,1502,1
E01014165,1972,1
E01014166,10115,3
E01014167,19295,6
E01014168,25594,8
E01014169,10033,3
E01014170,26610,8
E01014171,17761,6
E01014172,32359,10
E01014173,18720,6
E01014174,32738,10
E01014175,20169,6
E01014176,28760,9
E01014177,28540,9
E01014178,17580,6
E01014179,26577,8
E01014180,18148,6
E01014181,26204,8
E01014182,28906,9
E01014183,24167,8
E01014184,16668,5
E01014185,3687,2
E01014186,15341,5
E01014187,14409,5
E01014188,26248,8
E01014189,16628,5
E01014190,30841,10
E01014191,10314,4
E01014192,7669,3
E01014193,5100,2
E01014194,7615,3
E01014195,27604,9
E01014196,4242,2
E01014197,2746,1
E01014198,986,1
E01014199,3142,1
E01014200,925,1
E01014201,686,1
E01014202,20756,7
E01014203,23411,7
E01014204,21008,7
E01014205,21049,7
E01014206,13060,4
E01014207,14866,5
E01014208,6340,2
E01014209,8013,3
E01014210,3572,2
E01014211,1278,1
E01014212,3453,2
E01014213,2986,1
E01014214,26129,8
E01014215,18561,6
E01014216,20937,7
E01014217,1182,1
E01014218,922,1
E01014219,10259,4
E01014220,1342,1
E01014221,2728,1
E01014222,1209,1
E01014223,1017,1
E01014224,918,1
E01014225,17321,6
E01014226,4810,2
E01014228,24215,8
E01014229,2686,1
E01014230,6357,2
E01014233,17816,6
E01014234,3645,2
E01014235,4121,2
E01014237,1586,1
E01014238,2197,1
E01014239,18382,6
E01014240,10138,4
E01014241,5003,2
E01014242,4137,2
E01014243,16715,5
E01014244,1397,1
E01014245,7844,3
E01014246,2917,1
E01014247,1445,1
E01014248,2423,1
E01014249,1186,1
E01014250,1116,1
E01014252,6177,2
E01014253,14134,5
E01014254,1525,1
E01014255,2479,1
E01014256,5437,2
E01014257,6450,2
E01014258,30134,9
E01014259,8889,3
E01014260,4566,2
E01014261,589,1
E01014262,4499,2
E01014263,3532,2
E01014264,19037,6
E01014265,29896,9
E01014266,4205,2
E01014267,17221,6
E01014268,10421,4
E01014269,3349,1
E01014270,25011,8
E01014271,12932,4
E01014272,22485,7
E01014273,795,1
E01014274,3491,2
E01014275,544,1
E01014276,4903,2
E01014277,8915,3
E01014278,5489,2
E01014279,4290,2
E01014280,17177,6
E01014281,3039,1
E01014282,9441,3
E01014283,8108,3
E01014284,6234,2
E01014285,6534,2
E01014286,1135,1
E01014287,553,1
E01014288,11573,4
E01014289,19140,6
E01014290,18288,6
E01014291,16658,5
E01014292,18326,6
E01014293,2765,1
E01014294,11370,4
E01014295,17781,6
E01014296,8575,3
E01014297,23552,7
E01014298,3926,2
E01014299,23727,8
E01014300,2148,1
E01014301,22767,7
E01014302,2538,1
E01014303,22482,7
E01014304,19105,6
E01014305,2414,1
E01014306,2091,1
E01014307,1130,1
E01014308,19786,6
E01014309,4508,2
E01014310,21127,7
E01014311,5452,2
E01014312,12615,4
E01014313,2893,1
E01014314,27032,9
E01014315,22641,7
E01014316,731,1
E01014317,1425,1
E01014318,27582,9
E01014319,18476,6
E01014320,29194,9
E01014321,9318,3
E01014322,6132,2
E01014323,6114,2
E01014324,20259,7
E01014325,29663,9
E01014326,26636,8
E01014327,7848,3
E01014328,2272,1
E01014329,7244,3
E01014330,364,1
E01014331,3078,1
E01014332,14164,5
E01014333,23790,8
E01014334,14836,5
E01014335,17276,6
E01014336,1991,1
E01014337,4625,2
E01014338,17641,6
E01014339,6561,2
E01014340,8918,3
E01014341,11578,4
E01014342,4276,2
E01014343,13956,5
E01014344,10611,4
E01014345,4131,2
E01014346,26886,8
E01014347,30840,10
E01014348,30398,10
E01014349,28536,9
E01014350,31262,10
E01014351,22374,7
E01014352,31603,10
E01014353,10557,4
E01014354,807,1
E01014355,3090,1
E01014356,5697,2
E01014357,4464,2
E01014358,1412,1
E01014359,7620,3
E01014360,23629,8
E01014361,1715,1
E01014362,25665,8
E01014363,16659,5
E01014364,10873,4
E01014365,17044,6
E01014366,2410,1
E01014367,2858,1
E01014368,3465,2
E01014369,16143,5
E01014370,9550,3
E01014371,14815,5
E01014372,16751,5
E01014373,21077,7
E01014374,28121,9
E01014375,24395,8
E01014376,32448,10
E01014377,31556,10
E01014380,32792,10
E01014381,31996,10
E01014382,26749,8
E01014383,24303,8
E01014384,26544,8
E01014385,22119,7
E01014386,23827,8
E01014387,25600,8
E01014388,32204,10
E01014389,26011,8
E01014390,2614,1
E01014391,25588,8
E01014392,21219,7
E01014393,30304,9
E01014394,24312,8
E01014395,33591,10
E01014396,28865,9
E01014397,33718,10
E01014398,28579,9
E01014399,25734,8
E01014400,25323,8
E01014401,13044,4
E01014403,20867,7
E01014404,10878,4
E01014405,31109,10
E01014407,10184,4
E01014409,16049,5
E01014410,32321,10
E01014411,30374,9
E01014412,32514,10
E01014413,33539,10
E01014414,18167,6
E01014415,31404,10
E01014416,26996,8
E01014417,31947,10
E01014418,23417,7
E01014419,25788,8
E01014420,18490,6
E01014421,31585,10
E01014422,30603,10
E01014423,19745,6
E01014424,29150,9
E01014425,23450,7
E01014426,10899,4
E01014427,27313,9
E01014428,32043,10
E01014429,31021,10
E01014430,27133,9
E01014431,16018,5
E01014432,18993,6
E01014433,14586,5
E01014434,30929,10
E01014435,29078,9
E01014436,28748,9
E01014437,13416,4
E01014438,17589,6
E01014439,15542,5
E01014440,25359,8
E01014441,22760,7
E01014442,28091,9
E01014443,27164,9
E01014444,27412,9
E01014445,9156,3
E01014446,20767,7
E01014447,21327,7
E01014448,9834,3
E01014449,22821,7
E01014450,11203,4
E01014451,15378,5
E01014452,26313,8
E01014453,31481,10
E01014454,33663,10
E01014455,15832,5
E01014456,24804,8
E01014457,30255,9
E01014458,2648,1
E01014459,16874,5
E01014460,29737,9
E01014461,12302,4
E01014462,4479,2
E01014463,2368,1
E01014464,4608,2
E01014465,28132,9
E01014466,13398,4
E01014467,26474,8
E01014468,26095,8
E01014469,10696,4
E01014470,26909,8
E01014471,20474,7
E01014472,24391,8
E01014473,28974,9
E01014474,19086,6
E01014476,31770,10
E01014477,33032,10
E01014478,10731,4
E01014479,32117,10
E01014480,18231,6
E01014481,28772,9
E01014482,32951,10
E01014483,22929,7
E01014484,28429,9
E01014485,13840,5
E01014486,6091,2
E01014487,27085,9
E01014488,16452,5
E01014489,9802,3
E01014491,24861,8
E01014492,5237,2
E01014493,6691,2
E01014494,22941,7
E01014495,15825,5
E01014496,8764,3
E01014497,4939,2
E01014498,5961,2
E01014499,7806,3
E01014500,20141,6
E01014501,9010,3
E01014502,11419,4
E01014504,27237,9
E01014505,25237,8
E01014506,26058,8
E01014507,29507,9
E01014508,26572,8
E01014509,30029,9
E01014510,28206,9
E01014511,29323,9
E01014512,27359,9
E01014513,32517,10
E01014514,18509,6
E01014515,6737,2
E01014516,693,1
E01014517,2549,1
E01014518,20441,7
E01014519,16092,5
E01014520,28729,9
E01014521,17960,6
E01014522,5564,2
E01014523,17006,6
E01014524,19911,6
E01014525,27063,9
E01014526,5945,2
E01014527,14146,5
E01014528,21320,7
E01014529,6034,2
E01014530,19543,6
E01014531,26343,8
E01014532,22562,7
E01014533,21609,7
E01014534,18246,6
E01014535,25231,8
E01014536,6928,3
E01014537,16458,5
E01014538,27351,9
E01014539,27447,9
E01014544,31384,10
E01014545,31185,10
E01014546,29616,9
E01014547,31290,10
E01014548,18458,6
E01014549,12435,4
E01014550,31461,10
E01014551,23529,7
E01014552,31490,10
E01014553,30193,9
E01014554,26902,8
E01014555,22710,7
E01014556,29301,9
E01014557,29148,9
E01014558,23869,8
E01014559,29886,9
E01014560,29689,9
E01014561,27649,9
E01014562,23438,7
E01014563,21408,7
E01014564,10632,4
E01014565,9052,3
E01014566,9805,3
E01014567,13381,4
E01014568,5112,2
E01014569,9795,3
E01014570,17282,6
E01014571,11625,4
E01014572,9950,3
E01014573,19443,6
E01014574,5151,2
E01014575,8206,3
E01014576,15899,5
E01014577,23634,8
E01014578,8296,3
E01014579,9715,3
E01014580,766,1
E01014581,574,1
E01014582,3204,1
E01014583,3285,1
E01014584,2620,1
E01014585,954,1
E01014586,16097,5
E01014587,13063,4
E01014588,12482,4
E01014589,1934,1
E01014590,14014,5
E01014591,23066,7
E01014592,16915,6
E01014593,378,1
E01014594,555,1
E01014595,5210,2
E01014596,2732,1
E01014597,1485,1
E01014598,28716,9
E01014599,23177,7
E01014600,11898,4
E01014601,11813,4
E01014602,6231,2
E01014603,15384,5
E01014605,1763,1
E01014607,13422,4
E01014608,5689,2
E01014609,8908,3
E01014610,6516,2
E01014611,18937,6
E01014612,14049,5
E01014613,20263,7
E01014614,21002,7
E01014615,33415,10
E01014616,29265,9
E01014617,33652,10
E01014618,33166,10
E01014619,28233,9
E01014620,32757,10
E01014621,27296,9
E01014622,11723,4
E01014623,14063,5
E01014624,11663,4
E01014626,8827,3
E01014627,15859,5
E01014629,8528,3
E01014630,5077,2
E01014631,14792,5
E01014632,16901,6
E01014633,25013,8
E01014634,26175,8
E01014635,25492,8
E01014636,8010,3
E01014637,24059,8
E01014638,1733,1
E01014639,979,1
E01014640,6434,2
E01014641,20367,7
E01014642,21282,7
E01014643,5086,2
E01014644,10730,4
E01014645,15848,5
E01014646,12401,4
E01014647,3639,2
E01014648,21547,7
E01014649,26258,8
E01014650,13938,5
E01014651,28275,9
E01014653,998,1
E01014654,2960,1
E01014655,3960,2
E01014658,1621,1
E01014659,5595,2
E01014660,6922,3
E01014661,9443,3
E01014662,17202,6
E01014663,5451,2
E01014664,7758,3
E01014665,14852,5
E01014666,32903,10
E01014667,31571,10
E01014668,29844,9
E01014669,29880,9
E01014670,24440,8
E01014671,20515,7
E01014672,29759,9
E01014673,13134,4
E01014674,13117,4
E01014675,16174,5
E01014676,12840,4
E01014677,26528,8
E01014678,19007,6
E01014679,22154,7
E01014680,26682,8
E01014681,11995,4
E01014682,14305,5
E01014683,9460,3
E01014684,12442,4
E01014685,6711,2
E01014686,15831,5
E01014687,12462,4
E01014688,5104,2
E01014689,1177,1
E01014690,8854,3
E01014691,8024,3
E01014692,6587,2
E01014693,28569,9
E01014694,7708,3
E01014695,12088,4
E01014696,29653,9
E01014698,27712,9
E01014699,15366,5
E01014700,29504,9
E01014701,23658,8
E01014702,24889,8
E01014703,5655,2
E01014704,15827,5
E01014705,26944,8
E01014706,2355,1
E01014707,17477,6
E01014708,22202,7
E01014709,27068,9
E01014710,32270,10
E01014711,32300,10
E01014712,25276,8
E01014713,32180,10
E01014714,33367,10
E01014715,33054,10
E01014716,33305,10
E01014717,32561,10
E01014718,33085,10
E01014719,28559,9
E01014720,17438,6
E01014721,29111,9
E01014722,25037,8
E01014723,28304,9
E01014725,31234,10
E01014726,265,1
E01014727,993,1
E01014729,5894,2
E01014730,11808,4
E01014731,13601,5
E01014732,18087,6
E01014733,24556,8
E01014734,20160,6
E01014735,24713,8
E01014736,13481,4
E01014737,33423,10
E01014738,26028,8
E01014739,29260,9
E01014740,27134,9
E01014741,21847,7
E01014742,32084,10
E01014744,16721,5
E01014745,22714,7
E01014746,14418,5
E01014747,22883,7
E01014748,21313,7
E01014749,29466,9
E01014750,19770,6
E01014751,15917,5
E01014752,28592,9
E01014753,13170,4
E01014754,26885,8
E01014755,27836,9
E01014756,22134,7
E01014757,29132,9
E01014758,32136,10
E01014759,33613,10
E01014760,22987,7
E01014761,28915,9
E01014762,32179,10
E01014763,22448,7
E01014764,20697,7
E01014765,22140,7
E01014766,26306,8
E01014767,32438,10
E01014770,25035,8
E01014771,24157,8
E01014772,21907,7
E01014773,24951,8
E01014774,12231,4
E01014775,33575,10
E01014776,33556,10
E01014777,30448,10
E01014778,33682,10
E01014779,30372,9
E01014780,19760,6
E01014781,19199,6
E01014782,32370,10
E01014783,22982,7
E01014784,29308,9
E01014785,31330,10
E01014786,9960,3
E01014787,26273,8
E01014789,31983,10
E01014790,30842,10
E01014792,30051,9
E01014793,32186,10
E01014794,30219,9
E01014795,18505,6
E01014796,29140,9
E01014797,21911,7
E01014798,33047,10
E01014799,3199,1
E01014800,1139,1
E01014801,1284,1
E01014802,5039,2
E01014803,22449,7
E01014804,17256,6
E01014805,26261,8
E01014806,6592,2
E01014807,8983,3
E01014808,22814,7
E01014809,9368,3
E01014811,11081,4
E01014812,21362,7
E01014813,21695,7
E01014815,10204,4
E01014816,27662,9
E01014817,21697,7
E01014818,32284,10
E01014819,25526,8
E01014820,15776,5
E01014821,23766,8
E01014822,32067,10
E01014823,31151,10
E01014824,24448,8
E01014825,27825,9
E01014826,21592,7
E01014827,7914,3
E01014828,2517,1
E01014829,2069,1
E01014830,10108,3
E01014831,86,1
E01014832,313,1
E01014833,720,1
E01014834,3217,1
E01014835,6303,2
E01014836,15258,5
E01014838,20612,7
E01014839,21682,7
E01014840,13413,4
E01014841,10875,4
E01014842,6100,2
E01014843,15574,5
E01014844,4418,2
E01014845,20288,7
E01014846,19253,6
E01014847,28316,9
E01014848,20305,7
E01014849,30048,9
E01014850,32454,10
E01014851,28882,9
E01014852,27597,9
E01014853,26267,8
E01014854,22394,7
E01014855,30892,10
E01014856,19925,6
E01014857,25204,8
E01014858,22206,7
E01014859,28893,9
E01014860,21232,7
E01014861,14356,5
E01014862,26097,8
E01014863,25838,8
E01014864,28109,9
E01014865,19687,6
E01014866,30989,10
E01014867,19600,6
E01014869,26322,8
E01014870,18206,6
E01014871,23641,8
E01014872,27181,9
E01014873,33544,10
E01014874,31964,10
E01014875,27321,9
E01014876,29731,9
E01014877,33291,10
E01014878,33193,10
E01014879,31877,10
E01014880,30664,10
E01014881,33369,10
E01014882,18071,6
E01014883,31596,10
E01014884,21498,7
E01014885,27960,9
E01014886,13484,4
E01014887,33199,10
E01014888,31392,10
E01014889,31934,10
E01014890,19847,6
E01014891,15894,5
E01014892,15240,5
E01014893,24568,8
E01014894,27233,9
E01014895,25187,8
E01014896,23382,7
E01014897,33543,10
E01014898,29849,9
E01014899,26005,8
E01014900,22627,7
E01014901,33525,10
E01014902,33163,10
E01014903,32421,10
E01014904,12485,4
E01014905,30257,9
E01014906,10567,4
E01014907,24232,8
E01014908,26747,8
E01014909,24592,8
E01014910,21929,7
E01014911,30069,9
E01014912,32069,10
E01014913,32577,10
E01014914,15502,5
E01014915,19122,6
E01014916,20992,7
E01014917,22802,7
E01014918,30050,9
E01014919,30870,10
E01014920,30271,9
E01014921,24732,8
E01014922,24463,8
E01014923,16710,5
E01014924,12664,4
E01014925,13713,5
E01014926,8422,3
E01014927,16127,5
E01014928,14079,5
E01014929,20398,7
E01014930,23684,8
E01014931,29213,9
E01014932,32986,10
E01014933,32070,10
E01014934,32110,10
E01014935,31420,10
E01014936,24654,8
E01014937,32246,10
E01014938,28723,9
E01014939,19445,6
E01014940,32138,10
E01014941,9967,3
E01014942,15269,5
E01014943,28151,9
E01014944,32418,10
E01014945,23045,7
E01014946,12143,4
E01014947,29645,9
E01014948,6294,2
E01014950,21105,7
E01014951,11256,4
E01014953,19850,6
E01014954,13523,5
E01014955,28297,9
E01014956,28015,9
E01014957,28655,9
E01014958,12155,4
E01014959,24768,8
E01014960,17092,6
E01014961,15895,5
E01014962,22306,7
E01014963,26124,8
E01014964,32569,10
E01014965,32547,10
E01014967,33039,10
E01014968,13384,4
E01014969,31868,10
E01014972,27294,9
E01014973,13700,5
E01014974,27778,9
E01014975,15607,5
E01014976,10310,4
E01014977,5344,2
E01014978,31188,10
E01014979,32000,10
E01014980,33180,10
E01014982,25172,8
E01014983,13351,4
E01014984,17992,6
E01014985,32706,10
E01014986,17037,6
E01014987,30695,10
E01014988,32169,10
E01014989,14269,5
E01014990,33389,10
E01014991,9112,3
E01014992,30810,10
E01014993,26720,8
E01014994,15991,5
E01014995,31598,10
E01014996,29461,9
E01014998,24557,8
E01014999,32388,10
E01015000,14906,5
E01015001,30427,10
E01015002,23274,7
E01015003,28543,9
E01015004,22662,7
E01015005,16378,5
E01015006,17789,6
E01015007,13357,4
E01015008,21952,7
E01015009,20495,7
E01015010,26588,8
E01015011,14143,5
E01015012,25443,8
E01015013,24207,8
E01015014,18563,6
E01015015,28648,9
E01015016,33566,10
E01015017,16225,5
E01015018,25425,8
E01015019,17309,6
E01015020,11249,4
E01015021,31836,10
E01015022,27443,9
E01015023,6128,2
E01015024,16542,5
E01015025,31505,10
E01015026,3899,2
E01015027,24646,8
E01015028,2330,1
E01015029,17413,6
E01015030,2111,1
E01015031,15464,5
E01015032,7671,3
E01015033,29805,9
E01015034,31117,10
E01015035,27454,9
E01015036,26158,8
E01015037,18205,6
E01015038,27769,9
E01015039,8121,3
E01015040,3721,2
E01015041,12078,4
E01015042,9453,3
E01015043,1267,1
E01015044,5082,2
E01015045,1851,1
E01015046,575,1
E01015047,4106,2
E01015048,6828,3
E01015049,20108,6
E01015050,10613,4
E01015051,12787,4
E01015052,7602,3
E01015053,5870,2
E01015054,16125,5
E01015055,4755,2
E01015056,13325,4
E01015057,4457,2
E01015058,3814,2
E01015059,13774,5
E01015060,8680,3
E01015061,9330,3
E01015062,10705,4
E01015063,9233,3
E01015064,30625,10
E01015065,18562,6
E01015066,25210,8
E01015067,29923,9
E01015068,26604,8
E01015069,10142,4
E01015070,18546,6
E01015071,16301,5
E01015072,4909,2
E01015073,5688,2
E01015074,4757,2
E01015075,5144,2
E01015076,16560,5
E01015077,18165,6
E01015078,2676,1
E01015079,17127,6
E01015080,4771,2
E01015081,5143,2
E01015082,2448,1
E01015083,2825,1
E01015084,10859,4
E01015085,14455,5
E01015086,5413,2
E01015087,3181,1
E01015088,2046,1
E01015089,13163,4
E01015090,27212,9
E01015091,21394,7
E01015092,25030,8
E01015093,10868,4
E01015094,11622,4
E01015095,13681,5
E01015096,8250,3
E01015097,27053,9
E01015098,26560,8
E01015099,22080,7
E01015100,24270,8
E01015101,31551,10
E01015102,21888,7
E01015103,17709,6
E01015104,30180,9
E01015105,27271,9
E01015106,19118,6
E01015107,22242,7
E01015108,27393,9
E01015109,23593,7
E01015110,30144,9
E01015111,23740,8
E01015112,20439,7
E01015113,29023,9
E01015114,26062,8
E01015115,7278,3
E01015116,24406,8
E01015117,19563,6
E01015118,31848,10
E01015119,29456,9
E01015120,27247,9
E01015121,31441,10
E01015122,31027,10
E01015123,21570,7
E01015124,27966,9
E01015125,26782,8
E01015126,31302,10
E01015127,21905,7
E01015128,25559,8
E01015129,15338,5
E01015130,29503,9
E01015131,28423,9
E01015132,18103,6
E01015133,32078,10
E01015134,27300,9
E01015136,24139,8
E01015137,27455,9
E01015138,24993,8
E01015139,14693,5
E01015140,32068,10
E01015141,30736,10
E01015142,10936,4
E01015143,11470,4
E01015144,3263,1
E01015145,984,1
E01015146,2878,1
E01015147,13876,5
E01015148,7932,3
E01015149,706,1
E01015150,13554,5
E01015151,3354,1
E01015152,3334,1
E01015153,1032,1
E01015155,88,1
E01015156,9620,3
E01015159,7352,3
E01015160,31856,10
E01015161,7008,3
E01015162,6192,2
E01015163,13411,4
E01015164,19284,6
E01015165,20180,6
E01015166,6175,2
E01015167,10553,4
E01015168,8828,3
E01015169,13240,4
E01015170,4531,2
E01015171,8924,3
E01015172,9386,3
E01015173,18314,6
E01015174,17172,6
E01015175,12374,4
E01015176,7643,3
E01015177,15459,5
E01015178,9908,3
E01015179,9791,3
E01015180,2628,1
E01015181,7253,3
E01015182,6281,2
E01015183,10858,4
E01015184,22599,7
E01015185,9220,3
E01015186,4472,2
E01015187,18499,6
E01015188,15916,5
E01015189,9488,3
E01015190,8578,3
E01015191,14427,5
E01015192,5831,2
E01015193,12268,4
E01015194,6453,2
E01015196,1085,1
E01015197,27775,9
E01015198,23596,7
E01015199,28222,9
E01015200,14046,5
E01015201,18367,6
E01015202,18237,6
E01015203,24337,8
E01015204,10127,4
E01015205,17238,6
E01015206,11422,4
E01015207,19209,6
E01015208,29902,9
E01015209,10750,4
E01015210,6018,2
E01015211,27974,9
E01015212,8437,3
E01015213,12986,4
E01015214,5614,2
E01015215,15241,5
E01015216,6168,2
E01015217,672,1
E01015218,10550,4
E01015219,7739,3
E01015220,20625,7
E01015221,10749,4
E01015222,16335,5
E01015223,21138,7
E01015224,21019,7
E01015225,17391,6
E01015226,24645,8
E01015227,28570,9
E01015228,8715,3
E01015229,10313,4
E01015230,25111,8
E01015231,404,1
E01015232,2816,1
E01015233,3452,2
E01015234,4808,2
E01015235,11689,4
E01015236,12627,4
E01015237,15160,5
E01015238,12193,4
E01015239,7576,3
E01015240,8343,3
E01015241,12899,4
E01015242,6375,2
E01015243,19654,6
E01015244,15645,5
E01015245,7022,3
E01015246,19514,6
E01015247,13881,5
E01015248,6078,2
E01015249,9810,3
E01015250,17163,6
E01015251,24309,8
E01015253,18334,6
E01015254,22488,7
E01015255,811,1
E01015256,1153,1
E01015257,2367,1
E01015258,9653,3
E01015259,8311,3
E01015260,2593,1
E01015261,4517,2
E01015262,8860,3
E01015263,1759,1
E01015264,17885,6
E01015265,10573,4
E01015266,2786,1
E01015267,5352,2
E01015268,13852,5
E01015269,13994,5
E01015270,12740,4
E01015271,24144,8
E01015272,28274,9
E01015273,8177,3
E01015274,18547,6
E01015275,15876,5
E01015276,11825,4
E01015277,8114,3
E01015279,5285,2
E01015280,6059,2
E01015281,2534,1
E01015286,21057,7
E01015288,3063,1
E01015289,10568,4
E01015290,9389,3
E01015291,14556,5
E01015292,9027,3
E01015293,9579,3
E01015294,6343,2
E01015295,33409,10
E01015296,16227,5
E01015297,26281,8
E01015298,28130,9
E01015299,29198,9
E01015300,31142,10
E01015301,15939,5
E01015302,13660,5
E01015303,12343,4
E01015304,4739,2
E01015305,6656,2
E01015306,7775,3
E01015307,2465,1
E01015308,10044,3
E01015309,2391,1
E01015310,6963,3
E01015311,27846,9
E01015312,3175,1
E01015313,2560,1
E01015314,31591,10
E01015315,33043,10
E01015316,30397,10
E01015317,20858,7
E01015318,22414,7
E01015319,30305,9
E01015320,28135,9
E01015321,12803,4
E01015322,27740,9
E01015323,28888,9
E01015324,19163,6
E01015325,28147,9
E01015326,13108,4
E01015327,13609,5
E01015328,10356,4
E01015329,15100,5
E01015330,20454,7
E01015331,13255,4
E01015332,26672,8
E01015333,25841,8
E01015334,14525,5
E01015335,25228,8
E01015336,19408,6
E01015337,21353,7
E01015338,2763,1
E01015339,11793,4
E01015340,21507,7
E01015341,4260,2
E01015342,31440,10
E01015343,14926,5
E01015344,28695,9
E01015345,15198,5
E01015346,14803,5
E01015348,26081,8
E01015349,21150,7
E01015350,29249,9
E01015351,27158,9
E01015352,22224,7
E01015353,20170,6
E01015354,22256,7
E01015355,18074,6
E01015356,25554,8
E01015357,8654,3
E01015358,22440,7
E01015359,7395,3
E01015360,30659,10
E01015361,17126,6
E01015362,7888,3
E01015363,22445,7
E01015364,28489,9
E01015365,13995,5
E01015366,20191,6
E01015367,5142,2
E01015368,23089,7
E01015369,21643,7
E01015370,23899,8
E01015371,9306,3
E01015372,15278,5
E01015373,15220,5
E01015374,12741,4
E01015375,15700,5
E01015376,22806,7
E01015377,14703,5
E01015378,25445,8
E01015379,7174,3
E01015380,22642,7
E01015381,10026,3
E01015382,11257,4
E01015383,24366,8
E01015384,2803,1
E01015385,10140,4
E01015386,11653,4
E01015387,21581,7
E01015388,31145,10
E01015389,26953,8
E01015390,11811,4
E01015391,24830,8
E01015392,21197,7
E01015393,17544,6
E01015394,27522,9
E01015395,28681,9
E01015396,33247,10
E01015397,33453,10
E01015398,33330,10
E01015399,33105,10
E01015400,33200,10
E01015401,33110,10
E01015402,20554,7
E01015403,28896,9
E01015404,32492,10
E01015405,31221,10
E01015406,22978,7
E01015407,23687,8
E01015408,26449,8
E01015409,9181,3
E01015410,22669,7
E01015411,26532,8
E01015412,32820,10
E01015413,20616,7
E01015414,16847,5
E01015415,4615,2
E01015416,25659,8
E01015417,14238,5
E01015418,24117,8
E01015419,28682,9
E01015420,12666,4
E01015421,12827,4
E01015422,27169,9
E01015424,19973,6
E01015425,22796,7
E01015426,8760,3
E01015427,16524,5
E01015428,22617,7
E01015429,8913,3
E01015430,2571,1
E01015431,30007,9
E01015432,26121,8
E01015433,32183,10
E01015434,32657,10
E01015435,15904,5
E01015436,20809,7
E01015437,25874,8
E01015438,22895,7
E01015439,11763,4
E01015440,17862,6
E01015441,14642,5
E01015442,5166,2
E01015443,12868,4
E01015444,17669,6
E01015445,29567,9
E01015446,18275,6
E01015447,31566,10
E01015448,25171,8
E01015449,10754,4
E01015450,24358,8
E01015451,29687,9
E01015452,30888,10
E01015453,24053,8
E01015454,22173,7
E01015455,32450,10
E01015456,14154,5
E01015457,25390,8
E01015458,33593,10
E01015459,32365,10
E01015460,19101,6
E01015461,14434,5
E01015462,17304,6
E01015463,31938,10
E01015464,33694,10
E01015465,13245,4
E01015466,20628,7
E01015471,32658,10
E01015473,23393,7
E01015475,12444,4
E01015477,11946,4
E01015478,20765,7
E01015479,17098,6
E01015480,11991,4
E01015481,26238,8
E01015482,29319,9
E01015483,30178,9
E01015484,29202,9
E01015485,28927,9
E01015486,22347,7
E01015487,29874,9
E01015488,9799,3
E01015489,26706,8
E01015490,21524,7
E01015491,8119,3
E01015492,9762,3
E01015493,20146,6
E01015494,12461,4
E01015496,19114,6
E01015497,18254,6
E01015498,24331,8
E01015499,30082,9
E01015500,24334,8
E01015501,29701,9
E01015502,9707,3
E01015503,7190,3
E01015504,30335,9
E01015505,14273,5
E01015506,4229,2
E01015507,867,1
E01015508,5469,2
E01015509,16700,5
E01015510,9414,3
E01015511,14144,5
E01015512,33038,10
E01015513,27586,9
E01015514,28913,9
E01015515,33249,10
E01015516,13983,5
E01015517,29155,9
E01015518,31546,10
E01015519,9838,3
E01015520,20734,7
E01015521,28864,9
E01015522,20002,6
E01015523,25149,8
E01015524,16936,6
E01015525,30337,9
E01015526,24427,8
E01015527,11592,4
E01015528,5301,2
E01015529,16666,5
E01015530,11141,4
E01015532,19836,6
E01015533,33175,10
E01015534,23077,7
E01015535,29293,9
E01015537,5420,2
E01015538,3312,1
E01015539,6886,3
E01015540,5465,2
E01015541,4129,2
E01015542,2453,1
E01015543,10656,4
E01015544,1245,1
E01015545,860,1
E01015546,1213,1
E01015547,28841,9
E01015548,28004,9
E01015549,25683,8
E01015550,22652,7
E01015551,27683,9
E01015552,20425,7
E01015553,23854,8
E01015554,17452,6
E01015555,16008,5
E01015556,26935,8
E01015557,25358,8
E01015558,2851,1
E01015559,18903,6
E01015560,28122,9
E01015561,26537,8
E01015562,23078,7
E01015563,32331,10
E01015564,30324,9
E01015565,24071,8
E01015566,29403,9
E01015567,21686,7
E01015568,21529,7
E01015569,6601,2
E01015570,2654,1
E01015571,16130,5
E01015572,3528,2
E01015573,3335,1
E01015574,22413,7
E01015575,2348,1
E01015576,24605,8
E01015578,16978,6
E01015579,22415,7
E01015580,13058,4
E01015581,24957,8
E01015582,21509,7
E01015584,25753,8
E01015585,23986,8
E01015586,30620,10
E01015587,15176,5
E01015588,20116,6
E01015589,26936,8
E01015590,25524,8
E01015591,16395,5
E01015592,7229,3
E01015593,4239,2
E01015594,6530,2
E01015595,6699,2
E01015596,6358,2
E01015597,4372,2
E01015598,23343,7
E01015599,3520,2
E01015600,2965,1
E01015601,3278,1
E01015603,1260,1
E01015604,1473,1
E01015605,5361,2
E01015606,11272,4
E01015607,2097,1
E01015608,5426,2
E01015609,1387,1
E01015610,3872,2
E01015612,2630,1
E01015613,3602,2
E01015614,9252,3
E01015615,4518,2
E01015616,4046,2
E01015617,14445,5
E01015618,10802,4
E01015619,8582,3
E01015620,25047,8
E01015622,9127,3
E01015623,10881,4
E01015624,10583,4
E01015626,19781,6
E01015627,22184,7
E01015628,22165,7
E01015629,25860,8
E01015630,10862,4
E01015631,22235,7
E01015632,1988,1
E01015633,3582,2
E01015634,4391,2
E01015635,29841,9
E01015636,25243,8
E01015637,3920,2
E01015638,14400,5
E01015639,3421,2
E01015640,8387,3
E01015641,7003,3
E01015642,3552,2
E01015643,7544,3
E01015644,20888,7
E01015645,23169,7
E01015646,32103,10
E01015647,2561,1
E01015648,31543,10
E01015650,26530,8
E01015651,11567,4
E01015652,5448,2
E01015653,15736,5
E01015654,2553,1
E01015655,8757,3
E01015656,4789,2
E01015658,664,1
E01015659,19535,6
E01015660,5905,2
E01015661,5398,2
E01015662,4473,2
E01015663,1993,1
E01015664,3309,1
E01015665,6040,2
E01015666,7633,3
E01015667,13136,4
E01015668,4813,2
E01015669,11604,4
E01015670,16680,5
E01015672,21206,7
E01015673,5405,2
E01015674,5967,2
E01015675,17599,6
E01015676,10598,4
E01015677,5266,2
E01015678,19936,6
E01015679,21283,7
E01015680,4002,2
E01015681,29278,9
E01015682,21207,7
E01015683,25760,8
E01015684,28437,9
E01015685,26249,8
E01015686,25540,8
E01015687,24517,8
E01015688,16761,5
E01015689,28231,9
E01015690,25410,8
E01015691,18786,6
E01015692,5705,2
E01015693,26060,8
E01015694,20883,7
E01015695,20363,7
E01015696,23487,7
E01015697,26123,8
E01015698,1767,1
E01015699,1732,1
E01015700,10125,3
E01015701,3932,2
E01015702,3868,2
E01015703,3311,1
E01015704,1392,1
E01015705,1194,1
E01015706,23913,8
E01015707,24219,8
E01015708,28685,9
E01015709,22693,7
E01015710,26024,8
E01015711,8958,3
E01015712,11454,4
E01015713,9132,3
E01015714,18243,6
E01015715,6226,2
E01015716,7553,3
E01015717,10695,4
E01015718,15610,5
E01015719,20876,7
E01015720,3635,2
E01015721,19201,6
E01015722,8632,3
E01015723,15485,5
E01015724,7216,3
E01015725,1257,1
E01015726,2108,1
E01015727,5624,2
E01015728,3670,2
E01015729,2531,1
E01015730,3914,2
E01015731,5673,2
E01015732,2269,1
E01015733,4678,2
E01015734,13483,4
E01015735,5044,2
E01015736,2085,1
E01015737,8982,3
E01015738,7638,3
E01015739,8745,3
E01015740,15553,5
E01015742,12816,4
E01015743,2586,1
E01015744,7720,3
E01015745,20649,7
E01015746,16520,5
E01015747,29439,9
E01015748,17768,6
E01015749,3428,2
E01015750,9836,3
E01015751,10497,4
E01015752,10284,4
E01015753,13998,5
E01015754,4283,2
E01015755,12814,4
E01015756,11560,4
E01015757,5524,2
E01015758,8538,3
E01015759,5486,2
E01015760,3879,2
E01015761,8324,3
E01015762,18177,6
E01015763,14798,5
E01015764,16134,5
E01015765,8340,3
E01015766,13171,4
E01015767,13979,5
E01015768,14582,5
E01015769,9877,3
E01015770,25781,8
E01015771,1050,1
E01015772,4369,2
E01015773,4440,2
E01015774,4693,2
E01015775,25428,8
E01015776,12758,4
E01015777,11101,4
E01015778,17954,6
E01015779,5949,2
E01015780,16124,5
E01015781,10409,4
E01015782,10441,4
E01015783,5765,2
E01015784,8408,3
E01015785,7477,3
E01015786,8098,3
E01015787,4383,2
E01015788,5368,2
E01015789,2946,1
E01015790,13474,4
E01015792,7779,3
E01015793,15377,5
E01015795,6215,2
E01015796,12154,4
E01015797,25448,8
E01015798,17871,6
E01015799,26651,8
E01015800,24524,8
E01015801,7974,3
E01015802,5168,2
E01015803,24597,8
E01015804,12128,4
E01015805,24196,8
E01015806,26545,8
E01015807,11128,4
E01015808,19969,6
E01015809,29822,9
E01015810,14848,5
E01015811,27408,9
E01015812,25995,8
E01015813,10435,4
E01015814,19370,6
E01015815,28217,9
E01015816,18579,6
E01015817,27139,9
E01015818,18789,6
E01015819,11039,4
E01015820,4871,2
E01015821,20834,7
E01015822,21958,7
E01015823,25452,8
E01015824,4768,2
E01015825,11716,4
E01015826,23910,8
E01015827,23112,7
E01015828,4116,2
E01015829,22665,7
E01015830,30563,10
E01015831,7749,3
E01015832,17563,6
E01015833,29843,9
E01015834,27089,9
E01015835,12834,4
E01015836,27268,9
E01015837,21302,7
E01015838,31301,10
E01015839,7025,3
E01015840,3711,2
E01015841,946,1
E01015842,50,1
E01015843,8759,3
E01015844,2857,1
E01015845,29754,9
E01015846,28904,9
E01015847,20331,7
E01015848,20186,6
E01015849,22047,7
E01015850,28372,9
E01015851,6220,2
E01015852,1301,1
E01015853,11896,4
E01015854,7011,3
E01015855,3761,2
E01015856,9504,3
E01015857,29988,9
E01015858,27757,9
E01015859,14958,5
E01015860,22615,7
E01015861,5544,2
E01015862,8161,3
E01015863,19719,6
E01015864,19439,6
E01015865,18466,6
E01015866,27434,9
E01015867,3593,2
E01015868,7282,3
E01015869,11899,4
E01015870,15892,5
E01015871,15422,5
E01015872,15819,5
E01015873,14278,5
E01015874,14086,5
E01015875,2461,1
E01015876,23468,7
E01015877,6949,3
E01015878,18722,6
E01015879,4982,2
E01015880,2054,1
E01015881,18241,6
E01015882,5883,2
E01015883,30999,10
E01015884,10330,4
E01015885,32223,10
E01015886,321,1
E01015887,2903,1
E01015888,15566,5
E01015889,30054,9
E01015890,29862,9
E01015891,10772,4
E01015892,27651,9
E01015893,31531,10
E01015894,29041,9
E01015896,3610,2
E01015897,2127,1
E01015898,5623,2
E01015899,6098,2
E01015900,7771,3
E01015901,9190,3
E01015902,7625,3
E01015903,13726,5
E01015904,16467,5
E01015905,14796,5
E01015906,8535,3
E01015907,8667,3
E01015908,33239,10
E01015909,31168,10
E01015910,32221,10
E01015911,32593,10
E01015912,32465,10
E01015913,23935,8
E01015914,33235,10
E01015915,24671,8
E01015916,814,1
E01015917,1808,1
E01015918,14776,5
E01015919,18441,6
E01015920,26090,8
E01015921,7894,3
E01015922,7929,3
E01015923,13047,4
E01015924,11568,4
E01015925,23843,8
E01015926,14576,5
E01015927,10473,4
E01015928,15882,5
E01015929,5682,2
E01015930,17153,6
E01015931,5990,2
E01015932,4279,2
E01015933,10983,4
E01015934,6505,2
E01015935,8392,3
E01015936,10443,4
E01015937,17192,6
E01015938,3004,1
E01015939,27242,9
E01015941,25229,8
E01015942,19346,6
E01015943,19937,6
E01015944,26826,8
E01015945,18160,6
E01015946,21504,7
E01015947,7044,3
E01015948,11661,4
E01015949,12721,4
E01015950,16203,5
E01015951,11812,4
E01015952,12064,4
E01015953,15203,5
E01015954,4632,2
E01015955,23820,8
E01015956,9406,3
E01015957,11406,4
E01015958,11429,4
E01015959,12970,4
E01015960,26183,8
E01015961,18305,6
E01015962,7868,3
E01015963,5779,2
E01015964,25351,8
E01015965,31005,10
E01015966,25348,8
E01015967,20549,7
E01015968,22951,7
E01015969,18606,6
E01015970,24252,8
E01015971,9688,3
E01015972,12715,4
E01015974,26900,8
E01015975,16556,5
E01015976,5753,2
E01015977,21046,7
E01015978,18916,6
E01015979,24959,8
E01015980,23463,7
E01015982,27955,9
E01015983,17117,6
E01015984,25627,8
E01015985,20144,6
E01015986,8836,3
E01015987,10879,4
E01015988,7784,3
E01015989,13342,4
E01015990,15293,5
E01015991,23863,8
E01015992,18465,6
E01015993,14363,5
E01015994,14637,5
E01015995,29143,9
E01015996,12732,4
E01015997,25041,8
E01015998,24823,8
E01015999,27831,9
E01016000,20694,7
E01016001,25113,8
E01016002,27714,9
E01016003,11718,4
E01016004,3832,2
E01016005,8183,3
E01016006,1580,1
E01016007,3873,2
E01016008,11738,4
E01016009,5992,2
E01016010,3094,1
E01016011,12112,4
E01016013,15302,5
E01016014,6614,2
E01016015,19516,6
E01016016,3801,2
E01016017,1977,1
E01016018,4598,2
E01016019,1573,1
E01016020,6894,3
E01016021,8722,3
E01016022,7363,3
E01016023,1438,1
E01016024,3488,2
E01016025,6718,2
E01016026,26111,8
E01016027,25100,8
E01016028,23431,7
E01016029,14257,5
E01016030,6320,2
E01016031,869,1
E01016032,413,1
E01016033,1588,1
E01016034,13507,5
E01016035,4050,2
E01016037,6923,3
E01016038,8378,3
E01016039,6597,2
E01016040,5120,2
E01016041,4745,2
E01016042,6366,2
E01016043,11388,4
E01016044,6757,3
E01016045,9500,3
E01016046,5048,2
E01016047,7195,3
E01016048,9917,3
E01016049,2211,1
E01016050,30754,10
E01016051,30058,9
E01016052,29014,9
E01016053,29296,9
E01016054,30395,10
E01016055,12473,4
E01016056,13731,5
E01016057,19260,6
E01016058,20364,7
E01016059,7116,3
E01016060,27511,9
E01016061,2688,1
E01016062,3789,2
E01016063,1058,1
E01016064,3825,2
E01016065,16962,6
E01016066,7982,3
E01016067,8412,3
E01016068,2929,1
E01016069,713,1
E01016070,8650,3
E01016071,7288,3
E01016072,7905,3
E01016073,17921,6
E01016074,12054,4
E01016075,14884,5
E01016077,8839,3
E01016078,18251,6
E01016079,20807,7
E01016080,17882,6
E01016081,26967,8
E01016082,24770,8
E01016083,3406,2
E01016084,8436,3
E01016085,31554,10
E01016086,29969,9
E01016087,23101,7
E01016088,16482,5
E01016089,22556,7
E01016090,31840,10
E01016091,31347,10
E01016092,28596,9
E01016093,27531,9
E01016094,23100,7
E01016095,23344,7
E01016096,24640,8
E01016097,8081,3
E01016098,6989,3
E01016099,21103,7
E01016100,11830,4
E01016101,23451,7
E01016102,5049,2
E01016103,24481,8
E01016104,25940,8
E01016105,24897,8
E01016106,24458,8
E01016107,28451,9
E01016111,317,1
E01016113,22655,7
E01016114,7017,3
E01016115,13309,4
E01016116,12880,4
E01016117,3820,2
E01016118,16132,5
E01016119,27273,9
E01016120,10059,3
E01016121,23364,7
E01016122,28444,9
E01016123,21122,7
E01016124,25830,8
E01016125,15738,5
E01016126,27388,9
E01016127,13475,4
E01016128,15525,5
E01016129,7130,3
E01016130,15339,5
E01016131,22053,7
E01016132,28727,9
E01016133,29535,9
E01016134,20587,7
E01016135,13894,5
E01016136,6929,3
E01016137,10507,4
E01016138,26109,8
E01016139,22908,7
E01016140,5230,2
E01016141,9273,3
E01016142,18445,6
E01016143,11726,4
E01016144,23297,7
E01016145,26260,8
E01016147,25354,8
E01016148,26955,8
E01016149,11506,4
E01016150,4618,2
E01016151,17812,6
E01016152,5338,2
E01016153,1850,1
E01016154,7447,3
E01016155,7164,3
E01016156,13871,5
E01016157,16564,5
E01016158,11386,4
E01016159,3722,2
E01016160,4343,2
E01016161,2334,1
E01016162,21637,7
E01016163,13729,5
E01016164,9203,3
E01016165,18402,6
E01016166,19550,6
E01016167,18934,6
E01016168,11227,4
E01016169,26806,8
E01016170,17828,6
E01016171,7225,3
E01016172,25456,8
E01016173,7412,3
E01016174,8283,3
E01016175,25164,8
E01016176,29543,9
E01016177,10404,4
E01016178,13800,5
E01016179,22731,7
E01016180,25852,8
E01016181,30408,10
E01016182,31087,10
E01016183,30432,10
E01016185,27157,9
E01016187,32487,10
E01016188,31068,10
E01016190,25499,8
E01016191,23776,8
E01016192,22568,7
E01016193,26804,8
E01016194,33243,10
E01016195,27639,9
E01016196,32061,10
E01016197,22939,7
E01016198,30721,10
E01016199,32483,10
E01016200,29875,9
E01016201,29185,9
E01016202,29341,9
E01016203,13104,4
E01016204,21377,7
E01016205,22419,7
E01016206,31965,10
E01016207,23797,8
E01016208,32054,10
E01016209,23749,8
E01016210,11149,4
E01016212,18739,6
E01016213,25464,8
E01016214,32607,10
E01016215,12371,4
E01016216,16977,6
E01016217,20668,7
E01016218,16185,5
E01016219,25971,8
E01016220,19988,6
E01016221,20640,7
E01016222,33436,10
E01016223,19075,6
E01016224,18057,6
E01016226,20000,6
E01016227,32258,10
E01016228,31902,10
E01016229,32538,10
E01016230,32581,10
E01016231,19320,6
E01016232,20925,7
E01016233,12029,4
E01016234,29134,9
E01016235,31756,10
E01016236,17456,6
E01016237,30106,9
E01016238,26606,8
E01016239,19705,6
E01016240,17262,6
E01016241,15129,5
E01016242,12560,4
E01016243,32684,10
E01016245,33373,10
E01016246,32996,10
E01016247,31152,10
E01016248,20012,6
E01016250,24429,8
E01016252,24164,8
E01016253,31073,10
E01016254,16282,5
E01016255,23034,7
E01016256,26482,8
E01016257,28733,9
E01016258,27515,9
E01016259,31019,10
E01016260,32624,10
E01016261,33659,10
E01016262,33209,10
E01016263,27502,9
E01016264,21639,7
E01016265,24562,8
E01016266,24364,8
E01016267,32058,10
E01016268,17025,6
E01016269,25824,8
E01016270,30986,10
E01016271,14039,5
E01016272,31115,10
E01016273,10853,4
E01016274,25439,8
E01016275,26070,8
E01016276,25308,8
E01016277,22218,7
E01016279,14529,5
E01016280,15633,5
E01016281,26808,8
E01016282,29863,9
E01016284,31690,10
E01016285,20202,6
E01016286,21737,7
E01016287,17907,6
E01016288,20825,7
E01016289,33118,10
E01016290,30248,9
E01016291,32777,10
E01016292,26478,8
E01016294,31696,10
E01016295,5710,2
E01016296,17783,6
E01016297,14378,5
E01016298,21425,7
E01016299,24353,8
E01016300,16585,5
E01016301,22076,7
E01016302,23325,7
E01016303,19056,6
E01016304,18136,6
E01016305,19926,6
E01016306,13144,4
E01016307,16985,6
E01016308,28057,9
E01016309,23506,7
E01016310,18388,6
E01016311,29882,9
E01016312,21783,7
E01016313,25069,8
E01016314,30021,9
E01016315,28948,9
E01016316,29780,9
E01016317,21654,7
E01016318,30860,10
E01016319,23001,7
E01016320,24984,8
E01016321,19919,6
E01016322,33731,10
E01016323,28891,9
E01016324,21977,7
E01016325,15992,5
E01016326,23422,7
E01016327,23571,7
E01016328,20008,6
E01016329,33068,10
E01016330,26399,8
E01016331,18430,6
E01016332,18959,6
E01016333,32749,10
E01016334,22848,7
E01016335,32358,10
E01016336,7581,3
E01016337,25123,8
E01016338,32290,10
E01016339,24287,8
E01016340,20076,6
E01016341,20901,7
E01016342,28309,9
E01016343,31245,10
E01016344,17940,6
E01016345,28866,9
E01016346,16095,5
E01016348,22088,7
E01016349,32661,10
E01016350,30972,10
E01016353,12706,4
E01016355,21587,7
E01016356,11308,4
E01016357,18649,6
E01016358,8540,3
E01016359,12994,4
E01016360,9315,3
E01016361,11849,4
E01016362,25036,8
E01016363,6519,2
E01016364,30684,10
E01016365,27028,9
E01016366,20572,7
E01016367,17243,6
E01016368,4459,2
E01016369,17990,6
E01016370,27832,9
E01016371,18126,6
E01016372,4553,2
E01016373,7103,3
E01016374,16805,5
E01016375,8074,3
E01016376,13137,4
E01016377,8629,3
E01016379,18793,6
E01016380,29418,9
E01016381,10477,4
E01016382,6848,3
E01016383,20289,7
E01016384,31090,10
E01016385,20819,7
E01016386,33457,10
E01016387,33147,10
E01016388,15803,5
E01016389,5548,2
E01016390,17436,6
E01016391,11064,4
E01016392,16044,5
E01016393,17366,6
E01016394,6184,2
E01016395,16343,5
E01016396,12293,4
E01016397,5169,2
E01016398,13668,5
E01016399,21474,7
E01016400,13781,5
E01016401,20916,7
E01016402,16906,6
E01016403,26857,8
E01016404,11932,4
E01016405,12983,4
E01016406,15086,5
E01016407,30866,10
E01016408,26016,8
E01016409,25435,8
E01016410,29716,9
E01016411,32789,10
E01016412,30116,9
E01016413,29342,9
E01016414,24855,8
E01016415,5353,2
E01016416,19433,6
E01016417,19803,6
E01016418,23578,7
E01016419,18312,6
E01016420,3835,2
E01016421,14100,5
E01016422,10151,4
E01016423,9083,3
E01016424,31764,10
E01016425,33186,10
E01016426,33446,10
E01016427,33116,10
E01016428,30481,10
E01016429,32997,10
E01016430,33378,10
E01016431,27353,9
E01016432,29113,9
E01016433,18501,6
E01016434,15866,5
E01016435,12002,4
E01016436,13874,5
E01016437,12791,4
E01016438,4544,2
E01016439,12887,4
E01016440,8657,3
E01016441,3441,2
E01016443,4660,2
E01016444,8178,3
E01016445,8721,3
E01016446,11840,4
E01016447,10242,4
E01016448,11071,4
E01016449,9360,3
E01016450,6574,2
E01016451,6278,2
E01016452,11099,4
E01016453,13035,4
E01016454,9432,3
E01016455,11389,4
E01016456,6198,2
E01016457,11089,4
E01016458,7597,3
E01016460,16745,5
E01016462,6859,3
E01016463,5030,2
E01016464,4447,2
E01016465,8543,3
E01016467,12214,4
E01016468,21262,7
E01016469,14727,5
E01016470,19026,6
E01016471,19778,6
E01016472,16798,5
E01016473,18668,6
E01016474,9978,3
E01016475,8355,3
E01016476,16087,5
E01016477,15444,5
E01016478,13721,5
E01016479,13989,5
E01016480,6236,2
E01016481,10773,4
E01016482,17492,6
E01016483,6688,2
E01016484,8681,3
E01016485,12351,4
E01016486,10801,4
E01016487,14387,5
E01016488,14061,5
E01016490,7815,3
E01016491,21221,7
E01016492,20073,6
E01016493,23200,7
E01016494,14740,5
E01016495,20979,7
E01016496,11433,4
E01016497,30472,10
E01016498,11348,4
E01016499,9106,3
E01016500,22546,7
E01016501,12147,4
E01016502,19070,6
E01016503,16107,5
E01016504,19165,6
E01016505,14002,5
E01016506,16932,6
E01016507,19751,6
E01016508,25564,8
E01016509,17793,6
E01016510,27881,9
E01016511,5366,2
E01016514,12428,4
E01016515,29631,9
E01016516,12118,4
E01016517,9856,3
E01016518,10682,4
E01016519,14175,5
E01016520,7023,3
E01016521,12580,4
E01016522,33263,10
E01016523,29964,9
E01016524,30578,10
E01016525,32881,10
E01016526,31884,10
E01016527,30410,10
E01016528,28773,9
E01016529,14012,5
E01016530,21349,7
E01016531,27007,9
E01016532,32379,10
E01016533,32652,10
E01016534,33620,10
E01016535,31438,10
E01016536,21386,7
E01016537,25697,8
E01016538,27690,9
E01016539,29457,9
E01016540,27850,9
E01016541,31862,10
E01016542,23261,7
E01016543,26924,8
E01016544,25380,8
E01016545,22393,7
E01016546,30494,10
E01016547,26507,8
E01016548,31952,10
E01016549,25059,8
E01016550,29192,9
E01016551,31083,10
E01016552,28928,9
E01016553,26704,8
E01016554,15923,5
E01016555,10148,4
E01016556,18005,6
E01016557,24588,8
E01016558,21584,7
E01016559,33355,10
E01016560,13830,5
E01016561,31763,10
E01016562,32489,10
E01016563,31834,10
E01016564,19932,6
E01016565,28622,9
E01016566,14538,5
E01016567,27392,9
E01016568,20788,7
E01016569,19945,6
E01016570,33603,10
E01016571,32453,10
E01016572,28513,9
E01016573,14253,5
E01016574,20818,7
E01016575,29606,9
E01016576,24675,8
E01016577,14360,5
E01016578,26352,8
E01016579,18432,6
E01016580,13812,5
E01016581,22013,7
E01016582,25094,8
E01016583,33170,10
E01016584,26013,8
E01016585,30897,10
E01016586,32350,10
E01016587,30236,9
E01016588,18185,6
E01016589,31069,10
E01016591,33282,10
E01016592,30949,10
E01016593,11640,4
E01016594,17611,6
E01016595,27275,9
E01016596,32853,10
E01016597,33383,10
E01016598,33585,10
E01016599,14438,5
E01016600,32305,10
E01016601,30768,10
E01016602,33417,10
E01016603,32648,10
E01016604,32899,10
E01016605,28514,9
E01016606,33406,10
E01016607,33447,10
E01016608,28520,9
E01016609,23729,8
E01016611,26084,8
E01016612,32299,10
E01016613,21885,7
E01016614,29487,9
E01016615,13848,5
E01016616,25911,8
E01016617,30421,10
E01016618,31253,10
E01016619,32446,10
E01016620,30657,10
E01016621,29847,9
E01016622,33439,10
E01016623,31194,10
E01016624,33347,10
E01016625,33497,10
E01016626,24113,8
E01016627,32032,10
E01016628,32356,10
E01016629,33748,10
E01016630,33639,10
E01016631,28703,9
E01016632,33100,10
E01016633,32181,10
E01016634,29675,9
E01016635,33551,10
E01016636,33221,10
E01016637,32024,10
E01016638,31673,10
E01016639,29753,9
E01016640,30516,10
E01016643,33290,10
E01016644,32793,10
E01016645,30820,10
E01016646,32795,10
E01016647,30501,10
E01016648,32184,10
E01016649,32316,10
E01016651,32696,10
E01016652,33345,10
E01016653,32427,10
E01016654,33020,10
E01016655,33667,10
E01016656,25245,8
E01016657,33471,10
E01016658,29183,9
E01016659,30326,9
E01016660,31609,10
E01016661,31536,10
E01016662,8552,3
E01016663,29869,9
E01016664,33674,10
E01016665,32687,10
E01016666,33358,10
E01016668,29810,9
E01016669,30463,10
E01016670,31830,10
E01016671,32822,10
E01016672,32836,10
E01016673,8917,3
E01016674,23646,8
E01016676,33176,10
E01016678,25979,8
E01016679,24714,8
E01016680,18194,6
E01016684,31867,10
E01016685,30675,10
E01016686,30512,10
E01016687,31812,10
E01016688,32245,10
E01016689,33089,10
E01016690,23000,7
E01016691,26372,8
E01016692,32192,10
E01016693,33463,10
E01016694,32059,10
E01016695,33706,10
E01016696,26552,8
E01016699,31829,10
E01016700,32377,10
E01016701,32532,10
E01016702,30385,10
E01016703,31053,10
E01016704,19403,6
E01016705,12890,4
E01016706,32981,10
E01016707,33112,10
E01016708,32382,10
E01016709,33487,10
E01016710,12226,4
E01016711,23402,7
E01016713,21381,7
E01016714,7573,3
E01016715,10786,4
E01016716,12565,4
E01016717,11605,4
E01016718,5495,2
E01016719,17678,6
E01016720,5341,2
E01016721,9825,3
E01016722,21334,7
E01016723,27087,9
E01016724,10281,4
E01016725,8122,3
E01016726,5251,2
E01016727,11342,4
E01016728,19135,6
E01016729,6955,3
E01016731,18489,6
E01016732,17000,6
E01016733,7586,3
E01016734,21819,7
E01016736,28129,9
E01016737,19697,6
E01016738,6887,3
E01016739,21644,7
E01016740,22309,7
E01016741,8269,3
E01016742,1652,1
E01016744,3295,1
E01016745,19171,6
E01016746,10041,3
E01016748,24289,8
E01016750,26884,8
E01016751,22462,7
E01016752,19549,6
E01016753,18664,6
E01016754,15533,5
E01016755,26093,8
E01016756,13335,4
E01016757,21533,7
E01016758,25535,8
E01016759,16645,5
E01016761,24779,8
E01016762,12658,4
E01016763,23380,7
E01016764,20237,6
E01016765,10794,4
E01016766,13860,5
E01016767,29742,9
E01016768,15624,5
E01016769,28656,9
E01016770,20667,7
E01016771,10616,4
E01016772,10681,4
E01016773,25692,8
E01016774,31667,10
E01016775,24740,8
E01016776,31701,10
E01016777,21031,7
E01016778,20001,6
E01016780,21223,7
E01016781,30509,10
E01016783,20402,7
E01016784,13399,4
E01016786,25109,8
E01016787,13976,5
E01016788,28183,9
E01016789,21750,7
E01016790,30279,9
E01016791,26179,8
E01016792,28563,9
E01016793,23946,8
E01016794,24725,8
E01016795,23067,7
E01016796,29206,9
E01016797,25263,8
E01016798,32604,10
E01016799,21064,7
E01016800,22192,7
E01016801,22353,7
E01016802,18963,6
E01016803,18880,6
E01016804,7289,3
E01016805,27954,9
E01016806,4354,2
E01016807,11065,4
E01016808,20659,7
E01016809,13642,5
E01016810,4898,2
E01016811,1254,1
E01016812,17398,6
E01016813,15665,5
E01016815,19422,6
E01016816,26586,8
E01016817,15775,5
E01016818,19638,6
E01016819,4172,2
E01016820,22232,7
E01016821,26692,8
E01016822,8977,3
E01016823,21444,7
E01016824,18131,6
E01016825,17631,6
E01016826,32190,10
E01016827,21250,7
E01016828,30242,9
E01016829,12484,4
E01016830,24753,8
E01016831,19611,6
E01016832,15373,5
E01016833,29727,9
E01016834,7941,3
E01016835,6133,2
E01016836,16677,5
E01016837,12670,4
E01016838,14646,5
E01016839,2310,1
E01016841,12928,4
E01016842,1785,1
E01016843,2171,1
E01016844,1905,1
E01016845,1012,1
E01016846,11425,4
E01016847,4981,2
E01016848,5996,2
E01016849,19492,6
E01016850,13161,4
E01016851,17325,6
E01016852,13015,4
E01016853,19642,6
E01016854,10335,4
E01016855,11559,4
E01016856,15821,5
E01016857,13808,5
E01016858,15181,5
E01016859,20533,7
E01016860,12062,4
E01016861,12333,4
E01016862,22222,7
E01016863,5252,2
E01016864,2356,1
E01016865,188,1
E01016866,621,1
E01016867,2886,1
E01016868,232,1
E01016869,10580,4
E01016870,24091,8
E01016871,16096,5
E01016872,20284,7
E01016873,10002,3
E01016874,23564,7
E01016875,26617,8
E01016876,22824,7
E01016877,17955,6
E01016878,20835,7
E01016879,10384,4
E01016880,2798,1
E01016881,10719,4
E01016882,9819,3
E01016883,28000,9
E01016884,13829,5
E01016885,2570,1
E01016886,20663,7
E01016887,22916,7
E01016888,30559,10
E01016889,22526,7
E01016890,15963,5
E01016891,13146,4
E01016892,19393,6
E01016893,23866,8
E01016894,14503,5
E01016895,3571,2
E01016896,24536,8
E01016897,22405,7
E01016898,15608,5
E01016899,21689,7
E01016900,1072,1
E01016901,28166,9
E01016902,12697,4
E01016903,25040,8
E01016904,4405,2
E01016905,6321,2
E01016906,3871,2
E01016907,9034,3
E01016908,2131,1
E01016909,9134,3
E01016910,3124,1
E01016911,11309,4
E01016912,19749,6
E01016913,22892,7
E01016914,5350,2
E01016915,2093,1
E01016916,19202,6
E01016917,22467,7
E01016918,6088,2
E01016919,9402,3
E01016920,27489,9
E01016921,11067,4
E01016922,11709,4
E01016923,21099,7
E01016924,29511,9
E01016925,15163,5
E01016926,9200,3
E01016927,22028,7
E01016928,23953,8
E01016929,24813,8
E01016930,31382,10
E01016931,30150,9
E01016932,25252,8
E01016933,21109,7
E01016934,30496,10
E01016935,18641,6
E01016936,27767,9
E01016937,12907,4
E01016938,22616,7
E01016939,31178,10
E01016940,28916,9
E01016941,5101,2
E01016942,734,1
E01016943,20351,7
E01016944,10779,4
E01016945,5556,2
E01016946,26601,8
E01016947,1931,1
E01016948,14185,5
E01016949,5642,2
E01016950,22543,7
E01016951,11053,4
E01016952,8689,3
E01016953,18935,6
E01016954,8327,3
E01016955,8912,3
E01016956,24292,8
E01016957,24809,8
E01016958,20957,7
E01016959,29048,9
E01016960,25458,8
E01016961,20198,6
E01016962,27921,9
E01016963,19090,6
E01016964,4803,2
E01016966,14957,5
E01016967,17981,6
E01016968,18616,6
E01016969,4880,2
E01016970,20851,7
E01016971,15509,5
E01016972,23304,7
E01016973,17730,6
E01016974,11365,4
E01016975,8907,3
E01016976,27047,9
E01016977,13573,5
E01016978,6207,2
E01016979,27575,9
E01016980,29897,9
E01016981,30902,10
E01016982,33227,10
E01016983,32598,10
E01016984,33486,10
E01016985,28457,9
E01016986,13113,4
E01016987,23982,8
E01016988,15974,5
E01016989,19130,6
E01016990,19494,6
E01016991,16298,5
E01016992,30310,9
E01016993,5156,2
E01016994,17113,6
E01016995,30182,9
E01016996,21195,7
E01016997,26812,8
E01016998,32286,10
E01016999,29933,9
E01017000,25950,8
E01017001,33137,10
E01017002,27795,9
E01017003,29362,9
E01017004,18640,6
E01017005,29313,9
E01017006,25873,8
E01017007,9205,3
E01017008,25132,8
E01017009,17529,6
E01017010,22867,7
E01017011,4620,2
E01017012,16963,6
E01017013,13077,4
E01017014,18227,6
E01017015,15374,5
E01017016,17047,6
E01017017,26172,8
E01017018,23784,8
E01017019,7073,3
E01017020,11657,4
E01017021,19968,6
E01017022,11260,4
E01017023,22637,7
E01017024,16501,5
E01017025,19670,6
E01017026,19176,6
E01017027,16813,5
E01017028,10107,3
E01017029,18597,6
E01017030,16015,5
E01017031,508,1
E01017032,4310,2
E01017034,7484,3
E01017035,89,1
E01017036,2026,1
E01017037,153,1
E01017038,150,1
E01017039,1802,1
E01017040,85,1
E01017041,21662,7
E01017042,8855,3
E01017043,15183,5
E01017044,13945,5
E01017045,15996,5
E01017046,26043,8
E01017047,23152,7
E01017048,20127,6
E01017049,24682,8
E01017050,21185,7
E01017051,4971,2
E01017052,6105,2
E01017053,3380,2
E01017054,11534,4
E01017055,18123,6
E01017056,29330,9
E01017057,28028,9
E01017058,9468,3
E01017059,26499,8
E01017060,28823,9
E01017061,32220,10
E01017062,33472,10
E01017063,33296,10
E01017064,28717,9
E01017066,21052,7
E01017067,19369,6
E01017068,17973,6
E01017069,24620,8
E01017070,18294,6
E01017071,8975,3
E01017072,23037,7
E01017073,15015,5
E01017074,14498,5
E01017075,6943,3
E01017076,8370,3
E01017077,2446,1
E01017078,11317,4
E01017079,8039,3
E01017080,7968,3
E01017081,13315,4
E01017082,10644,4
E01017083,12821,4
E01017084,19009,6
E01017085,17133,6
E01017086,25648,8
E01017087,12861,4
E01017088,20182,6
E01017089,5700,2
E01017090,13745,5
E01017091,5246,2
E01017092,21297,7
E01017093,8230,3
E01017094,23420,7
E01017095,14200,5
E01017096,18117,6
E01017097,20172,6
E01017098,10428,4
E01017099,12630,4
E01017100,23253,7
E01017101,18081,6
E01017102,1807,1
E01017103,596,1
E01017104,11446,4
E01017105,11024,4
E01017106,5771,2
E01017107,9121,3
E01017108,4814,2
E01017109,5213,2
E01017110,12985,4
E01017111,6022,2
E01017112,2321,1
E01017113,19784,6
E01017114,25974,8
E01017115,4773,2
E01017116,7218,3
E01017117,5855,2
E01017118,2435,1
E01017119,4550,2
E01017120,1679,1
E01017121,12622,4
E01017122,13428,4
E01017123,14770,5
E01017124,12889,4
E01017125,8607,3
E01017126,15273,5
E01017127,14396,5
E01017128,13253,4
E01017129,13159,4
E01017130,319,1
E01017131,15639,5
E01017132,4038,2
E01017133,4034,2
E01017135,13695,5
E01017136,16720,5
E01017137,13435,4
E01017138,18435,6
E01017139,5119,2
E01017144,18317,6
E01017145,25715,8
E01017146,31705,10
E01017147,27066,9
E01017148,30825,10
E01017149,10545,4
E01017150,29077,9
E01017151,14006,5
E01017152,16437,5
E01017153,4421,2
E01017154,2476,1
E01017155,3777,2
E01017156,4410,2
E01017157,12623,4
E01017158,12071,4
E01017159,9231,3
E01017160,12810,4
E01017162,12737,4
E01017163,469,1
E01017164,12439,4
E01017165,5912,2
E01017166,806,1
E01017167,402,1
E01017168,1596,1
E01017169,3299,1
E01017170,5160,2
E01017171,14423,5
E01017172,12518,4
E01017173,17536,6
E01017174,23898,8
E01017175,25520,8
E01017176,19053,6
E01017177,20251,6
E01017178,29437,9
E01017179,10147,4
E01017180,28006,9
E01017181,5589,2
E01017182,6163,2
E01017183,25137,8
E01017184,9263,3
E01017185,11686,4
E01017186,6472,2
E01017187,15801,5
E01017188,5106,2
E01017189,10128,4
E01017190,26840,8
E01017191,8716,3
E01017192,10768,4
E01017193,10651,4
E01017194,12036,4
E01017195,9839,3
E01017196,23592,7
E01017197,21220,7
E01017198,13272,4
E01017199,12676,4
E01017200,20370,7
E01017201,6982,3
E01017202,2099,1
E01017203,14844,5
E01017204,22103,7
E01017205,4613,2
E01017206,12134,4
E01017207,856,1
E01017208,4098,2
E01017209,17971,6
E01017210,1873,1
E01017211,13123,4
E01017212,19507,6
E01017213,14337,5
E01017214,21712,7
E01017215,29281,9
E01017216,7360,3
E01017217,12277,4
E01017218,4729,2
E01017219,5059,2
E01017220,8967,3
E01017221,18508,6
E01017222,20252,6
E01017223,25767,8
E01017224,21576,7
E01017225,11421,4
E01017226,32162,10
E01017227,9079,3
E01017228,8363,3
E01017231,24194,8
E01017232,27628,9
E01017233,9787,3
E01017234,13297,4
E01017235,8164,3
E01017236,3185,1
E01017237,3115,1
E01017238,6568,2
E01017239,7490,3
E01017240,2969,1
E01017241,5698,2
E01017242,13393,4
E01017243,21785,7
E01017244,7448,3
E01017245,1060,1
E01017246,12869,4
E01017247,25968,8
E01017248,31374,10
E01017249,30895,10
E01017250,2610,1
E01017251,10551,4
E01017252,28697,9
E01017253,8988,3
E01017254,15442,5
E01017255,20964,7
E01017256,24500,8
E01017257,9609,3
E01017258,11892,4
E01017259,24898,8
E01017260,13291,4
E01017261,16591,5
E01017262,11125,4
E01017263,10299,4
E01017264,11495,4
E01017265,3521,2
E01017266,8243,3
E01017267,12248,4
E01017270,9699,3
E01017271,19871,6
E01017272,6241,2
E01017273,20269,7
E01017274,2475,1
E01017275,14201,5
E01017276,7734,3
E01017277,11648,4
E01017279,16539,5
E01017280,2626,1
E01017281,123,1
E01017282,10788,4
E01017283,14546,5
E01017284,24155,8
E01017285,19400,6
E01017286,23385,7
E01017287,24376,8
E01017288,15993,5
E01017289,9221,3
E01017290,10109,3
E01017291,14505,5
E01017292,18759,6
E01017293,26199,8
E01017294,19093,6
E01017295,9074,3
E01017296,12120,4
E01017297,9925,3
E01017298,12931,4
E01017299,6036,2
E01017300,17290,6
E01017301,28266,9
E01017302,23907,8
E01017303,21082,7
E01017304,17379,6
E01017305,12471,4
E01017306,10976,4
E01017307,16903,6
E01017308,11839,4
E01017309,11290,4
E01017310,16937,6
E01017311,12323,4
E01017312,8758,3
E01017315,6264,2
E01017316,22372,7
E01017317,14764,5
E01017318,6537,2
E01017319,10237,4
E01017320,21844,7
E01017321,16180,5
E01017322,5204,2
E01017323,19820,6
E01017324,13795,5
E01017325,6903,3
E01017326,4798,2
E01017327,10687,4
E01017328,6668,2
E01017329,23384,7
E01017331,4184,2
E01017332,3477,2
E01017333,16886,6
E01017334,15262,5
E01017335,7444,3
E01017336,3087,1
E01017337,6316,2
E01017338,15964,5
E01017339,10811,4
E01017340,5937,2
E01017341,7859,3
E01017342,7654,3
E01017343,6086,2
E01017344,21372,7
E01017345,1852,1
E01017346,9988,3
E01017347,8306,3
E01017348,9973,3
E01017349,7204,3
E01017350,6512,2
E01017351,18503,6
E01017352,25283,8
E01017353,12046,4
E01017354,10520,4
E01017355,14842,5
E01017356,6204,2
E01017357,7759,3
E01017358,16464,5
E01017359,16423,5
E01017360,6941,3
E01017361,16842,5
E01017362,11252,4
E01017363,2375,1
E01017364,8060,3
E01017365,14071,5
E01017366,5568,2
E01017367,21902,7
E01017368,12312,4
E01017369,14602,5
E01017370,10054,3
E01017371,32826,10
E01017372,28021,9
E01017373,32052,10
E01017374,32206,10
E01017375,26926,8
E01017376,15408,5
E01017377,21445,7
E01017378,14777,5
E01017379,17461,6
E01017380,30409,10
E01017381,28360,9
E01017382,19018,6
E01017383,24189,8
E01017384,12040,4
E01017385,12591,4
E01017386,20165,6
E01017387,23738,8
E01017388,20941,7
E01017391,17217,6
E01017392,31398,10
E01017393,27061,9
E01017394,25978,8
E01017397,26930,8
E01017398,29599,9
E01017399,29983,9
E01017400,6101,2
E01017401,28884,9
E01017402,31102,10
E01017403,27141,9
E01017404,33401,10
E01017405,28835,9
E01017406,30771,10
E01017407,29858,9
E01017408,29391,9
E01017409,28712,9
E01017410,20915,7
E01017412,10952,4
E01017413,26838,8
E01017414,19852,6
E01017415,24655,8
E01017418,11732,4
E01017419,30056,9
E01017420,17746,6
E01017421,26828,8
E01017422,18626,6
E01017423,16201,5
E01017424,13595,5
E01017425,17051,6
E01017426,22035,7
E01017427,16239,5
E01017428,19930,6
E01017429,24908,8
E01017430,9926,3
E01017431,18995,6
E01017432,28610,9
E01017433,4775,2
E01017434,22099,7
E01017435,15928,5
E01017436,30753,10
E01017437,18652,6
E01017438,31177,10
E01017439,31243,10
E01017440,12636,4
E01017441,26452,8
E01017442,26744,8
E01017443,28019,9
E01017444,20731,7
E01017446,17860,6
E01017447,28491,9
E01017449,23238,7
E01017450,23527,7
E01017451,15849,5
E01017452,24187,8
E01017453,9434,3
E01017454,28269,9
E01017455,24360,8
E01017456,31460,10
E01017457,17162,6
E01017458,26853,8
E01017459,28880,9
E01017460,30742,10
E01017462,30186,9
E01017463,29160,9
E01017464,19663,6
E01017465,23501,7
E01017466,3120,1
E01017467,22338,7
E01017468,20542,7
E01017470,28812,9
E01017471,1707,1
E01017472,4366,2
E01017474,3307,1
E01017475,10887,4
E01017476,15095,5
E01017477,2132,1
E01017478,17353,6
E01017479,16930,6
E01017480,22907,7
E01017481,21882,7
E01017482,11326,4
E01017483,28980,9
E01017484,7301,3
E01017485,21663,7
E01017487,13090,4
E01017488,27868,9
E01017489,7869,3
E01017490,4067,2
E01017491,21611,7
E01017492,5808,2
E01017493,13917,5
E01017495,20308,7
E01017496,20559,7
E01017497,10841,4
E01017498,22607,7
E01017499,10448,4
E01017500,6225,2
E01017501,8491,3
E01017502,1362,1
E01017503,11346,4
E01017504,21258,7
E01017505,15627,5
E01017506,9794,3
E01017507,18590,6
E01017508,18707,6
E01017509,6703,2
E01017510,19626,6
E01017511,19366,6
E01017512,8740,3
E01017513,19389,6
E01017514,7188,3
E01017515,9730,3
E01017517,23188,7
E01017518,10216,4
E01017519,5846,2
E01017520,12929,4
E01017521,13220,4
E01017522,7951,3
E01017523,3432,2
E01017524,20066,6
E01017525,12418,4
E01017526,29772,9
E01017527,22998,7
E01017528,28288,9
E01017529,27464,9
E01017530,32390,10
E01017531,7182,3
E01017532,32959,10
E01017533,31698,10
E01017534,31760,10
E01017535,15998,5
E01017536,5141,2
E01017537,4446,2
E01017538,4135,2
E01017539,3413,2
E01017540,19856,6
E01017541,20409,7
E01017542,13332,4
E01017543,15571,5
E01017544,26403,8
E01017545,19764,6
E01017546,20097,6
E01017547,23704,8
E01017549,25430,8
E01017552,15216,5
E01017553,28754,9
E01017554,20043,6
E01017555,10761,4
E01017556,27024,9
E01017557,15512,5
E01017558,27762,9
E01017559,27036,9
E01017560,31538,10
E01017561,15641,5
E01017562,17400,6
E01017563,30369,9
E01017564,16168,5
E01017565,29952,9
E01017566,31720,10
E01017567,14003,5
E01017568,9605,3
E01017569,17676,6
E01017571,13388,4
E01017572,26453,8
E01017573,31014,10
E01017576,28077,9
E01017577,19566,6
E01017578,18785,6
E01017579,11766,4
E01017580,13032,4
E01017581,13972,5
E01017582,28512,9
E01017583,25878,8
E01017584,20463,7
E01017585,29677,9
E01017586,15920,5
E01017587,23640,8
E01017588,18240,6
E01017589,21656,7
E01017590,29879,9
E01017591,28885,9
E01017592,18056,6
E01017593,25180,8
E01017594,4612,2
E01017595,11900,4
E01017596,9777,3
E01017597,14350,5
E01017598,29316,9
E01017600,19470,6
E01017601,8564,3
E01017602,5793,2
E01017603,29578,9
E01017604,30339,9
E01017605,7456,3
E01017606,31470,10
E01017607,32486,10
E01017608,21951,7
E01017609,8849,3
E01017610,32753,10
E01017611,31987,10
E01017612,30799,10
E01017613,31403,10
E01017614,28507,9
E01017616,18672,6
E01017617,22670,7
E01017618,10615,4
E01017619,9387,3
E01017620,24350,8
E01017621,32281,10
E01017622,17254,6
E01017623,22148,7
E01017624,29205,9
E01017625,33399,10
E01017626,31880,10
E01017627,20619,7
E01017628,26496,8
E01017629,29610,9
E01017630,26959,8
E01017631,22571,7
E01017634,18239,6
E01017635,28355,9
E01017636,30587,10
E01017637,27155,9
E01017638,32355,10
E01017639,33541,10
E01017640,32172,10
E01017642,12545,4
E01017643,24298,8
E01017644,29451,9
E01017645,14900,5
E01017646,19970,6
E01017647,33496,10
E01017648,33198,10
E01017649,20374,7
E01017651,26724,8
E01017652,19223,6
E01017653,25052,8
E01017654,9374,3
E01017655,27021,9
E01017657,24447,8
E01017658,23535,7
E01017659,11001,4
E01017660,24229,8
E01017661,13295,4
E01017662,11872,4
E01017663,8671,3
E01017664,31924,10
E01017665,8834,3
E01017666,13278,4
E01017667,14487,5
E01017668,21261,7
E01017669,23663,8
E01017670,25114,8
E01017671,22290,7
E01017672,16442,5
E01017673,21999,7
E01017674,22142,7
E01017675,30988,10
E01017676,30898,10
E01017677,29269,9
E01017678,24884,8
E01017679,26839,8
E01017680,21729,7
E01017681,24921,8
E01017682,31171,10
E01017683,25175,8
E01017684,26671,8
E01017687,21117,7
E01017688,20907,7
E01017689,32840,10
E01017690,27458,9
E01017691,33040,10
E01017692,26457,8
E01017693,23125,7
E01017694,22186,7
E01017695,25019,8
E01017696,27873,9
E01017697,28124,9
E01017698,19173,6
E01017699,13407,4
E01017700,32892,10
E01017701,26038,8
E01017702,24170,8
E01017703,19977,6
E01017704,22461,7
E01017706,12169,4
E01017707,6834,3
E01017708,8438,3
E01017709,7843,3
E01017710,13392,4
E01017711,7536,3
E01017712,8165,3
E01017713,15039,5
E01017714,24885,8
E01017715,21683,7
E01017716,22860,7
E01017717,16294,5
E01017718,23963,8
E01017719,23351,7
E01017720,19665,6
E01017721,19895,6
E01017722,26065,8
E01017723,9946,3
E01017724,8809,3
E01017726,20607,7
E01017727,32600,10
E01017729,31908,10
E01017730,20880,7
E01017731,17465,6
E01017732,27758,9
E01017733,21757,7
E01017734,26048,8
E01017735,25480,8
E01017736,17926,6
E01017737,31686,10
E01017738,21412,7
E01017739,33599,10
E01017740,30371,9
E01017741,27142,9
E01017742,31855,10
E01017743,16838,5
E01017744,25173,8
E01017745,30213,9
E01017746,33197,10
E01017747,23430,7
E01017748,10717,4
E01017749,32582,10
E01017750,23588,7
E01017751,33579,10
E01017752,24937,8
E01017753,26072,8
E01017754,30331,9
E01017755,28248,9
E01017756,33495,10
E01017757,30506,10
E01017758,28930,9
E01017759,25419,8
E01017760,33217,10
E01017761,32252,10
E01017762,32618,10
E01017763,32918,10
E01017764,33450,10
E01017765,32755,10
E01017766,22108,7
E01017767,28986,9
E01017768,29544,9
E01017769,32844,10
E01017770,17392,6
E01017771,31895,10
E01017773,28199,9
E01017774,32266,10
E01017775,25749,8
E01017776,20702,7
E01017777,33582,10
E01017778,28356,9
E01017779,28374,9
E01017780,29476,9
E01017781,9695,3
E01017782,33605,10
E01017783,26703,8
E01017784,31496,10
E01017785,30169,9
E01017786,30912,10
E01017787,32075,10
E01017788,14995,5
E01017789,15946,5
E01017790,7607,3
E01017791,20031,6
E01017792,15687,5
E01017793,20884,7
E01017794,32772,10
E01017795,16116,5
E01017796,26660,8
E01017797,33724,10
E01017798,33670,10
E01017799,32646,10
E01017800,18565,6
E01017801,33090,10
E01017802,22790,7
E01017803,25723,8
E01017804,24497,8
E01017805,15726,5
E01017806,33174,10
E01017807,30404,10
E01017808,21740,7
E01017809,20205,6
E01017810,14819,5
E01017811,24636,8
E01017812,16848,5
E01017813,26824,8
E01017814,25849,8
E01017815,32160,10
E01017816,29200,9
E01017817,25087,8
E01017818,25902,8
E01017819,33636,10
E01017820,32071,10
E01017821,25362,8
E01017822,32746,10
E01017823,17220,6
E01017824,23017,7
E01017825,27513,9
E01017826,15979,5
E01017827,15554,5
E01017828,15763,5
E01017829,29505,9
E01017830,23389,7
E01017831,30822,10
E01017832,25839,8
E01017833,27112,9
E01017834,21056,7
E01017835,14580,5
E01017836,19585,6
E01017837,10558,4
E01017838,19042,6
E01017839,17424,6
E01017840,25349,8
E01017841,26488,8
E01017843,27377,9
E01017844,15312,5
E01017845,10564,4
E01017846,18173,6
E01017847,30954,10
E01017848,33360,10
E01017849,30120,9
E01017850,9162,3
E01017851,15528,5
E01017852,15721,5
E01017853,19960,6
E01017854,19109,6
E01017855,23048,7
E01017856,10706,4
E01017857,7084,3
E01017858,17306,6
E01017859,26067,8
E01017860,14754,5
E01017861,30700,10
E01017862,26023,8
E01017863,31532,10
E01017864,33340,10
E01017865,33143,10
E01017866,29239,9
E01017867,12441,4
E01017868,30541,10
E01017869,29593,9
E01017870,29565,9
E01017871,29558,9
E01017872,31395,10
E01017873,29975,9
E01017874,30390,10
E01017875,29286,9
E01017876,33364,10
E01017877,28210,9
E01017878,18690,6
E01017880,32765,10
E01017881,30417,10
E01017882,30731,10
E01017883,31755,10
E01017884,29688,9
E01017885,24591,8
E01017886,21532,7
E01017887,30681,10
E01017888,24949,8
E01017889,22935,7
E01017890,33729,10
E01017891,33510,10
E01017892,33727,10
E01017893,20903,7
E01017894,33276,10
E01017895,29063,9
E01017896,32952,10
E01017897,30125,9
E01017898,17065,6
E01017899,13534,5
E01017900,14429,5
E01017901,9627,3
E01017902,8344,3
E01017903,8040,3
E01017904,9377,3
E01017905,4416,2
E01017906,4800,2
E01017907,15231,5
E01017910,22150,7
E01017911,15500,5
E01017912,21328,7
E01017913,9616,3
E01017914,22565,7
E01017915,12313,4
E01017916,23024,7
E01017917,21672,7
E01017918,17647,6
E01017919,19100,6
E01017920,26673,8
E01017921,23862,8
E01017922,21208,7
E01017923,13520,5
E01017924,31779,10
E01017925,16911,6
E01017926,8365,3
E01017927,24323,8
E01017928,17626,6
E01017929,14088,5
E01017930,32818,10
E01017931,20064,6
E01017932,31475,10
E01017933,24456,8
E01017934,15249,5
E01017935,25307,8
E01017936,31200,10
E01017937,32917,10
E01017938,33578,10
E01017939,26368,8
E01017940,25641,8
E01017941,21556,7
E01017942,33218,10
E01017943,25990,8
E01017944,11052,4
E01017945,20873,7
E01017946,9259,3
E01017947,15146,5
E01017948,4570,2
E01017949,19315,6
E01017950,26869,8
E01017951,18902,6
E01017952,12394,4
E01017953,16007,5
E01017954,17965,6
E01017955,33451,10
E01017959,31853,10
E01017960,14975,5
E01017961,17495,6
E01017962,23154,7
E01017963,21086,7
E01017964,33145,10
E01017965,24258,8
E01017967,17674,6
E01017968,30584,10
E01017969,27083,9
E01017971,11275,4
E01017972,17937,6
E01017973,12605,4
E01017974,14244,5
E01017975,12892,4
E01017976,22833,7
E01017977,8336,3
E01017978,8331,3
E01017979,7760,3
E01017980,24335,8
E01017983,28606,9
E01017985,30036,9
E01017987,25915,8
E01017988,24662,8
E01017989,24180,8
E01017990,26127,8
E01017991,17880,6
E01017992,25477,8
E01017994,22640,7
E01017995,33626,10
E01017996,31632,10
E01017997,23305,7
E01017998,28045,9
E01017999,19323,6
E01018000,27441,9
E01018001,29604,9
E01018005,19027,6
E01018006,29577,9
E01018007,32167,10
E01018008,27818,9
E01018009,15058,5
E01018010,30632,10
E01018011,24674,8
E01018012,26612,8
E01018013,29973,9
E01018014,28632,9
E01018015,30764,10
E01018016,17185,6
E01018017,17466,6
E01018019,33059,10
E01018020,21200,7
E01018021,21294,7
E01018022,19515,6
E01018023,21038,7
E01018024,18026,6
E01018025,22271,7
E01018026,29640,9
E01018027,32038,10
E01018032,30855,10
E01018033,19825,6
E01018034,25005,8
E01018035,16982,6
E01018036,15808,5
E01018037,23812,8
E01018038,24051,8
E01018039,21375,7
E01018040,27984,9
E01018041,13953,5
E01018042,14597,5
E01018043,22250,7
E01018044,16048,5
E01018045,19401,6
E01018047,19010,6
E01018049,21899,7
E01018050,19629,6
E01018051,20951,7
E01018052,14650,5
E01018053,11432,4
E01018054,20406,7
E01018055,27784,9
E01018056,15224,5
E01018057,21192,7
E01018058,20447,7
E01018059,16062,5
E01018060,11888,4
E01018061,14544,5
E01018062,14539,5
E01018063,5588,2
E01018064,20555,7
E01018065,19612,6
E01018066,7743,3
E01018067,13784,5
E01018068,5751,2
E01018069,17231,6
E01018070,5756,2
E01018071,7001,3
E01018072,11750,4
E01018073,9037,3
E01018074,19359,6
E01018075,5592,2
E01018076,12785,4
E01018077,9566,3
E01018078,2664,1
E01018079,12044,4
E01018080,13662,5
E01018081,11029,4
E01018082,16142,5
E01018083,10804,4
E01018084,14579,5
E01018085,21204,7
E01018086,7240,3
E01018087,10584,4
E01018088,17682,6
E01018090,8012,3
E01018091,7711,3
E01018092,7236,3
E01018093,8731,3
E01018094,8533,3
E01018095,9869,3
E01018096,15248,5
E01018097,7078,3
E01018098,20473,7
E01018099,18986,6
E01018100,13094,4
E01018101,15332,5
E01018103,2120,1
E01018104,11745,4
E01018105,14734,5
E01018106,18998,6
E01018107,2086,1
E01018108,3318,1
E01018109,8501,3
E01018110,21248,7
E01018111,16253,5
E01018113,27673,9
E01018115,22718,7
E01018116,22719,7
E01018117,21685,7
E01018118,27109,9
E01018119,25854,8
E01018120,23693,8
E01018121,29471,9
E01018122,26154,8
E01018123,25702,8
E01018124,26224,8
E01018125,22093,7
E01018126,22847,7
E01018127,22458,7
E01018128,18777,6
E01018129,24595,8
E01018130,28178,9
E01018131,16619,5
E01018133,27679,9
E01018134,30099,9
E01018136,24487,8
E01018137,25235,8
E01018138,18372,6
E01018139,17360,6
E01018140,25468,8
E01018141,33063,10
E01018142,19454,6
E01018143,11226,4
E01018144,8316,3
E01018145,10162,4
E01018146,13865,5
E01018147,12651,4
E01018148,28665,9
E01018149,33377,10
E01018150,21707,7
E01018152,25148,8
E01018153,24128,8
E01018154,27280,9
E01018155,31408,10
E01018156,25636,8
E01018157,15174,5
E01018158,13373,4
E01018159,23690,8
E01018160,9258,3
E01018161,30610,10
E01018162,30580,10
E01018163,20049,6
E01018164,28588,9
E01018165,25490,8
E01018166,24506,8
E01018167,32348,10
E01018168,20741,7
E01018169,20608,7
E01018170,26417,8
E01018171,29040,9
E01018172,30384,10
E01018173,31269,10
E01018174,29472,9
E01018175,33144,10
E01018176,33441,10
E01018177,29629,9
E01018178,29446,9
E01018179,14220,5
E01018180,8326,3
E01018182,22384,7
E01018183,14401,5
E01018184,12129,4
E01018185,20142,6
E01018186,21107,7
E01018187,15795,5
E01018188,24736,8
E01018189,33662,10
E01018190,18768,6
E01018191,29152,9
E01018192,19096,6
E01018193,30499,10
E01018194,25364,8
E01018195,16206,5
E01018196,22195,7
E01018197,20139,6
E01018198,28420,9
E01018199,23565,7
E01018200,25745,8
E01018201,23872,8
E01018202,31516,10
E01018203,27299,9
E01018204,27457,9
E01018205,28811,9
E01018206,26722,8
E01018207,19204,6
E01018208,17440,6
E01018209,24518,8
E01018210,18725,6
E01018211,26471,8
E01018212,15901,5
E01018213,18137,6
E01018214,13935,5
E01018215,23049,7
E01018216,29695,9
E01018217,23669,8
E01018218,24673,8
E01018219,21519,7
E01018220,22217,7
E01018221,28440,9
E01018222,31655,10
E01018223,25638,8
E01018224,27071,9
E01018225,22120,7
E01018226,12870,4
E01018227,17847,6
E01018228,23018,7
E01018231,28941,9
E01018232,28770,9
E01018233,18607,6
E01018234,29974,9
E01018235,29043,9
E01018236,18053,6
E01018237,25298,8
E01018238,22947,7
E01018239,29315,9
E01018240,28710,9
E01018241,25939,8
E01018242,25933,8
E01018243,24893,8
E01018244,31491,10
E01018245,26178,8
E01018246,17875,6
E01018247,18840,6
E01018248,33300,10
E01018251,30797,10
E01018252,30073,9
E01018253,31939,10
E01018254,28415,9
E01018255,25103,8
E01018256,26339,8
E01018257,24035,8
E01018258,32830,10
E01018259,31808,10
E01018260,32754,10
E01018262,31307,10
E01018263,29091,9
E01018264,18575,6
E01018265,31785,10
E01018267,32147,10
E01018268,24460,8
E01018269,16989,6
E01018270,26412,8
E01018271,18293,6
E01018272,33168,10
E01018273,14985,5
E01018274,29767,9
E01018275,23102,7
E01018276,18804,6
E01018277,24542,8
E01018278,27626,9
E01018279,24026,8
E01018280,25943,8
E01018281,16546,5
E01018282,31444,10
E01018283,32519,10
E01018284,30329,9
E01018285,29277,9
E01018286,21512,7
E01018287,32701,10
E01018288,26206,8
E01018289,26750,8
E01018290,20828,7
E01018291,26470,8
E01018292,33095,10
E01018293,33397,10
E01018294,23897,8
E01018295,32758,10
E01018296,21752,7
E01018297,23796,8
E01018298,24483,8
E01018299,22348,7
E01018300,18336,6
E01018301,26431,8
E01018302,25168,8
E01018303,28393,9
E01018304,16851,5
E01018305,30756,10
E01018306,31974,10
E01018307,29005,9
E01018308,15891,5
E01018309,10856,4
E01018310,2927,1
E01018311,1533,1
E01018312,6465,2
E01018313,14730,5
E01018314,2866,1
E01018315,14168,5
E01018316,2166,1
E01018317,1418,1
E01018319,14404,5
E01018320,32613,10
E01018321,30748,10
E01018322,33269,10
E01018323,24602,8
E01018324,28486,9
E01018325,31589,10
E01018328,24941,8
E01018330,26256,8
E01018331,21255,7
E01018332,23563,7
E01018333,32539,10
E01018334,31984,10
E01018335,21037,7
E01018336,19004,6
E01018337,9727,3
E01018338,16359,5
E01018339,27128,9
E01018340,23673,8
E01018341,30759,10
E01018342,24764,8
E01018343,13596,5
E01018344,25675,8
E01018345,27357,9
E01018346,32036,10
E01018347,8523,3
E01018349,26454,8
E01018350,30483,10
E01018351,267,1
E01018352,20730,7
E01018353,28572,9
E01018354,9305,3
E01018355,15445,5
E01018356,18644,6
E01018357,23968,8
E01018358,25693,8
E01018359,29455,9
E01018360,26863,8
E01018361,24221,8
E01018362,31766,10
E01018363,30926,10
E01018364,4749,2
E01018365,29795,9
E01018366,29611,9
E01018367,16351,5
E01018368,25472,8
E01018369,17987,6
E01018370,31342,10
E01018371,21725,7
E01018372,22910,7
E01018373,18516,6
E01018374,27849,9
E01018375,27567,9
E01018376,30711,10
E01018377,31525,10
E01018378,7866,3
E01018379,25206,8
E01018380,21500,7
E01018381,24001,8
E01018382,22264,7
E01018383,32376,10
E01018384,31960,10
E01018385,29262,9
E01018386,29032,9
E01018387,33565,10
E01018388,3826,2
E01018389,29950,9
E01018390,30133,9
E01018391,23477,7
E01018392,33042,10
E01018395,23560,7
E01018396,11413,4
E01018397,31654,10
E01018398,7372,3
E01018399,19544,6
E01018400,4650,2
E01018401,9001,3
E01018402,9541,3
E01018403,28214,9
E01018404,32425,10
E01018405,31360,10
E01018406,32114,10
E01018407,33346,10
E01018408,31784,10
E01018409,24609,8
E01018410,30597,10
E01018411,31372,10
E01018412,21976,7
E01018413,33066,10
E01018414,31988,10
E01018415,23572,7
E01018416,30022,9
E01018417,26280,8
E01018418,15621,5
E01018419,24612,8
E01018420,29699,9
E01018421,17288,6
E01018422,18434,6
E01018423,5326,2
E01018424,23810,8
E01018425,21430,7
E01018426,16304,5
E01018427,30806,10
E01018428,18642,6
E01018429,17775,6
E01018430,22810,7
E01018431,26582,8
E01018432,22780,7
E01018433,22185,7
E01018434,29635,9
E01018435,7840,3
E01018436,31016,10
E01018437,14333,5
E01018438,32565,10
E01018439,33216,10
E01018440,25514,8
E01018441,30148,9
E01018443,27629,9
E01018445,4788,2
E01018446,14991,5
E01018447,5873,2
E01018448,20330,7
E01018449,22045,7
E01018450,20338,7
E01018451,10183,4
E01018452,11936,4
E01018454,9071,3
E01018455,26960,8
E01018456,33171,10
E01018457,24441,8
E01018458,21647,7
E01018459,3484,2
E01018460,14310,5
E01018461,7526,3
E01018462,1853,1
E01018463,3965,2
E01018464,6322,2
E01018466,1660,1
E01018468,31600,10
E01018469,22902,7
E01018470,28447,9
E01018471,32108,10
E01018472,19088,6
E01018473,24617,8
E01018474,30226,9
E01018475,31217,10
E01018476,2884,1
E01018477,10175,4
E01018478,8830,3
E01018479,17948,6
E01018481,14793,5
E01018482,7921,3
E01018483,12674,4
E01018484,7439,3
E01018485,3550,2
E01018486,2010,1
E01018487,4047,2
E01018488,22193,7
E01018489,8293,3
E01018490,31003,10
E01018491,29647,9
E01018492,31351,10
E01018493,20684,7
E01018494,27908,9
E01018495,25890,8
E01018496,14142,5
E01018497,4938,2
E01018498,4125,2
E01018499,22722,7
E01018500,28830,9
E01018501,11198,4
E01018502,30782,10
E01018503,33169,10
E01018504,15298,5
E01018505,31998,10
E01018506,33418,10
E01018507,30769,10
E01018508,30458,10
E01018509,21001,7
E01018510,27314,9
E01018511,7334,3
E01018512,11744,4
E01018513,29698,9
E01018514,15717,5
E01018515,25646,8
E01018516,28470,9
E01018518,28827,9
E01018519,3264,1
E01018520,5173,2
E01018521,3149,1
E01018522,4168,2
E01018523,4084,2
E01018524,1223,1
E01018525,6308,2
E01018526,28751,9
E01018527,27174,9
E01018528,28612,9
E01018529,28010,9
E01018530,30899,10
E01018531,28390,9
E01018532,17095,6
E01018533,33120,10
E01018534,8802,3
E01018535,15164,5
E01018536,30110,9
E01018537,31729,10
E01018538,5747,2
E01018539,6620,2
E01018540,20689,7
E01018541,11569,4
E01018542,2488,1
E01018543,11505,4
E01018544,31285,10
E01018545,28133,9
E01018546,7408,3
E01018547,18091,6
E01018548,9591,3
E01018549,16690,5
E01018550,1801,1
E01018551,3055,1
E01018552,10079,3
E01018553,5441,2
E01018554,32048,10
E01018555,29414,9
E01018556,24101,8
E01018557,5854,2
E01018558,27255,9
E01018559,32236,10
E01018560,31422,10
E01018561,32885,10
E01018562,30306,9
E01018565,27776,9
E01018566,26975,8
E01018567,26888,8
E01018568,32665,10
E01018569,32342,10
E01018570,24359,8
E01018571,21379,7
E01018572,32229,10
E01018573,32862,10
E01018574,23938,8
E01018575,31044,10
E01018576,27381,9
E01018577,25332,8
E01018578,31051,10
E01018579,13365,4
E01018580,28188,9
E01018581,30378,9
E01018582,29697,9
E01018583,33149,10
E01018584,33631,10
E01018585,23947,8
E01018586,25842,8
E01018587,31039,10
E01018588,32815,10
E01018589,33714,10
E01018590,32977,10
E01018591,26718,8
E01018592,26468,8
E01018593,29614,9
E01018594,8726,3
E01018595,19183,6
E01018596,4936,2
E01018598,23713,8
E01018599,29857,9
E01018600,33536,10
E01018601,28854,9
E01018602,31113,10
E01018603,33746,10
E01018604,27417,9
E01018605,33366,10
E01018606,21198,7
E01018607,33571,10
E01018608,33693,10
E01018609,25909,8
E01018610,19364,6
E01018611,5186,2
E01018612,21432,7
E01018613,15822,5
E01018614,33376,10
E01018615,24975,8
E01018616,31526,10
E01018617,20240,6
E01018618,9294,3
E01018619,32513,10
E01018620,13208,4
E01018621,31891,10
E01018622,10377,4
E01018623,25992,8
E01018624,8675,3
E01018625,17426,6
E01018627,10914,4
E01018628,31510,10
E01018629,10253,4
E01018630,14454,5
E01018631,7881,3
E01018632,31674,10
E01018633,32457,10
E01018634,29989,9
E01018635,17896,6
E01018636,29913,9
E01018637,9092,3
E01018638,10517,4
E01018639,13135,4
E01018640,3203,1
E01018641,32591,10
E01018642,33341,10
E01018643,33012,10
E01018644,30411,10
E01018645,5050,2
E01018646,8398,3
E01018647,13303,4
E01018648,16261,5
E01018649,21836,7
E01018650,26713,8
E01018651,14499,5
E01018652,33516,10
E01018653,33279,10
E01018654,18873,6
E01018655,30351,9
E01018657,12526,4
E01018658,33259,10
E01018659,33671,10
E01018661,29813,9
E01018662,32503,10
E01018663,32543,10
E01018664,33563,10
E01018665,28763,9
E01018666,32574,10
E01018667,28414,9
E01018668,29107,9
E01018669,26169,8
E01018670,23130,7
E01018671,30996,10
E01018672,8484,3
E01018673,17719,6
E01018674,15664,5
E01018675,26657,8
E01018676,30846,10
E01018677,23167,7
E01018678,32864,10
E01018679,19242,6
E01018680,28049,9
E01018681,23448,7
E01018682,17554,6
E01018683,32752,10
E01018684,26265,8
E01018685,3224,1
E01018686,23948,8
E01018687,33294,10
E01018688,27484,9
E01018689,19552,6
E01018690,31630,10
E01018691,29715,9
E01018692,29981,9
E01018693,32171,10
E01018694,31396,10
E01018695,28936,9
E01018696,27710,9
E01018697,25367,8
E01018698,27722,9
E01018699,24974,8
E01018700,33337,10
E01018701,4940,2
E01018702,30598,10
E01018703,27117,9
E01018704,15165,5
E01018705,28345,9
E01018706,16498,5
E01018707,20569,7
E01018708,21896,7
E01018709,11491,4
E01018710,6835,3
E01018711,25289,8
E01018712,11331,4
E01018714,3851,2
E01018715,9188,3
E01018716,4742,2
E01018717,12156,4
E01018718,23299,7
E01018719,17594,6
E01018720,11430,4
E01018721,20972,7
E01018722,20836,7
E01018723,29287,9
E01018724,31901,10
E01018725,18047,6
E01018726,11629,4
E01018727,29294,9
E01018728,16390,5
E01018729,9783,3
E01018730,7530,3
E01018731,12797,4
E01018732,9059,3
E01018733,12966,4
E01018734,7005,3
E01018735,19245,6
E01018736,17723,6
E01018737,23197,7
E01018738,833,1
E01018739,2840,1
E01018740,692,1
E01018741,21024,7
E01018742,20795,7
E01018743,22636,7
E01018744,11485,4
E01018745,2687,1
E01018746,5274,2
E01018747,8305,3
E01018748,641,1
E01018749,13249,4
E01018750,20897,7
E01018751,4993,2
E01018752,16845,5
E01018753,15202,5
E01018754,10016,3
E01018755,18024,6
E01018756,9621,3
E01018757,16325,5
E01018759,10823,4
E01018760,11238,4
E01018761,6134,2
E01018762,11508,4
E01018763,15143,5
E01018764,21106,7
E01018765,11890,4
E01018766,7307,3
E01018767,2759,1
E01018768,15879,5
E01018770,5313,2
E01018771,4623,2
E01018772,18599,6
E01018773,13280,4
E01018774,9140,3
E01018777,12122,4
E01018778,11371,4
E01018779,11596,4
E01018780,10037,3
E01018781,12768,4
E01018782,11028,4
E01018783,12784,4
E01018784,11834,4
E01018785,12265,4
E01018786,21825,7
E01018787,24853,8
E01018788,9875,3
E01018789,21482,7
E01018790,10621,4
E01018791,15114,5
E01018792,23133,7
E01018793,14416,5
E01018794,18732,6
E01018795,27075,9
E01018796,27526,9
E01018797,5935,2
E01018798,20038,6
E01018799,8158,3
E01018800,22073,7
E01018803,29900,9
E01018804,20814,7
E01018805,30268,9
E01018806,25789,8
E01018807,23082,7
E01018808,21427,7
E01018810,21890,7
E01018811,30060,9
E01018812,18147,6
E01018813,24076,8
E01018814,26132,8
E01018815,11233,4
E01018816,23989,8
E01018817,23490,7
E01018818,21735,7
E01018819,17798,6
E01018820,11417,4
E01018821,19748,6
E01018822,25347,8
E01018823,26670,8
E01018824,21595,7
E01018825,13984,5
E01018826,15460,5
E01018827,22018,7
E01018828,13827,5
E01018829,11520,4
E01018830,23224,7
E01018831,13730,5
E01018832,19254,6
E01018833,14288,5
E01018834,20966,7
E01018835,20535,7
E01018836,7591,3
E01018837,20947,7
E01018838,9888,3
E01018839,22362,7
E01018840,19110,6
E01018841,4651,2
E01018842,16183,5
E01018843,17752,6
E01018844,10743,4
E01018845,18290,6
E01018846,15337,5
E01018847,13959,5
E01018848,25816,8
E01018849,15372,5
E01018850,11396,4
E01018851,14439,5
E01018853,17099,6
E01018854,8808,3
E01018856,11374,4
E01018857,9635,3
E01018858,21668,7
E01018859,29189,9
E01018860,5842,2
E01018861,10957,4
E01018862,16706,5
E01018863,13625,5
E01018864,15785,5
E01018865,9495,3
E01018866,15307,5
E01018868,7021,3
E01018869,8406,3
E01018870,1352,1
E01018871,17542,6
E01018872,11345,4
E01018873,10459,4
E01018874,16309,5
E01018875,2439,1
E01018876,13844,5
E01018877,15631,5
E01018878,3269,1
E01018879,20738,7
E01018880,12561,4
E01018881,9820,3
E01018882,28408,9
E01018883,23682,8
E01018884,27646,9
E01018885,14715,5
E01018886,23655,8
E01018887,11519,4
E01018888,10343,4
E01018889,22031,7
E01018890,14198,5
E01018891,11063,4
E01018892,14993,5
E01018893,6803,3
E01018894,9164,3
E01018895,11926,4
E01018896,15274,5
E01018897,8568,3
E01018898,3922,2
E01018899,24829,8
E01018900,21481,7
E01018901,18455,6
E01018902,9590,3
E01018903,12938,4
E01018904,13143,4
E01018905,11490,4
E01018906,12963,4
E01018907,8007,3
E01018908,12085,4
E01018909,17258,6
E01018910,2919,1
E01018911,6589,2
E01018912,19809,6
E01018913,11486,4
E01018914,16521,5
E01018915,22368,7
E01018916,8663,3
E01018917,19782,6
E01018918,9399,3
E01018919,12577,4
E01018920,8867,3
E01018921,13974,5
E01018922,12095,4
E01018923,13711,5
E01018924,15867,5
E01018925,9902,3
E01018926,11598,4
E01018927,9084,3
E01018928,4321,2
E01018929,13500,4
E01018930,1591,1
E01018931,18019,6
E01018932,9143,3
E01018933,4059,2
E01018934,23951,8
E01018935,17273,6
E01018936,15520,5
E01018937,8210,3
E01018938,12753,4
E01018940,14099,5
E01018941,8562,3
E01018942,11941,4
E01018943,9891,3
E01018944,10970,4
E01018945,12058,4
E01018946,15396,5
E01018948,11673,4
E01018949,3819,2
E01018950,9033,3
E01018951,11905,4
E01018952,13264,4
E01018953,10514,4
E01018954,16970,6
E01018955,15150,5
E01018956,16589,5
E01018957,16742,5
E01018958,9174,3
E01018959,20275,7
E01018960,13941,5
E01018961,13826,5
E01018962,10901,4
E01018965,10847,4
E01018966,15246,5
E01018967,14890,5
E01018968,10895,4
E01018969,10884,4
E01018970,23566,7
E01018971,23027,7
E01018972,10029,3
E01018973,20092,6
E01018974,10181,4
E01018975,14519,5
E01018976,16639,5
E01018977,6571,2
E01018978,11093,4
E01018979,14277,5
E01018980,14229,5
E01018981,20479,7
E01018982,14015,5
E01018983,25822,8
E01018985,20708,7
E01018986,19800,6
E01018987,13359,4
E01018988,11975,4
E01018989,9945,3
E01018990,8475,3
E01018991,6979,3
E01018992,13389,4
E01018993,9235,3
E01018994,13423,4
E01018995,2727,1
E01018996,7666,3
E01018997,1146,1
E01018998,10028,3
E01018999,4315,2
E01019000,15149,5
E01019001,7918,3
E01019002,11835,4
E01019003,21161,7
E01019004,4362,2
E01019005,9824,3
E01019006,11782,4
E01019007,12631,4
E01019008,6446,2
E01019009,7172,3
E01019010,22545,7
E01019011,23324,7
E01019012,12092,4
E01019013,12974,4
E01019014,21612,7
E01019015,25662,8
E01019016,22364,7
E01019018,27910,9
E01019019,20769,7
E01019020,6267,2
E01019021,23970,8
E01019022,9694,3
E01019023,19269,6
E01019024,13510,5
E01019025,19754,6
E01019026,16254,5
E01019027,17856,6
E01019028,12924,4
E01019029,6137,2
E01019030,24508,8
E01019031,20666,7
E01019032,15411,5
E01019033,3609,2
E01019034,7048,3
E01019035,20904,7
E01019036,9491,3
E01019037,12458,4
E01019038,11901,4
E01019039,15524,5
E01019040,13892,5
E01019041,3340,1
E01019042,12146,4
E01019043,15634,5
E01019044,22782,7
E01019045,19371,6
E01019046,5549,2
E01019047,7781,3
E01019048,22197,7
E01019050,15094,5
E01019051,10676,4
E01019052,9111,3
E01019053,6661,2
E01019054,8285,3
E01019055,2999,1
E01019056,2116,1
E01019057,14203,5
E01019058,20418,7
E01019059,11122,4
E01019060,15982,5
E01019061,15578,5
E01019062,6976,3
E01019063,10254,4
E01019064,10533,4
E01019065,12172,4
E01019066,17615,6
E01019067,18467,6
E01019068,19780,6
E01019069,7732,3
E01019070,7272,3
E01019071,10577,4
E01019072,6845,3
E01019073,13621,5
E01019074,4501,2
E01019075,11036,4
E01019076,4891,2
E01019077,21832,7
E01019078,32571,10
E01019079,29555,9
E01019080,14060,5
E01019081,5825,2
E01019082,13743,5
E01019083,15357,5
E01019084,16953,6
E01019085,27869,9
E01019086,23551,7
E01019087,32741,10
E01019088,18712,6
E01019089,9706,3
E01019090,15609,5
E01019091,20399,7
E01019092,22579,7
E01019093,18105,6
E01019094,16457,5
E01019095,1628,1
E01019096,19622,6
E01019097,790,1
E01019098,7722,3
E01019099,7742,3
E01019100,22112,7
E01019101,27627,9
E01019102,7168,3
E01019104,19924,6
E01019106,27756,9
E01019107,14188,5
E01019108,3251,1
E01019109,4539,2
E01019110,2209,1
E01019111,4715,2
E01019112,1511,1
E01019113,452,1
E01019114,11458,4
E01019115,4085,2
E01019116,3680,2
E01019117,23842,8
E01019118,9161,3
E01019119,30028,9
E01019120,9445,3
E01019121,1907,1
E01019122,2147,1
E01019123,13093,4
E01019124,29982,9
E01019125,19590,6
E01019126,9110,3
E01019127,15625,5
E01019128,11042,4
E01019129,28987,9
E01019130,22117,7
E01019131,15427,5
E01019132,16071,5
E01019133,16259,5
E01019134,17377,6
E01019135,6155,2
E01019136,22307,7
E01019137,6070,2
E01019138,5984,2
E01019139,360,1
E01019141,1248,1
E01019142,1474,1
E01019143,489,1
E01019144,15351,5
E01019145,19777,6
E01019146,21821,7
E01019147,13125,4
E01019148,26807,8
E01019149,19414,6
E01019150,10636,4
E01019151,15768,5
E01019152,24879,8
E01019153,29443,9
E01019154,29055,9
E01019155,26796,8
E01019156,745,1
E01019157,1857,1
E01019158,1231,1
E01019159,9569,3
E01019160,4725,2
E01019161,16374,5
E01019162,30867,10
E01019163,29238,9
E01019164,1125,1
E01019165,5075,2
E01019166,5874,2
E01019167,15290,5
E01019168,15661,5
E01019169,25128,8
E01019170,18318,6
E01019171,6879,3
E01019172,4954,2
E01019173,5628,2
E01019175,9202,3
E01019176,31605,10
E01019177,7446,3
E01019178,20292,7
E01019179,30136,9
E01019180,19450,6
E01019182,16204,5
E01019184,12328,4
E01019185,25782,8
E01019186,14473,5
E01019187,10176,4
E01019188,13565,5
E01019189,12845,4
E01019190,30762,10
E01019191,27847,9
E01019192,30277,9
E01019193,3082,1
E01019194,8845,3
E01019195,27807,9
E01019196,17210,6
E01019197,2399,1
E01019198,6875,3
E01019199,3590,2
E01019200,19486,6
E01019201,10019,3
E01019202,11481,4
E01019203,22515,7
E01019204,7691,3
E01019205,8273,3
E01019206,4552,2
E01019207,3408,2
E01019208,7034,3
E01019209,6551,2
E01019210,6494,2
E01019211,5532,2
E01019212,23981,8
E01019215,8175,3
E01019216,9725,3
E01019217,12406,4
E01019218,10716,4
E01019219,22893,7
E01019220,17617,6
E01019221,9726,3
E01019222,8360,3
E01019223,23515,7
E01019224,23135,7
E01019225,12997,4
E01019226,12445,4
E01019227,3462,2
E01019228,12355,4
E01019229,12101,4
E01019230,5007,2
E01019231,3496,2
E01019232,14312,5
E01019233,15480,5
E01019234,2431,1
E01019235,16713,5
E01019236,6634,2
E01019237,15698,5
E01019238,29299,9
E01019239,17691,6
E01019240,24892,8
E01019241,29993,9
E01019242,20245,6
E01019243,30586,10
E01019244,30733,10
E01019245,1148,1
E01019246,6942,3
E01019247,12873,4
E01019248,2320,1
E01019249,29656,9
E01019250,25489,8
E01019251,29117,9
E01019252,10578,4
E01019253,26621,8
E01019254,25677,8
E01019255,28574,9
E01019256,18129,6
E01019257,11076,4
E01019258,23945,8
E01019259,10628,4
E01019260,11881,4
E01019261,30734,10
E01019262,28630,9
E01019264,20200,6
E01019265,6351,2
E01019266,8133,3
E01019267,2306,1
E01019269,4414,2
E01019270,7724,3
E01019271,6999,3
E01019272,5812,2
E01019273,18386,6
E01019274,6603,2
E01019275,16383,5
E01019277,3168,1
E01019278,17684,6
E01019279,18743,6
E01019280,1369,1
E01019281,13701,5
E01019282,15291,5
E01019283,16413,5
E01019284,7186,3
E01019285,8268,3
E01019286,17086,6
E01019287,30276,9
E01019288,32415,10
E01019289,11140,4
E01019290,12291,4
E01019291,9599,3
E01019292,17292,6
E01019293,12807,4
E01019294,6501,2
E01019295,1967,1
E01019296,6260,2
E01019298,12578,4
E01019299,5351,2
E01019300,24282,8
E01019301,241,1
E01019302,19353,6
E01019303,24140,8
E01019304,14652,5
E01019305,12457,4
E01019306,11302,4
E01019307,20595,7
E01019308,12639,4
E01019309,13955,5
E01019310,16176,5
E01019311,20487,7
E01019312,25147,8
E01019313,18408,6
E01019314,18687,6
E01019315,17887,6
E01019316,19424,6
E01019317,21981,7
E01019318,8428,3
E01019319,15840,5
E01019320,17069,6
E01019321,18719,6
E01019322,21191,7
E01019323,14452,5
E01019324,17672,6
E01019325,13604,5
E01019326,28970,9
E01019327,17260,6
E01019328,28427,9
E01019329,25133,8
E01019330,23922,8
E01019331,22940,7
E01019332,11836,4
E01019333,9004,3
E01019334,23994,8
E01019335,17141,6
E01019336,12738,4
E01019337,14937,5
E01019338,16010,5
E01019339,17286,6
E01019340,13485,4
E01019343,25088,8
E01019344,17496,6
E01019345,17942,6
E01019346,19460,6
E01019347,24825,8
E01019348,27958,9
E01019349,25578,8
E01019350,17849,6
E01019351,18870,6
E01019352,22300,7
E01019353,25987,8
E01019354,21130,7
E01019355,29815,9
E01019356,15358,5
E01019357,19888,6
E01019358,28503,9
E01019359,15532,5
E01019360,18710,6
E01019361,31662,10
E01019362,33030,10
E01019363,15483,5
E01019364,10599,4
E01019365,25799,8
E01019366,27707,9
E01019368,31522,10
E01019369,28571,9
E01019370,27333,9
E01019371,14148,5
E01019372,23915,8
E01019373,28040,9
E01019374,21100,7
E01019375,23645,8
E01019376,15364,5
E01019377,28901,9
E01019378,27994,9
E01019379,18098,6
E01019380,15208,5
E01019381,18089,6
E01019382,20328,7
E01019383,28254,9
E01019384,20112,6
E01019385,23698,8
E01019386,16342,5
E01019387,22964,7
E01019388,18797,6
E01019389,13652,5
E01019390,26462,8
E01019391,27660,9
E01019392,14992,5
E01019393,32602,10
E01019394,17355,6
E01019395,24061,8
E01019396,26941,8
E01019397,19842,6
E01019400,6309,2
E01019401,5757,2
E01019402,15884,5
E01019403,3903,2
E01019404,13338,4
E01019405,21424,7
E01019406,23300,7
E01019407,16833,5
E01019408,24200,8
E01019409,26950,8
E01019410,27369,9
E01019411,17067,6
E01019412,29760,9
E01019413,31048,10
E01019414,29838,9
E01019415,23292,7
E01019416,30542,10
E01019417,11655,4
E01019418,23215,7
E01019419,25336,8
E01019420,9551,3
E01019421,17997,6
E01019422,24854,8
E01019423,24868,8
E01019424,15301,5
E01019425,32975,10
E01019426,29919,9
E01019427,31362,10
E01019428,16329,5
E01019429,22492,7
E01019430,25666,8
E01019431,11600,4
E01019432,16035,5
E01019433,15386,5
E01019434,16131,5
E01019435,16347,5
E01019436,14708,5
E01019437,9575,3
E01019438,13593,5
E01019439,19653,6
E01019440,10341,4
E01019441,4096,2
E01019442,11773,4
E01019443,21237,7
E01019444,249,1
E01019445,13057,4
E01019446,25668,8
E01019447,27648,9
E01019448,26156,8
E01019449,27031,9
E01019450,9405,3
E01019451,16787,5
E01019452,4377,2
E01019453,2832,1
E01019454,22002,7
E01019455,10347,4
E01019456,14773,5
E01019457,22974,7
E01019458,12250,4
E01019459,7217,3
E01019460,21126,7
E01019461,13489,4
E01019462,25872,8
E01019463,2469,1
E01019464,31839,10
E01019465,15820,5
E01019467,24320,8
E01019468,6633,2
E01019469,4683,2
E01019470,12954,4
E01019471,4240,2
E01019473,31593,10
E01019474,28242,9
E01019475,12759,4
E01019476,29679,9
E01019477,20899,7
E01019478,25747,8
E01019479,23875,8
E01019480,15029,5
E01019481,10418,4
E01019482,17265,6
E01019483,4454,2
E01019484,10913,4
E01019485,10643,4
E01019486,26375,8
E01019487,8767,3
E01019488,1494,1
E01019489,17721,6
E01019490,20434,7
E01019491,13450,4
E01019492,8624,3
E01019493,19659,6
E01019495,11340,4
E01019496,9472,3
E01019497,6156,2
E01019498,3495,2
E01019499,10980,4
E01019500,5216,2
E01019501,15407,5
E01019502,14763,5
E01019503,11701,4
E01019504,14245,5
E01019505,3459,2
E01019506,11325,4
E01019507,2024,1
E01019508,5909,2
E01019509,1611,1
E01019510,3393,2
E01019511,6956,3
E01019513,20645,7
E01019514,15680,5
E01019515,6735,2
E01019516,11717,4
E01019517,26787,8
E01019518,28211,9
E01019519,11225,4
E01019520,14907,5
E01019521,20431,7
E01019522,10307,4
E01019523,4462,2
E01019524,16139,5
E01019525,12206,4
E01019526,10155,4
E01019527,2178,1
E01019528,21014,7
E01019529,11704,4
E01019530,8358,3
E01019531,7308,3
E01019532,13080,4
E01019533,30738,10
E01019534,13647,5
E01019535,22678,7
E01019536,10639,4
E01019537,26858,8
E01019538,11755,4
E01019539,19702,6
E01019540,28608,9
E01019541,7119,3
E01019542,3905,2
E01019543,7125,3
E01019544,10900,4
E01019545,19675,6
E01019546,18000,6
E01019547,4502,2
E01019548,21147,7
E01019549,6178,2
E01019550,11906,4
E01019551,19512,6
E01019552,12207,4
E01019553,23032,7
E01019554,7752,3
E01019555,9632,3
E01019556,4844,2
E01019557,19068,6
E01019558,31091,10
E01019559,29519,9
E01019560,8499,3
E01019561,974,1
E01019562,7088,3
E01019563,3212,1
E01019564,19243,6
E01019565,5455,2
E01019566,2540,1
E01019567,5410,2
E01019568,2755,1
E01019569,8786,3
E01019570,14484,5
E01019571,6591,2
E01019572,3180,1
E01019573,9260,3
E01019574,9284,3
E01019575,1653,1
E01019576,4234,2
E01019577,7578,3
E01019578,594,1
E01019579,7738,3
E01019580,8635,3
E01019581,5084,2
E01019582,17410,6
E01019583,25897,8
E01019585,22586,7
E01019586,30924,10
E01019587,29756,9
E01019588,32567,10
E01019589,29229,9
E01019590,30907,10
E01019591,23391,7
E01019592,32694,10
E01019593,31978,10
E01019594,13401,4
E01019595,26951,8
E01019596,27986,9
E01019597,29334,9
E01019598,15369,5
E01019599,26216,8
E01019600,23602,7
E01019601,17087,6
E01019602,22363,7
E01019603,26624,8
E01019604,26239,8
E01019605,16961,6
E01019606,27490,9
E01019607,22038,7
E01019608,13699,5
E01019609,25365,8
E01019610,28586,9
E01019611,15043,5
E01019612,22775,7
E01019613,14553,5
E01019614,29163,9
E01019615,21912,7
E01019616,24354,8
E01019617,18407,6
E01019618,21065,7
E01019619,18076,6
E01019620,17207,6
E01019621,24276,8
E01019622,27403,9
E01019623,10493,4
E01019624,24643,8
E01019625,2592,1
E01019626,26654,8
E01019627,26202,8
E01019628,23123,7
E01019629,18895,6
E01019630,21467,7
E01019631,18192,6
E01019632,21209,7
E01019633,11984,4
E01019634,20005,6
E01019635,30839,10
E01019636,20220,6
E01019638,28409,9
E01019639,14129,5
E01019640,29999,9
E01019641,31954,10
E01019642,20354,7
E01019643,28555,9
E01019644,2129,1
E01019645,9961,3
E01019646,1431,1
E01019647,6072,2
E01019648,19191,6
E01019649,14443,5
E01019650,1698,1
E01019651,23159,7
E01019652,25107,8
E01019653,32232,10
E01019654,14850,5
E01019655,16074,5
E01019656,23158,7
E01019657,9141,3
E01019658,14643,5
E01019659,28255,9
E01019660,18620,6
E01019661,5233,2
E01019662,1925,1
E01019663,152,1
E01019664,3523,2
E01019665,7595,3
E01019666,9343,3
E01019667,10020,3
E01019668,2430,1
E01019669,16241,5
E01019670,26512,8
E01019671,25806,8
E01019672,6385,2
E01019673,24479,8
E01019674,20128,6
E01019675,8971,3
E01019676,13037,4
E01019677,18888,6
E01019678,30001,9
E01019679,11172,4
E01019680,22064,7
E01019681,23483,7
E01019682,3706,2
E01019683,25751,8
E01019684,32062,10
E01019685,24279,8
E01019686,28181,9
E01019687,7087,3
E01019688,5787,2
E01019689,12976,4
E01019690,9761,3
E01019691,23195,7
E01019692,5088,2
E01019693,10930,4
E01019694,30777,10
E01019695,24522,8
E01019696,23508,7
E01019697,18566,6
E01019698,24961,8
E01019699,3841,2
E01019700,19857,6
E01019701,13605,5
E01019702,29415,9
E01019703,27310,9
E01019704,27338,9
E01019705,22239,7
E01019706,30273,9
E01019707,27681,9
E01019708,32001,10
E01019709,8952,3
E01019710,5943,2
E01019711,16896,6
E01019712,26998,8
E01019713,25510,8
E01019714,25629,8
E01019715,8033,3
E01019716,20377,7
E01019717,6543,2
E01019718,16850,5
E01019719,19054,6
E01019720,25821,8
E01019721,25948,8
E01019722,24748,8
E01019723,13336,4
E01019724,8448,3
E01019725,20404,7
E01019726,16321,5
E01019727,32420,10
E01019728,1090,1
E01019729,1377,1
E01019730,9138,3
E01019731,29891,9
E01019732,19289,6
E01019733,15066,5
E01019734,23221,7
E01019735,24532,8
E01019736,16916,6
E01019737,21886,7
E01019738,14697,5
E01019739,10818,4
E01019740,17433,6
E01019741,14785,5
E01019742,12164,4
E01019743,6575,2
E01019744,13386,4
E01019745,11186,4
E01019746,25644,8
E01019747,26064,8
E01019748,20677,7
E01019749,31651,10
E01019750,13954,5
E01019751,31652,10
E01019752,14028,5
E01019753,23799,8
E01019754,20577,7
E01019755,22779,7
E01019756,32904,10
E01019757,23619,7
E01019758,31131,10
E01019759,7104,3
E01019760,18281,6
E01019761,2009,1
E01019762,30962,10
E01019763,15586,5
E01019764,20806,7
E01019765,19564,6
E01019766,21272,7
E01019767,25552,8
E01019768,7588,3
E01019769,21274,7
E01019770,20786,7
E01019771,21438,7
E01019772,29673,9
E01019774,24044,8
E01019775,9489,3
E01019776,10678,4
E01019777,3955,2
E01019778,31246,10
E01019779,32031,10
E01019780,10987,4
E01019781,27186,9
E01019782,15597,5
E01019783,33488,10
E01019784,32412,10
E01019785,33535,10
E01019786,17805,6
E01019787,29381,9
E01019788,32878,10
E01019790,27493,9
E01019791,15361,5
E01019792,8349,3
E01019793,33151,10
E01019794,32216,10
E01019795,29103,9
E01019796,1159,1
E01019797,9984,3
E01019798,16822,5
E01019799,4862,2
E01019800,11159,4
E01019801,17213,6
E01019802,17476,6
E01019803,9737,3
E01019804,26890,8
E01019805,26085,8
E01019806,21679,7
E01019807,5004,2
E01019808,2363,1
E01019809,12520,4
E01019810,9617,3
E01019811,28578,9
E01019812,21043,7
E01019813,10051,3
E01019814,21828,7
E01019815,13541,5
E01019816,16300,5
E01019817,4834,2
E01019818,5859,2
E01019819,19819,6
E01019820,19259,6
E01019821,17062,6
E01019822,13132,4
E01019823,8883,3
E01019824,18787,6
E01019825,24875,8
E01019826,7083,3
E01019827,13822,5
E01019828,31370,10
E01019829,29765,9
E01019830,31303,10
E01019831,32287,10
E01019832,21268,7
E01019833,30293,9
E01019834,23388,7
E01019837,13029,4
E01019838,9383,3
E01019839,30572,10
E01019840,25055,8
E01019841,27701,9
E01019842,5272,2
E01019843,20584,7
E01019844,11455,4
E01019845,24318,8
E01019846,16918,6
E01019847,27810,9
E01019848,29241,9
E01019850,23990,8
E01019851,11722,4
E01019852,15393,5
E01019853,28627,9
E01019854,25386,8
E01019855,30649,10
E01019856,8914,3
E01019857,30061,9
E01019858,7362,3
E01019859,24426,8
E01019860,28018,9
E01019861,12598,4
E01019862,16727,5
E01019863,3234,1
E01019864,9511,3
E01019865,16409,5
E01019866,15605,5
E01019867,27126,9
E01019868,26307,8
E01019869,31254,10
E01019870,11312,4
E01019871,20853,7
E01019872,23264,7
E01019873,21751,7
E01019874,27571,9
E01019875,26764,8
E01019876,12179,4
E01019877,5270,2
E01019878,16059,5
E01019879,30602,10
E01019880,30804,10
E01019882,17868,6
E01019885,21151,7
E01019887,12347,4
E01019888,16541,5
E01019889,21837,7
E01019890,18352,6
E01019891,17371,6
E01019894,28272,9
E01019895,27372,9
E01019896,27504,9
E01019897,14914,5
E01019898,25785,8
E01019899,18322,6
E01019900,27366,9
E01019901,16486,5
E01019902,15544,5
E01019903,18350,6
E01019904,11411,4
E01019905,30396,10
E01019906,23016,7
E01019907,26659,8
E01019908,16799,5
E01019909,30673,10
E01019910,23553,7
E01019911,26077,8
E01019912,19920,6
E01019913,27387,9
E01019914,6566,2
E01019915,27962,9
E01019916,8094,3
E01019917,19607,6
E01019918,10994,4
E01019919,12951,4
E01019920,15650,5
E01019921,26611,8
E01019922,10834,4
E01019923,15743,5
E01019924,12626,4
E01019925,24926,8
E01019927,10789,4
E01019928,19177,6
E01019929,23121,7
E01019930,23601,7
E01019931,31352,10
E01019932,9859,3
E01019933,18912,6
E01019934,25450,8
E01019935,17009,6
E01019936,16620,5
E01019937,22275,7
E01019938,15561,5
E01019939,27813,9
E01019940,27891,9
E01019942,17478,6
E01019943,26943,8
E01019944,22212,7
E01019945,16372,5
E01019946,28531,9
E01019947,19485,6
E01019948,25635,8
E01019949,28551,9
E01019950,16003,5
E01019951,25135,8
E01019952,25280,8
E01019953,24816,8
E01019954,13497,4
E01019955,16919,6
E01019956,25863,8
E01019957,29670,9
E01019958,27193,9
E01019959,18373,6
E01019960,18686,6
E01019961,22729,7
E01019962,17734,6
E01019963,25129,8
E01019964,29057,9
E01019965,23230,7
E01019966,22406,7
E01019967,15783,5
E01019968,26467,8
E01019969,26100,8
E01019970,23282,7
E01019971,17703,6
E01019972,16086,5
E01019973,23961,8
E01019974,20301,7
E01019975,9115,3
E01019976,26136,8
E01019977,23189,7
E01019980,10946,4
E01019981,11636,4
E01019982,14315,5
E01019983,21081,7
E01019984,26487,8
E01019985,5360,2
E01019986,29589,9
E01019987,22361,7
E01019988,24841,8
E01019989,27877,9
E01019990,5727,2
E01019991,10274,4
E01019992,13529,5
E01019993,29304,9
E01019994,16888,6
E01019995,9157,3
E01019996,20527,7
E01019997,22776,7
E01019998,31569,10
E01019999,33044,10
E01020000,11191,4
E01020001,31249,10
E01020002,15887,5
E01020003,25236,8
E01020004,25374,8
E01020005,9451,3
E01020006,14795,5
E01020007,24142,8
E01020008,24272,8
E01020009,28055,9
E01020010,12015,4
E01020011,22342,7
E01020012,8927,3
E01020013,17124,6
E01020014,5114,2
E01020015,4236,2
E01020017,18401,6
E01020018,9574,3
E01020019,30627,10
E01020020,21098,7
E01020021,17607,6
E01020022,11248,4
E01020023,30869,10
E01020024,27421,9
E01020025,21228,7
E01020026,30651,10
E01020027,25002,8
E01020029,21923,7
E01020030,12973,4
E01020031,22986,7
E01020032,12893,4
E01020036,17540,6
E01020037,9625,3
E01020038,27160,9
E01020039,6888,3
E01020040,19510,6
E01020041,11197,4
E01020042,25632,8
E01020043,14658,5
E01020044,18014,6
E01020045,21776,7
E01020046,13718,5
E01020047,22739,7
E01020048,9475,3
E01020049,14023,5
E01020050,12173,4
E01020051,25758,8
E01020052,8803,3
E01020053,9047,3
E01020054,23662,8
E01020055,11082,4
E01020056,23514,7
E01020057,14886,5
E01020058,26341,8
E01020059,18578,6
E01020060,11085,4
E01020061,20812,7
E01020062,25592,8
E01020063,16879,6
E01020064,15088,5
E01020065,10793,4
E01020067,5889,2
E01020068,14722,5
E01020069,13160,4
E01020070,14781,5
E01020071,17905,6
E01020072,14680,5
E01020073,9278,3
E01020074,19239,6
E01020075,18862,6
E01020076,13002,4
E01020077,16257,5
E01020078,6331,2
E01020079,7150,3
E01020080,23092,7
E01020081,9890,3
E01020082,13028,4
E01020083,16938,6
E01020084,14226,5
E01020085,22507,7
E01020087,11079,4
E01020088,12223,4
E01020089,22715,7
E01020090,29010,9
E01020091,24341,8
E01020092,26443,8
E01020093,18343,6
E01020094,1570,1
E01020095,7930,3
E01020096,9447,3
E01020097,12979,4
E01020098,10888,4
E01020099,12170,4
E01020100,10800,4
E01020101,12719,4
E01020102,23484,7
E01020103,2387,1
E01020104,5091,2
E01020105,15611,5
E01020106,17711,6
E01020107,21830,7
E01020108,19342,6
E01020109,19349,6
E01020110,22225,7
E01020111,3850,2
E01020112,1868,1
E01020113,4682,2
E01020114,13738,5
E01020115,18009,6
E01020116,14083,5
E01020117,15956,5
E01020118,7900,3
E01020119,14523,5
E01020120,24724,8
E01020121,16341,5
E01020122,16758,5
E01020123,8864,3
E01020124,20892,7
E01020125,28516,9
E01020126,12013,4
E01020127,13368,4
E01020128,24300,8
E01020129,8339,3
E01020130,11267,4
E01020131,10907,4
E01020132,20164,6
E01020133,25660,8
E01020134,6754,3
E01020135,10187,4
E01020136,18141,6
E01020137,11889,4
E01020138,10366,4
E01020139,6107,2
E01020140,14171,5
E01020141,5327,2
E01020142,16695,5
E01020143,15830,5
E01020144,31970,10
E01020145,19999,6
E01020146,29376,9
E01020147,15267,5
E01020148,11126,4
E01020149,15159,5
E01020150,19849,6
E01020151,24703,8
E01020152,14619,5
E01020153,13815,5
E01020154,18284,6
E01020155,6906,3
E01020156,22618,7
E01020157,13173,4
E01020158,23590,7
E01020159,14239,5
E01020160,22854,7
E01020161,16840,5
E01020162,28480,9
E01020163,30746,10
E01020164,20419,7
E01020165,28141,9
E01020166,30761,10
E01020167,30018,9
E01020168,22914,7
E01020169,22683,7
E01020170,24603,8
E01020171,24339,8
E01020172,18062,6
E01020173,21761,7
E01020174,13715,5
E01020175,16760,5
E01020176,18399,6
E01020177,10101,3
E01020178,17639,6
E01020179,18748,6
E01020180,15161,5
E01020181,18727,6
E01020182,14447,5
E01020183,16634,5
E01020184,16320,5
E01020185,27363,9
E01020186,28805,9
E01020187,19092,6
E01020188,13835,5
E01020189,13943,5
E01020190,21227,7
E01020191,20421,7
E01020192,25282,8
E01020193,15764,5
E01020194,30513,10
E01020195,15595,5
E01020196,13045,4
E01020197,18495,6
E01020198,7878,3
E01020199,15308,5
E01020200,24762,8
E01020201,25989,8
E01020202,18550,6
E01020203,29046,9
E01020204,13229,4
E01020205,17843,6
E01020206,16290,5
E01020208,10810,4
E01020209,20150,6
E01020210,26789,8
E01020211,5662,2
E01020212,6837,3
E01020213,15007,5
E01020214,21164,7
E01020215,30691,10
E01020216,6546,2
E01020217,9477,3
E01020218,5919,2
E01020219,21613,7
E01020220,17729,6
E01020221,19344,6
E01020222,26879,8
E01020223,16456,5
E01020224,11136,4
E01020225,9272,3
E01020226,27306,9
E01020227,18701,6
E01020228,8684,3
E01020230,13746,5
E01020231,17505,6
E01020232,20588,7
E01020233,27400,9
E01020234,9310,3
E01020235,13779,5
E01020236,26511,8
E01020237,12536,4
E01020238,21631,7
E01020239,24539,8
E01020240,21017,7
E01020241,19765,6
E01020242,25694,8
E01020243,22025,7
E01020244,14822,5
E01020245,18893,6
E01020246,18203,6
E01020247,10945,4
E01020248,26968,8
E01020249,23654,8
E01020250,26982,8
E01020251,23916,8
E01020252,13687,5
E01020253,26278,8
E01020254,11739,4
E01020255,17970,6
E01020256,25270,8
E01020257,29527,9
E01020258,16748,5
E01020259,13528,5
E01020260,26533,8
E01020261,24566,8
E01020262,13247,4
E01020263,13141,4
E01020264,12119,4
E01020265,26616,8
E01020266,27694,9
E01020267,23686,8
E01020268,24757,8
E01020269,6471,2
E01020270,25870,8
E01020271,11551,4
E01020272,5916,2
E01020273,15075,5
E01020274,14867,5
E01020275,14282,5
E01020276,19258,6
E01020277,4169,2
E01020278,14786,5
E01020279,11801,4
E01020280,3450,2
E01020281,24695,8
E01020282,7495,3
E01020283,21067,7
E01020284,10522,4
E01020285,6485,2
E01020286,10190,4
E01020287,10194,4
E01020288,10620,4
E01020289,10414,4
E01020290,9992,3
E01020291,10971,4
E01020292,9452,3
E01020293,10048,3
E01020294,7826,3
E01020295,11746,4
E01020296,15437,5
E01020297,8494,3
E01020298,21134,7
E01020299,20440,7
E01020300,26228,8
E01020301,13517,5
E01020302,11513,4
E01020303,11928,4
E01020304,14161,5
E01020305,10000,3
E01020306,22732,7
E01020307,10169,4
E01020308,15453,5
E01020309,12205,4
E01020311,10361,4
E01020312,17579,6
E01020313,10266,4
E01020314,12854,4
E01020315,17005,6
E01020316,26297,8
E01020317,21864,7
E01020318,18460,6
E01020319,12050,4
E01020320,11677,4
E01020321,8229,3
E01020323,12945,4
E01020324,15896,5
E01020325,11258,4
E01020326,16401,5
E01020327,20068,6
E01020328,12006,4
E01020329,16392,5
E01020330,11291,4
E01020331,12430,4
E01020332,16052,5
E01020333,27830,9
E01020334,15535,5
E01020335,20016,6
E01020336,31956,10
E01020337,14640,5
E01020338,19197,6
E01020339,12872,4
E01020340,13027,4
E01020341,21965,7
E01020342,12883,4
E01020343,23205,7
E01020344,18533,6
E01020345,18154,6
E01020346,10182,4
E01020347,3692,2
E01020348,4041,2
E01020349,21795,7
E01020350,27852,9
E01020351,26819,8
E01020352,27601,9
E01020353,12675,4
E01020354,20713,7
E01020355,31746,10
E01020356,28250,9
E01020357,21738,7
E01020358,28072,9
E01020359,20397,7
E01020360,24027,8
E01020361,19477,6
E01020362,30550,10
E01020363,11572,4
E01020364,12495,4
E01020365,18954,6
E01020366,32499,10
E01020367,23494,7
E01020369,26543,8
E01020370,28172,9
E01020371,31231,10
E01020372,28464,9
E01020373,20025,6
E01020374,29390,9
E01020375,22091,7
E01020376,28027,9
E01020377,32558,10
E01020378,27534,9
E01020379,19624,6
E01020380,29510,9
E01020381,32384,10
E01020382,30823,10
E01020383,32194,10
E01020384,27860,9
E01020385,25892,8
E01020386,30847,10
E01020387,32799,10
E01020388,21526,7
E01020389,13394,4
E01020390,23884,8
E01020391,30644,10
E01020392,22563,7
E01020393,6662,2
E01020394,9592,3
E01020395,30919,10
E01020396,13739,5
E01020397,14851,5
E01020398,18226,6
E01020400,28399,9
E01020401,31805,10
E01020402,31580,10
E01020403,26564,8
E01020404,27508,9
E01020405,20157,6
E01020406,30552,10
E01020407,29088,9
E01020408,25876,8
E01020409,26832,8
E01020410,13762,5
E01020411,10339,4
E01020412,12531,4
E01020413,31228,10
E01020414,24135,8
E01020415,31736,10
E01020416,24690,8
E01020417,27724,9
E01020418,30436,10
E01020419,27553,9
E01020420,28657,9
E01020421,23352,7
E01020422,16188,5
E01020423,25651,8
E01020424,21508,7
E01020425,19853,6
E01020426,31291,10
E01020427,12730,4
E01020428,18066,6
E01020429,18940,6
E01020430,17670,6
E01020431,15457,5
E01020432,15955,5
E01020433,20821,7
E01020434,14411,5
E01020435,28961,9
E01020436,23251,7
E01020437,20781,7
E01020438,12296,4
E01020439,16193,5
E01020440,19125,6
E01020441,15493,5
E01020442,20359,7
E01020443,11780,4
E01020444,14149,5
E01020445,19261,6
E01020446,21371,7
E01020447,13449,4
E01020448,15797,5
E01020449,20382,7
E01020450,25397,8
E01020452,18111,6
E01020453,21869,7
E01020454,13284,4
E01020456,16454,5
E01020457,26844,8
E01020458,26153,8
E01020460,17354,6
E01020462,18884,6
E01020463,29655,9
E01020464,24784,8
E01020465,15276,5
E01020466,18034,6
E01020467,23084,7
E01020468,16828,5
E01020469,16703,5
E01020470,29612,9
E01020471,11911,4
E01020472,13251,4
E01020473,23190,7
E01020474,24900,8
E01020475,25076,8
E01020476,17093,6
E01020477,19996,6
E01020478,20647,7
E01020479,20316,7
E01020480,17930,6
E01020481,18837,6
E01020482,17725,6
E01020483,11183,4
E01020484,13883,5
E01020485,11824,4
E01020486,17865,6
E01020487,26101,8
E01020488,18648,6
E01020489,15847,5
E01020490,13973,5
E01020491,21692,7
E01020492,17592,6
E01020493,13893,5
E01020494,15999,5
E01020495,19632,6
E01020496,9492,3
E01020497,21831,7
E01020498,19929,6
E01020499,5560,2
E01020500,14845,5
E01020501,24658,8
E01020502,7706,3
E01020503,16965,6
E01020504,27901,9
E01020505,22136,7
E01020506,13048,4
E01020507,20513,7
E01020508,16654,5
E01020509,21658,7
E01020510,17891,6
E01020511,17109,6
E01020512,11969,4
E01020513,15753,5
E01020514,20091,6
E01020515,14177,5
E01020516,17595,6
E01020517,18513,6
E01020518,9388,3
E01020519,20810,7
E01020520,28799,9
E01020523,31883,10
E01020524,25634,8
E01020525,33395,10
E01020526,24628,8
E01020527,18536,6
E01020528,17390,6
E01020529,15846,5
E01020530,14780,5
E01020531,17974,6
E01020532,24038,8
E01020533,13120,4
E01020534,14218,5
E01020535,11977,4
E01020536,14357,5
E01020537,17486,6
E01020538,17376,6
E01020539,15286,5
E01020540,20817,7
E01020541,18304,6
E01020542,23537,7
E01020543,10283,4
E01020544,26465,8
E01020546,18655,6
E01020547,14087,5
E01020549,17166,6
E01020550,16387,5
E01020551,10462,4
E01020552,1056,1
E01020553,4805,2
E01020554,2720,1
E01020555,2172,1
E01020556,10944,4
E01020557,28620,9
E01020558,25139,8
E01020559,31373,10
E01020560,29454,9
E01020561,19733,6
E01020562,16641,5
E01020563,12241,4
E01020564,7453,3
E01020565,12370,4
E01020566,18341,6
E01020569,1985,1
E01020570,26049,8
E01020571,13680,5
E01020572,13185,4
E01020573,6829,3
E01020574,13126,4
E01020575,2967,1
E01020576,26161,8
E01020577,15344,5
E01020578,12395,4
E01020579,23184,7
E01020580,28523,9
E01020581,13859,5
E01020582,3739,2
E01020583,23823,8
E01020584,16777,5
E01020585,10630,4
E01020586,13441,4
E01020587,14506,5
E01020588,21042,7
E01020589,9958,3
E01020590,12221,4
E01020591,5957,2
E01020592,430,1
E01020593,4733,2
E01020594,11923,4
E01020595,24172,8
E01020596,7010,3
E01020597,26655,8
E01020598,23524,7
E01020599,4614,2
E01020600,31338,10
E01020601,21591,7
E01020602,4064,2
E01020603,33350,10
E01020604,11399,4
E01020605,30785,10
E01020606,2361,1
E01020607,8898,3
E01020608,14092,5
E01020609,13688,5
E01020610,26711,8
E01020611,30647,10
E01020612,31093,10
E01020613,30504,10
E01020614,12919,4
E01020615,4330,2
E01020616,5403,2
E01020617,22062,7
E01020618,7407,3
E01020619,11733,4
E01020620,7949,3
E01020621,7838,3
E01020622,22635,7
E01020623,24710,8
E01020624,4420,2
E01020625,5630,2
E01020626,1714,1
E01020627,20891,7
E01020628,30078,9
E01020629,17507,6
E01020630,7628,3
E01020631,8565,3
E01020632,13511,5
E01020633,5646,2
E01020634,26212,8
E01020635,26448,8
E01020636,11328,4
E01020637,18868,6
E01020638,6293,2
E01020639,3901,2
E01020640,11734,4
E01020641,11803,4
E01020642,14116,5
E01020643,7534,3
E01020645,3597,2
E01020646,9201,3
E01020647,2386,1
E01020648,7070,3
E01020649,6129,2
E01020650,13442,4
E01020651,10031,3
E01020652,8136,3
E01020653,5960,2
E01020654,20242,6
E01020655,18328,6
E01020656,8939,3
E01020657,18479,6
E01020658,6146,2
E01020659,19538,6
E01020660,12264,4
E01020661,7463,3
E01020662,7269,3
E01020663,15948,5
E01020664,24598,8
E01020665,13174,4
E01020666,25377,8
E01020667,8815,3
E01020668,5152,2
E01020669,4597,2
E01020670,4161,2
E01020671,884,1
E01020672,2751,1
E01020673,1365,1
E01020674,5105,2
E01020675,4346,2
E01020676,14878,5
E01020677,7191,3
E01020678,10928,4
E01020679,6075,2
E01020680,26904,8
E01020681,10351,4
E01020682,31627,10
E01020683,29187,9
E01020685,18223,6
E01020686,3195,1
E01020687,12625,4
E01020688,10427,4
E01020689,4281,2
E01020690,25486,8
E01020691,13577,5
E01020692,30990,10
E01020693,12451,4
E01020694,5754,2
E01020695,15288,5
E01020696,7772,3
E01020697,14325,5
E01020698,21812,7
E01020699,6932,3
E01020700,4823,2
E01020701,20444,7
E01020702,33161,10
E01020703,18639,6
E01020704,31206,10
E01020705,4320,2
E01020706,9502,3
E01020708,29474,9
E01020709,26329,8
E01020710,23290,7
E01020711,13124,4
E01020712,32552,10
E01020714,22667,7
E01020716,2653,1
E01020717,31719,10
E01020718,25777,8
E01020719,31547,10
E01020720,17649,6
E01020721,32272,10
E01020722,7645,3
E01020723,12496,4
E01020724,1376,1
E01020725,17539,6
E01020726,17097,6
E01020727,3765,2
E01020729,5994,2
E01020730,8816,3
E01020731,18611,6
E01020732,30488,10
E01020733,3305,1
E01020734,2434,1
E01020735,11463,4
E01020737,7630,3
E01020739,147,1
E01020740,10073,3
E01020741,2173,1
E01020742,3707,2
E01020743,5206,2
E01020744,7228,3
E01020745,581,1
E01020746,5349,2
E01020747,737,1
E01020748,3381,2
E01020749,1922,1
E01020750,25117,8
E01020751,3733,2
E01020752,41,1
E01020753,4917,2
E01020754,12405,4
E01020756,22354,7
E01020757,971,1
E01020758,332,1
E01020759,932,1
E01020760,14534,5
E01020761,3103,1
E01020762,1552,1
E01020763,4325,2
E01020764,191,1
E01020765,2914,1
E01020766,4664,2
E01020767,440,1
E01020768,5773,2
E01020769,7140,3
E01020770,5801,2
E01020771,4196,2
E01020772,12410,4
E01020773,3859,2
E01020775,1450,1
E01020776,15316,5
E01020777,2421,1
E01020778,18825,6
E01020779,29622,9
E01020780,5998,2
E01020782,15872,5
E01020783,9685,3
E01020784,2774,1
E01020786,27929,9
E01020787,6623,2
E01020788,4222,2
E01020789,8192,3
E01020790,4828,2
E01020791,5638,2
E01020792,3157,1
E01020793,2870,1
E01020794,16315,5
E01020795,4576,2
E01020796,17918,6
E01020797,3377,2
E01020798,1983,1
E01020799,5720,2
E01020801,4869,2
E01020802,2528,1
E01020805,2274,1
E01020806,2874,1
E01020807,121,1
E01020808,5542,2
E01020809,3781,2
E01020810,9423,3
E01020811,6046,2
E01020812,11020,4
E01020813,26250,8
E01020814,16856,5
E01020815,11361,4
E01020816,301,1
E01020817,27411,9
E01020818,8704,3
E01020819,3501,2
E01020820,6186,2
E01020821,17751,6
E01020822,20865,7
E01020823,4235,2
E01020824,7315,3
E01020825,9150,3
E01020826,8606,3
E01020827,6393,2
E01020828,23880,8
E01020829,30834,10
E01020830,20912,7
E01020831,5836,2
E01020832,8944,3
E01020833,10752,4
E01020834,5309,2
E01020835,4100,2
E01020837,29536,9
E01020838,3228,1
E01020839,2618,1
E01020840,9277,3
E01020841,350,1
E01020843,19206,6
E01020844,997,1
E01020845,3543,2
E01020846,8682,3
E01020847,1054,1
E01020848,16114,5
E01020849,1795,1
E01020850,26761,8
E01020851,24010,8
E01020852,9847,3
E01020853,21650,7
E01020854,20763,7
E01020855,29630,9
E01020856,5287,2
E01020857,15657,5
E01020858,14048,5
E01020859,17053,6
E01020860,1741,1
E01020861,5802,2
E01020862,17531,6
E01020863,13566,5
E01020864,10331,4
E01020867,16829,5
E01020868,8570,3
E01020869,3440,2
E01020870,30092,9
E01020871,5461,2
E01020872,9212,3
E01020873,561,1
E01020874,3053,1
E01020875,9703,3
E01020876,8086,3
E01020877,4438,2
E01020878,3823,2
E01020879,23356,7
E01020880,1470,1
E01020881,10725,4
E01020882,10877,4
E01020883,29092,9
E01020884,5557,2
E01020885,3038,1
E01020886,4763,2
E01020887,11204,4
E01020888,15715,5
E01020889,11373,4
E01020890,12420,4
E01020891,10732,4
E01020892,5035,2
E01020893,10648,4
E01020894,4861,2
E01020895,3481,2
E01020896,9711,3
E01020898,1206,1
E01020899,8949,3
E01020900,13262,4
E01020901,600,1
E01020902,571,1
E01020903,12691,4
E01020904,12822,4
E01020905,15725,5
E01020906,13907,5
E01020907,2612,1
E01020908,5150,2
E01020909,96,1
E01020910,3870,2
E01020911,2749,1
E01020912,391,1
E01020913,8288,3
E01020914,10223,4
E01020915,9556,3
E01020916,11166,4
E01020917,3177,1
E01020918,10727,4
E01020919,9930,3
E01020920,1834,1
E01020921,12281,4
E01020922,3118,1
E01020923,1670,1
E01020924,10393,4
E01020925,2660,1
E01020926,18540,6
E01020927,9309,3
E01020928,10056,3
E01020929,3348,1
E01020930,4688,2
E01020931,29170,9
E01020932,20194,6
E01020935,8718,3
E01020936,8286,3
E01020937,8788,3
E01020938,19021,6
E01020939,29273,9
E01020940,31693,10
E01020941,7898,3
E01020942,28995,9
E01020943,18299,6
E01020944,29954,9
E01020945,29331,9
E01020946,31912,10
E01020947,13383,4
E01020948,26398,8
E01020949,16971,6
E01020950,20320,7
E01020951,13602,5
E01020952,10489,4
E01020953,27016,9
E01020954,25420,8
E01020955,7302,3
E01020956,17194,6
E01020957,8274,3
E01020959,19878,6
E01020960,20408,7
E01020961,22603,7
E01020962,21479,7
E01020963,21744,7
E01020964,22130,7
E01020965,16094,5
E01020966,13016,4
E01020967,15266,5
E01020968,11980,4
E01020969,13194,4
E01020970,22921,7
E01020971,7298,3
E01020972,7,1
E01020973,6232,2
E01020974,8364,3
E01020975,8709,3
E01020976,11759,4
E01020977,4035,2
E01020978,1957,1
E01020979,485,1
E01020980,2853,1
E01020981,8414,3
E01020982,885,1
E01020983,719,1
E01020984,2578,1
E01020985,3306,1
E01020986,17509,6
E01020987,15929,5
E01020988,21792,7
E01020989,2133,1
E01020990,2691,1
E01020991,11668,4
E01020992,2182,1
E01020993,390,1
E01020994,1123,1
E01020995,775,1
E01020996,6372,2
E01020997,10285,4
E01020998,6274,2
E01020999,14422,5
E01021000,16441,5
E01021001,13142,4
E01021002,10013,3
E01021003,4833,2
E01021004,9924,3
E01021005,616,1
E01021006,7227,3
E01021007,24589,8
E01021008,12735,4
E01021009,21035,7
E01021010,19029,6
E01021011,8125,3
E01021012,5502,2
E01021013,9828,3
E01021014,4821,2
E01021015,25,1
E01021016,5520,2
E01021017,10256,4
E01021018,16788,5
E01021019,426,1
E01021020,2165,1
E01021021,12290,4
E01021022,17931,6
E01021023,28846,9
E01021024,12528,4
E01021025,24442,8
E01021026,30229,9
E01021027,26282,8
E01021028,22350,7
E01021029,24846,8
E01021030,25582,8
E01021031,12593,4
E01021032,22050,7
E01021033,21004,7
E01021034,18159,6
E01021035,21908,7
E01021036,26394,8
E01021037,4204,2
E01021038,19548,6
E01021039,20924,7
E01021040,17161,6
E01021041,28270,9
E01021042,28544,9
E01021043,16331,5
E01021044,6985,3
E01021045,10386,4
E01021046,21486,7
E01021047,12523,4
E01021048,6767,3
E01021049,3694,2
E01021050,7337,3
E01021051,10014,3
E01021052,30906,10
E01021053,21971,7
E01021054,18472,6
E01021055,21298,7
E01021056,27839,9
E01021057,6885,3
E01021058,15733,5
E01021059,15766,5
E01021060,8727,3
E01021061,20940,7
E01021062,8329,3
E01021063,17502,6
E01021064,15737,5
E01021065,8203,3
E01021066,15412,5
E01021067,25868,8
E01021068,22068,7
E01021069,29042,9
E01021070,18931,6
E01021071,10230,4
E01021072,30946,10
E01021073,26042,8
E01021074,11879,4
E01021075,23369,7
E01021076,10587,4
E01021077,27076,9
E01021078,29283,9
E01021079,17272,6
E01021080,19426,6
E01021081,24453,8
E01021082,27555,9
E01021083,30809,10
E01021084,9953,3
E01021085,28715,9
E01021086,16809,5
E01021087,20723,7
E01021088,18661,6
E01021089,7382,3
E01021090,6539,2
E01021091,7199,3
E01021092,5132,2
E01021093,24489,8
E01021094,21428,7
E01021095,25726,8
E01021096,10906,4
E01021097,15886,5
E01021098,15925,5
E01021099,15972,5
E01021100,13217,4
E01021101,9524,3
E01021102,7257,3
E01021103,5261,2
E01021104,15394,5
E01021105,12115,4
E01021106,20018,6
E01021107,27588,9
E01021108,18853,6
E01021109,13324,4
E01021110,19036,6
E01021111,13722,5
E01021112,22285,7
E01021113,13790,5
E01021114,11620,4
E01021115,22688,7
E01021116,11292,4
E01021117,12247,4
E01021118,15446,5
E01021119,1750,1
E01021120,16578,5
E01021121,15253,5
E01021122,7483,3
E01021123,24547,8
E01021124,22158,7
E01021125,20610,7
E01021126,13395,4
E01021127,8252,3
E01021128,16573,5
E01021129,23794,8
E01021130,21203,7
E01021131,4980,2
E01021132,24677,8
E01021133,10058,3
E01021134,15596,5
E01021135,1484,1
E01021136,735,1
E01021137,5054,2
E01021138,14941,5
E01021139,8639,3
E01021140,18296,6
E01021141,19480,6
E01021142,16162,5
E01021143,19221,6
E01021144,29027,9
E01021145,20518,7
E01021146,21116,7
E01021147,20115,6
E01021148,15844,5
E01021149,20624,7
E01021150,25440,8
E01021151,29713,9
E01021152,14522,5
E01021153,27234,9
E01021154,16870,5
E01021155,24564,8
E01021156,24639,8
E01021157,30027,9
E01021158,28169,9
E01021159,31761,10
E01021160,20416,7
E01021161,31631,10
E01021162,32285,10
E01021163,24515,8
E01021164,18426,6
E01021165,22538,7
E01021166,27329,9
E01021167,20664,7
E01021168,26765,8
E01021169,23625,7
E01021170,23836,8
E01021171,24317,8
E01021172,25867,8
E01021173,26151,8
E01021174,24594,8
E01021175,28639,9
E01021176,22261,7
E01021177,12285,4
E01021178,6349,2
E01021179,3967,2
E01021180,26056,8
E01021181,23909,8
E01021182,21979,7
E01021183,5229,2
E01021184,26408,8
E01021185,7877,3
E01021186,22143,7
E01021187,20695,7
E01021188,18273,6
E01021189,20314,7
E01021190,27349,9
E01021191,26163,8
E01021192,29469,9
E01021193,18397,6
E01021194,31344,10
E01021196,27038,9
E01021198,15906,5
E01021199,18587,6
E01021200,17824,6
E01021201,26966,8
E01021202,25058,8
E01021203,26583,8
E01021204,17018,6
E01021205,18634,6
E01021206,15937,5
E01021207,15619,5
E01021208,22437,7
E01021209,23569,7
E01021210,30357,9
E01021211,16959,6
E01021213,16871,5
E01021214,22014,7
E01021215,25251,8
E01021216,14138,5
E01021217,27140,9
E01021218,26777,8
E01021219,33297,10
E01021220,20430,7
E01021221,23744,8
E01021222,18298,6
E01021223,29298,9
E01021224,12297,4
E01021225,24907,8
E01021226,25555,8
E01021227,28371,9
E01021228,31149,10
E01021229,26098,8
E01021230,28246,9
E01021231,20122,6
E01021232,26299,8
E01021233,21441,7
E01021234,31127,10
E01021235,31615,10
E01021236,18608,6
E01021237,33011,10
E01021238,31859,10
E01021239,33730,10
E01021240,26962,8
E01021241,14322,5
E01021242,30123,9
E01021243,33236,10
E01021244,32989,10
E01021245,8054,3
E01021246,32130,10
E01021247,32274,10
E01021248,31182,10
E01021249,32823,10
E01021250,33237,10
E01021251,33257,10
E01021252,29889,9
E01021253,33572,10
E01021254,29560,9
E01021255,31219,10
E01021256,33219,10
E01021257,28157,9
E01021258,16223,5
E01021259,24464,8
E01021260,7077,3
E01021261,19887,6
E01021262,13993,5
E01021263,17944,6
E01021264,23081,7
E01021265,11703,4
E01021266,9296,3
E01021267,9237,3
E01021268,5254,2
E01021269,13116,4
E01021270,7369,3
E01021271,930,1
E01021272,10134,4
E01021273,7993,3
E01021274,10504,4
E01021275,20455,7
E01021276,13346,4
E01021277,11165,4
E01021279,6417,2
E01021280,29894,9
E01021281,29297,9
E01021282,28060,9
E01021283,6362,2
E01021284,30737,10
E01021285,30595,10
E01021286,5574,2
E01021287,15455,5
E01021288,3079,1
E01021289,7435,3
E01021290,2824,1
E01021291,10400,4
E01021292,7245,3
E01021293,9716,3
E01021294,25680,8
E01021295,10490,4
E01021297,19241,6
E01021298,16691,5
E01021299,26184,8
E01021300,5999,2
E01021301,3857,2
E01021302,1162,1
E01021303,7946,3
E01021304,2050,1
E01021305,3727,2
E01021306,2473,1
E01021307,8238,3
E01021308,18307,6
E01021309,11521,4
E01021310,11951,4
E01021311,4297,2
E01021312,4524,2
E01021313,19282,6
E01021314,4655,2
E01021315,4311,2
E01021316,4001,2
E01021317,4224,2
E01021318,3939,2
E01021319,9470,3
E01021320,5415,2
E01021321,8353,3
E01021322,3785,2
E01021323,2708,1
E01021324,2642,1
E01021325,2017,1
E01021326,8053,3
E01021327,4308,2
E01021328,7556,3
E01021329,16270,5
E01021330,24685,8
E01021331,17741,6
E01021332,30053,9
E01021333,29099,9
E01021334,24264,8
E01021335,28375,9
E01021336,25583,8
E01021337,28562,9
E01021338,18936,6
E01021339,9866,3
E01021340,27013,9
E01021341,27814,9
E01021342,9935,3
E01021343,18609,6
E01021344,13929,5
E01021345,29783,9
E01021346,30808,10
E01021347,23441,7
E01021348,17629,6
E01021349,22953,7
E01021350,25091,8
E01021351,30137,9
E01021352,26241,8
E01021353,18244,6
E01021354,5852,2
E01021355,16692,5
E01021356,16882,6
E01021357,14614,5
E01021358,10826,4
E01021359,8321,3
E01021360,10827,4
E01021361,20673,7
E01021362,20120,6
E01021364,26779,8
E01021365,11865,4
E01021366,31819,10
E01021367,9662,3
E01021368,12301,4
E01021369,20789,7
E01021370,6172,2
E01021371,27625,9
E01021372,20882,7
E01021374,9189,3
E01021375,18647,6
E01021376,27078,9
E01021377,18742,6
E01021378,12386,4
E01021379,27826,9
E01021380,13436,4
E01021381,23666,8
E01021382,27507,9
E01021383,26742,8
E01021384,30476,10
E01021385,23149,7
E01021386,31520,10
E01021387,12662,4
E01021388,15677,5
E01021389,26300,8
E01021390,29309,9
E01021391,6728,2
E01021392,16040,5
E01021393,14219,5
E01021394,14550,5
E01021395,25570,8
E01021396,22676,7
E01021397,22149,7
E01021398,17011,6
E01021399,15285,5
E01021400,20024,6
E01021401,12368,4
E01021402,26893,8
E01021403,30561,10
E01021404,19580,6
E01021405,25075,8
E01021406,17758,6
E01021407,21537,7
E01021408,23173,7
E01021409,26647,8
E01021410,11822,4
E01021411,17802,6
E01021412,17624,6
E01021413,15327,5
E01021414,12191,4
E01021415,12874,4
E01021416,20726,7
E01021417,15880,5
E01021418,6354,2
E01021419,14911,5
E01021420,14095,5
E01021422,13466,4
E01021423,9199,3
E01021424,23341,7
E01021425,8699,3
E01021426,11450,4
E01021427,9269,3
E01021428,28702,9
E01021429,12641,4
E01021430,15498,5
E01021431,30313,9
E01021432,13732,5
E01021433,20740,7
E01021434,24531,8
E01021435,20113,6
E01021437,10334,4
E01021438,32383,10
E01021441,24576,8
E01021442,31572,10
E01021443,12468,4
E01021444,17601,6
E01021445,28605,9
E01021446,22952,7
E01021447,33485,10
E01021448,16163,5
E01021449,19386,6
E01021450,31842,10
E01021451,9051,3
E01021452,31387,10
E01021453,31699,10
E01021454,29157,9
E01021455,33660,10
E01021456,31457,10
E01021457,20521,7
E01021458,27595,9
E01021459,33352,10
E01021460,19469,6
E01021461,8793,3
E01021462,27009,9
E01021463,21039,7
E01021464,19854,6
E01021465,31007,10
E01021466,33719,10
E01021467,32950,10
E01021468,23959,8
E01021469,22560,7
E01021470,20639,7
E01021471,29168,9
E01021472,19292,6
E01021473,19107,6
E01021474,33202,10
E01021475,29720,9
E01021476,19166,6
E01021477,26880,8
E01021478,27749,9
E01021479,28281,9
E01021480,28810,9
E01021481,30102,9
E01021482,22691,7
E01021483,30100,9
E01021484,16396,5
E01021485,4102,2
E01021486,4376,2
E01021487,15000,5
E01021488,6041,2
E01021489,15113,5
E01021490,6118,2
E01021491,15360,5
E01021492,10843,4
E01021493,16481,5
E01021494,14379,5
E01021495,11957,4
E01021496,11642,4
E01021497,14769,5
E01021498,7790,3
E01021499,16683,5
E01021500,5876,2
E01021501,12727,4
E01021502,18375,6
E01021503,9442,3
E01021504,13256,4
E01021505,18891,6
E01021506,9608,3
E01021507,2041,1
E01021508,10353,4
E01021509,20174,6
E01021510,22778,7
E01021511,27004,8
E01021512,26230,8
E01021513,24410,8
E01021514,23124,7
E01021515,21670,7
E01021516,25780,8
E01021517,28692,9
E01021518,14160,5
E01021519,29251,9
E01021520,20321,7
E01021521,22011,7
E01021522,13333,4
E01021523,26006,8
E01021524,23540,7
E01021525,16244,5
E01021526,28909,9
E01021527,26846,8
E01021528,23676,8
E01021529,9872,3
E01021530,26089,8
E01021531,23818,8
E01021532,26350,8
E01021533,22490,7
E01021535,16057,5
E01021536,12500,4
E01021537,24190,8
E01021538,19527,6
E01021539,15270,5
E01021540,16260,5
E01021542,23267,7
E01021543,30122,9
E01021544,20725,7
E01021545,31175,10
E01021546,25800,8
E01021547,28517,9
E01021548,29877,9
E01021550,18638,6
E01021551,15854,5
E01021552,25959,8
E01021553,18112,6
E01021554,8990,3
E01021555,30071,9
E01021556,29029,9
E01021557,32426,10
E01021558,30629,10
E01021559,32314,10
E01021560,30457,10
E01021561,30517,10
E01021562,18351,6
E01021563,8036,3
E01021564,29918,9
E01021565,6061,2
E01021566,29523,9
E01021568,24894,8
E01021569,30456,10
E01021570,29064,9
E01021571,24238,8
E01021572,11468,4
E01021573,20736,7
E01021575,16398,5
E01021576,4328,2
E01021577,27947,9
E01021578,22882,7
E01021579,28397,9
E01021580,33271,10
E01021582,27485,9
E01021583,26500,8
E01021584,32395,10
E01021585,32436,10
E01021586,32638,10
E01021587,32218,10
E01021588,7145,3
E01021589,20375,7
E01021590,33306,10
E01021591,32146,10
E01021592,6856,3
E01021593,27809,9
E01021595,19052,6
E01021596,5263,2
E01021597,14548,5
E01021598,9818,3
E01021599,27953,9
E01021600,33265,10
E01021601,6365,2
E01021602,13702,5
E01021604,25451,8
E01021605,29399,9
E01021606,17283,6
E01021607,21906,7
E01021608,19405,6
E01021609,30019,9
E01021610,22762,7
E01021611,28686,9
E01021612,29184,9
E01021613,18324,6
E01021614,26373,8
E01021615,26662,8
E01021617,16523,5
E01021618,30260,9
E01021619,29840,9
E01021620,23548,7
E01021621,22231,7
E01021622,31337,10
E01021623,29916,9
E01021624,33335,10
E01021625,30452,10
E01021626,32831,10
E01021627,17897,6
E01021628,24871,8
E01021629,16031,5
E01021631,8518,3
E01021632,28256,9
E01021633,30645,10
E01021634,26120,8
E01021635,19692,6
E01021636,9832,3
E01021637,12514,4
E01021638,9781,3
E01021639,11741,4
E01021640,12669,4
E01021641,10638,4
E01021642,10806,4
E01021643,26107,8
E01021644,14266,5
E01021645,28425,9
E01021646,23870,8
E01021647,19132,6
E01021648,10833,4
E01021650,15810,5
E01021651,19402,6
E01021652,29850,9
E01021653,32212,10
E01021655,22528,7
E01021656,21826,7
E01021657,21466,7
E01021658,9266,3
E01021659,20271,7
E01021660,22396,7
E01021661,24651,8
E01021662,22699,7
E01021663,17613,6
E01021664,16981,6
E01021665,3961,2
E01021666,16218,5
E01021667,5988,2
E01021668,16998,6
E01021669,8181,3
E01021670,12411,4
E01021671,26697,8
E01021673,32154,10
E01021674,10469,4
E01021675,27240,9
E01021676,27882,9
E01021677,24408,8
E01021678,13152,4
E01021683,12142,4
E01021684,15862,5
E01021687,11528,4
E01021688,19383,6
E01021689,16431,5
E01021690,27570,9
E01021691,28108,9
E01021692,31320,10
E01021693,31381,10
E01021694,17024,6
E01021695,24032,8
E01021696,955,1
E01021697,5850,2
E01021698,10607,4
E01021699,3685,2
E01021700,1335,1
E01021702,17690,6
E01021703,3666,2
E01021704,9911,3
E01021705,19104,6
E01021706,12027,4
E01021707,12619,4
E01021708,24158,8
E01021709,25932,8
E01021710,29098,9
E01021711,6452,2
E01021713,8604,3
E01021714,17660,6
E01021715,16956,6
E01021717,26492,8
E01021718,20161,6
E01021719,25199,8
E01021720,14810,5
E01021721,25926,8
E01021722,23020,7
E01021723,21510,7
E01021724,23518,7
E01021725,24552,8
E01021726,7686,3
E01021727,24773,8
E01021728,31813,10
E01021729,20152,6
E01021730,21358,7
E01021731,25238,8
E01021732,13054,4
E01021733,19146,6
E01021734,27025,9
E01021735,25093,8
E01021736,29435,9
E01021737,21025,7
E01021738,28327,9
E01021739,30547,10
E01021740,23137,7
E01021741,16491,5
E01021742,19116,6
E01021743,23046,7
E01021744,25169,8
E01021745,30658,10
E01021746,30976,10
E01021747,32175,10
E01021748,28853,9
E01021749,21366,7
E01021750,28014,9
E01021751,32334,10
E01021752,26485,8
E01021753,15723,5
E01021754,31119,10
E01021755,27574,9
E01021756,29417,9
E01021757,29963,9
E01021758,17646,6
E01021759,24179,8
E01021760,27706,9
E01021761,21630,7
E01021762,17315,6
E01021763,24689,8
E01021764,7243,3
E01021765,22240,7
E01021766,27721,9
E01021767,29520,9
E01021768,18523,6
E01021769,16475,5
E01021770,16403,5
E01021771,9043,3
E01021772,22331,7
E01021773,18492,6
E01021774,15551,5
E01021775,15142,5
E01021776,10105,3
E01021777,17533,6
E01021778,20192,6
E01021779,11983,4
E01021780,33264,10
E01021781,30289,9
E01021782,30863,10
E01021783,30243,9
E01021784,30320,9
E01021785,17022,6
E01021786,30484,10
E01021787,29674,9
E01021788,29557,9
E01021789,32442,10
E01021790,17704,6
E01021791,25762,8
E01021792,23156,7
E01021793,27796,9
E01021794,15977,5
E01021795,31275,10
E01021796,14967,5
E01021797,23210,7
E01021798,25476,8
E01021799,12864,4
E01021800,12590,4
E01021801,17917,6
E01021802,14016,5
E01021803,25906,8
E01021804,28311,9
E01021805,33422,10
E01021806,10733,4
E01021807,20167,6
E01021808,10791,4
E01021809,14554,5
E01021810,18301,6
E01021811,12051,4
E01021812,11090,4
E01021813,24942,8
E01021814,17242,6
E01021815,12629,4
E01021816,7249,3
E01021817,14633,5
E01021818,10728,4
E01021819,13913,5
E01021820,13968,5
E01021821,7851,3
E01021822,15027,5
E01021823,6730,2
E01021824,29441,9
E01021825,28629,9
E01021826,29253,9
E01021827,19270,6
E01021828,29263,9
E01021829,13055,4
E01021830,26788,8
E01021831,12831,4
E01021832,19063,6
E01021833,13531,5
E01021834,10815,4
E01021835,14153,5
E01021836,8071,3
E01021837,14213,5
E01021838,16999,6
E01021839,13963,5
E01021840,8260,3
E01021841,14104,5
E01021842,10986,4
E01021843,14823,5
E01021844,11246,4
E01021845,9117,3
E01021846,5242,2
E01021847,13538,5
E01021848,8763,3
E01021849,10758,4
E01021850,9056,3
E01021851,8463,3
E01021852,11181,4
E01021853,16399,5
E01021854,16572,5
E01021855,17961,6
E01021856,19522,6
E01021858,11339,4
E01021859,7224,3
E01021860,6872,3
E01021861,14558,5
E01021862,10921,4
E01021863,11344,4
E01021864,6893,3
E01021865,11115,4
E01021866,12398,4
E01021867,25292,8
E01021868,11893,4
E01021869,15406,5
E01021870,11938,4
E01021871,6833,3
E01021873,19939,6
E01021874,13434,4
E01021875,18010,6
E01021878,25701,8
E01021879,18339,6
E01021880,14221,5
E01021881,22771,7
E01021882,22164,7
E01021883,26757,8
E01021884,18043,6
E01021885,27145,9
E01021886,25373,8
E01021887,27371,9
E01021888,9517,3
E01021889,12211,4
E01021890,12698,4
E01021891,23639,8
E01021892,9841,3
E01021893,31711,10
E01021894,14077,5
E01021895,19947,6
E01021896,26898,8
E01021897,28593,9
E01021898,20832,7
E01021899,21319,7
E01021900,16224,5
E01021901,12541,4
E01021902,24361,8
E01021903,19418,6
E01021904,17511,6
E01021905,11189,4
E01021906,14679,5
E01021907,10117,3
E01021908,17023,6
E01021909,15068,5
E01021910,12527,4
E01021911,24034,8
E01021912,28202,9
E01021913,17881,6
E01021914,24806,8
E01021915,11561,4
E01021916,18315,6
E01021917,16450,5
E01021918,31293,10
E01021919,30634,10
E01021920,19673,6
E01021921,13797,5
E01021922,11254,4
E01021923,22203,7
E01021924,22704,7
E01021925,27959,9
E01021926,28816,9
E01021927,29826,9
E01021928,22380,7
E01021929,29956,9
E01021930,19581,6
E01021931,24936,8
E01021932,23471,7
E01021933,25528,8
E01021934,30623,10
E01021935,31197,10
E01021936,26074,8
E01021937,28552,9
E01021938,30933,10
E01021939,31809,10
E01021940,30585,10
E01021941,31564,10
E01021942,12422,4
E01021943,26078,8
E01021944,27347,9
E01021945,27185,9
E01021946,31858,10
E01021947,27348,9
E01021948,27674,9
E01021949,30366,9
E01021950,22310,7
E01021951,30173,9
E01021952,23891,8
E01021953,3132,1
E01021954,17056,6
E01021955,6720,2
E01021956,11564,4
E01021957,11819,4
E01021958,31672,10
E01021959,26346,8
E01021960,32541,10
E01021961,31928,10
E01021962,12392,4
E01021963,32312,10
E01021964,28286,9
E01021965,31798,10
E01021966,21859,7
E01021967,21499,7
E01021968,1898,1
E01021969,3799,2
E01021970,355,1
E01021971,26363,8
E01021972,16603,5
E01021973,21850,7
E01021974,8488,3
E01021975,6557,2
E01021976,12309,4
E01021977,6275,2
E01021978,20605,7
E01021979,12939,4
E01021980,17654,6
E01021981,18319,6
E01021982,10889,4
E01021983,20711,7
E01021984,11715,4
E01021985,19164,6
E01021986,15902,5
E01021987,19115,6
E01021988,1,1
E01021989,5952,2
E01021990,948,1
E01021991,12456,4
E01021992,10941,4
E01021993,17866,6
E01021994,14230,5
E01021995,20429,7
E01021996,12035,4
E01021997,759,1
E01021998,2966,1
E01021999,7977,3
E01022000,14552,5
E01022001,1709,1
E01022002,13168,4
E01022004,10483,4
E01022005,21719,7
E01022006,3289,1
E01022007,4839,2
E01022008,14507,5
E01022009,14026,5
E01022010,14830,5
E01022011,10487,4
E01022012,12239,4
E01022013,28278,9
E01022014,15697,5
E01022015,24565,8
E01022016,10036,3
E01022017,13975,5
E01022018,8432,3
E01022019,14696,5
E01022020,17777,6
E01022021,11031,4
E01022022,9931,3
E01022023,4930,2
E01022024,8477,3
E01022025,11,1
E01022026,176,1
E01022027,1349,1
E01022028,10292,4
E01022030,670,1
E01022031,29,1
E01022032,1774,1
E01022033,12532,4
E01022034,12782,4
E01022035,14731,5
E01022036,11390,4
E01022037,9126,3
E01022038,6524,2
E01022039,3508,2
E01022040,9135,3
E01022041,10606,4
E01022042,866,1
E01022043,1426,1
E01022044,6002,2
E01022045,924,1
E01022046,3455,2
E01022047,9942,3
E01022048,13736,5
E01022049,8045,3
E01022050,10926,4
E01022051,16397,5
E01022052,18485,6
E01022053,18744,6
E01022054,5373,2
E01022055,4573,2
E01022056,2925,1
E01022057,25186,8
E01022058,20266,7
E01022059,22593,7
E01022060,24345,8
E01022061,25916,8
E01022062,28739,9
E01022063,24763,8
E01022064,27436,9
E01022067,22301,7
E01022068,26771,8
E01022069,30208,9
E01022070,27254,9
E01022071,21231,7
E01022072,27824,9
E01022073,25249,8
E01022074,26763,8
E01022075,33309,10
E01022076,25729,8
E01022077,30656,10
E01022078,17938,6
E01022079,31063,10
E01022080,29957,9
E01022081,27520,9
E01022082,29532,9
E01022083,27780,9
E01022084,30655,10
E01022085,27587,9
E01022086,19095,6
E01022087,24681,8
E01022088,22862,7
E01022089,21469,7
E01022092,21548,7
E01022093,18824,6
E01022094,28929,9
E01022095,20261,7
E01022096,18528,6
E01022097,20633,7
E01022098,20658,7
E01022099,25162,8
E01022100,30709,10
E01022101,27971,9
E01022102,15971,5
E01022104,29597,9
E01022105,33542,10
E01022106,32614,10
E01022107,31400,10
E01022108,28637,9
E01022109,33697,10
E01022110,25573,8
E01022111,31945,10
E01022112,33545,10
E01022113,33701,10
E01022114,33493,10
E01022115,32759,10
E01022116,30401,10
E01022117,16474,5
E01022118,33524,10
E01022119,31406,10
E01022120,4983,2
E01022121,7081,3
E01022122,3715,2
E01022123,27340,9
E01022124,12935,4
E01022125,31715,10
E01022126,19869,6
E01022127,22008,7
E01022128,33705,10
E01022129,32328,10
E01022130,33041,10
E01022131,7421,3
E01022132,7909,3
E01022133,6820,3
E01022134,12329,4
E01022135,32969,10
E01022136,28746,9
E01022137,28373,9
E01022138,32834,10
E01022139,29628,9
E01022140,27613,9
E01022141,21688,7
E01022142,18604,6
E01022143,32659,10
E01022144,30729,10
E01022145,33181,10
E01022146,33443,10
E01022147,1561,1
E01022148,21322,7
E01022149,11842,4
E01022150,14432,5
E01022151,14141,5
E01022152,2298,1
E01022153,8485,3
E01022154,15096,5
E01022155,25621,8
E01022156,16503,5
E01022157,7731,3
E01022159,12799,4
E01022160,9462,3
E01022161,19907,6
E01022162,21078,7
E01022163,24881,8
E01022164,6141,2
E01022165,27703,9
E01022166,30153,9
E01022167,33368,10
E01022168,32493,10
E01022169,24114,8
E01022170,33435,10
E01022171,33570,10
E01022172,32806,10
E01022173,13254,4
E01022174,31639,10
E01022175,17737,6
E01022176,19482,6
E01022177,22927,7
E01022178,19304,6
E01022179,21549,7
E01022181,27130,9
E01022182,21464,7
E01022183,25082,8
E01022184,23668,8
E01022185,22661,7
E01022186,17235,6
E01022187,19257,6
E01022188,16678,5
E01022189,32329,10
E01022190,23307,7
E01022191,27589,9
E01022192,13305,4
E01022193,33581,10
E01022194,19880,6
E01022195,29712,9
E01022196,30669,10
E01022197,31892,10
E01022198,21079,7
E01022199,25631,8
E01022200,8431,3
E01022201,17302,6
E01022202,26304,8
E01022203,29371,9
E01022204,24972,8
E01022205,19157,6
E01022207,21026,7
E01022208,31541,10
E01022209,23885,8
E01022210,16606,5
E01022211,21927,7
E01022213,19333,6
E01022215,16067,5
E01022216,19625,6
E01022217,26110,8
E01022218,12701,4
E01022219,31032,10
E01022220,26774,8
E01022221,21229,7
E01022222,19628,6
E01022224,24432,8
E01022225,24357,8
E01022226,16406,5
E01022227,16283,5
E01022228,8625,3
E01022229,20570,7
E01022230,19137,6
E01022231,11158,4
E01022232,18366,6
E01022233,12187,4
E01022234,20611,7
E01022235,19650,6
E01022236,15746,5
E01022237,7681,3
E01022238,5068,2
E01022239,19772,6
E01022240,11335,4
E01022241,11950,4
E01022242,13928,5
E01022243,12289,4
E01022244,15527,5
E01022245,8481,3
E01022246,26803,8
E01022247,21156,7
E01022248,18491,6
E01022249,18186,6
E01022250,13408,4
E01022251,8313,3
E01022252,19481,6
E01022253,14206,5
E01022254,7466,3
E01022255,24311,8
E01022256,8079,3
E01022257,26576,8
E01022258,14307,5
E01022259,23890,8
E01022260,11985,4
E01022261,15431,5
E01022262,15646,5
E01022263,18357,6
E01022264,18101,6
E01022265,14090,5
E01022266,15227,5
E01022267,21781,7
E01022268,13175,4
E01022269,15397,5
E01022270,17158,6
E01022271,18114,6
E01022272,13492,4
E01022273,20389,7
E01022274,21171,7
E01022275,30087,9
E01022276,30798,10
E01022277,26524,8
E01022278,29944,9
E01022279,28736,9
E01022280,26539,8
E01022281,31889,10
E01022282,32332,10
E01022283,31544,10
E01022284,6451,2
E01022285,6422,2
E01022286,11094,4
E01022287,24718,8
E01022288,5591,2
E01022289,2814,1
E01022290,5288,2
E01022291,2608,1
E01022292,4628,2
E01022293,6152,2
E01022294,5306,2
E01022295,31540,10
E01022296,18188,6
E01022297,33195,10
E01022298,26091,8
E01022299,23702,8
E01022300,25664,8
E01022301,11012,4
E01022302,20056,6
E01022303,19883,6
E01022304,30767,10
E01022305,31261,10
E01022306,32478,10
E01022307,32626,10
E01022308,31500,10
E01022309,14453,5
E01022310,12800,4
E01022311,2113,1
E01022312,15628,5
E01022313,30444,10
E01022314,29811,9
E01022315,31827,10
E01022316,31687,10
E01022317,31732,10
E01022318,33387,10
E01022319,344,1
E01022320,7842,3
E01022321,11706,4
E01022322,4432,2
E01022323,3836,2
E01022324,5187,2
E01022325,15850,5
E01022326,12353,4
E01022327,15067,5
E01022328,6521,2
E01022329,2963,1
E01022330,15588,5
E01022331,13543,5
E01022332,3634,2
E01022333,1003,1
E01022334,20224,6
E01022335,22313,7
E01022336,26419,8
E01022338,16506,5
E01022339,32241,10
E01022340,26371,8
E01022341,19875,6
E01022342,30347,9
E01022343,16567,5
E01022344,15695,5
E01022345,19540,6
E01022346,2551,1
E01022350,30521,10
E01022351,17041,6
E01022352,24396,8
E01022353,21628,7
E01022354,25134,8
E01022355,24095,8
E01022356,23334,7
E01022357,23362,7
E01022358,13759,5
E01022359,30191,9
E01022360,30739,10
E01022361,15415,5
E01022362,25586,8
E01022363,26466,8
E01022364,8041,3
E01022366,31011,10
E01022367,29548,9
E01022368,31606,10
E01022369,26633,8
E01022370,23461,7
E01022371,27046,9
E01022372,29845,9
E01022373,19038,6
E01022374,14641,5
E01022375,6939,3
E01022376,22647,7
E01022377,18425,6
E01022378,29174,9
E01022379,18545,6
E01022381,27097,9
E01022382,30674,10
E01022383,13977,5
E01022384,23250,7
E01022385,22226,7
E01022386,25840,8
E01022387,22086,7
E01022388,17762,6
E01022389,27952,9
E01022390,22674,7
E01022391,25192,8
E01022392,19167,6
E01022393,30250,9
E01022394,23360,7
E01022395,30075,9
E01022396,23408,7
E01022397,19160,6
E01022398,21633,7
E01022399,7651,3
E01022400,24085,8
E01022401,18826,6
E01022402,19141,6
E01022403,7517,3
E01022404,22896,7
E01022405,17303,6
E01022406,26919,8
E01022407,22204,7
E01022408,27799,9
E01022409,23145,7
E01022410,18831,6
E01022411,21589,7
E01022413,21266,7
E01022414,16120,5
E01022415,27670,9
E01022416,17894,6
E01022417,30780,10
E01022418,25306,8
E01022421,12950,4
E01022423,22266,7
E01022424,11196,4
E01022425,31993,10
E01022426,33212,10
E01022427,31643,10
E01022428,9222,3
E01022429,31015,10
E01022430,31905,10
E01022431,32592,10
E01022432,31324,10
E01022433,33225,10
E01022434,31375,10
E01022437,26756,8
E01022438,33508,10
E01022439,28084,9
E01022440,16784,5
E01022441,21749,7
E01022442,21284,7
E01022443,28804,9
E01022444,19523,6
E01022445,16460,5
E01022447,28994,9
E01022448,22634,7
E01022449,21454,7
E01022450,12823,4
E01022451,24708,8
E01022452,25914,8
E01022453,29516,9
E01022454,23104,7
E01022455,31865,10
E01022456,30403,10
E01022457,7179,3
E01022458,3337,1
E01022459,10594,4
E01022460,23921,8
E01022461,32572,10
E01022462,22280,7
E01022463,22920,7
E01022464,17111,6
E01022465,28713,9
E01022466,28721,9
E01022467,31745,10
E01022468,24538,8
E01022469,27615,9
E01022470,33431,10
E01022471,32335,10
E01022472,24284,8
E01022473,27948,9
E01022474,10388,4
E01022475,27931,9
E01022476,31244,10
E01022477,24077,8
E01022478,11553,4
E01022479,11011,4
E01022480,15851,5
E01022481,23280,7
E01022482,11807,4
E01022484,6908,3
E01022485,7040,3
E01022486,16922,6
E01022487,6669,2
E01022488,11546,4
E01022489,23756,8
E01022490,25925,8
E01022491,17439,6
E01022492,24973,8
E01022493,24910,8
E01022494,27732,9
E01022495,31601,10
E01022497,31122,10
E01022498,31646,10
E01022499,29899,9
E01022500,22923,7
E01022502,22447,7
E01022503,19951,6
E01022504,32590,10
E01022505,30874,10
E01022506,23323,7
E01022507,17357,6
E01022509,32946,10
E01022510,32957,10
E01022511,33577,10
E01022512,33362,10
E01022513,21234,7
E01022514,19730,6
E01022515,30296,9
E01022516,32637,10
E01022517,32507,10
E01022518,32876,10
E01022519,32495,10
E01022520,14954,5
E01022521,29924,9
E01022522,24271,8
E01022523,10363,4
E01022524,9094,3
E01022525,26424,8
E01022527,12018,4
E01022528,32447,10
E01022529,21936,7
E01022530,31948,10
E01022531,26390,8
E01022532,23688,8
E01022533,24141,8
E01022534,28474,9
E01022535,27114,9
E01022536,24147,8
E01022537,32711,10
E01022539,13112,4
E01022540,13238,4
E01022542,12998,4
E01022543,14068,5
E01022547,28719,9
E01022548,14264,5
E01022549,7803,3
E01022550,6286,2
E01022551,14920,5
E01022552,10839,4
E01022553,29600,9
E01022554,29141,9
E01022555,24503,8
E01022556,11590,4
E01022557,26860,8
E01022558,23603,7
E01022559,29215,9
E01022560,26580,8
E01022561,18184,6
E01022562,24154,8
E01022563,30570,10
E01022564,26922,8
E01022565,25575,8
E01022566,24476,8
E01022567,10582,4
E01022568,10479,4
E01022569,25200,8
E01022570,29895,9
E01022571,32985,10
E01022572,31562,10
E01022573,31376,10
E01022574,20803,7
E01022575,7277,3
E01022576,11097,4
E01022577,28871,9
E01022579,15380,5
E01022580,30678,10
E01022581,25725,8
E01022582,26570,8
E01022583,28873,9
E01022584,18218,6
E01022585,31139,10
E01022586,28258,9
E01022587,27236,9
E01022588,28320,9
E01022589,24585,8
E01022590,31153,10
E01022591,25710,8
E01022592,17696,6
E01022593,31679,10
E01022594,27243,9
E01022595,30080,9
E01022596,30278,9
E01022597,21713,7
E01022599,27198,9
E01022600,30744,10
E01022601,26360,8
E01022602,29509,9
E01022603,10969,4
E01022604,24439,8
E01022605,31619,10
E01022606,31065,10
E01022607,25503,8
E01022608,32780,10
E01022610,28339,9
E01022611,29521,9
E01022613,28527,9
E01022614,16489,5
E01022615,24459,8
E01022616,12862,4
E01022617,26674,8
E01022618,29272,9
E01022619,32880,10
E01022620,25521,8
E01022621,11321,4
E01022622,27378,9
E01022623,26678,8
E01022624,33657,10
E01022625,31574,10
E01022627,21987,7
E01022628,23457,7
E01022629,29721,9
E01022630,21153,7
E01022631,20758,7
E01022632,29335,9
E01022633,27034,9
E01022634,17557,6
E01022635,10154,4
E01022636,23262,7
E01022639,19680,6
E01022640,21018,7
E01022641,22039,7
E01022642,27802,9
E01022643,25402,8
E01022644,29056,9
E01022645,32090,10
E01022646,27171,9
E01022647,30953,10
E01022648,21088,7
E01022649,8147,3
E01022650,21664,7
E01022651,29097,9
E01022652,20860,7
E01022654,27768,9
E01022655,4309,2
E01022656,20225,6
E01022657,19407,6
E01022658,29962,9
E01022659,29008,9
E01022660,27664,9
E01022661,32865,10
E01022662,32628,10
E01022663,33421,10
E01022664,33522,10
E01022665,26275,8
E01022666,14604,5
E01022667,22808,7
E01022669,18400,6
E01022670,7333,3
E01022671,12033,4
E01022672,19404,6
E01022673,18446,6
E01022674,24046,8
E01022675,32429,10
E01022676,29001,9
E01022678,16865,5
E01022679,17744,6
E01022680,7979,3
E01022681,8401,3
E01022682,29485,9
E01022683,25401,8
E01022684,31331,10
E01022685,24242,8
E01022686,29121,9
E01022687,30994,10
E01022688,31276,10
E01022689,28041,9
E01022690,17769,6
E01022691,32319,10
E01022693,32890,10
E01022694,31459,10
E01022695,24615,8
E01022696,32253,10
E01022697,31167,10
E01022698,30605,10
E01022699,27927,9
E01022700,20503,7
E01022701,19290,6
E01022702,30967,10
E01022703,25471,8
E01022704,33348,10
E01022705,33606,10
E01022706,33548,10
E01022707,33546,10
E01022708,32366,10
E01022709,33559,10
E01022710,19743,6
E01022711,11329,4
E01022712,28820,9
E01022713,19727,6
E01022714,31314,10
E01022715,22113,7
E01022716,20208,6
E01022717,31677,10
E01022718,28156,9
E01022719,29325,9
E01022720,33286,10
E01022721,30613,10
E01022722,23155,7
E01022723,15037,5
E01022724,25459,8
E01022725,32479,10
E01022726,33097,10
E01022727,30829,10
E01022728,16313,5
E01022729,29060,9
E01022730,29856,9
E01022731,30365,9
E01022732,6360,2
E01022733,21007,7
E01022734,11796,4
E01022735,24516,8
E01022736,19833,6
E01022737,19863,6
E01022738,9307,3
E01022739,5598,2
E01022740,32467,10
E01022741,33086,10
E01022742,31962,10
E01022743,31413,10
E01022744,33393,10
E01022745,33017,10
E01022746,32690,10
E01022747,31801,10
E01022748,31653,10
E01022749,33295,10
E01022750,32914,10
E01022751,32242,10
E01022752,33654,10
E01022753,28176,9
E01022754,23400,7
E01022755,26326,8
E01022756,32460,10
E01022757,29931,9
E01022758,24340,8
E01022759,30172,9
E01022760,24413,8
E01022761,19468,6
E01022762,27040,9
E01022763,32685,10
E01022764,23050,7
E01022765,28468,9
E01022766,32860,10
E01022767,31472,10
E01022768,22596,7
E01022769,27771,9
E01022770,31594,10
E01022771,33365,10
E01022772,32675,10
E01022773,31757,10
E01022774,30783,10
E01022776,33102,10
E01022777,21398,7
E01022778,28441,9
E01022780,24803,8
E01022781,15135,5
E01022782,27375,9
E01022783,32275,10
E01022784,33057,10
E01022785,32174,10
E01022786,22500,7
E01022787,25000,8
E01022788,26546,8
E01022789,30772,10
E01022790,32887,10
E01022791,31230,10
E01022792,24614,8
E01022793,32869,10
E01022794,27878,9
E01022795,21928,7
E01022796,28262,9
E01022797,19453,6
E01022798,24930,8
E01022799,23717,8
E01022800,9778,3
E01022801,6632,2
E01022802,16698,5
E01022803,6191,2
E01022804,10387,4
E01022805,12948,4
E01022806,13349,4
E01022807,5295,2
E01022810,9572,3
E01022812,21446,7
E01022813,21739,7
E01022814,12601,4
E01022815,19989,6
E01022816,13607,5
E01022817,8145,3
E01022818,2636,1
E01022819,3849,2
E01022820,4065,2
E01022823,22375,7
E01022825,19998,6
E01022826,28364,9
E01022828,20365,7
E01022829,25511,8
E01022830,27415,9
E01022831,18444,6
E01022832,14762,5
E01022833,1945,1
E01022834,13106,4
E01022835,12849,4
E01022836,27817,9
E01022837,29006,9
E01022838,30568,10
E01022839,5639,2
E01022840,6439,2
E01022841,5759,2
E01022842,13206,4
E01022843,1761,1
E01022845,11492,4
E01022846,28449,9
E01022847,27800,9
E01022848,28386,9
E01022849,31595,10
E01022850,31885,10
E01022851,33425,10
E01022852,31810,10
E01022853,32728,10
E01022854,33476,10
E01022855,23462,7
E01022856,25708,8
E01022858,18064,6
E01022859,28359,9
E01022860,32695,10
E01022861,33725,10
E01022862,26815,8
E01022863,33712,10
E01022864,24281,8
E01022865,33698,10
E01022867,30931,10
E01022868,33641,10
E01022869,32933,10
E01022870,32971,10
E01022871,25302,8
E01022872,31917,10
E01022874,29529,9
E01022875,21094,7
E01022876,32023,10
E01022877,31940,10
E01022878,32825,10
E01022879,22763,7
E01022880,20343,7
E01022881,28240,9
E01022882,28367,9
E01022883,33333,10
E01022884,31622,10
E01022885,32990,10
E01022887,27361,9
E01022888,30181,9
E01022889,20081,6
E01022890,17348,6
E01022891,31904,10
E01022892,32504,10
E01022893,30566,10
E01022894,29459,9
E01022895,33329,10
E01022896,33077,10
E01022897,33037,10
E01022898,33491,10
E01022899,10001,3
E01022900,4987,2
E01022901,6799,3
E01022902,8513,3
E01022903,2899,1
E01022904,7499,3
E01022905,887,1
E01022906,4465,2
E01022907,19376,6
E01022908,9714,3
E01022909,25383,8
E01022910,13550,5
E01022911,19133,6
E01022913,3361,1
E01022914,5056,2
E01022915,1294,1
E01022916,10337,4
E01022917,3015,1
E01022918,23162,7
E01022919,20393,7
E01022920,29926,9
E01022921,32700,10
E01022922,29020,9
E01022924,25012,8
E01022925,22852,7
E01022926,27884,9
E01022927,18001,6
E01022928,32472,10
E01022929,22434,7
E01022930,26675,8
E01022931,30179,9
E01022933,1263,1
E01022934,4197,2
E01022935,23260,7
E01022936,10396,4
E01022937,13750,5
E01022938,21214,7
E01022939,17560,6
E01022940,19235,6
E01022941,19724,6
E01022942,3742,2
E01022943,31577,10
E01022944,26053,8
E01022945,22326,7
E01022946,20071,6
E01022947,30035,9
E01022948,27020,9
E01022949,4016,2
E01022950,29773,9
E01022951,29665,9
E01022952,27942,9
E01022954,31097,10
E01022955,27367,9
E01022956,17686,6
E01022957,13763,5
E01022958,25170,8
E01022959,8517,3
E01022960,14371,5
E01022961,18266,6
E01022962,24199,8
E01022963,22672,7
E01022964,5835,2
E01022965,5939,2
E01022966,3893,2
E01022967,411,1
E01022968,3128,1
E01022969,2985,1
E01022970,3486,2
E01022971,31426,10
E01022972,30848,10
E01022973,11402,4
E01022974,31433,10
E01022975,23445,7
E01022976,10323,4
E01022977,30716,10
E01022978,28541,9
E01022979,21610,7
E01022980,20737,7
E01022981,32408,10
E01022982,29552,9
E01022983,29661,9
E01022984,25461,8
E01022985,27851,9
E01022986,28119,9
E01022987,32006,10
E01022988,9937,3
E01022989,26194,8
E01022990,25412,8
E01022991,27560,9
E01022992,25226,8
E01022993,14477,5
E01022994,28492,9
E01022995,27855,9
E01022996,14897,5
E01022997,21675,7
E01022998,29946,9
E01022999,14358,5
E01023000,27494,9
E01023001,26349,8
E01023002,20423,7
E01023003,28984,9
E01023004,25548,8
E01023005,33027,10
E01023006,2843,1
E01023007,18680,6
E01023008,21883,7
E01023009,31592,10
E01023010,12280,4
E01023011,16380,5
E01023012,24166,8
E01023013,20499,7
E01023014,22504,7
E01023015,17545,6
E01023016,29654,9
E01023017,16284,5
E01023018,6855,3
E01023019,14603,5
E01023020,29638,9
E01023021,30831,10
E01023022,13764,5
E01023023,17622,6
E01023024,30497,10
E01023025,22166,7
E01023026,19231,6
E01023027,17135,6
E01023028,16268,5
E01023029,2828,1
E01023030,20696,7
E01023031,19467,6
E01023032,19000,6
E01023033,10211,4
E01023034,22534,7
E01023035,27621,9
E01023036,29492,9
E01023037,9167,3
E01023038,32509,10
E01023039,22111,7
E01023040,31124,10
E01023041,30596,10
E01023042,17790,6
E01023043,31430,10
E01023044,33157,10
E01023045,29279,9
E01023046,19882,6
E01023047,28780,9
E01023048,26663,8
E01023049,25320,8
E01023050,23424,7
E01023051,26976,8
E01023052,31336,10
E01023053,31072,10
E01023054,22311,7
E01023055,6984,3
E01023056,22713,7
E01023057,19661,6
E01023058,6689,2
E01023059,28779,9
E01023060,30185,9
E01023061,14303,5
E01023062,29991,9
E01023063,20545,7
E01023064,25945,8
E01023065,16900,6
E01023066,28105,9
E01023067,30858,10
E01023068,13632,5
E01023069,26086,8
E01023070,16917,6
E01023071,21280,7
E01023072,29618,9
E01023073,32155,10
E01023074,22551,7
E01023075,19741,6
E01023076,30285,9
E01023077,9348,3
E01023078,24924,8
E01023079,17760,6
E01023080,19817,6
E01023081,20552,7
E01023082,16726,5
E01023083,9158,3
E01023084,28837,9
E01023085,11009,4
E01023086,19900,6
E01023087,30801,10
E01023088,10089,3
E01023089,26284,8
E01023090,24632,8
E01023091,7785,3
E01023092,32459,10
E01023093,32902,10
E01023094,26004,8
E01023095,17291,6
E01023096,28065,9
E01023097,32947,10
E01023098,21601,7
E01023099,12595,4
E01023100,18877,6
E01023101,30130,9
E01023102,30631,10
E01023103,27700,9
E01023104,15600,5
E01023105,11167,4
E01023106,7920,3
E01023107,7690,3
E01023108,6042,2
E01023109,23526,7
E01023110,15110,5
E01023111,31969,10
E01023112,31334,10
E01023113,25183,8
E01023114,30715,10
E01023115,27937,9
E01023116,22101,7
E01023117,31640,10
E01023118,18217,6
E01023119,4212,2
E01023120,9558,3
E01023121,14714,5
E01023122,10200,4
E01023123,23278,7
E01023124,24774,8
E01023125,22742,7
E01023128,14720,5
E01023129,15791,5
E01023130,29921,9
E01023131,24990,8
E01023132,22856,7
E01023133,30197,9
E01023134,27506,9
E01023135,20302,7
E01023136,28144,9
E01023137,21794,7
E01023138,16785,5
E01023139,19040,6
E01023140,19986,6
E01023141,22459,7
E01023144,13049,4
E01023145,9179,3
E01023146,10762,4
E01023147,26104,8
E01023148,28806,9
E01023149,27215,9
E01023150,24647,8
E01023151,13853,5
E01023152,27217,9
E01023153,9977,3
E01023154,5304,2
E01023156,4103,2
E01023157,7667,3
E01023158,28526,9
E01023159,20411,7
E01023160,29960,9
E01023162,21448,7
E01023163,28223,9
E01023164,23398,7
E01023165,19081,6
E01023166,19097,6
E01023167,18740,6
E01023168,22582,7
E01023169,31488,10
E01023170,27717,9
E01023171,26351,8
E01023172,32089,10
E01023173,33481,10
E01023174,29685,9
E01023175,33740,10
E01023176,23339,7
E01023177,16551,5
E01023178,19474,6
E01023179,17121,6
E01023180,30416,10
E01023181,31037,10
E01023182,28431,9
E01023183,17317,6
E01023184,23063,7
E01023185,16991,6
E01023186,27787,9
E01023187,29254,9
E01023188,33119,10
E01023189,32451,10
E01023190,27759,9
E01023191,28001,9
E01023192,12743,4
E01023193,27488,9
E01023194,31776,10
E01023195,26257,8
E01023196,21449,7
E01023197,19560,6
E01023198,20014,6
E01023200,32732,10
E01023202,7621,3
E01023203,24262,8
E01023204,11959,4
E01023205,7366,3
E01023206,20052,6
E01023207,33381,10
E01023208,17196,6
E01023209,33084,10
E01023210,33238,10
E01023211,31043,10
E01023212,33645,10
E01023213,32886,10
E01023214,33609,10
E01023215,26002,8
E01023216,14442,5
E01023217,30200,9
E01023218,33277,10
E01023219,16836,5
E01023220,28652,9
E01023221,20294,7
E01023222,30479,10
E01023223,19367,6
E01023225,21149,7
E01023226,31190,10
E01023227,25482,8
E01023228,29910,9
E01023229,27939,9
E01023230,32320,10
E01023231,27943,9
E01023232,23975,8
E01023233,27346,9
E01023234,18061,6
E01023235,18283,6
E01023236,23333,7
E01023237,14888,5
E01023238,30795,10
E01023239,31682,10
E01023240,31991,10
E01023241,31966,10
E01023242,33722,10
E01023243,31321,10
E01023244,33468,10
E01023245,24058,8
E01023246,20362,7
E01023247,33131,10
E01023248,33749,10
E01023249,27189,9
E01023250,19899,6
E01023251,14082,5
E01023252,19513,6
E01023253,28268,9
E01023254,26210,8
E01023255,20776,7
E01023256,7540,3
E01023257,21568,7
E01023258,17365,6
E01023259,28897,9
E01023260,5650,2
E01023261,10797,4
E01023262,13885,5
E01023263,31389,10
E01023264,24676,8
E01023265,28276,9
E01023266,31120,10
E01023267,27650,9
E01023268,32501,10
E01023269,33737,10
E01023270,21352,7
E01023271,18823,6
E01023272,30646,10
E01023273,30844,10
E01023274,24131,8
E01023275,26407,8
E01023276,30098,9
E01023277,21389,7
E01023278,30818,10
E01023279,32589,10
E01023280,25581,8
E01023281,22126,7
E01023282,21380,7
E01023285,13308,4
E01023286,18818,6
E01023287,31620,10
E01023288,13022,4
E01023289,33445,10
E01023290,32015,10
E01023291,32177,10
E01023292,28302,9
E01023293,18048,6
E01023294,8753,3
E01023295,14913,5
E01023296,13329,4
E01023297,25350,8
E01023298,22369,7
E01023299,19162,6
E01023300,9097,3
E01023301,10653,4
E01023302,8741,3
E01023303,10287,4
E01023304,14530,5
E01023305,18814,6
E01023306,21331,7
E01023307,24741,8
E01023308,28170,9
E01023309,29643,9
E01023310,9696,3
E01023311,21779,7
E01023312,25585,8
E01023313,31410,10
E01023314,18370,6
E01023315,28859,9
E01023316,30205,9
E01023317,21982,7
E01023318,27791,9
E01023319,29574,9
E01023320,14976,5
E01023321,28638,9
E01023322,15740,5
E01023323,7189,3
E01023324,14309,5
E01023325,15637,5
E01023326,9769,3
E01023327,17705,6
E01023328,19251,6
E01023329,20750,7
E01023330,11633,4
E01023331,15389,5
E01023332,15496,5
E01023333,10886,4
E01023334,22365,7
E01023335,23674,8
E01023336,10116,3
E01023337,8747,3
E01023339,8328,3
E01023340,12245,4
E01023341,19287,6
E01023343,6419,2
E01023344,19559,6
E01023345,19126,6
E01023346,10958,4
E01023347,25085,8
E01023348,6804,3
E01023349,11690,4
E01023350,16006,5
E01023351,22161,7
E01023352,24776,8
E01023354,31126,10
E01023355,29627,9
E01023356,17653,6
E01023357,9923,3
E01023358,10312,4
E01023359,16252,5
E01023360,24191,8
E01023361,28097,9
E01023362,33523,10
E01023363,33203,10
E01023364,33738,10
E01023365,24110,8
E01023366,19640,6
E01023367,33650,10
E01023368,32338,10
E01023369,12780,4
E01023370,28651,9
E01023371,31252,10
E01023372,33683,10
E01023373,28241,9
E01023374,27546,9
E01023375,24220,8
E01023376,23505,7
E01023377,27705,9
E01023378,30247,9
E01023379,30749,10
E01023380,31919,10
E01023381,33747,10
E01023382,23763,8
E01023383,22484,7
E01023384,14380,5
E01023385,21243,7
E01023386,16462,5
E01023387,12557,4
E01023388,19416,6
E01023389,30094,9
E01023390,14366,5
E01023391,21991,7
E01023392,13356,4
E01023393,8319,3
E01023394,17825,6
E01023395,10925,4
E01023396,18132,6
E01023397,6608,2
E01023399,13606,5
E01023400,13817,5
E01023401,9922,3
E01023402,14237,5
E01023403,10832,4
E01023404,3663,2
E01023405,6374,2
E01023406,24867,8
E01023407,29388,9
E01023408,32698,10
E01023409,18364,6
E01023410,32958,10
E01023411,18133,6
E01023412,33717,10
E01023413,19129,6
E01023414,22626,7
E01023415,27312,9
E01023416,30203,9
E01023417,25234,8
E01023418,11860,4
E01023419,26255,8
E01023420,32050,10
E01023421,32737,10
E01023422,33505,10
E01023423,30321,9
E01023424,22866,7
E01023425,33410,10
E01023426,26491,8
E01023427,14676,5
E01023428,26459,8
E01023429,13773,5
E01023430,24403,8
E01023431,17402,6
E01023432,25946,8
E01023433,17609,6
E01023434,17248,6
E01023435,16948,6
E01023436,28271,9
E01023437,5234,2
E01023438,28312,9
E01023439,25833,8
E01023440,33380,10
E01023441,29252,9
E01023442,28496,9
E01023443,31439,10
E01023444,31519,10
E01023445,22648,7
E01023447,9271,3
E01023448,31386,10
E01023449,31401,10
E01023451,33160,10
E01023452,33456,10
E01023453,31824,10
E01023454,30688,10
E01023455,33155,10
E01023456,32867,10
E01023457,32422,10
E01023458,29966,9
E01023459,33204,10
E01023460,31524,10
E01023461,33314,10
E01023462,15031,5
E01023463,22931,7
E01023465,22379,7
E01023466,19442,6
E01023467,25862,8
E01023468,31222,10
E01023469,20385,7
E01023470,27335,9
E01023471,31658,10
E01023472,17230,6
E01023473,32801,10
E01023474,32141,10
E01023475,14369,5
E01023476,33111,10
E01023477,30956,10
E01023479,28975,9
E01023480,20544,7
E01023481,26130,8
E01023482,33098,10
E01023483,30537,10
E01023484,19185,6
E01023485,19779,6
E01023486,22199,7
E01023487,8646,3
E01023488,11310,4
E01023489,28102,9
E01023490,28337,9
E01023491,17034,6
E01023492,26409,8
E01023493,19870,6
E01023494,15345,5
E01023495,15343,5
E01023496,15336,5
E01023497,24796,8
E01023499,15962,5
E01023500,31446,10
E01023501,29785,9
E01023502,30530,10
E01023503,33278,10
E01023504,14879,5
E01023505,27783,9
E01023506,19818,6
E01023507,22145,7
E01023509,20050,6
E01023510,31501,10
E01023511,25145,8
E01023512,29211,9
E01023513,20309,7
E01023514,22569,7
E01023515,32251,10
E01023516,32928,10
E01023517,24389,8
E01023518,14916,5
E01023519,19987,6
E01023520,32224,10
E01023523,32927,10
E01023524,33644,10
E01023525,26859,8
E01023526,33035,10
E01023527,15933,5
E01023528,25481,8
E01023529,14076,5
E01023530,6318,2
E01023531,15709,5
E01023532,21780,7
E01023533,14449,5
E01023534,11562,4
E01023535,14279,5
E01023536,2525,1
E01023537,21316,7
E01023538,8130,3
E01023540,23835,8
E01023541,21921,7
E01023542,18090,6
E01023543,9741,3
E01023544,23773,8
E01023545,19713,6
E01023546,12663,4
E01023547,10931,4
E01023548,28587,9
E01023549,29320,9
E01023550,33256,10
E01023551,33136,10
E01023552,23452,7
E01023553,27557,9
E01023554,18437,6
E01023555,10083,3
E01023556,22853,7
E01023557,30160,9
E01023558,29872,9
E01023559,29819,9
E01023560,14545,5
E01023561,20291,7
E01023562,32044,10
E01023563,29061,9
E01023564,14587,5
E01023565,28426,9
E01023566,33392,10
E01023567,32247,10
E01023568,31305,10
E01023569,27790,9
E01023570,15388,5
E01023571,26259,8
E01023572,16451,5
E01023573,7128,3
E01023574,8785,3
E01023575,15950,5
E01023576,27093,9
E01023577,27652,9
E01023578,33167,10
E01023579,20190,6
E01023580,25895,8
E01023581,32120,10
E01023582,15681,5
E01023583,14058,5
E01023584,10891,4
E01023585,20526,7
E01023586,26359,8
E01023587,32751,10
E01023588,33634,10
E01023589,25143,8
E01023590,27373,9
E01023591,32228,10
E01023592,14084,5
E01023593,14317,5
E01023594,22048,7
E01023595,26155,8
E01023596,22625,7
E01023597,22838,7
E01023598,18850,6
E01023600,19851,6
E01023601,24977,8
E01023602,22840,7
E01023603,32060,10
E01023604,31854,10
E01023605,21342,7
E01023606,20827,7
E01023607,33673,10
E01023608,33751,10
E01023609,31712,10
E01023610,33637,10
E01023611,14176,5
E01023612,29579,9
E01023613,7263,3
E01023614,33635,10
E01023615,32363,10
E01023616,28792,9
E01023617,32965,10
E01023618,24716,8
E01023619,31128,10
E01023620,14110,5
E01023621,23254,7
E01023622,21574,7
E01023623,18059,6
E01023624,18143,6
E01023625,24896,8
E01023626,28284,9
E01023627,28342,9
E01023628,30498,10
E01023629,23582,7
E01023630,15217,5
E01023631,10634,4
E01023632,19215,6
E01023633,14876,5
E01023634,30889,10
E01023635,19210,6
E01023636,23920,8
E01023637,9534,3
E01023638,15853,5
E01023639,30187,9
E01023640,5159,2
E01023641,7339,3
E01023642,33587,10
E01023643,11749,4
E01023644,28750,9
E01023645,20065,6
E01023646,9264,3
E01023647,33518,10
E01023648,33034,10
E01023649,25776,8
E01023650,10119,3
E01023651,22919,7
E01023652,10177,4
E01023653,25733,8
E01023654,32807,10
E01023655,28200,9
E01023656,28396,9
E01023657,33459,10
E01023658,23691,8
E01023659,33574,10
E01023660,26700,8
E01023661,13768,5
E01023662,25330,8
E01023663,18933,6
E01023664,30327,9
E01023665,31215,10
E01023666,22740,7
E01023667,32967,10
E01023668,33703,10
E01023669,10964,4
E01023670,29445,9
E01023671,17107,6
E01023672,24833,8
E01023673,33287,10
E01023674,27661,9
E01023675,32639,10
E01023676,25813,8
E01023677,13021,4
E01023678,29515,9
E01023680,27969,9
E01023681,9182,3
E01023682,25404,8
E01023683,18381,6
E01023684,32656,10
E01023685,33452,10
E01023686,33754,10
E01023687,14524,5
E01023688,31103,10
E01023689,33412,10
E01023690,33686,10
E01023691,33752,10
E01023692,24904,8
E01023693,32477,10
E01023694,33736,10
E01023695,33734,10
E01023696,33589,10
E01023697,30066,9
E01023698,33716,10
E01023699,33501,10
E01023700,33755,10
E01023701,29146,9
E01023702,33246,10
E01023703,33621,10
E01023704,21010,7
E01023705,11563,4
E01023706,24791,8
E01023708,21586,7
E01023709,27978,9
E01023710,33753,10
E01023711,32858,10
E01023712,26231,8
E01023713,28945,9
E01023714,33687,10
E01023715,33460,10
E01023716,32027,10
E01023717,23752,8
E01023718,30325,9
E01023719,19363,6
E01023720,12522,4
E01023721,32475,10
E01023722,18674,6
E01023723,14059,5
E01023724,30131,9
E01023725,31906,10
E01023726,29781,9
E01023727,19509,6
E01023728,25700,8
E01023730,33547,10
E01023731,29613,9
E01023732,22708,7
E01023733,31187,10
E01023734,33642,10
E01023735,31648,10
E01023736,22085,7
E01023737,10691,4
E01023738,11269,4
E01023739,21488,7
E01023740,28330,9
E01023741,32707,10
E01023742,33241,10
E01023743,31728,10
E01023744,33499,10
E01023745,29777,9
E01023746,15490,5
E01023747,30220,9
E01023748,30945,10
E01023749,33026,10
E01023750,5763,2
E01023751,16255,5
E01023752,16861,5
E01023753,27885,9
E01023754,23600,7
E01023755,15063,5
E01023756,9356,3
E01023757,11231,4
E01023759,14096,5
E01023760,21704,7
E01023761,15794,5
E01023762,18947,6
E01023763,23520,7
E01023764,18699,6
E01023765,17756,6
E01023766,12762,4
E01023767,31028,10
E01023769,17076,6
E01023770,31529,10
E01023771,21720,7
E01023772,13869,5
E01023773,10180,4
E01023774,8941,3
E01023775,13380,4
E01023776,20396,7
E01023777,22530,7
E01023778,10269,4
E01023779,13899,5
E01023780,12895,4
E01023781,10226,4
E01023782,14979,5
E01023783,12001,4
E01023784,16404,5
E01023785,10619,4
E01023786,16303,5
E01023787,16625,5
E01023788,12488,4
E01023790,11680,4
E01023791,17966,6
E01023792,15443,5
E01023793,9638,3
E01023794,10672,4
E01023795,21443,7
E01023796,11697,4
E01023797,11287,4
E01023798,17689,6
E01023799,26865,8
E01023800,18996,6
E01023801,23607,7
E01023802,28972,9
E01023803,32064,10
E01023804,20388,7
E01023805,11882,4
E01023806,18282,6
E01023807,14397,5
E01023809,23955,8
E01023810,32497,10
E01023811,29741,9
E01023812,33092,10
E01023813,31508,10
E01023814,30162,9
E01023815,32428,10
E01023816,32491,10
E01023817,32207,10
E01023818,33656,10
E01023819,29763,9
E01023820,32983,10
E01023821,33205,10
E01023822,33385,10
E01023823,26447,8
E01023824,33666,10
E01023825,33208,10
E01023826,33065,10
E01023827,15987,5
E01023828,14056,5
E01023829,15565,5
E01023830,17364,6
E01023831,25318,8
E01023832,17720,6
E01023834,23849,8
E01023835,23489,7
E01023836,16348,5
E01023837,20356,7
E01023838,9223,3
E01023839,33699,10
E01023840,33590,10
E01023841,32670,10
E01023842,11758,4
E01023843,14962,5
E01023844,7085,3
E01023845,19965,6
E01023846,30790,10
E01023847,29349,9
E01023848,19691,6
E01023849,30083,9
E01023850,20214,6
E01023851,32540,10
E01023852,30109,9
E01023853,33721,10
E01023854,24186,8
E01023855,16477,5
E01023856,20086,6
E01023857,11794,4
E01023858,19045,6
E01023860,7303,3
E01023862,15789,5
E01023863,18274,6
E01023864,14932,5
E01023865,10173,4
E01023866,6295,2
E01023868,16356,5
E01023869,17497,6
E01023870,9102,3
E01023871,19337,6
E01023872,25395,8
E01023873,10835,4
E01023874,13259,4
E01023875,27549,9
E01023876,5147,2
E01023877,13765,5
E01023878,33428,10
E01023880,21409,7
E01023881,29470,9
E01023882,30830,10
E01023883,12315,4
E01023884,21270,7
E01023885,31863,10
E01023886,27003,8
E01023887,33573,10
E01023888,27444,9
E01023889,33711,10
E01023890,23789,8
E01023891,9435,3
E01023892,20871,7
E01023893,28298,9
E01023894,31118,10
E01023895,27684,9
E01023896,29339,9
E01023897,25522,8
E01023898,32423,10
E01023899,10090,3
E01023900,17558,6
E01023901,16129,5
E01023902,23377,7
E01023903,14756,5
E01023904,14250,5
E01023905,14596,5
E01023906,8391,3
E01023907,21772,7
E01023908,32488,10
E01023909,32817,10
E01023910,27070,9
E01023911,29373,9
E01023912,27623,9
E01023913,19087,6
E01023914,13310,4
E01023915,18272,6
E01023916,22608,7
E01023917,29305,9
E01023918,20118,6
E01023919,33461,10
E01023920,6113,2
E01023921,14644,5
E01023922,16222,5
E01023923,21417,7
E01023924,9530,3
E01023925,16583,5
E01023926,32907,10
E01023927,16430,5
E01023929,18075,6
E01023930,12251,4
E01023932,13645,5
E01023933,10734,4
E01023934,13222,4
E01023935,28407,9
E01023936,15632,5
E01023937,17839,6
E01023938,31668,10
E01023939,16373,5
E01023940,21539,7
E01023942,14857,5
E01023943,17659,6
E01023944,18525,6
E01023945,18975,6
E01023946,29151,9
E01023947,22513,7
E01023948,32444,10
E01023949,32560,10
E01023950,28475,9
E01023951,7296,3
E01023952,16689,5
E01023953,31380,10
E01023955,13615,5
E01023956,13250,4
E01023957,10590,4
E01023958,6652,2
E01023959,33733,10
E01023960,22983,7
E01023961,18966,6
E01023962,28113,9
E01023963,18265,6
E01023965,32910,10
E01023966,32309,10
E01023967,27739,9
E01023968,24175,8
E01023969,26041,8
E01023970,17139,6
E01023971,33288,10
E01023972,9005,3
E01023973,5946,2
E01023974,5627,2
E01023975,8095,3
E01023976,4191,2
E01023977,20057,6
E01023978,14608,5
E01023979,14032,5
E01023980,15012,5
E01023981,8638,3
E01023983,28347,9
E01023984,4245,2
E01023985,12446,4
E01023986,11788,4
E01023987,11095,4
E01023988,15816,5
E01023989,23258,7
E01023990,6683,2
E01023992,15750,5
E01023993,23725,8
E01023995,30156,9
E01023996,29161,9
E01023997,9880,3
E01023998,11712,4
E01023999,28363,9
E01024001,8216,3
E01024002,11616,4
E01024003,20908,7
E01024004,28069,9
E01024005,16993,6
E01024006,30536,10
E01024008,31270,10
E01024009,21021,7
E01024010,15584,5
E01024011,24160,8
E01024012,22252,7
E01024013,14064,5
E01024014,16178,5
E01024015,23901,8
E01024016,19810,6
E01024017,21580,7
E01024019,3319,1
E01024020,1442,1
E01024021,9963,3
E01024022,17420,6
E01024023,18176,6
E01024024,20319,7
E01024025,10163,4
E01024026,18631,6
E01024028,2550,1
E01024029,13133,4
E01024031,13227,4
E01024032,12551,4
E01024033,16177,5
E01024035,18876,6
E01024036,15057,5
E01024037,17791,6
E01024038,11875,4
E01024039,16060,5
E01024040,14898,5
E01024041,24319,8
E01024042,9763,3
E01024043,23053,7
E01024044,23198,7
E01024045,21397,7
E01024046,30732,10
E01024047,3209,1
E01024048,8002,3
E01024049,1829,1
E01024052,10694,4
E01024053,19429,6
E01024054,14069,5
E01024055,28617,9
E01024056,29361,9
E01024057,27104,9
E01024058,24338,8
E01024059,7265,3
E01024060,24956,8
E01024061,3649,2
E01024062,22716,7
E01024063,31148,10
E01024064,23480,7
E01024065,13997,5
E01024066,6296,2
E01024067,17867,6
E01024068,29852,9
E01024069,20405,7
E01024070,15456,5
E01024071,16913,6
E01024072,15802,5
E01024073,17401,6
E01024074,25495,8
E01024075,13723,5
E01024076,22457,7
E01024077,23865,8
E01024078,4955,2
E01024079,18429,6
E01024080,3842,2
E01024081,4351,2
E01024082,13082,4
E01024083,6392,2
E01024084,14222,5
E01024085,23287,7
E01024086,10318,4
E01024087,15522,5
E01024088,21300,7
E01024089,24371,8
E01024090,4786,2
E01024091,1816,1
E01024092,5116,2
E01024093,5269,2
E01024094,18627,6
E01024095,15856,5
E01024096,21306,7
E01024097,23941,8
E01024098,27135,9
E01024099,3562,2
E01024100,17211,6
E01024101,11205,4
E01024102,26079,8
E01024103,5866,2
E01024104,28644,9
E01024105,23706,8
E01024106,28071,9
E01024107,29561,9
E01024108,3698,2
E01024109,20707,7
E01024110,16210,5
E01024111,9770,3
E01024112,25198,8
E01024113,17236,6
E01024114,30793,10
E01024115,30428,10
E01024116,31240,10
E01024117,21476,7
E01024118,14180,5
E01024119,6457,2
E01024120,16276,5
E01024121,24407,8
E01024122,12999,4
E01024123,30000,9
E01024124,17883,6
E01024126,5323,2
E01024127,19848,6
E01024128,2802,1
E01024129,14163,5
E01024131,31553,10
E01024132,12310,4
E01024133,22956,7
E01024134,13513,5
E01024135,5953,2
E01024136,16232,5
E01024137,25964,8
E01024138,13150,4
E01024139,30012,9
E01024143,27276,9
E01024144,31286,10
E01024145,27278,9
E01024146,31225,10
E01024147,29959,9
E01024150,31424,10
E01024151,30113,9
E01024152,20051,6
E01024153,32209,10
E01024154,6548,2
E01024155,10193,4
E01024156,14749,5
E01024157,21216,7
E01024158,21096,7
E01024159,26875,8
E01024160,30282,9
E01024161,13969,5
E01024162,12878,4
E01024163,13787,5
E01024164,12163,4
E01024165,4523,2
E01024166,9265,3
E01024167,11217,4
E01024168,17249,6
E01024169,15314,5
E01024170,4974,2
E01024171,14364,5
E01024172,16732,5
E01024173,18858,6
E01024174,14662,5
E01024175,17344,6
E01024176,8460,3
E01024177,3646,2
E01024178,12576,4
E01024179,10045,3
E01024180,18729,6
E01024181,20997,7
E01024182,6268,2
E01024183,28483,9
E01024184,24878,8
E01024185,22444,7
E01024186,27230,9
E01024187,26691,8
E01024188,28075,9
E01024189,16045,5
E01024190,14424,5
E01024192,4920,2
E01024193,2575,1
E01024194,11299,4
E01024195,8856,3
E01024196,1163,1
E01024197,9072,3
E01024198,15243,5
E01024200,12596,4
E01024201,17027,6
E01024202,10840,4
E01024203,20523,7
E01024204,8520,3
E01024205,13148,4
E01024206,13996,5
E01024207,18106,6
E01024208,12021,4
E01024209,20155,6
E01024212,15954,5
E01024213,28545,9
E01024214,2673,1
E01024215,714,1
E01024216,13644,5
E01024218,4491,2
E01024219,9407,3
E01024220,17836,6
E01024221,26235,8
E01024222,7529,3
E01024223,10973,4
E01024224,22009,7
E01024225,14953,5
E01024226,9410,3
E01024227,16181,5
E01024228,12604,4
E01024229,13799,5
E01024230,18796,6
E01024231,13370,4
E01024232,20799,7
E01024233,30925,10
E01024234,19228,6
E01024235,22658,7
E01024236,16170,5
E01024237,21939,7
E01024238,15555,5
E01024239,5196,2
E01024240,1895,1
E01024241,4028,2
E01024242,22479,7
E01024243,11765,4
E01024244,21269,7
E01024245,19892,6
E01024246,3492,2
E01024247,2674,1
E01024248,3968,2
E01024249,2635,1
E01024250,14828,5
E01024251,13008,4
E01024252,20131,6
E01024253,26501,8
E01024254,14119,5
E01024255,22423,7
E01024256,24507,8
E01024257,2333,1
E01024258,11008,4
E01024259,30564,10
E01024260,21363,7
E01024261,21863,7
E01024262,10825,4
E01024263,5240,2
E01024264,5609,2
E01024265,25590,8
E01024266,13839,5
E01024267,21180,7
E01024268,27472,9
E01024269,27803,9
E01024270,28434,9
E01024271,17650,6
E01024272,30088,9
E01024273,22726,7
E01024274,20589,7
E01024275,21815,7
E01024276,16778,5
E01024277,3620,2
E01024278,1201,1
E01024279,9809,3
E01024281,13234,4
E01024282,11474,4
E01024283,14950,5
E01024284,9210,3
E01024285,19835,6
E01024286,24074,8
E01024287,10693,4
E01024288,25099,8
E01024290,12505,4
E01024291,7162,3
E01024292,17878,6
E01024293,13560,5
E01024294,6430,2
E01024295,1706,1
E01024296,7498,3
E01024297,26861,8
E01024298,28008,9
E01024299,27439,9
E01024300,24431,8
E01024301,19865,6
E01024302,23129,7
E01024303,13414,4
E01024304,12109,4
E01024305,2846,1
E01024306,4356,2
E01024307,11194,4
E01024308,2520,1
E01024309,5040,2
E01024310,9905,3
E01024311,7015,3
E01024312,13026,4
E01024313,22320,7
E01024314,19734,6
E01024315,6313,2
E01024316,20435,7
E01024317,16898,6
E01024318,20874,7
E01024319,16637,5
E01024320,31786,10
E01024321,32352,10
E01024322,32484,10
E01024323,27792,9
E01024324,30386,10
E01024325,28078,9
E01024326,31604,10
E01024327,26115,8
E01024328,25240,8
E01024329,32109,10
E01024330,33069,10
E01024331,22355,7
E01024332,11614,4
E01024333,20953,7
E01024335,18985,6
E01024336,27224,9
E01024337,32268,10
E01024339,11927,4
E01024340,18929,6
E01024341,32055,10
E01024342,12981,4
E01024343,19747,6
E01024344,19704,6
E01024345,14814,5
E01024346,16317,5
E01024347,22754,7
E01024348,33248,10
E01024349,27178,9
E01024350,21860,7
E01024351,27282,9
E01024352,6311,2
E01024353,30987,10
E01024354,23960,8
E01024355,19716,6
E01024356,18072,6
E01024357,17387,6
E01024358,9582,3
E01024360,20712,7
E01024361,15436,5
E01024362,15613,5
E01024364,7502,3
E01024365,21011,7
E01024366,12338,4
E01024367,20378,7
E01024369,30008,9
E01024371,24344,8
E01024372,9254,3
E01024373,10956,4
E01024374,4289,2
E01024375,15474,5
E01024376,22132,7
E01024377,11168,4
E01024378,17312,6
E01024379,13640,5
E01024380,17801,6
E01024381,13724,5
E01024382,16899,6
E01024383,14271,5
E01024384,10723,4
E01024385,24746,8
E01024386,26798,8
E01024387,11398,4
E01024390,6468,2
E01024391,4848,2
E01024392,9274,3
E01024393,13561,5
E01024394,27668,9
E01024395,11143,4
E01024396,9506,3
E01024397,3107,1
E01024398,4345,2
E01024399,8240,3
E01024400,16869,5
E01024401,15811,5
E01024402,29013,9
E01024403,18219,6
E01024404,27622,9
E01024405,18378,6
E01024406,16352,5
E01024407,16740,5
E01024408,25179,8
E01024409,20841,7
E01024410,16549,5
E01024411,14817,5
E01024413,12083,4
E01024414,19858,6
E01024415,28481,9
E01024416,27598,9
E01024417,16385,5
E01024418,32529,10
E01024419,22441,7
E01024420,15967,5
E01024421,13804,5
E01024423,28842,9
E01024424,33514,10
E01024425,18008,6
E01024426,28839,9
E01024427,10998,4
E01024428,14732,5
E01024429,8955,3
E01024430,17101,6
E01024431,23605,7
E01024432,13578,5
E01024433,17370,6
E01024434,15510,5
E01024435,15329,5
E01024436,16684,5
E01024437,15225,5
E01024438,18650,6
E01024439,21572,7
E01024440,24780,8
E01024441,29569,9
E01024442,26712,8
E01024443,31502,10
E01024444,8899,3
E01024445,26092,8
E01024446,26751,8
E01024447,14329,5
E01024448,21699,7
E01024449,32065,10
E01024450,21566,7
E01024451,24462,8
E01024452,16065,5
E01024453,32197,10
E01024454,22550,7
E01024455,17991,6
E01024456,13622,5
E01024457,15868,5
E01024458,26785,8
E01024459,23510,7
E01024460,17102,6
E01024461,31597,10
E01024462,26876,8
E01024463,33444,10
E01024464,33132,10
E01024465,14827,5
E01024466,15102,5
E01024467,33293,10
E01024468,28962,9
E01024469,31162,10
E01024470,32622,10
E01024471,31025,10
E01024472,13328,4
E01024473,25743,8
E01024474,32784,10
E01024475,20403,7
E01024476,3207,1
E01024477,4927,2
E01024478,17577,6
E01024479,23659,8
E01024480,5384,2
E01024481,9320,3
E01024482,7664,3
E01024483,21674,7
E01024484,24586,8
E01024485,13153,4
E01024486,7434,3
E01024487,10236,4
E01024488,7640,3
E01024489,10677,4
E01024490,17255,6
E01024491,16912,6
E01024492,11493,4
E01024493,8393,3
E01024494,12497,4
E01024495,15640,5
E01024496,4003,2
E01024497,8017,3
E01024498,1287,1
E01024499,5185,2
E01024500,4089,2
E01024501,5176,2
E01024502,4673,2
E01024503,10837,4
E01024504,306,1
E01024505,5298,2
E01024507,1198,1
E01024508,10385,4
E01024509,10112,3
E01024510,13611,5
E01024511,29400,9
E01024512,13071,4
E01024513,18092,6
E01024514,21093,7
E01024515,24079,8
E01024516,18708,6
E01024517,8111,3
E01024518,21233,7
E01024519,20072,6
E01024520,14712,5
E01024521,21054,7
E01024522,20970,7
E01024523,31239,10
E01024524,5528,2
E01024525,12534,4
E01024526,29355,9
E01024527,26646,8
E01024528,12140,4
E01024529,7310,3
E01024530,18987,6
E01024531,16104,5
E01024532,12530,4
E01024533,7285,3
E01024534,3211,1
E01024535,7962,3
E01024536,20550,7
E01024537,11742,4
E01024538,20041,6
E01024539,4806,2
E01024540,17708,6
E01024541,10349,4
E01024542,21336,7
E01024544,15461,5
E01024545,22943,7
E01024546,12380,4
E01024547,16111,5
E01024548,5067,2
E01024549,7309,3
E01024550,20010,6
E01024551,16365,5
E01024552,10196,4
E01024553,20126,6
E01024554,21069,7
E01024555,14330,5
E01024556,16236,5
E01024557,10903,4
E01024558,18673,6
E01024559,9916,3
E01024560,9176,3
E01024561,12603,4
E01024562,14981,5
E01024563,2040,1
E01024564,24922,8
E01024565,12871,4
E01024566,11674,4
E01024569,20532,7
E01024570,12192,4
E01024571,13397,4
E01024572,17088,6
E01024573,19434,6
E01024575,19706,6
E01024576,23421,7
E01024577,14179,5
E01024578,19184,6
E01024580,896,1
E01024581,3699,2
E01024582,14965,5
E01024583,9175,3
E01024584,2354,1
E01024585,3816,2
E01024586,9871,3
E01024587,14726,5
E01024588,16246,5
E01024589,19406,6
E01024590,554,1
E01024591,12080,4
E01024592,20480,7
E01024593,11699,4
E01024594,15074,5
E01024595,13341,4
E01024596,4494,2
E01024597,3412,2
E01024598,16649,5
E01024599,7299,3
E01024600,5052,2
E01024601,11903,4
E01024602,18752,6
E01024603,26705,8
E01024604,6052,2
E01024605,27748,9
E01024606,19148,6
E01024608,6277,2
E01024609,95,1
E01024610,1069,1
E01024611,1344,1
E01024612,2595,1
E01024613,682,1
E01024614,662,1
E01024615,479,1
E01024616,3006,1
E01024619,16894,6
E01024620,11366,4
E01024621,2512,1
E01024622,10764,4
E01024623,9331,3
E01024624,14706,5
E01024625,26627,8
E01024626,26007,8
E01024627,6269,2
E01024628,15370,5
E01024629,22390,7
E01024630,19022,6
E01024631,32121,10
E01024632,32288,10
E01024633,6073,2
E01024634,7995,3
E01024635,20603,7
E01024636,19062,6
E01024637,23052,7
E01024638,14419,5
E01024639,11195,4
E01024640,12824,4
E01024641,6448,2
E01024642,26328,8
E01024643,9637,3
E01024644,30265,9
E01024645,8411,3
E01024646,2862,1
E01024647,12183,4
E01024648,6606,2
E01024649,4574,2
E01024650,26778,8
E01024651,11261,4
E01024652,18507,6
E01024653,20015,6
E01024654,17796,6
E01024655,23378,7
E01024656,14111,5
E01024657,87,1
E01024658,505,1
E01024659,4110,2
E01024660,1585,1
E01024661,3158,1
E01024662,3674,2
E01024663,55,1
E01024664,5386,2
E01024665,9206,3
E01024666,519,1
E01024667,48,1
E01024668,11659,4
E01024669,7416,3
E01024670,3339,1
E01024671,3672,2
E01024672,3409,2
E01024673,11061,4
E01024674,19667,6
E01024675,23556,7
E01024676,49,1
E01024677,4946,2
E01024679,17516,6
E01024680,20070,6
E01024681,10675,4
E01024682,1062,1
E01024683,139,1
E01024684,4726,2
E01024685,7344,3
E01024686,5658,2
E01024687,1086,1
E01024688,8295,3
E01024689,19050,6
E01024690,14022,5
E01024691,13735,5
E01024692,14606,5
E01024693,21058,7
E01024694,9833,3
E01024695,7561,3
E01024696,10451,4
E01024697,2500,1
E01024698,12372,4
E01024699,3454,2
E01024700,17453,6
E01024702,8819,3
E01024703,16414,5
E01024704,15773,5
E01024705,7971,3
E01024706,22628,7
E01024707,21715,7
E01024708,23429,7
E01024709,23817,8
E01024710,4006,2
E01024711,16853,5
E01024712,24193,8
E01024713,9219,3
E01024714,13183,4
E01024715,7656,3
E01024716,18859,6
E01024717,9103,3
E01024718,32733,10
E01024719,23249,7
E01024720,31020,10
E01024721,24174,8
E01024722,28384,9
E01024723,21338,7
E01024724,30300,9
E01024725,27115,9
E01024726,16723,5
E01024728,13075,4
E01024729,16669,5
E01024730,27374,9
E01024731,32530,10
E01024732,21356,7
E01024733,31391,10
E01024734,28033,9
E01024735,28435,9
E01024736,16671,5
E01024737,22277,7
E01024740,21898,7
E01024741,5283,2
E01024742,10498,4
E01024743,16767,5
E01024744,25727,8
E01024745,26734,8
E01024746,22054,7
E01024747,8418,3
E01024748,33316,10
E01024749,11751,4
E01024750,24313,8
E01024751,32730,10
E01024752,32654,10
E01024753,31292,10
E01024754,27890,9
E01024755,29680,9
E01024756,16025,5
E01024757,29142,9
E01024758,24979,8
E01024760,26841,8
E01024761,27144,9
E01024762,27656,9
E01024763,21036,7
E01024764,13503,5
E01024765,30950,10
E01024767,12977,4
E01024768,31545,10
E01024771,10852,4
E01024772,24112,8
E01024773,30459,10
E01024775,5199,2
E01024776,12464,4
E01024777,8399,3
E01024778,30539,10
E01024779,22340,7
E01024780,21085,7
E01024781,23174,7
E01024782,30903,10
E01024783,13949,5
E01024785,27728,9
E01024786,15087,5
E01024787,19377,6
E01024788,9903,3
E01024789,17718,6
E01024790,7766,3
E01024791,27539,9
E01024792,22205,7
E01024793,18605,6
E01024794,15777,5
E01024795,6479,2
E01024796,13390,4
E01024797,29406,9
E01024798,20247,6
E01024799,28058,9
E01024800,33150,10
E01024802,25623,8
E01024803,17416,6
E01024804,17363,6
E01024805,16080,5
E01024806,13820,5
E01024807,10559,4
E01024808,24514,8
E01024809,14247,5
E01024810,19529,6
E01024811,29230,9
E01024812,20132,6
E01024813,14156,5
E01024814,27159,9
E01024815,12419,4
E01024816,15123,5
E01024817,33326,10
E01024818,31223,10
E01024819,27238,9
E01024820,33190,10
E01024821,28159,9
E01024822,26816,8
E01024823,24925,8
E01024824,31359,10
E01024825,22187,7
E01024826,23586,7
E01024827,22849,7
E01024828,20599,7
E01024829,25790,8
E01024830,12829,4
E01024831,12326,4
E01024832,27471,9
E01024833,13011,4
E01024834,25783,8
E01024835,27880,9
E01024836,15540,5
E01024837,31095,10
E01024838,31154,10
E01024839,26696,8
E01024840,4714,2
E01024841,11358,4
E01024842,13158,4
E01024843,9691,3
E01024844,19161,6
E01024845,23995,8
E01024846,18321,6
E01024847,16091,5
E01024848,18581,6
E01024849,24121,8
E01024850,32992,10
E01024851,25484,8
E01024852,33154,10
E01024853,27930,9
E01024854,29467,9
E01024855,331,1
E01024856,1336,1
E01024857,2810,1
E01024858,116,1
E01024859,10410,4
E01024860,17596,6
E01024861,24485,8
E01024862,21940,7
E01024863,5005,2
E01024864,5903,2
E01024865,2164,1
E01024866,6760,3
E01024867,28031,9
E01024868,18600,6
E01024869,27323,9
E01024870,17331,6
E01024871,12367,4
E01024872,1203,1
E01024873,15196,5
E01024874,23583,7
E01024875,1799,1
E01024876,1769,1
E01024877,436,1
E01024878,1998,1
E01024879,12404,4
E01024880,9045,3
E01024881,3740,2
E01024882,2277,1
E01024883,3822,2
E01024884,9868,3
E01024885,1728,1
E01024886,3164,1
E01024887,9232,3
E01024888,18308,6
E01024889,8462,3
E01024890,2518,1
E01024891,9576,3
E01024892,8011,3
E01024893,2918,1
E01024894,8630,3
E01024895,917,1
E01024896,10055,3
E01024897,8195,3
E01024898,1547,1
E01024899,1193,1
E01024900,780,1
E01024901,23908,8
E01024902,6777,3
E01024903,5247,2
E01024904,7417,3
E01024905,20036,6
E01024906,303,1
E01024907,392,1
E01024908,768,1
E01024909,772,1
E01024910,2743,1
E01024911,7876,3
E01024912,30216,9
E01024913,27725,9
E01024914,28943,9
E01024915,18191,6
E01024916,27848,9
E01024917,13364,4
E01024918,28679,9
E01024920,26171,8
E01024921,23911,8
E01024922,17920,6
E01024923,23476,7
E01024924,23346,7
E01024925,3561,2
E01024926,8435,3
E01024927,12649,4
E01024928,15771,5
E01024930,11405,4
E01024931,7424,3
E01024933,8974,3
E01024934,27738,9
E01024935,25341,8
E01024936,8729,3
E01024937,28022,9
E01024938,25961,8
E01024939,29774,9
E01024940,1917,1
E01024941,5814,2
E01024942,3512,2
E01024943,7833,3
E01024944,29176,9
E01024946,28484,9
E01024947,31980,10
E01024948,27944,9
E01024950,32313,10
E01024951,3165,1
E01024952,5679,2
E01024953,2235,1
E01024954,16602,5
E01024955,23656,8
E01024956,31563,10
E01024957,27736,9
E01024958,11251,4
E01024959,7644,3
E01024960,12688,4
E01024961,19471,6
E01024962,23059,7
E01024963,28056,9
E01024964,26287,8
E01024965,29908,9
E01024966,27580,9
E01024967,29197,9
E01024968,32466,10
E01024969,14055,5
E01024970,30885,10
E01024971,25672,8
E01024972,30921,10
E01024973,24970,8
E01024974,27856,9
E01024975,19885,6
E01024976,21678,7
E01024977,30932,10
E01024978,17120,6
E01024979,25794,8
E01024980,25956,8
E01024981,28313,9
E01024982,19682,6
E01024983,25901,8
E01024984,22881,7
E01024985,22272,7
E01024986,6695,2
E01024987,1708,1
E01024988,10726,4
E01024989,14750,5
E01024990,22622,7
E01024991,21655,7
E01024992,30947,10
E01024993,23427,7
E01024994,30750,10
E01024995,25063,8
E01024996,9565,3
E01024997,24991,8
E01024998,10383,4
E01024999,20855,7
E01025000,23919,8
E01025001,16924,6
E01025002,17566,6
E01025003,28650,9
E01025004,23904,8
E01025005,20987,7
E01025006,3161,1
E01025007,29087,9
E01025008,30465,10
E01025009,11624,4
E01025010,31107,10
E01025011,7388,3
E01025012,23760,8
E01025013,12009,4
E01025014,20303,7
E01025015,25010,8
E01025016,32257,10
E01025017,11378,4
E01025018,27641,9
E01025019,30164,9
E01025020,17073,6
E01025021,28495,9
E01025022,28168,9
E01025023,29792,9
E01025024,10098,3
E01025025,13904,5
E01025026,15679,5
E01025027,15909,5
E01025028,21565,7
E01025029,17712,6
E01025030,13279,4
E01025031,17625,6
E01025032,4490,2
E01025033,22055,7
E01025034,6298,2
E01025035,11630,4
E01025036,327,1
E01025037,5995,2
E01025038,26933,8
E01025039,26558,8
E01025040,24759,8
E01025041,419,1
E01025042,733,1
E01025044,4521,2
E01025045,569,1
E01025046,2154,1
E01025048,25597,8
E01025049,1327,1
E01025050,12137,4
E01025051,5418,2
E01025052,22653,7
E01025053,16156,5
E01025054,11007,4
E01025055,3075,1
E01025056,25432,8
E01025057,7132,3
E01025058,5726,2
E01025059,8281,3
E01025060,2524,1
E01025061,15683,5
E01025062,1792,1
E01025063,9021,3
E01025064,26661,8
E01025065,7805,3
E01025066,14532,5
E01025067,1390,1
E01025068,952,1
E01025069,4995,2
E01025070,2872,1
E01025071,9668,3
E01025072,3815,2
E01025073,9981,3
E01025074,27264,9
E01025075,4109,2
E01025076,9032,3
E01025077,5182,2
E01025078,23914,8
E01025079,19614,6
E01025080,12574,4
E01025081,18632,6
E01025082,1577,1
E01025083,916,1
E01025084,1044,1
E01025085,23252,7
E01025086,27919,9
E01025087,9226,3
E01025088,26253,8
E01025089,21145,7
E01025090,29220,9
E01025091,5600,2
E01025092,4071,2
E01025093,13813,5
E01025094,12704,4
E01025095,30802,10
E01025096,21411,7
E01025097,8643,3
E01025098,16495,5
E01025099,16357,5
E01025100,19829,6
E01025101,4261,2
E01025102,19532,6
E01025103,33318,10
E01025105,26208,8
E01025106,21997,7
E01025107,17186,6
E01025108,24302,8
E01025109,30039,9
E01025110,457,1
E01025111,14495,5
E01025112,1521,1
E01025113,11997,4
E01025114,19303,6
E01025115,5518,2
E01025116,5944,2
E01025117,129,1
E01025118,4233,2
E01025119,11184,4
E01025120,2789,1
E01025121,20590,7
E01025122,20199,6
E01025123,19720,6
E01025124,4180,2
E01025126,32339,10
E01025127,29965,9
E01025128,14687,5
E01025130,23651,8
E01025131,20983,7
E01025132,18733,6
E01025133,28700,9
E01025136,347,1
E01025137,16673,5
E01025138,5011,2
E01025139,155,1
E01025140,3443,2
E01025141,27190,9
E01025142,31676,10
E01025143,10063,3
E01025144,15573,5
E01025145,21089,7
E01025146,31707,10
E01025147,25272,8
E01025148,26317,8
E01025149,11524,4
E01025150,11327,4
E01025151,2941,1
E01025152,6868,3
E01025153,18233,6
E01025154,683,1
E01025155,25797,8
E01025156,340,1
E01025157,4393,2
E01025158,31432,10
E01025159,19273,6
E01025160,32057,10
E01025161,23671,8
E01025162,25900,8
E01025163,28822,9
E01025164,18735,6
E01025165,27618,9
E01025166,23497,7
E01025167,20357,7
E01025168,18088,6
E01025169,23733,8
E01025170,11833,4
E01025171,377,1
E01025172,8857,3
E01025173,3398,2
E01025174,16536,5
E01025175,26723,8
E01025176,14639,5
E01025177,26753,8
E01025178,20195,6
E01025179,12942,4
E01025180,18007,6
E01025181,1200,1
E01025182,1430,1
E01025183,1702,1
E01025184,1554,1
E01025185,1912,1
E01025186,2633,1
E01025187,8879,3
E01025188,1389,1
E01025189,1720,1
E01025190,10306,4
E01025191,22765,7
E01025192,8151,3
E01025193,13403,4
E01025194,10535,4
E01025195,21344,7
E01025196,6019,2
E01025197,21291,7
E01025198,10135,4
E01025199,19322,6
E01025200,11058,4
E01025201,11799,4
E01025202,17206,6
E01025203,21802,7
E01025204,18449,6
E01025205,2634,1
E01025206,18127,6
E01025207,1503,1
E01025208,3934,2
E01025209,7867,3
E01025210,3547,2
E01025211,24093,8
E01025212,15635,5
E01025213,9022,3
E01025214,20253,6
E01025215,1726,1
E01025216,7614,3
E01025217,1265,1
E01025218,449,1
E01025219,368,1
E01025220,1768,1
E01025221,7251,3
E01025222,21680,7
E01025223,4816,2
E01025224,1505,1
E01025225,8922,3
E01025226,1731,1
E01025227,992,1
E01025228,16955,6
E01025229,2294,1
E01025230,1238,1
E01025231,22629,7
E01025232,4237,2
E01025233,20602,7
E01025234,7608,3
E01025235,18689,6
E01025236,3370,1
E01025237,6111,2
E01025238,2492,1
E01025239,16251,5
E01025240,28767,9
E01025241,25759,8
E01025242,27990,9
E01025243,14093,5
E01025244,5282,2
E01025245,3937,2
E01025246,5738,2
E01025247,3525,2
E01025248,824,1
E01025249,10280,4
E01025250,2426,1
E01025251,20585,7
E01025252,13769,5
E01025253,31937,10
E01025254,27979,9
E01025255,29074,9
E01025256,27544,9
E01025257,32406,10
E01025258,29093,9
E01025259,31405,10
E01025260,2065,1
E01025261,20816,7
E01025262,6080,2
E01025263,3395,2
E01025264,5314,2
E01025265,14595,5
E01025266,23319,7
E01025267,8168,3
E01025268,4554,2
E01025269,6370,2
E01025270,19931,6
E01025271,9615,3
E01025272,23080,7
E01025273,32708,10
E01025274,4370,2
E01025275,2418,1
E01025276,7901,3
E01025277,27219,9
E01025278,28919,9
E01025279,25640,8
E01025281,29525,9
E01025282,15915,5
E01025283,1384,1
E01025284,8751,3
E01025285,6506,2
E01025286,935,1
E01025287,1061,1
E01025288,11338,4
E01025289,3688,2
E01025290,5319,2
E01025291,8806,3
E01025292,5074,2
E01025293,1539,1
E01025294,3931,2
E01025295,2126,1
E01025296,1929,1
E01025297,1217,1
E01025298,1820,1
E01025299,28219,9
E01025300,15235,5
E01025301,20053,6
E01025302,26019,8
E01025303,28340,9
E01025304,13298,4
E01025305,4854,2
E01025306,5778,2
E01025308,8660,3
E01025309,12941,4
E01025310,4487,2
E01025311,6670,2
E01025312,7242,3
E01025313,4183,2
E01025314,10375,4
E01025315,17815,6
E01025316,30964,10
E01025317,19958,6
E01025318,29547,9
E01025319,30334,9
E01025320,15398,5
E01025321,20395,7
E01025322,18530,6
E01025323,25814,8
E01025324,29871,9
E01025325,9910,3
E01025326,26506,8
E01025327,29992,9
E01025328,30611,10
E01025329,23083,7
E01025330,24192,8
E01025331,16545,5
E01025333,20391,7
E01025334,28052,9
E01025335,12436,4
E01025336,25996,8
E01025337,27337,9
E01025338,17627,6
E01025339,28335,9
E01025340,21329,7
E01025341,32562,10
E01025342,25454,8
E01025343,21401,7
E01025344,23060,7
E01025345,32318,10
E01025346,24948,8
E01025347,24950,8
E01025348,21774,7
E01025349,26340,8
E01025350,31049,10
E01025351,28546,9
E01025352,32512,10
E01025354,31147,10
E01025355,31703,10
E01025356,7158,3
E01025357,14319,5
E01025358,21814,7
E01025359,11667,4
E01025360,9044,3
E01025361,15942,5
E01025362,20609,7
E01025363,15385,5
E01025364,27678,9
E01025365,20508,7
E01025366,7192,3
E01025367,17208,6
E01025368,6507,2
E01025369,2801,1
E01025370,8746,3
E01025371,4809,2
E01025373,20290,7
E01025374,8341,3
E01025375,18258,6
E01025376,7432,3
E01025377,26645,8
E01025378,26134,8
E01025379,6013,2
E01025380,30269,9
E01025381,3625,2
E01025382,2337,1
E01025383,21956,7
E01025384,19787,6
E01025385,3618,2
E01025387,20296,7
E01025388,5607,2
E01025389,2644,1
E01025390,5675,2
E01025391,5722,2
E01025392,9527,3
E01025393,10245,4
E01025394,8527,3
E01025395,12232,4
E01025396,1170,1
E01025397,4186,2
E01025398,4964,2
E01025399,5813,2
E01025400,24195,8
E01025401,22517,7
E01025402,15021,5
E01025403,32940,10
E01025404,30600,10
E01025405,7948,3
E01025406,25442,8
E01025407,7358,3
E01025408,31888,10
E01025409,27150,9
E01025410,33684,10
E01025411,23660,8
E01025412,15888,5
E01025413,24987,8
E01025414,31941,10
E01025415,15910,5
E01025416,26595,8
E01025417,23357,7
E01025418,19601,6
E01025419,19718,6
E01025421,21764,7
E01025422,11779,4
E01025423,1443,1
E01025424,33000,10
E01025425,31530,10
E01025426,32925,10
E01025427,13166,4
E01025428,12888,4
E01025429,3684,2
E01025431,12833,4
E01025433,19651,6
E01025434,33178,10
E01025435,12747,4
E01025436,27773,9
E01025437,24909,8
E01025438,31371,10
E01025439,30592,10
E01025440,31146,10
E01025441,29726,9
E01025442,5934,2
E01025443,29603,9
E01025444,18100,6
E01025445,4453,2
E01025446,22012,7
E01025447,1120,1
E01025448,17445,6
E01025451,32297,10
E01025452,5677,2
E01025453,31318,10
E01025454,30159,9
E01025455,27533,9
E01025456,20256,7
E01025457,17520,6
E01025458,15333,5
E01025459,15167,5
E01025460,7953,3
E01025461,32516,10
E01025462,27923,9
E01025463,25769,8
E01025464,33424,10
E01025465,19340,6
E01025466,31309,10
E01025467,32340,10
E01025468,26311,8
E01025469,9949,3
E01025470,28362,9
E01025471,3784,2
E01025472,31637,10
E01025473,20295,7
E01025474,17130,6
E01025475,31661,10
E01025476,31310,10
E01025477,25655,8
E01025478,32742,10
E01025479,20004,6
E01025480,5721,2
E01025481,5880,2
E01025482,1269,1
E01025483,17547,6
E01025484,30935,10
E01025485,21420,7
E01025486,21730,7
E01025487,23022,7
E01025488,28114,9
E01025489,26550,8
E01025490,28985,9
E01025491,31397,10
E01025492,11106,4
E01025493,652,1
E01025494,1219,1
E01025495,22497,7
E01025496,20445,7
E01025497,25883,8
E01025498,23675,8
E01025499,23365,7
E01025500,20244,6
E01025501,30262,9
E01025502,32962,10
E01025503,3387,2
E01025504,1565,1
E01025505,10757,4
E01025506,26894,8
E01025507,17877,6
E01025508,8774,3
E01025509,14187,5
E01025510,29961,9
E01025511,29068,9
E01025512,27427,9
E01025513,24006,8
E01025514,19575,6
E01025515,13903,5
E01025516,25843,8
E01025517,14667,5
E01025518,13327,4
E01025519,26325,8
E01025520,4068,2
E01025521,6832,3
E01025522,17189,6
E01025523,11544,4
E01025524,3686,2
E01025525,13426,4
E01025526,13360,4
E01025527,4061,2
E01025528,4736,2
E01025529,7821,3
E01025530,28768,9
E01025531,20996,7
E01025532,31111,10
E01025533,25159,8
E01025534,30758,10
E01025535,22846,7
E01025536,7214,3
E01025537,25685,8
E01025538,25941,8
E01025539,26669,8
E01025540,24722,8
E01025541,17180,6
E01025542,26395,8
E01025543,11192,4
E01025544,11964,4
E01025545,28387,9
E01025546,20580,7
E01025547,23058,7
E01025548,16905,6
E01025549,25337,8
E01025550,28261,9
E01025551,28963,9
E01025552,29892,9
E01025553,29747,9
E01025554,12915,4
E01025555,12587,4
E01025556,12589,4
E01025557,24814,8
E01025558,27292,9
E01025559,20218,6
E01025560,29475,9
E01025561,26435,8
E01025562,19904,6
E01025563,14870,5
E01025564,19991,6
E01025565,19822,6
E01025566,29901,9
E01025567,14155,5
E01025568,21770,7
E01025569,29609,9
E01025570,1478,1
E01025571,7230,3
E01025572,15019,5
E01025573,15900,5
E01025574,330,1
E01025575,3790,2
E01025576,20950,7
E01025577,8970,3
E01025578,5907,2
E01025579,1029,1
E01025580,14628,5
E01025581,5167,2
E01025582,118,1
E01025583,1348,1
E01025584,35,1
E01025585,16688,5
E01025586,17125,6
E01025587,10882,4
E01025588,10153,4
E01025589,12337,4
E01025590,724,1
E01025591,16806,5
E01025592,518,1
E01025593,23126,7
E01025594,23664,8
E01025595,28326,9
E01025596,26279,8
E01025597,21579,7
E01025598,15864,5
E01025599,27573,9
E01025600,30016,9
E01025601,26989,8
E01025602,25798,8
E01025603,22613,7
E01025604,13758,5
E01025605,13519,5
E01025606,1460,1
E01025607,16763,5
E01025608,16655,5
E01025609,22816,7
E01025610,16910,6
E01025611,26607,8
E01025612,21726,7
E01025613,20522,7
E01025614,27951,9
E01025615,31684,10
E01025616,32403,10
E01025617,27289,9
E01025618,22167,7
E01025619,25999,8
E01025620,19002,6
E01025621,24812,8
E01025622,23737,8
E01025623,23743,8
E01025624,31788,10
E01025625,12699,4
E01025626,24843,8
E01025627,20928,7
E01025629,18981,6
E01025630,28539,9
E01025631,28479,9
E01025632,32911,10
E01025633,25046,8
E01025634,30270,9
E01025635,24104,8
E01025636,24466,8
E01025637,22228,7
E01025638,32165,10
E01025639,29836,9
E01025640,26994,8
E01025641,25303,8
E01025642,25434,8
E01025643,27606,9
E01025644,23176,7
E01025645,19695,6
E01025646,16775,5
E01025647,18522,6
E01025648,32837,10
E01025649,31084,10
E01025650,31903,10
E01025651,31818,10
E01025652,24018,8
E01025653,14677,5
E01025654,24822,8
E01025655,19106,6
E01025656,19933,6
E01025657,19276,6
E01025658,28658,9
E01025659,21179,7
E01025660,29347,9
E01025661,25861,8
E01025662,12259,4
E01025663,21230,7
E01025664,19385,6
E01025665,23313,7
E01025666,13646,5
E01025667,18946,6
E01025668,26811,8
E01025669,27770,9
E01025670,16150,5
E01025671,26599,8
E01025672,26797,8
E01025673,22403,7
E01025674,19762,6
E01025675,26357,8
E01025676,28829,9
E01025677,18656,6
E01025678,33067,10
E01025680,31641,10
E01025681,28315,9
E01025682,24449,8
E01025683,22110,7
E01025684,24081,8
E01025685,20960,7
E01025686,29990,9
E01025687,26948,8
E01025688,20175,6
E01025689,15134,5
E01025690,18798,6
E01025692,24054,8
E01025693,26469,8
E01025695,31419,10
E01025696,31205,10
E01025697,11942,4
E01025698,30615,10
E01025699,1701,1
E01025700,7316,3
E01025701,7768,3
E01025702,21845,7
E01025703,10082,3
E01025704,17964,6
E01025705,8776,3
E01025706,8443,3
E01025707,33371,10
E01025708,32526,10
E01025709,33732,10
E01025710,30982,10
E01025711,33158,10
E01025712,29317,9
E01025713,33299,10
E01025715,6421,2
E01025716,14072,5
E01025718,11549,4
E01025719,29070,9
E01025720,20760,7
E01025721,26374,8
E01025722,19074,6
E01025723,20151,6
E01025724,21178,7
E01025725,1556,1
E01025726,25721,8
E01025727,5918,2
E01025728,24499,8
E01025729,32225,10
E01025730,27305,9
E01025731,29806,9
E01025732,25793,8
E01025733,26542,8
E01025734,33458,10
E01025735,21970,7
E01025736,28960,9
E01025737,28809,9
E01025738,31181,10
E01025739,28603,9
E01025740,19981,6
E01025741,31961,10
E01025742,10295,4
E01025743,22609,7
E01025744,29256,9
E01025745,23428,7
E01025746,16004,5
E01025747,15818,5
E01025748,21166,7
E01025749,13005,4
E01025750,21698,7
E01025751,15770,5
E01025752,22029,7
E01025753,14297,5
E01025754,26770,8
E01025755,23954,8
E01025756,17479,6
E01025757,25078,8
E01025758,31743,10
E01025759,17389,6
E01025760,26527,8
E01025761,29104,9
E01025762,14881,5
E01025763,17203,6
E01025764,24631,8
E01025765,24226,8
E01025766,9508,3
E01025767,22703,7
E01025768,26862,8
E01025769,29210,9
E01025770,21465,7
E01025772,30438,10
E01025773,32584,10
E01025774,30043,9
E01025775,24416,8
E01025776,27797,9
E01025777,26714,8
E01025778,23861,8
E01025779,24998,8
E01025780,26416,8
E01025781,27027,9
E01025782,22595,7
E01025783,25553,8
E01025784,29138,9
E01025786,23458,7
E01025787,32083,10
E01025788,23599,7
E01025789,21866,7
E01025790,33056,10
E01025791,23793,8
E01025792,20922,7
E01025794,33220,10
E01025795,25807,8
E01025796,18285,6
E01025797,32030,10
E01025798,31816,10
E01025799,33322,10
E01025800,32580,10
E01025801,17485,6
E01025802,32033,10
E01025803,33704,10
E01025804,28465,9
E01025806,10526,4
E01025807,19570,6
E01025808,25382,8
E01025809,22487,7
E01025810,23620,7
E01025812,22499,7
E01025813,29738,9
E01025814,30246,9
E01025815,17788,6
E01025816,21523,7
E01025817,29702,9
E01025818,22679,7
E01025819,13838,5
E01025820,22382,7
E01025821,16465,5
E01025822,8963,3
E01025823,12038,4
E01025824,15623,5
E01025825,22963,7
E01025826,22383,7
E01025827,14197,5
E01025828,30034,9
E01025829,10950,4
E01025830,22191,7
E01025831,30183,9
E01025832,31857,10
E01025833,27108,9
E01025834,32641,10
E01025835,33342,10
E01025836,31058,10
E01025837,23879,8
E01025838,24607,8
E01025839,24261,8
E01025840,18228,6
E01025841,24986,8
E01025842,12222,4
E01025843,12358,4
E01025844,7817,3
E01025845,31739,10
E01025846,31769,10
E01025847,31647,10
E01025848,18280,6
E01025849,13685,5
E01025850,18139,6
E01025851,29751,9
E01025852,8000,3
E01025854,28224,9
E01025855,21553,7
E01025856,6909,3
E01025857,27062,9
E01025858,12467,4
E01025859,30084,9
E01025860,31875,10
E01025861,28725,9
E01025862,29936,9
E01025863,16476,5
E01025864,23732,8
E01025865,15271,5
E01025866,9748,3
E01025867,20613,7
E01025868,22471,7
E01025869,24630,8
E01025870,26630,8
E01025871,18955,6
E01025872,26589,8
E01025873,22081,7
E01025874,19390,6
E01025875,10316,4
E01025876,28226,9
E01025877,22786,7
E01025879,7689,3
E01025880,30015,9
E01025881,26112,8
E01025882,19874,6
E01025883,22234,7
E01025884,15355,5
E01025885,29067,9
E01025886,24306,8
E01025887,13586,5
E01025888,25462,8
E01025889,23454,7
E01025890,19262,6
E01025891,26729,8
E01025892,22581,7
E01025893,29770,9
E01025894,8128,3
E01025895,22505,7
E01025896,25973,8
E01025897,15881,5
E01025898,17219,6
E01025899,14758,5
E01025900,6578,2
E01025901,25215,8
E01025902,30816,10
E01025903,15190,5
E01025904,31345,10
E01025905,5724,2
E01025906,32035,10
E01025907,10003,3
E01025908,26923,8
E01025909,20614,7
E01025910,17327,6
E01025911,18414,6
E01025912,13798,5
E01025913,23630,8
E01025914,33359,10
E01025915,28720,9
E01025916,28350,9
E01025918,12921,4
E01025919,17311,6
E01025920,17316,6
E01025921,30569,10
E01025923,23589,7
E01025924,18930,6
E01025926,30453,10
E01025927,17757,6
E01025928,32386,10
E01025929,17606,6
E01025930,6003,2
E01025931,10433,4
E01025932,1293,1
E01025933,10855,4
E01025934,4567,2
E01025935,26319,8
E01025936,12219,4
E01025937,23765,8
E01025938,22278,7
E01025939,17295,6
E01025940,18802,6
E01025941,23828,8
E01025942,27581,9
E01025943,9552,3
E01025944,29212,9
E01025945,27865,9
E01025946,22268,7
E01025947,27440,9
E01025948,18418,6
E01025949,6972,3
E01025950,11347,4
E01025951,23767,8
E01025952,20482,7
E01025953,11552,4
E01025954,18213,6
E01025955,29022,9
E01025956,17695,6
E01025957,10130,4
E01025958,20520,7
E01025959,25724,8
E01025960,17857,6
E01025961,25281,8
E01025962,10030,3
E01025963,18130,6
E01025964,22791,7
E01025965,19069,6
E01025966,13282,4
E01025967,25300,8
E01025968,28139,9
E01025969,16042,5
E01025970,25130,8
E01025971,29326,9
E01025972,28581,9
E01025973,31773,10
E01025974,26715,8
E01025975,31893,10
E01025976,10011,3
E01025977,21174,7
E01025978,17602,6
E01025979,26609,8
E01025980,29624,9
E01025981,25673,8
E01025982,29120,9
E01025983,21996,7
E01025984,29786,9
E01025985,22431,7
E01025986,23114,7
E01025987,4950,2
E01025988,12650,4
E01025989,7655,3
E01025990,25905,8
E01025991,30467,10
E01025992,8895,3
E01025993,23492,7
E01025994,9676,3
E01025995,22644,7
E01025997,9313,3
E01025998,27286,9
E01025999,15365,5
E01026000,31078,10
E01026001,27125,9
E01026003,19147,6
E01026004,30128,9
E01026005,15877,5
E01026007,15299,5
E01026008,12186,4
E01026009,10131,4
E01026010,2314,1
E01026012,4785,2
E01026013,21666,7
E01026014,16897,6
E01026015,12306,4
E01026016,12052,4
E01026017,7063,3
E01026018,15594,5
E01026019,7831,3
E01026020,15668,5
E01026021,17980,6
E01026022,26463,8
E01026023,10742,4
E01026024,10129,4
E01026025,4228,2
E01026026,5826,2
E01026027,9257,3
E01026028,7635,3
E01026030,3010,1
E01026031,14123,5
E01026032,3852,2
E01026033,11617,4
E01026034,12415,4
E01026035,27911,9
E01026036,2409,1
E01026037,3500,2
E01026038,18013,6
E01026039,15685,5
E01026040,14391,5
E01026041,4408,2
E01026042,5200,2
E01026043,7100,3
E01026044,11698,4
E01026045,13260,4
E01026046,6961,3
E01026047,19117,6
E01026048,586,1
E01026049,4721,2
E01026050,6203,2
E01026051,18511,6
E01026052,15056,5
E01026053,18338,6
E01026054,6638,2
E01026055,10993,4
E01026056,4668,2
E01026057,8027,3
E01026058,16473,5
E01026059,9867,3
E01026060,10649,4
E01026061,25242,8
E01026062,19034,6
E01026063,24094,8
E01026064,5651,2
E01026065,21121,7
E01026066,21701,7
E01026067,9624,3
E01026068,10390,4
E01026069,903,1
E01026070,17583,6
E01026071,13725,5
E01026072,2058,1
E01026073,1252,1
E01026074,2153,1
E01026075,9375,3
E01026076,12537,4
E01026077,6655,2
E01026078,7885,3
E01026079,10759,4
E01026080,17263,6
E01026081,11286,4
E01026082,15111,5
E01026083,128,1
E01026084,4012,2
E01026087,6960,3
E01026088,23381,7
E01026089,22281,7
E01026090,12379,4
E01026091,20568,7
E01026092,1481,1
E01026093,324,1
E01026094,2090,1
E01026095,4603,2
E01026096,20185,6
E01026097,4860,2
E01026098,17104,6
E01026099,9163,3
E01026100,11756,4
E01026101,4015,2
E01026102,8601,3
E01026103,6704,2
E01026104,8338,3
E01026105,14767,5
E01026106,18146,6
E01026107,13188,4
E01026108,5622,2
E01026109,4883,2
E01026110,6542,2
E01026111,6213,2
E01026112,577,1
E01026113,8312,3
E01026114,1786,1
E01026115,2478,1
E01026116,7329,3
E01026117,8610,3
E01026118,26481,8
E01026119,26667,8
E01026120,16346,5
E01026121,10722,4
E01026122,8992,3
E01026123,7247,3
E01026124,7275,3
E01026125,9807,3
E01026126,744,1
E01026127,2582,1
E01026129,291,1
E01026130,21801,7
E01026131,6995,3
E01026132,14528,5
E01026134,7890,3
E01026135,18773,6
E01026136,23168,7
E01026137,22975,7
E01026138,23002,7
E01026139,29652,9
E01026140,9075,3
E01026141,25935,8
E01026142,4645,2
E01026144,17923,6
E01026145,19444,6
E01026146,6356,2
E01026147,21959,7
E01026148,10710,4
E01026149,3086,1
E01026150,1446,1
E01026151,16453,5
E01026152,293,1
E01026153,19520,6
E01026154,6081,2
E01026155,25557,8
E01026156,5879,2
E01026157,3564,2
E01026158,24373,8
E01026159,16810,5
E01026160,27316,9
E01026161,3283,1
E01026162,14406,5
E01026163,25259,8
E01026164,30640,10
E01026165,4478,2
E01026166,3351,1
E01026167,23667,8
E01026168,878,1
E01026169,10317,4
E01026170,4780,2
E01026171,24707,8
E01026172,3230,1
E01026173,91,1
E01026174,6482,2
E01026175,4493,2
E01026176,2703,1
E01026177,7353,3
E01026178,8427,3
E01026179,18384,6
E01026180,17299,6
E01026182,22979,7
E01026183,8148,3
E01026184,31792,10
E01026185,21416,7
E01026186,29065,9
E01026187,32182,10
E01026188,18909,6
E01026189,30851,10
E01026190,15781,5
E01026191,22743,7
E01026192,12858,4
E01026193,20181,6
E01026194,21755,7
E01026195,28463,9
E01026196,23523,7
E01026197,24208,8
E01026198,29015,9
E01026199,17898,6
E01026200,23966,8
E01026201,16367,5
E01026202,17150,6
E01026203,25494,8
E01026204,29517,9
E01026205,16739,5
E01026206,30879,10
E01026207,8787,3
E01026208,21903,7
E01026209,25407,8
E01026210,12678,4
E01026211,24652,8
E01026212,22089,7
E01026213,11878,4
E01026214,24735,8
E01026215,31198,10
E01026218,23972,8
E01026219,28044,9
E01026220,20868,7
E01026221,14816,5
E01026222,23040,7
E01026223,27702,9
E01026224,9359,3
E01026225,22946,7
E01026226,28452,9
E01026227,7917,3
E01026228,23594,7
E01026229,22815,7
E01026230,10963,4
E01026231,26965,8
E01026232,13936,5
E01026233,32298,10
E01026235,6262,2
E01026236,17797,6
E01026237,27266,9
E01026238,25889,8
E01026239,14921,5
E01026240,14468,5
E01026241,13659,5
E01026242,16502,5
E01026243,8594,3
E01026244,15684,5
E01026245,13257,4
E01026246,8453,3
E01026247,17019,6
E01026248,11649,4
E01026249,13050,4
E01026250,12272,4
E01026251,18834,6
E01026252,16314,5
E01026253,11615,4
E01026254,8014,3
E01026255,13552,5
E01026256,11018,4
E01026257,16100,5
E01026258,21968,7
E01026259,10960,4
E01026260,12181,4
E01026262,22481,7
E01026263,26318,8
E01026264,12403,4
E01026265,14399,5
E01026266,10081,3
E01026268,7051,3
E01026269,25827,8
E01026270,7102,3
E01026271,5334,2
E01026272,17096,6
E01026273,26020,8
E01026275,19910,6
E01026276,16110,5
E01026277,2945,1
E01026278,11912,4
E01026279,9332,3
E01026280,9768,3
E01026281,20980,7
E01026282,12745,4
E01026283,17457,6
E01026284,17374,6
E01026285,12813,4
E01026286,12160,4
E01026287,13635,5
E01026288,9509,3
E01026289,24863,8
E01026290,13910,5
E01026291,24660,8
E01026292,25497,8
E01026293,26218,8
E01026294,28908,9
E01026296,26536,8
E01026297,15722,5
E01026298,12961,4
E01026299,19806,6
E01026300,31356,10
E01026302,28922,9
E01026303,31579,10
E01026304,28502,9
E01026305,28690,9
E01026306,18541,6
E01026307,30227,9
E01026308,839,1
E01026309,16507,5
E01026310,9062,3
E01026311,9362,3
E01026312,2033,1
E01026313,23072,7
E01026314,17336,6
E01026315,15836,5
E01026316,18175,6
E01026317,10166,4
E01026318,10581,4
E01026319,21690,7
E01026321,28083,9
E01026322,28225,9
E01026323,8504,3
E01026324,30720,10
E01026325,7802,3
E01026326,18329,6
E01026327,10534,4
E01026328,3360,1
E01026329,17904,6
E01026330,22539,7
E01026331,15752,5
E01026332,18618,6
E01026333,22692,7
E01026334,30779,10
E01026335,24750,8
E01026336,11817,4
E01026337,24567,8
E01026338,16802,5
E01026339,11476,4
E01026340,18890,6
E01026341,16558,5
E01026342,24574,8
E01026343,7670,3
E01026344,16211,5
E01026345,15903,5
E01026346,25754,8
E01026347,22065,7
E01026348,16969,6
E01026349,14710,5
E01026350,26052,8
E01026351,17927,6
E01026352,32605,10
E01026353,9366,3
E01026354,31943,10
E01026355,26498,8
E01026356,30862,10
E01026357,27018,9
E01026358,31963,10
E01026359,32003,10
E01026360,28743,9
E01026361,13221,4
E01026362,30690,10
E01026363,21276,7
E01026364,28907,9
E01026365,22315,7
E01026366,11790,4
E01026367,9636,3
E01026368,23822,8
E01026369,19083,6
E01026370,27675,9
E01026371,30249,9
E01026372,22805,7
E01026373,12375,4
E01026374,393,1
E01026375,3266,1
E01026376,2293,1
E01026377,7762,3
E01026378,1930,1
E01026379,6948,3
E01026380,19903,6
E01026381,5138,2
E01026382,5457,2
E01026383,26,1
E01026384,2001,1
E01026385,13186,4
E01026386,6157,2
E01026387,17080,6
E01026388,21984,7
E01026389,11025,4
E01026390,8923,3
E01026391,19256,6
E01026392,20721,7
E01026393,31448,10
E01026394,25808,8
E01026395,29512,9
E01026396,28818,9
E01026398,16122,5
E01026399,19768,6
E01026400,23118,7
E01026401,26051,8
E01026402,25275,8
E01026403,13757,5
E01026404,16530,5
E01026405,29651,9
E01026406,29717,9
E01026407,11242,4
E01026408,15328,5
E01026409,14839,5
E01026410,9536,3
E01026411,16333,5
E01026412,20040,6
E01026413,30222,9
E01026414,17785,6
E01026415,7593,3
E01026416,13129,4
E01026419,18660,6
E01026420,21385,7
E01026421,16646,5
E01026423,16066,5
E01026424,15147,5
E01026425,7012,3
E01026426,8473,3
E01026427,17586,6
E01026428,16271,5
E01026429,12566,4
E01026430,23183,7
E01026431,19427,6
E01026432,25034,8
E01026433,11285,4
E01026434,23336,7
E01026435,14840,5
E01026436,15130,5
E01026437,18537,6
E01026438,13620,5
E01026439,20539,7
E01026440,18480,6
E01026441,12597,4
E01026442,12069,4
E01026443,11949,4
E01026444,10061,3
E01026445,11086,4
E01026446,16013,5
E01026447,10933,4
E01026448,28649,9
E01026449,17437,6
E01026450,26899,8
E01026451,17638,6
E01026452,17397,6
E01026453,14412,5
E01026454,29276,9
E01026456,18125,6
E01026457,20019,6
E01026458,11627,4
E01026459,7131,3
E01026461,19804,6
E01026462,18260,6
E01026464,15975,5
E01026465,7124,3
E01026466,11948,4
E01026467,1835,1
E01026468,10122,3
E01026469,18671,6
E01026470,26444,8
E01026471,26854,8
E01026472,22367,7
E01026473,20869,7
E01026474,11488,4
E01026475,16509,5
E01026476,5248,2
E01026477,4411,2
E01026478,3910,2
E01026479,16459,5
E01026480,20976,7
E01026481,14970,5
E01026483,7606,3
E01026484,20467,7
E01026485,17810,6
E01026486,16929,6
E01026487,15025,5
E01026488,5951,2
E01026489,17480,6
E01026490,19935,6
E01026491,15319,5
E01026492,12287,4
E01026493,17164,6
E01026494,14695,5
E01026495,11809,4
E01026496,15749,5
E01026497,24670,8
E01026498,15440,5
E01026499,11737,4
E01026500,29128,9
E01026501,16657,5
E01026502,19715,6
E01026503,28073,9
E01026504,16814,5
E01026505,16588,5
E01026506,27915,9
E01026507,27765,9
E01026508,20935,7
E01026509,25301,8
E01026510,28158,9
E01026511,12657,4
E01026512,16440,5
E01026513,20143,6
E01026514,18879,6
E01026515,23372,7
E01026516,15997,5
E01026517,25413,8
E01026518,25213,8
E01026519,25965,8
E01026520,22675,7
E01026521,29914,9
E01026522,10265,4
E01026523,13128,4
E01026524,17567,6
E01026525,12839,4
E01026526,20437,7
E01026527,28082,9
E01026528,18179,6
E01026529,18320,6
E01026530,28207,9
E01026531,27720,9
E01026532,22624,7
E01026533,17463,6
E01026534,17951,6
E01026535,16081,5
E01026536,17784,6
E01026537,28336,9
E01026538,11871,4
E01026539,15518,5
E01026540,31588,10
E01026541,19111,6
E01026542,27082,9
E01026543,30984,10
E01026544,28585,9
E01026545,20969,7
E01026546,30588,10
E01026547,16028,5
E01026548,23610,7
E01026549,17060,6
E01026550,24866,8
E01026551,23936,8
E01026552,27143,9
E01026553,15670,5
E01026554,29750,9
E01026555,21475,7
E01026556,21235,7
E01026557,28163,9
E01026558,23056,7
E01026559,29196,9
E01026560,28505,9
E01026562,32347,10
E01026563,25288,8
E01026564,26614,8
E01026565,23432,7
E01026566,23232,7
E01026567,31280,10
E01026568,32974,10
E01026569,19876,6
E01026570,30442,10
E01026571,30719,10
E01026572,32369,10
E01026573,17656,6
E01026574,33082,10
E01026575,16964,6
E01026576,29012,9
E01026577,22273,7
E01026578,18099,6
E01026579,21113,7
E01026580,19801,6
E01026581,22851,7
E01026582,25752,8
E01026583,12123,4
E01026584,20690,7
E01026587,23317,7
E01026588,16169,5
E01026589,12202,4
E01026590,21865,7
E01026591,18022,6
E01026592,6967,3
E01026593,20893,7
E01026594,12168,4
E01026595,673,1
E01026596,4529,2
E01026597,51,1
E01026598,352,1
E01026599,3213,1
E01026600,3753,2
E01026601,7311,3
E01026602,10080,3
E01026603,1083,1
E01026604,1023,1
E01026605,16904,6
E01026606,9349,3
E01026607,8194,3
E01026608,19325,6
E01026609,10635,4
E01026610,14768,5
E01026611,18901,6
E01026612,22702,7
E01026613,15549,5
E01026614,8069,3
E01026615,14984,5
E01026616,10916,4
E01026617,8980,3
E01026618,12766,4
E01026619,3810,2
E01026620,2808,1
E01026621,8972,3
E01026622,250,1
E01026623,406,1
E01026624,56,1
E01026625,37,1
E01026626,478,1
E01026627,14789,5
E01026628,11965,4
E01026629,12549,4
E01026630,6498,2
E01026631,8772,3
E01026632,6822,3
E01026633,5421,2
E01026634,2793,1
E01026635,1361,1
E01026636,12077,4
E01026637,17449,6
E01026638,10781,4
E01026639,9177,3
E01026640,9722,3
E01026641,1216,1
E01026642,12028,4
E01026643,13101,4
E01026644,25022,8
E01026645,10997,4
E01026646,9329,3
E01026647,15714,5
E01026648,11861,4
E01026649,13261,4
E01026650,11719,4
E01026651,10234,4
E01026652,8150,3
E01026653,26820,8
E01026654,8357,3
E01026655,18416,6
E01026656,10192,4
E01026659,6048,2
E01026660,14649,5
E01026661,11437,4
E01026662,4752,2
E01026663,4063,2
E01026664,17772,6
E01026665,10401,4
E01026666,2992,1
E01026667,13599,5
E01026668,14514,5
E01026669,21351,7
E01026670,11215,4
E01026671,28689,9
E01026672,25980,8
E01026673,25922,8
E01026674,15767,5
E01026675,16466,5
E01026676,16934,6
E01026677,13065,4
E01026678,20026,6
E01026679,12342,4
E01026680,6381,2
E01026681,18161,6
E01026682,15806,5
E01026683,10777,4
E01026684,8586,3
E01026685,11434,4
E01026687,2297,1
E01026688,3979,2
E01026689,4528,2
E01026690,4009,2
E01026691,23707,8
E01026692,25899,8
E01026693,13283,4
E01026694,12305,4
E01026695,11084,4
E01026696,7442,3
E01026697,10445,4
E01026699,2640,1
E01026700,2532,1
E01026701,20780,7
E01026702,12363,4
E01026703,11232,4
E01026704,2683,1
E01026705,12614,4
E01026706,13569,5
E01026708,27644,9
E01026709,31781,10
E01026710,26650,8
E01026711,6245,2
E01026712,15189,5
E01026713,9909,3
E01026714,29051,9
E01026715,10919,4
E01026716,6640,2
E01026717,9542,3
E01026718,11886,4
E01026719,9595,3
E01026720,13263,4
E01026721,5913,2
E01026722,16552,5
E01026723,21626,7
E01026724,13248,4
E01026725,13375,4
E01026726,11478,4
E01026727,14136,5
E01026728,12091,4
E01026729,9654,3
E01026730,11647,4
E01026733,10664,4
E01026734,5479,2
E01026735,11351,4
E01026736,10995,4
E01026737,16487,5
E01026738,14846,5
E01026739,11160,4
E01026740,10965,4
E01026741,15242,5
E01026742,23235,7
E01026743,10508,4
E01026744,13629,5
E01026745,14162,5
E01026746,24043,8
E01026747,10511,4
E01026748,22601,7
E01026749,9096,3
E01026750,11761,4
E01026751,12819,4
E01026752,10454,4
E01026753,4988,2
E01026754,18753,6
E01026755,20917,7
E01026756,7516,3
E01026757,21162,7
E01026758,16514,5
E01026759,12059,4
E01026760,20909,7
E01026761,14459,5
E01026763,9742,3
E01026764,14802,5
E01026765,13157,4
E01026766,14489,5
E01026767,16830,5
E01026768,18018,6
E01026769,18784,6
E01026770,14131,5
E01026771,18369,6
E01026772,26736,8
E01026773,18115,6
E01026774,13792,5
E01026775,6583,2
E01026776,13772,5
E01026777,19225,6
E01026778,17855,6
E01026779,9268,3
E01026780,12152,4
E01026781,16811,5
E01026782,11781,4
E01026783,13318,4
E01026784,9326,3
E01026785,16738,5
E01026786,11314,4
E01026787,12692,4
E01026788,12962,4
E01026789,16220,5
E01026790,15209,5
E01026791,6889,3
E01026792,12765,4
E01026793,3574,2
E01026794,13266,4
E01026796,9048,3
E01026797,15593,5
E01026798,3524,2
E01026799,7042,3
E01026800,2502,1
E01026801,25515,8
E01026802,10165,4
E01026803,6752,3
E01026804,12498,4
E01026805,6209,2
E01026806,15221,5
E01026807,9941,3
E01026808,1483,1
E01026809,3214,1
E01026810,24669,8
E01026811,31780,10
E01026812,32238,10
E01026813,33568,10
E01026814,11212,4
E01026815,31473,10
E01026816,14308,5
E01026817,5824,2
E01026818,7812,3
E01026819,3420,2
E01026820,6637,2
E01026821,6563,2
E01026823,8369,3
E01026824,3776,2
E01026825,8444,3
E01026826,3853,2
E01026827,2096,1
E01026828,3478,2
E01026829,6492,2
E01026830,3617,2
E01026831,17252,6
E01026832,3253,1
E01026833,1087,1
E01026834,4564,2
E01026835,25106,8
E01026836,29436,9
E01026837,20248,6
E01026838,29860,9
E01026839,25177,8
E01026840,23653,8
E01026841,14286,5
E01026842,19233,6
E01026843,8659,3
E01026844,7755,3
E01026845,17512,6
E01026846,12240,4
E01026848,3787,2
E01026849,25376,8
E01026850,15470,5
E01026852,32528,10
E01026853,9183,3
E01026855,23503,7
E01026856,22248,7
E01026857,23263,7
E01026858,5561,2
E01026859,11826,4
E01026860,27992,9
E01026861,7911,3
E01026862,15739,5
E01026863,18957,6
E01026864,13857,5
E01026865,4687,2
E01026866,13537,5
E01026867,2385,1
E01026868,3081,1
E01026869,2428,1
E01026870,17123,6
E01026871,32017,10
E01026872,14417,5
E01026873,18833,6
E01026874,12905,4
E01026875,25157,8
E01026876,20048,6
E01026877,17717,6
E01026878,15120,5
E01026879,14569,5
E01026880,22523,7
E01026881,23685,8
E01026883,23054,7
E01026884,20228,6
E01026885,22502,7
E01026886,18020,6
E01026887,15833,5
E01026888,11381,4
E01026889,26243,8
E01026891,12150,4
E01026892,11547,4
E01026893,21649,7
E01026894,16214,5
E01026895,22777,7
E01026896,20764,7
E01026897,20728,7
E01026898,15300,5
E01026899,16863,5
E01026900,17116,6
E01026901,22912,7
E01026902,16577,5
E01026903,19252,6
E01026904,18506,6
E01026905,11533,4
E01026906,27550,9
E01026907,28344,9
E01026908,29433,9
E01026909,12558,4
E01026910,23337,7
E01026911,12019,4
E01026912,26391,8
E01026913,22657,7
E01026914,24328,8
E01026915,30207,9
E01026916,29744,9
E01026917,24492,8
E01026918,25529,8
E01026919,18535,6
E01026920,20665,7
E01026921,27833,9
E01026922,16598,5
E01026924,20878,7
E01026925,11228,4
E01026927,31469,10
E01026928,21853,7
E01026929,23694,8
E01026930,22954,7
E01026931,23194,7
E01026932,25658,8
E01026934,18983,6
E01026935,19394,6
E01026936,26118,8
E01026937,26146,8
E01026938,23745,8
E01026939,21070,7
E01026940,17467,6
E01026941,20586,7
E01026942,26046,8
E01026943,13633,5
E01026944,17941,6
E01026947,18560,6
E01026948,26475,8
E01026949,5372,2
E01026950,3530,2
E01026951,5343,2
E01026952,15961,5
E01026953,18762,6
E01026954,5414,2
E01026955,31436,10
E01026956,14557,5
E01026957,5794,2
E01026958,9881,3
E01026959,8127,3
E01026960,3980,2
E01026961,5026,2
E01026962,9213,3
E01026963,7907,3
E01026965,3196,1
E01026966,7266,3
E01026967,8430,3
E01026968,1264,1
E01026969,10673,4
E01026970,16371,5
E01026971,16550,5
E01026972,10248,4
E01026973,13339,4
E01026974,16926,6
E01026975,6641,2
E01026976,8769,3
E01026979,20061,6
E01026980,25779,8
E01026981,16046,5
E01026982,12356,4
E01026983,9990,3
E01026984,7823,3
E01026985,17367,6
E01026986,18267,6
E01026987,23064,7
E01026988,8531,3
E01026989,18222,6
E01026991,24171,8
E01026992,7342,3
E01026993,24580,8
E01026994,22597,7
E01026998,26215,8
E01026999,17728,6
E01027000,23028,7
E01027001,31815,10
E01027002,28734,9
E01027003,26148,8
E01027004,23288,7
E01027005,20719,7
E01027006,24336,8
E01027007,12860,4
E01027008,26569,8
E01027009,7503,3
E01027010,26805,8
E01027011,25190,8
E01027012,16631,5
E01027013,4132,2
E01027015,30045,9
E01027016,24417,8
E01027017,17527,6
E01027018,29351,9
E01027019,20748,7
E01027020,28107,9
E01027021,23888,8
E01027022,18471,6
E01027023,21763,7
E01027024,26411,8
E01027025,15092,5
E01027026,20420,7
E01027027,25982,8
E01027028,23187,7
E01027029,15693,5
E01027030,18567,6
E01027031,22474,7
E01027032,17372,6
E01027033,18679,6
E01027034,16043,5
E01027035,13122,4
E01027037,30621,10
E01027038,12705,4
E01027039,16562,5
E01027040,26795,8
E01027041,6778,3
E01027042,28048,9
E01027043,19345,6
E01027044,25871,8
E01027045,19381,6
E01027046,29794,9
E01027047,20483,7
E01027048,29166,9
E01027049,29722,9
E01027050,23329,7
E01027051,17976,6
E01027052,26031,8
E01027053,25009,8
E01027054,23516,7
E01027055,23500,7
E01027056,9822,3
E01027057,19621,6
E01027058,9494,3
E01027059,11904,4
E01027060,9351,3
E01027061,19334,6
E01027062,18780,6
E01027063,29368,9
E01027064,26847,8
E01027065,8261,3
E01027066,29195,9
E01027067,30158,9
E01027069,8997,3
E01027070,27422,9
E01027071,25167,8
E01027072,6251,2
E01027073,18767,6
E01027074,24474,8
E01027075,28051,9
E01027076,17571,6
E01027078,16812,5
E01027079,17872,6
E01027080,28966,9
E01027081,9367,3
E01027082,7074,3
E01027083,4088,2
E01027084,28711,9
E01027085,22056,7
E01027086,29752,9
E01027087,25421,8
E01027088,29666,9
E01027089,25417,8
E01027090,20020,6
E01027091,12447,4
E01027092,18390,6
E01027094,25796,8
E01027095,17245,6
E01027096,27175,9
E01027097,26793,8
E01027098,24367,8
E01027099,28406,9
E01027100,16490,5
E01027102,26833,8
E01027103,21355,7
E01027104,8556,3
E01027105,5069,2
E01027106,6988,3
E01027107,20080,6
E01027108,30425,10
E01027109,14885,5
E01027111,9324,3
E01027112,9577,3
E01027113,15350,5
E01027114,18846,6
E01027115,29394,9
E01027116,29275,9
E01027117,29393,9
E01027119,13902,5
E01027120,29353,9
E01027121,31035,10
E01027122,27288,9
E01027123,16215,5
E01027125,30437,10
E01027126,16415,5
E01027127,1935,1
E01027128,6077,2
E01027129,18152,6
E01027130,16133,5
E01027131,4672,2
E01027132,11974,4
E01027133,16305,5
E01027134,11324,4
E01027135,20492,7
E01027136,13130,4
E01027137,10408,4
E01027138,22127,7
E01027139,18520,6
E01027140,562,1
E01027141,27829,9
E01027142,14051,5
E01027143,20433,7
E01027144,30854,10
E01027145,17993,6
E01027146,26014,8
E01027147,10729,4
E01027148,27822,9
E01027149,20262,7
E01027151,7539,3
E01027152,10301,4
E01027153,2088,1
E01027154,8743,3
E01027155,6806,3
E01027156,9148,3
E01027158,15050,5
E01027159,23507,7
E01027160,27505,9
E01027161,4867,2
E01027162,25224,8
E01027163,32128,10
E01027164,29125,9
E01027165,32374,10
E01027166,30653,10
E01027167,30880,10
E01027168,3463,2
E01027169,22666,7
E01027170,6324,2
E01027171,11966,4
E01027172,25595,8
E01027173,10817,4
E01027174,27596,9
E01027175,13241,4
E01027176,17425,6
E01027177,5770,2
E01027178,6719,2
E01027179,19679,6
E01027180,14359,5
E01027181,26755,8
E01027182,24650,8
E01027183,19617,6
E01027184,8768,3
E01027185,8294,3
E01027186,24049,8
E01027187,10714,4
E01027188,12131,4
E01027189,13269,4
E01027190,20212,6
E01027191,12755,4
E01027192,15069,5
E01027193,27612,9
E01027194,30923,10
E01027195,6613,2
E01027196,13098,4
E01027197,7525,3
E01027198,5790,2
E01027199,3353,1
E01027200,6854,3
E01027201,28103,9
E01027202,17222,6
E01027203,31913,10
E01027204,24405,8
E01027205,32601,10
E01027207,26911,8
E01027208,30558,10
E01027209,28145,9
E01027210,25316,8
E01027211,31214,10
E01027212,24971,8
E01027213,16704,5
E01027214,5843,2
E01027215,18424,6
E01027216,24824,8
E01027217,26837,8
E01027218,27187,9
E01027219,26759,8
E01027220,25262,8
E01027221,22660,7
E01027222,30936,10
E01027224,8308,3
E01027225,11684,4
E01027226,5882,2
E01027227,9667,3
E01027228,8497,3
E01027229,6272,2
E01027230,9975,3
E01027231,5017,2
E01027232,22317,7
E01027233,8799,3
E01027234,23086,7
E01027235,3885,2
E01027236,22207,7
E01027237,18512,6
E01027238,9123,3
E01027239,3791,2
E01027240,9679,3
E01027241,8505,3
E01027242,6032,2
E01027243,6674,2
E01027244,2574,1
E01027245,13118,4
E01027246,6206,2
E01027247,19530,6
E01027248,5332,2
E01027249,5575,2
E01027250,30886,10
E01027252,9535,3
E01027253,28752,9
E01027254,28646,9
E01027255,31663,10
E01027256,30235,9
E01027257,9933,3
E01027258,31717,10
E01027259,25054,8
E01027260,30405,10
E01027261,21904,7
E01027262,19099,6
E01027263,21048,7
E01027264,26234,8
E01027265,30490,10
E01027267,25115,8
E01027268,30480,10
E01027269,14824,5
E01027270,32909,10
E01027271,31033,10
E01027272,31443,10
E01027273,20496,7
E01027274,26725,8
E01027275,27938,9
E01027277,19921,6
E01027279,18473,6
E01027280,28530,9
E01027281,17198,6
E01027282,20716,7
E01027283,26010,8
E01027284,24177,8
E01027285,24537,8
E01027286,25018,8
E01027287,24435,8
E01027288,23142,7
E01027289,25429,8
E01027290,25403,8
E01027291,30576,10
E01027292,17648,6
E01027293,29379,9
E01027294,23085,7
E01027295,27342,9
E01027296,24461,8
E01027297,23456,7
E01027298,31897,10
E01027299,17753,6
E01027300,33502,10
E01027301,29909,9
E01027302,14301,5
E01027303,28872,9
E01027304,22580,7
E01027305,19498,6
E01027306,17175,6
E01027307,23376,7
E01027308,23318,7
E01027309,25072,8
E01027310,2028,1
E01027311,25682,8
E01027312,10575,4
E01027313,9736,3
E01027314,6747,2
E01027316,17819,6
E01027317,10704,4
E01027318,2505,1
E01027319,11041,4
E01027320,16859,5
E01027321,25610,8
E01027322,25681,8
E01027323,21988,7
E01027324,28971,9
E01027325,27006,9
E01027326,19690,6
E01027327,10168,4
E01027328,15863,5
E01027329,23358,7
E01027330,9152,3
E01027331,6408,2
E01027332,27763,9
E01027333,30487,10
E01027334,1961,1
E01027335,23648,8
E01027336,10050,3
E01027337,24224,8
E01027338,22389,7
E01027339,4767,2
E01027340,9228,3
E01027341,5604,2
E01027342,7346,3
E01027343,26365,8
E01027344,27462,9
E01027345,30245,9
E01027346,27459,9
E01027347,30275,9
E01027348,21242,7
E01027350,11307,4
E01027351,7351,3
E01027352,9996,3
E01027353,20943,7
E01027354,19861,6
E01027355,28949,9
E01027356,23665,8
E01027357,32717,10
E01027358,15548,5
E01027359,6992,3
E01027361,8166,3
E01027362,15379,5
E01027363,2328,1
E01027364,25287,8
E01027365,19091,6
E01027366,16636,5
E01027367,24782,8
E01027368,18484,6
E01027369,24739,8
E01027370,25197,8
E01027371,15497,5
E01027372,24132,8
E01027373,10796,4
E01027374,13749,5
E01027375,14259,5
E01027376,9290,3
E01027377,13099,4
E01027378,25068,8
E01027379,28195,9
E01027380,10924,4
E01027381,11638,4
E01027382,12982,4
E01027383,15107,5
E01027384,17962,6
E01027385,5140,2
E01027386,15913,5
E01027387,10929,4
E01027388,5784,2
E01027389,12324,4
E01027390,13557,5
E01027391,7314,3
E01027392,2855,1
E01027393,2652,1
E01027394,16858,5
E01027395,10395,4
E01027396,6823,3
E01027397,4774,2
E01027398,5354,2
E01027399,31407,10
E01027400,32924,10
E01027401,33462,10
E01027402,33173,10
E01027403,32417,10
E01027404,29566,9
E01027405,31041,10
E01027406,28755,9
E01027407,26868,8
E01027408,15761,5
E01027409,14837,5
E01027410,31910,10
E01027411,7489,3
E01027412,6484,2
E01027413,13013,4
E01027414,3498,2
E01027415,546,1
E01027416,63,1
E01027417,24734,8
E01027418,20747,7
E01027419,14043,5
E01027420,24092,8
E01027421,9159,3
E01027422,2948,1
E01027423,7038,3
E01027424,1401,1
E01027426,4762,2
E01027427,2869,1
E01027428,25065,8
E01027429,3935,2
E01027430,5735,2
E01027431,2112,1
E01027432,8390,3
E01027433,17406,6
E01027434,18055,6
E01027435,8272,3
E01027436,11050,4
E01027437,31560,10
E01027438,28092,9
E01027439,32705,10
E01027440,28618,9
E01027442,8583,3
E01027443,4781,2
E01027444,17155,6
E01027445,11449,4
E01027446,25630,8
E01027447,15757,5
E01027449,28061,9
E01027450,21222,7
E01027451,1579,1
E01027452,18398,6
E01027453,12065,4
E01027455,32851,10
E01027456,33141,10
E01027457,19255,6
E01027458,28050,9
E01027460,31288,10
E01027461,6455,2
E01027462,6154,2
E01027463,26133,8
E01027464,32234,10
E01027465,29890,9
E01027466,16307,5
E01027468,32873,10
E01027469,31968,10
E01027471,31534,10
E01027472,17340,6
E01027473,25044,8
E01027474,9401,3
E01027475,18622,6
E01027476,16771,5
E01027477,14632,5
E01027478,13444,4
E01027479,12739,4
E01027480,15169,5
E01027481,22584,7
E01027482,28728,9
E01027483,16186,5
E01027484,14601,5
E01027485,10365,4
E01027486,12426,4
E01027487,16023,5
E01027488,14562,5
E01027489,26740,8
E01027490,16980,6
E01027491,32691,10
E01027492,31378,10
E01027493,6288,2
E01027494,29888,9
E01027495,16394,5
E01027496,18949,6
E01027497,26033,8
E01027498,9217,3
E01027499,26593,8
E01027500,11460,4
E01027503,11268,4
E01027504,24529,8
E01027505,20861,7
E01027507,29431,9
E01027508,21271,7
E01027509,28230,9
E01027510,16792,5
E01027511,11857,4
E01027512,8337,3
E01027513,29942,9
E01027514,19666,6
E01027515,12076,4
E01027516,13470,4
E01027517,13706,5
E01027518,3362,1
E01027519,2964,1
E01027520,31306,10
E01027521,31513,10
E01027522,6391,2
E01027523,7639,3
E01027524,17200,6
E01027525,11838,4
E01027526,30948,10
E01027527,2408,1
E01027528,1843,1
E01027529,10159,4
E01027530,6228,2
E01027531,8400,3
E01027532,16058,5
E01027533,844,1
E01027534,3719,2
E01027535,30872,10
E01027536,18603,6
E01027537,6420,2
E01027538,30152,9
E01027539,550,1
E01027540,1529,1
E01027541,5849,2
E01027542,926,1
E01027543,3091,1
E01027544,9798,3
E01027545,523,1
E01027546,748,1
E01027549,27734,9
E01027550,10842,4
E01027551,3595,2
E01027552,5117,2
E01027553,12195,4
E01027554,24266,8
E01027555,28023,9
E01027556,25360,8
E01027557,16755,5
E01027558,23829,8
E01027559,17873,6
E01027560,22194,7
E01027561,28925,9
E01027562,18637,6
E01027563,21771,7
E01027564,13191,4
E01027565,29953,9
E01027566,26823,8
E01027567,22468,7
E01027568,22933,7
E01027569,18030,6
E01027570,21041,7
E01027571,23368,7
E01027572,21373,7
E01027573,22209,7
E01027574,32709,10
E01027575,29314,9
E01027576,33153,10
E01027577,23354,7
E01027578,16559,5
E01027579,8169,3
E01027580,8117,3
E01027582,18610,6
E01027583,27600,9
E01027584,16627,5
E01027585,20557,7
E01027586,21259,7
E01027587,16479,5
E01027588,26376,8
E01027589,23460,7
E01027590,17394,6
E01027591,20422,7
E01027592,19347,6
E01027593,17748,6
E01027594,18601,6
E01027595,27069,9
E01027596,28953,9
E01027597,27072,9
E01027598,31100,10
E01027599,10278,4
E01027600,18121,6
E01027601,24606,8
E01027603,22875,7
E01027604,23581,7
E01027605,21495,7
E01027606,27103,9
E01027607,33129,10
E01027608,9792,3
E01027609,7193,3
E01027610,14675,5
E01027612,7853,3
E01027613,16158,5
E01027614,31976,10
E01027615,33580,10
E01027616,15434,5
E01027617,17072,6
E01027618,25991,8
E01027619,27667,9
E01027620,24967,8
E01027622,20989,7
E01027623,30694,10
E01027624,30828,10
E01027625,7647,3
E01027626,23094,7
E01027627,17160,6
E01027628,17799,6
E01027629,7099,3
E01027630,17616,6
E01027631,29463,9
E01027632,24610,8
E01027633,20490,7
E01027634,26402,8
E01027635,20578,7
E01027636,20770,7
E01027637,16773,5
E01027638,31635,10
E01027639,30941,10
E01027640,29214,9
E01027641,33500,10
E01027642,26563,8
E01027643,18614,6
E01027644,19078,6
E01027645,21361,7
E01027646,24880,8
E01027647,21694,7
E01027648,20934,7
E01027649,19916,6
E01027650,27409,9
E01027651,7406,3
E01027652,28095,9
E01027653,24839,8
E01027654,33214,10
E01027655,28918,9
E01027656,25937,8
E01027657,17339,6
E01027658,19156,6
E01027659,17234,6
E01027660,29835,9
E01027661,24726,8
E01027662,33728,10
E01027663,30594,10
E01027665,26441,8
E01027666,17555,6
E01027667,18447,6
E01027668,21784,7
E01027669,19758,6
E01027670,31339,10
E01027671,33064,10
E01027672,31602,10
E01027673,17513,6
E01027674,31900,10
E01027675,31157,10
E01027676,13358,4
E01027677,26066,8
E01027678,11730,4
E01027679,27092,9
E01027680,23392,7
E01027681,18181,6
E01027682,22605,7
E01027683,27812,9
E01027684,19361,6
E01027685,20267,7
E01027686,14873,5
E01027687,24923,8
E01027688,22533,7
E01027689,18102,6
E01027690,27841,9
E01027691,25090,8
E01027692,18049,6
E01027693,22177,7
E01027694,18706,6
E01027695,21767,7
E01027696,23931,8
E01027697,32987,10
E01027698,33414,10
E01027699,33103,10
E01027700,31909,10
E01027701,16195,5
E01027702,15800,5
E01027703,21622,7
E01027704,25810,8
E01027705,21986,7
E01027706,12773,4
E01027707,21505,7
E01027708,28602,9
E01027709,31383,10
E01027710,11384,4
E01027711,15581,5
E01027712,32037,10
E01027713,22532,7
E01027714,26726,8
E01027715,28707,9
E01027716,33531,10
E01027717,32748,10
E01027718,32655,10
E01027719,32766,10
E01027720,19059,6
E01027721,31282,10
E01027722,29800,9
E01027723,10430,4
E01027724,21849,7
E01027725,25569,8
E01027726,21165,7
E01027727,22314,7
E01027728,24161,8
E01027729,8587,3
E01027730,30422,10
E01027731,28428,9
E01027732,31989,10
E01027733,33625,10
E01027734,22826,7
E01027735,23239,7
E01027736,18417,6
E01027737,22258,7
E01027738,17803,6
E01027739,18886,6
E01027740,2291,1
E01027741,18914,6
E01027742,13814,5
E01027743,17995,6
E01027744,17693,6
E01027745,18474,6
E01027746,21450,7
E01027747,23996,8
E01027748,21020,7
E01027749,5898,2
E01027751,22106,7
E01027752,13709,5
E01027753,17658,6
E01027756,16881,6
E01027758,18039,6
E01027759,18459,6
E01027760,14065,5
E01027761,24849,8
E01027762,15981,5
E01027763,15705,5
E01027764,15451,5
E01027765,22359,7
E01027766,19375,6
E01027767,28046,9
E01027768,33070,10
E01027769,15796,5
E01027770,17491,6
E01027771,23622,7
E01027772,21824,7
E01027773,14346,5
E01027774,18450,6
E01027775,17522,6
E01027776,18263,6
E01027777,15049,5
E01027778,14791,5
E01027779,9689,3
E01027780,20047,6
E01027781,17749,6
E01027782,17215,6
E01027783,20705,7
E01027784,13965,5
E01027786,31517,10
E01027787,11356,4
E01027788,20484,7
E01027790,16571,5
E01027791,30376,9
E01027792,28653,9
E01027793,13880,5
E01027794,28400,9
E01027795,9724,3
E01027796,13897,5
E01027797,21604,7
E01027798,12616,4
E01027799,19463,6
E01027800,16362,5
E01027801,25007,8
E01027802,16735,5
E01027803,11999,4
E01027804,1015,1
E01027805,1587,1
E01027806,167,1
E01027807,11917,4
E01027808,22282,7
E01027809,20691,7
E01027810,8554,3
E01027811,7862,3
E01027812,4448,2
E01027813,10556,4
E01027814,14899,5
E01027815,15656,5
E01027816,19696,6
E01027817,1510,1
E01027818,11379,4
E01027819,1804,1
E01027820,1374,1
E01027821,17038,6
E01027822,12632,4
E01027823,12175,4
E01027824,6159,2
E01027825,5055,2
E01027826,10605,4
E01027827,6840,3
E01027828,15334,5
E01027829,17911,6
E01027830,9972,3
E01027833,8829,3
E01027834,21614,7
E01027835,12274,4
E01027836,22758,7
E01027837,4717,2
E01027838,26821,8
E01027839,20282,7
E01027840,7335,3
E01027841,13496,4
E01027842,15682,5
E01027843,13479,4
E01027844,28774,9
E01027845,26027,8
E01027847,659,1
E01027849,19064,6
E01027850,4829,2
E01027851,15185,5
E01027852,5284,2
E01027853,8865,3
E01027854,5785,2
E01027855,25141,8
E01027856,23710,8
E01027857,15642,5
E01027858,25771,8
E01027859,24641,8
E01027860,21005,7
E01027861,9261,3
E01027862,8167,3
E01027863,27195,9
E01027864,4182,2
E01027865,6386,2
E01027866,13675,5
E01027867,27044,9
E01027868,13138,4
E01027871,17564,6
E01027872,4843,2
E01027873,22418,7
E01027874,462,1
E01027875,23005,7
E01027876,25706,8
E01027877,23912,8
E01027878,12836,4
E01027879,31327,10
E01027880,31957,10
E01027881,17619,6
E01027882,28671,9
E01027883,20344,7
E01027884,18084,6
E01027885,26036,8
E01027886,18956,6
E01027887,22888,7
E01027888,25214,8
E01027889,13119,4
E01027890,20485,7
E01027891,18085,6
E01027892,10021,3
E01027893,27906,9
E01027894,23778,8
E01027895,20105,6
E01027896,21511,7
E01027897,24661,8
E01027899,28722,9
E01027900,22547,7
E01027901,30567,10
E01027902,20534,7
E01027903,27214,9
E01027904,25893,8
E01027906,11466,4
E01027907,2971,1
E01027908,5422,2
E01027909,7071,3
E01027913,32616,10
E01027914,32963,10
E01027915,21973,7
E01027916,16662,5
E01027918,14531,5
E01027919,25837,8
E01027920,27537,9
E01027921,20336,7
E01027922,30388,10
E01027923,17503,6
E01027924,20379,7
E01027925,23703,8
E01027926,18142,6
E01027927,10650,4
E01027928,7579,3
E01027930,3906,2
E01027932,11902,4
E01027933,8265,3
E01027934,29764,9
E01027935,14130,5
E01027936,31295,10
E01027937,4704,2
E01027938,29723,9
E01027939,2307,1
E01027940,26246,8
E01027941,11206,4
E01027942,12489,4
E01027943,12901,4
E01027944,25004,8
E01027945,10034,3
E01027946,14341,5
E01027947,16243,5
E01027948,16076,5
E01027949,11323,4
E01027950,14799,5
E01027951,801,1
E01027952,3153,1
E01027953,17001,6
E01027954,6981,3
E01027955,6513,2
E01027956,3056,1
E01027957,14563,5
E01027958,5125,2
E01027959,31718,10
E01027960,8419,3
E01027961,23281,7
E01027962,17187,6
E01027963,7445,3
E01027964,5596,2
E01027965,2895,1
E01027966,2261,1
E01027967,4423,2
E01027968,942,1
E01027969,10411,4
E01027970,15409,5
E01027971,21224,7
E01027972,16368,5
E01027973,28100,9
E01027974,420,1
E01027975,11142,4
E01027976,4630,2
E01027977,5201,2
E01027978,1354,1
E01027979,18629,6
E01027980,4159,2
E01027981,17459,6
E01027982,11066,4
E01027983,3811,2
E01027984,20196,6
E01027985,14298,5
E01027986,4147,2
E01027987,8995,3
E01027988,16121,5
E01027989,14113,5
E01027990,21895,7
E01027991,10348,4
E01027992,31691,10
E01027993,22706,7
E01027994,19079,6
E01027995,20826,7
E01027996,9821,3
E01027997,22934,7
E01027998,12707,4
E01027999,18788,6
E01028000,23284,7
E01028001,990,1
E01028002,17405,6
E01028003,18153,6
E01028004,24535,8
E01028005,17404,6
E01028006,15858,5
E01028007,21421,7
E01028008,5174,2
E01028009,26752,8
E01028010,29444,9
E01028011,4058,2
E01028012,13231,4
E01028013,21460,7
E01028014,7080,3
E01028015,23781,8
E01028016,16054,5
E01028017,14469,5
E01028018,22841,7
E01028019,7107,3
E01028020,7361,3
E01028021,24014,8
E01028022,14990,5
E01028023,17946,6
E01028024,18250,6
E01028025,10560,4
E01028026,5094,2
E01028027,7328,3
E01028028,9790,3
E01028029,5389,2
E01028030,9314,3
E01028031,12477,4
E01028032,22564,7
E01028033,8848,3
E01028034,17385,6
E01028035,18497,6
E01028036,16943,6
E01028037,12713,4
E01028038,9613,3
E01028039,13353,4
E01028042,18861,6
E01028043,16834,5
E01028044,6573,2
E01028045,11157,4
E01028046,18756,6
E01028047,32170,10
E01028048,20785,7
E01028049,12564,4
E01028050,19432,6
E01028051,19155,6
E01028052,25202,8
E01028053,4646,2
E01028054,29491,9
E01028055,2996,1
E01028056,9728,3
E01028057,3621,2
E01028058,27970,9
E01028059,30616,10
E01028060,31294,10
E01028061,25314,8
E01028062,4647,2
E01028063,29343,9
E01028064,7660,3
E01028065,722,1
E01028066,1887,1
E01028067,5022,2
E01028068,1951,1
E01028069,29217,9
E01028070,32677,10
E01028073,14035,5
E01028074,23175,7
E01028075,18436,6
E01028076,19142,6
E01028077,9896,3
E01028078,16000,5
E01028079,30909,10
E01028080,25556,8
E01028081,18156,6
E01028082,30482,10
E01028083,10263,4
E01028084,32151,10
E01028085,24213,8
E01028086,26262,8
E01028087,33187,10
E01028088,32893,10
E01028089,33292,10
E01028090,21636,7
E01028091,32594,10
E01028092,14500,5
E01028093,24399,8
E01028094,28221,9
E01028095,26385,8
E01028096,28967,9
E01028097,32304,10
E01028098,9545,3
E01028099,30413,10
E01028100,22544,7
E01028101,4226,2
E01028102,17455,6
E01028103,8442,3
E01028104,27879,9
E01028105,19211,6
E01028106,18900,6
E01028107,22861,7
E01028108,21818,7
E01028109,15519,5
E01028110,3854,2
E01028111,12884,4
E01028112,5477,2
E01028113,4392,2
E01028114,11558,4
E01028115,28404,9
E01028116,21989,7
E01028117,32111,10
E01028118,27903,9
E01028119,28731,9
E01028120,30473,10
E01028121,31213,10
E01028122,12972,4
E01028123,30049,9
E01028124,26934,8
E01028125,24584,8
E01028126,12548,4
E01028127,4436,2
E01028128,31317,10
E01028129,14510,5
E01028130,11792,4
E01028131,22936,7
E01028132,15115,5
E01028133,9425,3
E01028134,13946,5
E01028135,32833,10
E01028136,33354,10
E01028137,33583,10
E01028138,28193,9
E01028139,31797,10
E01028142,18726,6
E01028143,13177,4
E01028144,14704,5
E01028146,25746,8
E01028147,4021,2
E01028148,32250,10
E01028149,28377,9
E01028150,22970,7
E01028151,30031,9
E01028152,21437,7
E01028153,8710,3
E01028154,16940,6
E01028155,15106,5
E01028156,19843,6
E01028157,25389,8
E01028158,11318,4
E01028159,11862,4
E01028160,18015,6
E01028161,12922,4
E01028162,18440,6
E01028163,24701,8
E01028164,11394,4
E01028165,10092,3
E01028166,7276,3
E01028167,9813,3
E01028168,25321,8
E01028169,32271,10
E01028170,24693,8
E01028171,14988,5
E01028172,28263,9
E01028173,2027,1
E01028174,11670,4
E01028175,20562,7
E01028176,23886,8
E01028177,28149,9
E01028178,29861,9
E01028179,28469,9
E01028180,26509,8
E01028181,26590,8
E01028182,24976,8
E01028183,26510,8
E01028184,31018,10
E01028185,9390,3
E01028186,5047,2
E01028187,7177,3
E01028188,16113,5
E01028189,17074,6
E01028190,26080,8
E01028191,18456,6
E01028192,9419,3
E01028193,25498,8
E01028194,28314,9
E01028195,26266,8
E01028196,32527,10
E01028197,31316,10
E01028198,31879,10
E01028199,32938,10
E01028200,29402,9
E01028201,32520,10
E01028202,19330,6
E01028203,17681,6
E01028204,29743,9
E01028205,22697,7
E01028206,25674,8
E01028207,29803,9
E01028208,15758,5
E01028209,8182,3
E01028210,11234,4
E01028211,14716,5
E01028212,10938,4
E01028213,28631,9
E01028214,31012,10
E01028215,30973,10
E01028216,33334,10
E01028217,28548,9
E01028218,32040,10
E01028219,30511,10
E01028220,19495,6
E01028222,33331,10
E01028223,11153,4
E01028224,6329,2
E01028225,9046,3
E01028226,1666,1
E01028227,3028,1
E01028228,10617,4
E01028229,11658,4
E01028230,7231,3
E01028231,6842,3
E01028232,11352,4
E01028233,4989,2
E01028234,3442,2
E01028235,24797,8
E01028236,20796,7
E01028237,18236,6
E01028238,6131,2
E01028239,12387,4
E01028240,25194,8
E01028242,18234,6
E01028243,16047,5
E01028244,24523,8
E01028245,4866,2
E01028246,27949,9
E01028247,1958,1
E01028248,9674,3
E01028249,14124,5
E01028250,16194,5
E01028251,30708,10
E01028252,10814,4
E01028253,27862,9
E01028254,10698,4
E01028255,28714,9
E01028256,1021,1
E01028257,5051,2
E01028258,7678,3
E01028259,4025,2
E01028260,10785,4
E01028261,2138,1
E01028262,23006,7
E01028263,119,1
E01028264,26762,8
E01028267,7908,3
E01028268,4243,2
E01028269,7076,3
E01028270,27853,9
E01028271,5483,2
E01028272,9543,3
E01028273,18651,6
E01028274,5136,2
E01028275,2404,1
E01028276,47,1
E01028277,23739,8
E01028278,11138,4
E01028279,7440,3
E01028280,5981,2
E01028281,2143,1
E01028282,7682,3
E01028283,19699,6
E01028284,3519,2
E01028285,20176,6
E01028286,14389,5
E01028287,20859,7
E01028288,25470,8
E01028289,22700,7
E01028290,16426,5
E01028291,16526,5
E01028292,29941,9
E01028293,21169,7
E01028294,10288,4
E01028295,24793,8
E01028296,11517,4
E01028297,7485,3
E01028298,18016,6
E01028299,6009,2
E01028300,5516,2
E01028301,1909,1
E01028302,14904,5
E01028303,18411,6
E01028304,7037,3
E01028305,12838,4
E01028306,10250,4
E01028307,22156,7
E01028308,18717,6
E01028309,24969,8
E01028310,5924,2
E01028311,2249,1
E01028312,18534,6
E01028313,4691,2
E01028315,30698,10
E01028316,20761,7
E01028317,16242,5
E01028318,4594,2
E01028319,5492,2
E01028320,1662,1
E01028321,22574,7
E01028322,20510,7
E01028323,15465,5
E01028325,24348,8
E01028326,15402,5
E01028327,23933,8
E01028328,30274,9
E01028329,24938,8
E01028330,28903,9
E01028331,22960,7
E01028332,30161,9
E01028333,17077,6
E01028334,3938,2
E01028335,8107,3
E01028336,21217,7
E01028337,24960,8
E01028338,11499,4
E01028339,9619,3
E01028340,5485,2
E01028342,11774,4
E01028343,12493,4
E01028344,26592,8
E01028345,28726,9
E01028346,30006,9
E01028347,31220,10
E01028348,27687,9
E01028349,17726,6
E01028350,18383,6
E01028351,27788,9
E01028352,29637,9
E01028353,23649,8
E01028354,32612,10
E01028355,27183,9
E01028356,33088,10
E01028357,33194,10
E01028358,22730,7
E01028359,32666,10
E01028360,28433,9
E01028361,33357,10
E01028362,12620,4
E01028363,33533,10
E01028364,32391,10
E01028365,31873,10
E01028366,12081,4
E01028367,25516,8
E01028368,31721,10
E01028369,14334,5
E01028370,19978,6
E01028371,29554,9
E01028372,18032,6
E01028374,20524,7
E01028375,30218,9
E01028376,29432,9
E01028377,33691,10
E01028378,24275,8
E01028379,33402,10
E01028380,8641,3
E01028381,32494,10
E01028382,33307,10
E01028383,28560,9
E01028384,30528,10
E01028385,32387,10
E01028386,28790,9
E01028387,18807,6
E01028388,33122,10
E01028389,30086,9
E01028390,30890,10
E01028391,33382,10
E01028392,21286,7
E01028393,33483,10
E01028394,29802,9
E01028395,32805,10
E01028396,30843,10
E01028397,32013,10
E01028398,26332,8
E01028399,30434,10
E01028400,33526,10
E01028401,30503,10
E01028402,23618,7
E01028403,26012,8
E01028404,31506,10
E01028405,24243,8
E01028406,26356,8
E01028407,31899,10
E01028408,28167,9
E01028409,29636,9
E01028410,28348,9
E01028411,25567,8
E01028412,31612,10
E01028413,19179,6
E01028414,30765,10
E01028415,27188,9
E01028416,18703,6
E01028417,14673,5
E01028418,23735,8
E01028419,25998,8
E01028420,23268,7
E01028421,26571,8
E01028422,26644,8
E01028423,29758,9
E01028426,28361,9
E01028427,25326,8
E01028428,31144,10
E01028429,27448,9
E01028430,17129,6
E01028431,28575,9
E01028432,22873,7
E01028433,31583,10
E01028434,29011,9
E01028435,6694,2
E01028437,21142,7
E01028439,28533,9
E01028440,17140,6
E01028441,15550,5
E01028443,25304,8
E01028444,28212,9
E01028445,10776,4
E01028446,15604,5
E01028447,15590,5
E01028448,10102,3
E01028449,9705,3
E01028450,4654,2
E01028451,17950,6
E01028452,8140,3
E01028453,9947,3
E01028454,5997,2
E01028455,30757,10
E01028456,16951,6
E01028457,32449,10
E01028458,15401,5
E01028459,30455,10
E01028460,31878,10
E01028461,29250,9
E01028462,26987,8
E01028463,27262,9
E01028464,29725,9
E01028465,32249,10
E01028466,12856,4
E01028467,26369,8
E01028469,29972,9
E01028470,24717,8
E01028471,12547,4
E01028472,28442,9
E01028473,31846,10
E01028474,18991,6
E01028476,29147,9
E01028477,21205,7
E01028478,28265,9
E01028479,16445,5
E01028480,21727,7
E01028481,26831,8
E01028482,28615,9
E01028483,21350,7
E01028484,19172,6
E01028485,24505,8
E01028486,22147,7
E01028487,31636,10
E01028488,28063,9
E01028489,32718,10
E01028490,22421,7
E01028491,30775,10
E01028492,30359,9
E01028493,24721,8
E01028494,13509,5
E01028495,30864,10
E01028496,25542,8
E01028497,23709,8
E01028498,19674,6
E01028499,26427,8
E01028500,9894,3
E01028501,20994,7
E01028502,27052,9
E01028503,20999,7
E01028504,20688,7
E01028506,23831,8
E01028507,24929,8
E01028508,21241,7
E01028510,32020,10
E01028511,29598,9
E01028512,21491,7
E01028513,8386,3
E01028514,8707,3
E01028515,26438,8
E01028516,13809,5
E01028517,7538,3
E01028518,3949,2
E01028519,12270,4
E01028520,5311,2
E01028521,27249,9
E01028522,17697,6
E01028523,21782,7
E01028524,9753,3
E01028525,9104,3
E01028526,25108,8
E01028527,28776,9
E01028528,15392,5
E01028529,11185,4
E01028530,21173,7
E01028531,20657,7
E01028532,15275,5
E01028534,33477,10
E01028535,32135,10
E01028536,31486,10
E01028537,32195,10
E01028538,14295,5
E01028539,26270,8
E01028540,31549,10
E01028541,27935,9
E01028542,17032,6
E01028543,14275,5
E01028544,29499,9
E01028545,31363,10
E01028546,12224,4
E01028547,30176,9
E01028548,27483,9
E01028549,28824,9
E01028550,22757,7
E01028551,30540,10
E01028552,6007,2
E01028553,9025,3
E01028554,15663,5
E01028555,21646,7
E01028556,23597,7
E01028557,15347,5
E01028558,20686,7
E01028559,22527,7
E01028560,26949,8
E01028561,31949,10
E01028562,25549,8
E01028563,31860,10
E01028565,32929,10
E01028567,9255,3
E01028568,3138,1
E01028569,3150,1
E01028570,21382,7
E01028571,29885,9
E01028572,31492,10
E01028573,32916,10
E01028574,15934,5
E01028575,20637,7
E01028576,6788,3
E01028577,5365,2
E01028578,24935,8
E01028579,18994,6
E01028580,19112,6
E01028581,30292,9
E01028582,12796,4
E01028584,33049,10
E01028586,23163,7
E01028587,18961,6
E01028588,22032,7
E01028591,32471,10
E01028592,31452,10
E01028594,30415,10
E01028595,23928,8
E01028596,32082,10
E01028597,20235,6
E01028598,24550,8
E01028599,24231,8
E01028600,29447,9
E01028601,27599,9
E01028602,30837,10
E01028603,25424,8
E01028604,13691,5
E01028605,14701,5
E01028606,27786,9
E01028607,27344,9
E01028608,30151,9
E01028609,26727,8
E01028610,22705,7
E01028611,27184,9
E01028612,22432,7
E01028613,29372,9
E01028614,21938,7
E01028615,27499,9
E01028616,27692,9
E01028617,32922,10
E01028619,26738,8
E01028622,32629,10
E01028623,22733,7
E01028624,30573,10
E01028625,33211,10
E01028626,32664,10
E01028627,29580,9
E01028628,31731,10
E01028629,29049,9
E01028630,27904,9
E01028631,21440,7
E01028632,18821,6
E01028633,14661,5
E01028634,32256,10
E01028635,20392,7
E01028636,17337,6
E01028637,30608,10
E01028638,21759,7
E01028639,27213,9
E01028640,25080,8
E01028641,24443,8
E01028642,29528,9
E01028643,26094,8
E01028644,29573,9
E01028645,32790,10
E01028646,17063,6
E01028647,22819,7
E01028649,24820,8
E01028650,30030,9
E01028651,23519,7
E01028652,29878,9
E01028653,25178,8
E01028654,32462,10
E01028655,30079,9
E01028656,33743,10
E01028657,23900,8
E01028658,23720,8
E01028659,29797,9
E01028660,25327,8
E01028661,32716,10
E01028662,30505,10
E01028663,25066,8
E01028664,30966,10
E01028665,33008,10
E01028666,28813,9
E01028667,31861,10
E01028668,33031,10
E01028669,30004,9
E01028670,33192,10
E01028671,23635,8
E01028672,30195,9
E01028673,24178,8
E01028674,32713,10
E01028675,22834,7
E01028676,21978,7
E01028677,22850,7
E01028678,19317,6
E01028679,20329,7
E01028680,27352,9
E01028681,31499,10
E01028682,25064,8
E01028683,28957,9
E01028684,31218,10
E01028685,28914,9
E01028686,27914,9
E01028688,30363,9
E01028689,25357,8
E01028690,22074,7
E01028691,20188,6
E01028692,5979,2
E01028693,33745,10
E01028694,33206,10
E01028695,33272,10
E01028696,33028,10
E01028697,18925,6
E01028698,31922,10
E01028699,33113,10
E01028700,17305,6
E01028701,29920,9
E01028702,29829,9
E01028703,20145,6
E01028704,23110,7
E01028705,33338,10
E01028706,33607,10
E01028707,33140,10
E01028708,25851,8
E01028709,33001,10
E01028710,32115,10
E01028711,27437,9
E01028712,23289,7
E01028713,20703,7
E01028715,27964,9
E01028716,21184,7
E01028717,17821,6
E01028718,14513,5
E01028719,29360,9
E01028720,21700,7
E01028721,31256,10
E01028722,26247,8
E01028723,22213,7
E01028724,28628,9
E01028725,18365,6
E01028726,27547,9
E01028728,23196,7
E01028729,28402,9
E01028730,26748,8
E01028731,20968,7
E01028732,24836,8
E01028733,25625,8
E01028734,31790,10
E01028735,29657,9
E01028737,25222,8
E01028738,31559,10
E01028739,26653,8
E01028740,33598,10
E01028741,31664,10
E01028742,28111,9
E01028743,27967,9
E01028744,25232,8
E01028745,28354,9
E01028746,25957,8
E01028747,26337,8
E01028748,20961,7
E01028749,22078,7
E01028750,20618,7
E01028751,27364,9
E01028752,30813,10
E01028753,19501,6
E01028754,27301,9
E01028755,27149,9
E01028757,17483,6
E01028758,29951,9
E01028759,23701,8
E01028760,25962,8
E01028761,29828,9
E01028762,18938,6
E01028763,27035,9
E01028764,26245,8
E01028765,18851,6
E01028767,18355,6
E01028771,17585,6
E01028772,26225,8
E01028773,22977,7
E01028774,30194,9
E01028775,30905,10
E01028776,16643,5
E01028777,28573,9
E01028778,22520,7
E01028779,25691,8
E01028780,27677,9
E01028781,10367,4
E01028782,30713,10
E01028783,22269,7
E01028784,24706,8
E01028785,28933,9
E01028786,30303,9
E01028787,16835,5
E01028788,30286,9
E01028789,31125,10
E01028790,24912,8
E01028791,31539,10
E01028792,29110,9
E01028793,26993,8
E01028794,22489,7
E01028795,19280,6
E01028796,19503,6
E01028797,18741,6
E01028798,26276,8
E01028799,25667,8
E01028800,21960,7
E01028801,24370,8
E01028802,26973,8
E01028804,27014,9
E01028806,23983,8
E01028807,22559,7
E01028808,20507,7
E01028809,6103,2
E01028810,31890,10
E01028811,14609,5
E01028813,19246,6
E01028814,30104,9
E01028815,33588,10
E01028816,26566,8
E01028817,25960,8
E01028818,24415,8
E01028819,13415,4
E01028820,29271,9
E01028821,29490,9
E01028822,31257,10
E01028823,28848,9
E01028824,30343,9
E01028825,31393,10
E01028826,18190,6
E01028827,20621,7
E01028828,11705,4
E01028829,22450,7
E01028830,25755,8
E01028831,30845,10
E01028832,17972,6
E01028833,21544,7
E01028834,15403,5
E01028835,20560,7
E01028836,12389,4
E01028837,26882,8
E01028838,8687,3
E01028839,25031,8
E01028840,19028,6
E01028841,11816,4
E01028842,14577,5
E01028843,14053,5
E01028844,26871,8
E01028845,29833,9
E01028846,14349,5
E01028847,11967,4
E01028848,21125,7
E01028849,6000,2
E01028850,19979,6
E01028851,20714,7
E01028852,16766,5
E01028853,7497,3
E01028854,23627,7
E01028855,29295,9
E01028856,22114,7
E01028858,12949,4
E01028859,11597,4
E01028860,25370,8
E01028861,20464,7
E01028862,19265,6
E01028863,13585,5
E01028864,16069,5
E01028865,26810,8
E01028866,13673,5
E01028867,14393,5
E01028868,15030,5
E01028869,17570,6
E01028870,13733,5
E01028871,11311,4
E01028872,19189,6
E01028873,7389,3
E01028874,24122,8
E01028875,25832,8
E01028876,11349,4
E01028877,25765,8
E01028878,17743,6
E01028879,10075,3
E01028880,9904,3
E01028881,16820,5
E01028882,13498,4
E01028883,18162,6
E01028884,15541,5
E01028886,9995,3
E01028887,23134,7
E01028888,16090,5
E01028889,22125,7
E01028890,9698,3
E01028891,8711,3
E01028892,29228,9
E01028893,15173,5
E01028894,16743,5
E01028895,14062,5
E01028896,17328,6
E01028897,16269,5
E01028898,13908,5
E01028899,22351,7
E01028902,16954,6
E01028903,10389,4
E01028904,13472,4
E01028905,8978,3
E01028906,5430,2
E01028907,25703,8
E01028908,5569,2
E01028909,10052,3
E01028910,16664,5
E01028911,25572,8
E01028912,5768,2
E01028913,18745,6
E01028914,11644,4
E01028915,17562,6
E01028916,29234,9
E01028917,23925,8
E01028918,18737,6
E01028919,19098,6
E01028920,13086,4
E01028921,16196,5
E01028922,14321,5
E01028923,18347,6
E01028924,17841,6
E01028925,20095,6
E01028926,13410,4
E01028927,20548,7
E01028928,14232,5
E01028929,30297,9
E01028930,28099,9
E01028931,14276,5
E01028933,12300,4
E01028934,5613,2
E01028935,30466,10
E01028936,26055,8
E01028937,21932,7
E01028938,21160,7
E01028939,24314,8
E01028940,25764,8
E01028942,31136,10
E01028943,19293,6
E01028944,14705,5
E01028945,11806,4
E01028947,26932,8
E01028948,9889,3
E01028949,29594,9
E01028950,21718,7
E01028951,27354,9
E01028952,30445,10
E01028953,31822,10
E01028954,18942,6
E01028955,13402,4
E01028956,21756,7
E01028957,1897,1
E01028958,11431,4
E01028960,14611,5
E01028961,17519,6
E01028962,4587,2
E01028963,31427,10
E01028964,32549,10
E01028965,8965,3
E01028966,28296,9
E01028967,3280,1
E01028968,12801,4
E01028969,16563,5
E01028970,19319,6
E01028971,17048,6
E01028972,32556,10
E01028973,18358,6
E01028974,32034,10
E01028975,12503,4
E01028976,22797,7
E01028977,19867,6
E01028978,14636,5
E01028979,14304,5
E01028980,13504,5
E01028981,19398,6
E01028982,11033,4
E01028983,3586,2
E01028984,12339,4
E01028985,31325,10
E01028986,29243,9
E01028988,18969,6
E01028989,12843,4
E01028990,12947,4
E01028992,9614,3
E01028993,12110,4
E01028994,12481,4
E01028995,18970,6
E01028996,13671,5
E01028997,21857,7
E01028998,23814,8
E01028999,13201,4
E01029000,12865,4
E01029001,19493,6
E01029002,10005,3
E01029003,13204,4
E01029005,12067,4
E01029006,18709,6
E01029007,4344,2
E01029009,27680,9
E01029010,11854,4
E01029011,15931,5
E01029012,20774,7
E01029013,13777,5
E01029014,5484,2
E01029016,14005,5
E01029018,19976,6
E01029019,18569,6
E01029020,17706,6
E01029021,19877,6
E01029022,23638,8
E01029023,18636,6
E01029024,24009,8
E01029025,11408,4
E01029027,15546,5
E01029028,13624,5
E01029029,11193,4
E01029030,32536,10
E01029031,27572,9
E01029032,30581,10
E01029033,26187,8
E01029034,28232,9
E01029036,9712,3
E01029037,17030,6
E01029038,12288,4
E01029039,23414,7
E01029040,20991,7
E01029041,11754,4
E01029042,4790,2
E01029043,20651,7
E01029044,16429,5
E01029045,16302,5
E01029046,4360,2
E01029047,15786,5
E01029050,14339,5
E01029051,20802,7
E01029052,15152,5
E01029053,13667,5
E01029054,13794,5
E01029055,20147,6
E01029056,21620,7
E01029057,18872,6
E01029058,12263,4
E01029059,17049,6
E01029060,20438,7
E01029062,6144,2
E01029063,22768,7
E01029064,18731,6
E01029065,29563,9
E01029066,14508,5
E01029067,13666,5
E01029068,14779,5
E01029070,20632,7
E01029071,15654,5
E01029072,8394,3
E01029073,16716,5
E01029074,31656,10
E01029075,17556,6
E01029076,27245,9
E01029077,17007,6
E01029078,16890,6
E01029079,9518,3
E01029080,22576,7
E01029081,16228,5
E01029082,30591,10
E01029083,31982,10
E01029084,19736,6
E01029085,17569,6
E01029086,22244,7
E01029089,19387,6
E01029091,21516,7
E01029092,24752,8
E01029093,8973,3
E01029094,16517,5
E01029095,3374,1
E01029096,9058,3
E01029097,4764,2
E01029098,5095,2
E01029099,4167,2
E01029100,3916,2
E01029101,12724,4
E01029102,18044,6
E01029103,29119,9
E01029104,29644,9
E01029105,3745,2
E01029106,1372,1
E01029107,4743,2
E01029108,16197,5
E01029109,5033,2
E01029110,8670,3
E01029111,10213,4
E01029112,6648,2
E01029113,21115,7
E01029114,20531,7
E01029115,25768,8
E01029116,10820,4
E01029117,6627,2
E01029118,21473,7
E01029119,10110,3
E01029120,20067,6
E01029121,12793,4
E01029122,22386,7
E01029123,12960,4
E01029124,18108,6
E01029125,14864,5
E01029126,21842,7
E01029127,18819,6
E01029128,28843,9
E01029129,24570,8
E01029130,18770,6
E01029131,3271,1
E01029132,1043,1
E01029133,14736,5
E01029134,8402,3
E01029135,16417,5
E01029136,11735,4
E01029137,15128,5
E01029138,16237,5
E01029139,16687,5
E01029142,24575,8
E01029143,9861,3
E01029144,15375,5
E01029145,21638,7
E01029147,24490,8
E01029148,23160,7
E01029149,20304,7
E01029150,18393,6
E01029151,14964,5
E01029152,8075,3
E01029153,16101,5
E01029154,11679,4
E01029155,19561,6
E01029156,14281,5
E01029157,14930,5
E01029158,21256,7
E01029159,29711,9
E01029161,17854,6
E01029162,22870,7
E01029163,15970,5
E01029164,18952,6
E01029165,13898,5
E01029166,18552,6
E01029167,11253,4
E01029168,19771,6
E01029169,18187,6
E01029170,4404,2
E01029171,12443,4
E01029172,27928,9
E01029173,11418,4
E01029174,15994,5
E01029175,7148,3
E01029176,22598,7
E01029177,4547,2
E01029178,19648,6
E01029179,9439,3
E01029180,16337,5
E01029181,16844,5
E01029182,24127,8
E01029183,14616,5
E01029184,24533,8
E01029185,13061,4
E01029186,10911,4
E01029187,10068,3
E01029188,22410,7
E01029189,17468,6
E01029190,23830,8
E01029191,15391,5
E01029192,14797,5
E01029193,13567,5
E01029194,21133,7
E01029195,16037,5
E01029196,13704,5
E01029197,15534,5
E01029198,18779,6
E01029199,19556,6
E01029200,12440,4
E01029201,22992,7
E01029202,6341,2
E01029203,17176,6
E01029204,18867,6
E01029205,15513,5
E01029206,19984,6
E01029207,24256,8
E01029208,18150,6
E01029209,21520,7
E01029210,25185,8
E01029211,14612,5
E01029212,15568,5
E01029213,13649,5
E01029214,14910,5
E01029215,11010,4
E01029216,18494,6
E01029217,18775,6
E01029218,11098,4
E01029219,19897,6
E01029220,22006,7
E01029221,16508,5
E01029222,17804,6
E01029223,20593,7
E01029224,18362,6
E01029225,19913,6
E01029226,10876,4
E01029227,17411,6
E01029228,17419,6
E01029229,11791,4
E01029230,13990,5
E01029231,19373,6
E01029232,13579,5
E01029233,8450,3
E01029235,13025,4
E01029236,5205,2
E01029237,4313,2
E01029238,10024,3
E01029239,5124,2
E01029240,18907,6
E01029241,14719,5
E01029242,23105,7
E01029243,22673,7
E01029244,32660,10
E01029245,24528,8
E01029246,25735,8
E01029247,2347,1
E01029248,9549,3
E01029249,10524,4
E01029250,24869,8
E01029251,31064,10
E01029252,28455,9
E01029254,31189,10
E01029255,18973,6
E01029256,24223,8
E01029257,13890,5
E01029258,20017,6
E01029259,14801,5
E01029260,21303,7
E01029261,16719,5
E01029262,21374,7
E01029263,28762,9
E01029264,32293,10
E01029265,32617,10
E01029266,22422,7
E01029267,16661,5
E01029268,14987,5
E01029269,19382,6
E01029270,15543,5
E01029271,18120,6
E01029273,23985,8
E01029274,22750,7
E01029275,14236,5
E01029276,28171,9
E01029277,21337,7
E01029278,16175,5
E01029279,12396,4
E01029280,7574,3
E01029281,12815,4
E01029282,25580,8
E01029283,12608,4
E01029284,6224,2
E01029285,15711,5
E01029286,8102,3
E01029287,14444,5
E01029288,20334,7
E01029289,17237,6
E01029290,21212,7
E01029291,8579,3
E01029292,1656,1
E01029293,1092,1
E01029294,29937,9
E01029295,31140,10
E01029296,28162,9
E01029297,3584,2
E01029298,9357,3
E01029299,8754,3
E01029300,19150,6
E01029301,14654,5
E01029302,31483,10
E01029303,32978,10
E01029304,4709,2
E01029305,13542,5
E01029306,13180,4
E01029307,5897,2
E01029308,27291,9
E01029310,30168,9
E01029311,12555,4
E01029312,21748,7
E01029313,18006,6
E01029315,31141,10
E01029316,18197,6
E01029317,21186,7
E01029319,25293,8
E01029320,14367,5
E01029321,20258,7
E01029322,9692,3
E01029324,8665,3
E01029325,11665,4
E01029326,10093,3
E01029327,12136,4
E01029328,8200,3
E01029329,11731,4
E01029330,13348,4
E01029331,17429,6
E01029333,5733,2
E01029334,6798,3
E01029335,11083,4
E01029336,9093,3
E01029337,10338,4
E01029338,10685,4
E01029339,8964,3
E01029341,11918,4
E01029342,18359,6
E01029343,13454,4
E01029345,19721,6
E01029346,6229,2
E01029347,28070,9
E01029348,14414,5
E01029349,9555,3
E01029350,4534,2
E01029351,7226,3
E01029352,16752,5
E01029353,10765,4
E01029354,10897,4
E01029355,7321,3
E01029356,4577,2
E01029357,8866,3
E01029358,1875,1
E01029359,8256,3
E01029360,6861,3
E01029361,8242,3
E01029362,5775,2
E01029363,12437,4
E01029364,25073,8
E01029365,16135,5
E01029366,32046,10
E01029367,10641,4
E01029368,31227,10
E01029369,26521,8
E01029370,28300,9
E01029371,19338,6
E01029372,2772,1
E01029373,12070,4
E01029374,14196,5
E01029375,28683,9
E01029376,21947,7
E01029377,32898,10
E01029378,30251,9
E01029379,22981,7
E01029380,30254,9
E01029381,9702,3
E01029382,14017,5
E01029383,23517,7
E01029385,23116,7
E01029386,12546,4
E01029387,10629,4
E01029388,9099,3
E01029389,18481,6
E01029390,4455,2
E01029391,27051,9
E01029392,26954,8
E01029393,21044,7
E01029394,17909,6
E01029395,20136,6
E01029396,18772,6
E01029397,8736,3
E01029398,19343,6
E01029399,18557,6
E01029400,16167,5
E01029401,16682,5
E01029402,26286,8
E01029403,15699,5
E01029404,8085,3
E01029405,23816,8
E01029406,18657,6
E01029407,7707,3
E01029408,6153,2
E01029409,7778,3
E01029410,7648,3
E01029411,18974,6
E01029412,29193,9
E01029413,19285,6
E01029414,23119,7
E01029415,27259,9
E01029416,26632,8
E01029417,20119,6
E01029418,32203,10
E01029419,31471,10
E01029420,27898,9
E01029422,26122,8
E01029423,11369,4
E01029424,19397,6
E01029425,16807,5
E01029426,5817,2
E01029427,2768,1
E01029428,22115,7
E01029429,5178,2
E01029430,28757,9
E01029431,11635,4
E01029432,24293,8
E01029433,12397,4
E01029434,10990,4
E01029435,21442,7
E01029436,5746,2
E01029437,8239,3
E01029438,23413,7
E01029439,30911,10
E01029440,22756,7
E01029441,26209,8
E01029442,32855,10
E01029443,32106,10
E01029444,22246,7
E01029445,5885,2
E01029446,18183,6
E01029447,3556,2
E01029448,6480,2
E01029449,13832,5
E01029450,4142,2
E01029451,12805,4
E01029452,8350,3
E01029453,2953,1
E01029454,32800,10
E01029455,30704,10
E01029456,19240,6
E01029457,30922,10
E01029458,25834,8
E01029459,31725,10
E01029460,24877,8
E01029461,18204,6
E01029462,14392,5
E01029463,24638,8
E01029464,14613,5
E01029465,30633,10
E01029466,30944,10
E01029467,22589,7
E01029468,2369,1
E01029469,24932,8
E01029470,13909,5
E01029471,18782,6
E01029472,9323,3
E01029473,22811,7
E01029474,27561,9
E01029475,26719,8
E01029476,25953,8
E01029477,28229,9
E01029478,21263,7
E01029480,24149,8
E01029482,17188,6
E01029483,33664,10
E01029484,26520,8
E01029485,33661,10
E01029486,24579,8
E01029487,6912,3
E01029488,20125,6
E01029489,26618,8
E01029490,21742,7
E01029491,20965,7
E01029492,4738,2
E01029493,24815,8
E01029494,19846,6
E01029495,27116,9
E01029496,6825,3
E01029498,23991,8
E01029499,5547,2
E01029500,26702,8
E01029501,14335,5
E01029502,11728,4
E01029503,18715,6
E01029504,12714,4
E01029505,26308,8
E01029506,30298,9
E01029507,31497,10
E01029508,27001,8
E01029509,23839,8
E01029511,32327,10
E01029512,31466,10
E01029513,33315,10
E01029514,32798,10
E01029515,24041,8
E01029516,17936,6
E01029517,22436,7
E01029518,29116,9
E01029519,21871,7
E01029520,33735,10
E01029521,16939,6
E01029522,19769,6
E01029523,25770,8
E01029524,17755,6
E01029525,24218,8
E01029526,14488,5
E01029527,8279,3
E01029528,12068,4
E01029529,19072,6
E01029531,29483,9
E01029532,16328,5
E01029533,19701,6
E01029534,20326,7
E01029535,7056,3
E01029536,26486,8
E01029537,14102,5
E01029538,8395,3
E01029539,20376,7
E01029540,15559,5
E01029541,12492,4
E01029542,16336,5
E01029543,5640,2
E01029544,24365,8
E01029545,19593,6
E01029546,27894,9
E01029547,4910,2
E01029548,2818,1
E01029549,10915,4
E01029551,29306,9
E01029552,15295,5
E01029553,9755,3
E01029554,6554,2
E01029555,10529,4
E01029556,18883,6
E01029557,25801,8
E01029558,7390,3
E01029559,12689,4
E01029560,4895,2
E01029561,7947,3
E01029562,21503,7
E01029563,17763,6
E01029564,5755,2
E01029565,32014,10
E01029566,2220,1
E01029567,14050,5
E01029568,6567,2
E01029569,15658,5
E01029570,24560,8
E01029571,20564,7
E01029572,28494,9
E01029573,26392,8
E01029574,19837,6
E01029575,8476,3
E01029576,29705,9
E01029577,27753,9
E01029578,11363,4
E01029579,25661,8
E01029580,26423,8
E01029581,21215,7
E01029582,22443,7
E01029583,16808,5
E01029584,21710,7
E01029585,16958,6
E01029586,29037,9
E01029587,25977,8
E01029588,11805,4
E01029589,32168,10
E01029590,24876,8
E01029591,6636,2
E01029593,10985,4
E01029594,11023,4
E01029595,16877,5
E01029596,19542,6
E01029597,6774,3
E01029598,11963,4
E01029599,11045,4
E01029600,31055,10
E01029601,30201,9
E01029602,10391,4
E01029603,9427,3
E01029604,4637,2
E01029605,32714,10
E01029606,33669,10
E01029607,14217,5
E01029608,30115,9
E01029609,17214,6
E01029610,20468,7
E01029611,13178,4
E01029612,27653,9
E01029613,25618,8
E01029614,16987,6
E01029615,8637,3
E01029616,13887,5
E01029617,21202,7
E01029618,18855,6
E01029619,20784,7
E01029620,20138,6
E01029621,21431,7
E01029622,22891,7
E01029623,19683,6
E01029624,27496,9
E01029625,26384,8
E01029626,29105,9
E01029627,12958,4
E01029628,32645,10
E01029629,33494,10
E01029630,28054,9
E01029631,28329,9
E01029632,20449,7
E01029633,22799,7
E01029634,7592,3
E01029635,4621,2
E01029636,26958,8
E01029637,24296,8
E01029638,13866,5
E01029639,27011,9
E01029640,20184,6
E01029641,28951,9
E01029642,22973,7
E01029643,8397,3
E01029644,21493,7
E01029645,21881,7
E01029646,12637,4
E01029647,16515,5
E01029648,10434,4
E01029649,19017,6
E01029650,27772,9
E01029651,23472,7
E01029652,28778,9
E01029653,20060,6
E01029654,22720,7
E01029655,19108,6
E01029656,26735,8
E01029657,32505,10
E01029658,17576,6
E01029659,29526,9
E01029660,18589,6
E01029661,28395,9
E01029662,33391,10
E01029663,30471,10
E01029664,22015,7
E01029665,29292,9
E01029666,6139,2
E01029667,17131,6
E01029668,15296,5
E01029669,15219,5
E01029670,17335,6
E01029671,21706,7
E01029672,30025,9
E01029673,20735,7
E01029674,32525,10
E01029675,28609,9
E01029676,19823,6
E01029677,28016,9
E01029678,31975,10
E01029679,6326,2
E01029680,22352,7
E01029681,11626,4
E01029682,22930,7
E01029683,23788,8
E01029684,33115,10
E01029685,33164,10
E01029686,30475,10
E01029687,26378,8
E01029688,22727,7
E01029689,12511,4
E01029690,27828,9
E01029691,6122,2
E01029692,7609,3
E01029693,16103,5
E01029694,22402,7
E01029695,21944,7
E01029696,15626,5
E01029697,16923,6
E01029698,28381,9
E01029699,17859,6
E01029700,29135,9
E01029702,14766,5
E01029703,24423,8
E01029704,23726,8
E01029705,28643,9
E01029706,26971,8
E01029707,17020,6
E01029708,20055,6
E01029709,31271,10
E01029710,30085,9
E01029711,27473,9
E01029712,23851,8
E01029713,23964,8
E01029714,31838,10
E01029715,7268,3
E01029716,6143,2
E01029717,3569,2
E01029718,30126,9
E01029719,20887,7
E01029720,7673,3
E01029721,26025,8
E01029722,16027,5
E01029723,29501,9
E01029724,31341,10
E01029725,20283,7
E01029726,20074,6
E01029727,4994,2
E01029728,17573,6
E01029729,7957,3
E01029733,20210,6
E01029734,5888,2
E01029735,18958,6
E01029736,26290,8
E01029737,20270,7
E01029738,30975,10
E01029739,32480,10
E01029740,13638,5
E01029741,31346,10
E01029742,23442,7
E01029743,29221,9
E01029744,30451,10
E01029745,13446,4
E01029746,20661,7
E01029747,27576,9
E01029748,30052,9
E01029749,21872,7
E01029750,17039,6
E01029751,24569,8
E01029752,6882,3
E01029753,18763,6
E01029754,29987,9
E01029755,29173,9
E01029756,15949,5
E01029757,30009,9
E01029758,33210,10
E01029759,31616,10
E01029760,33006,10
E01029761,24390,8
E01029762,24375,8
E01029763,5871,2
E01029764,21855,7
E01029765,5709,2
E01029766,10510,4
E01029767,22302,7
E01029768,25512,8
E01029769,29257,9
E01029770,31958,10
E01029771,25773,8
E01029772,22591,7
E01029773,29864,9
E01029774,15425,5
E01029775,27260,9
E01029776,29823,9
E01029777,23555,7
E01029778,17346,6
E01029779,30041,9
E01029780,25025,8
E01029781,23974,8
E01029782,8008,3
E01029783,9618,3
E01029784,28998,9
E01029785,30535,10
E01029786,28506,9
E01029787,11070,4
E01029788,25513,8
E01029789,19065,6
E01029790,22784,7
E01029791,23543,7
E01029792,27431,9
E01029793,23359,7
E01029794,25740,8
E01029795,16730,5
E01029796,16883,6
E01029797,11848,4
E01029798,19616,6
E01029799,28931,9
E01029800,28343,9
E01029801,15038,5
E01029802,18224,6
E01029803,19728,6
E01029804,8536,3
E01029805,28005,9
E01029806,25444,8
E01029807,12417,4
E01029808,10047,3
E01029809,5766,2
E01029810,8542,3
E01029811,12876,4
E01029812,8247,3
E01029813,27129,9
E01029814,18095,6
E01029815,28321,9
E01029816,31135,10
E01029817,12751,4
E01029818,30093,9
E01029819,28238,9
E01029820,19001,6
E01029821,19362,6
E01029822,31385,10
E01029823,22341,7
E01029824,3956,2
E01029825,25221,8
E01029826,23536,7
E01029827,4686,2
E01029828,3041,1
E01029829,13545,5
E01029830,10662,4
E01029831,10999,4
E01029832,21027,7
E01029833,21925,7
E01029834,10261,4
E01029835,3035,1
E01029836,16199,5
E01029837,16286,5
E01029838,13323,4
E01029839,32261,10
E01029840,3045,1
E01029841,17850,6
E01029842,2480,1
E01029843,6167,2
E01029844,26018,8
E01029845,308,1
E01029846,17561,6
E01029847,30519,10
E01029848,28684,9
E01029849,6902,3
E01029850,8227,3
E01029851,12964,4
E01029852,13785,5
E01029853,17278,6
E01029854,31199,10
E01029855,18885,6
E01029856,22198,7
E01029857,12178,4
E01029858,26656,8
E01029859,3029,1
E01029860,30532,10
E01029861,17953,6
E01029862,29646,9
E01029863,22926,7
E01029864,29508,9
E01029865,27819,9
E01029867,8984,3
E01029868,29288,9
E01029869,15356,5
E01029870,16296,5
E01029871,22553,7
E01029872,26963,8
E01029873,15252,5
E01029874,20323,7
E01029875,19008,6
E01029876,12930,4
E01029877,22495,7
E01029878,27843,9
E01029879,21552,7
E01029880,19766,6
E01029881,18852,6
E01029882,24946,8
E01029883,26937,8
E01029884,13440,4
E01029885,25267,8
E01029886,6915,3
E01029887,24511,8
E01029888,9921,3
E01029889,6994,3
E01029890,20746,7
E01029891,18766,6
E01029892,10185,4
E01029894,27065,9
E01029895,32283,10
E01029896,17493,6
E01029897,22267,7
E01029898,19555,6
E01029899,22370,7
E01029900,14989,5
E01029901,22451,7
E01029902,19816,6
E01029903,30891,10
E01029904,26634,8
E01029905,24653,8
E01029906,17508,6
E01029907,17773,6
E01029908,31369,10
E01029909,26866,8
E01029910,9256,3
E01029911,21809,7
E01029912,9803,3
E01029913,24237,8
E01029914,9758,3
E01029915,21627,7
E01029916,9041,3
E01029917,26591,8
E01029918,11556,4
E01029919,19060,6
E01029920,11654,4
E01029921,22741,7
E01029922,14272,5
E01029923,23932,8
E01029925,23403,7
E01029926,21131,7
E01029927,5606,2
E01029928,14193,5
E01029929,10471,4
E01029930,18027,6
E01029937,22880,7
E01029938,4961,2
E01029939,29498,9
E01029940,11550,4
E01029941,20286,7
E01029942,19044,6
E01029944,14925,5
E01029945,21892,7
E01029946,11721,4
E01029947,18713,6
E01029949,15488,5
E01029950,12124,4
E01029951,29464,9
E01029952,23435,7
E01029953,20551,7
E01029955,21854,7
E01029956,23791,8
E01029957,23987,8
E01029958,16605,5
E01029960,14457,5
E01029961,14855,5
E01029962,9735,3
E01029963,29188,9
E01029964,22906,7
E01029965,28857,9
E01029966,27156,9
E01029967,32515,10
E01029968,7596,3
E01029969,8154,3
E01029970,14923,5
E01029971,5432,2
E01029973,32088,10
E01029974,26731,8
E01029975,19752,6
E01029976,22411,7
E01029977,29266,9
E01029978,13453,4
E01029979,2599,1
E01029980,2936,1
E01029981,23547,7
E01029982,6409,2
E01029983,20981,7
E01029984,9064,3
E01029985,9372,3
E01029986,3404,2
E01029987,4273,2
E01029988,4267,2
E01029990,15463,5
E01029991,26321,8
E01029992,20096,6
E01029994,2000,1
E01029995,24239,8
E01029996,7386,3
E01029997,28180,9
E01029998,7020,3
E01029999,28696,9
E01030000,25319,8
E01030001,12711,4
E01030002,16306,5
E01030003,23992,8
E01030004,29876,9
E01030005,20631,7
E01030006,18820,6
E01030007,21593,7
E01030008,31881,10
E01030009,29804,9
E01030010,7327,3
E01030011,32882,10
E01030012,2300,1
E01030013,6217,2
E01030014,8800,3
E01030015,26039,8
E01030016,16513,5
E01030017,4048,2
E01030018,1787,1
E01030019,23771,8
E01030020,21439,7
E01030021,1465,1
E01030022,9325,3
E01030023,3573,2
E01030024,1477,1
E01030025,6142,2
E01030026,9581,3
E01030027,16626,5
E01030028,11527,4
E01030029,5087,2
E01030030,11947,4
E01030031,2155,1
E01030032,6026,2
E01030033,31247,10
E01030034,28209,9
E01030035,4154,2
E01030036,4601,2
E01030037,21084,7
E01030038,22270,7
E01030039,16002,5
E01030040,18730,6
E01030041,20443,7
E01030042,23419,7
E01030043,25408,8
E01030044,17840,6
E01030045,27509,9
E01030046,23819,8
E01030047,20159,6
E01030048,22498,7
E01030049,21426,7
E01030050,29350,9
E01030051,16733,5
E01030052,16762,5
E01030053,15779,5
E01030054,21558,7
E01030055,17952,6
E01030056,16079,5
E01030057,18869,6
E01030058,17574,6
E01030059,17584,6
E01030060,21333,7
E01030061,13870,5
E01030062,29165,9
E01030063,22585,7
E01030064,21943,7
E01030065,18261,6
E01030066,16532,5
E01030067,18812,6
E01030068,17623,6
E01030069,21681,7
E01030070,24146,8
E01030071,15828,5
E01030072,21531,7
E01030073,15124,5
E01030075,32537,10
E01030076,17510,6
E01030077,7281,3
E01030078,27010,9
E01030079,2930,1
E01030080,16914,6
E01030081,19267,6
E01030083,21415,7
E01030084,24153,8
E01030085,25125,8
E01030086,22913,7
E01030087,17986,6
E01030088,20626,7
E01030089,20094,6
E01030090,17934,6
E01030091,19113,6
E01030092,14948,5
E01030093,23923,8
E01030094,14912,5
E01030095,19944,6
E01030096,16468,5
E01030097,14883,5
E01030098,22003,7
E01030099,20348,7
E01030100,19212,6
E01030101,20039,6
E01030104,28667,9
E01030105,16141,5
E01030106,13791,5
E01030107,29311,9
E01030108,9782,3
E01030109,7709,3
E01030110,14289,5
E01030111,30341,9
E01030112,16192,5
E01030113,17244,6
E01030114,7139,3
E01030115,10631,4
E01030116,29997,9
E01030117,24744,8
E01030118,14375,5
E01030119,22529,7
E01030121,21773,7
E01030122,26323,8
E01030123,8351,3
E01030124,32307,10
E01030125,15728,5
E01030127,32002,10
E01030128,32563,10
E01030129,32905,10
E01030130,13747,5
E01030131,5494,2
E01030132,23036,7
E01030133,15426,5
E01030134,18477,6
E01030135,21598,7
E01030137,25603,8
E01030138,17600,6
E01030139,4541,2
E01030140,14729,5
E01030141,12517,4
E01030142,31350,10
E01030143,17852,6
E01030144,25809,8
E01030145,21314,7
E01030146,16554,5
E01030147,29124,9
E01030148,30426,10
E01030149,30728,10
E01030150,19967,6
E01030151,21406,7
E01030152,26315,8
E01030153,17351,6
E01030154,16235,5
E01030155,23021,7
E01030158,24134,8
E01030159,20733,7
E01030160,9196,3
E01030161,11863,4
E01030162,10659,4
E01030163,9353,3
E01030164,27476,9
E01030165,14733,5
E01030166,31741,10
E01030167,24599,8
E01030168,3591,2
E01030169,11841,4
E01030170,5895,2
E01030171,20231,6
E01030172,24424,8
E01030173,17026,6
E01030174,15192,5
E01030175,23416,7
E01030176,14660,5
E01030179,29050,9
E01030180,30534,10
E01030181,30477,10
E01030183,28534,9
E01030184,17893,6
E01030185,10872,4
E01030186,14274,5
E01030187,12282,4
E01030188,10238,4
E01030189,8189,3
E01030190,24250,8
E01030191,25121,8
E01030192,31251,10
E01030193,23747,8
E01030194,18202,6
E01030195,32848,10
E01030196,29967,9
E01030197,27806,9
E01030198,19839,6
E01030199,13849,5
E01030200,20929,7
E01030201,12060,4
E01030203,27545,9
E01030204,33045,10
E01030205,32936,10
E01030206,32026,10
E01030207,25591,8
E01030208,12486,4
E01030209,14433,5
E01030210,11211,4
E01030211,21937,7
E01030212,17924,6
E01030214,22650,7
E01030215,12314,4
E01030216,28758,9
E01030217,21226,7
E01030218,20234,6
E01030219,14402,5
E01030220,13088,4
E01030221,22179,7
E01030222,13705,5
E01030223,12866,4
E01030224,18220,6
E01030225,12116,4
E01030226,15598,5
E01030227,3833,2
E01030228,21660,7
E01030229,12204,4
E01030230,14105,5
E01030231,10025,3
E01030232,15133,5
E01030233,28777,9
E01030234,7211,3
E01030235,22128,7
E01030236,13378,4
E01030237,27916,9
E01030238,28831,9
E01030239,25467,8
E01030240,20472,7
E01030241,17014,6
E01030242,25614,8
E01030243,15387,5
E01030244,9169,3
E01030245,18396,6
E01030246,2543,1
E01030247,219,1
E01030248,4250,2
E01030249,2305,1
E01030250,180,1
E01030251,8645,3
E01030252,14268,5
E01030253,6464,2
E01030254,4291,2
E01030255,8618,3
E01030256,5379,2
E01030257,9420,3
E01030258,333,1
E01030259,18410,6
E01030260,16082,5
E01030261,612,1
E01030262,7577,3
E01030263,12057,4
E01030264,3159,1
E01030265,3499,2
E01030266,13921,5
E01030267,14125,5
E01030268,28198,9
E01030269,24260,8
E01030270,10741,4
E01030271,20692,7
E01030272,19557,6
E01030273,22958,7
E01030274,2912,1
E01030275,17119,6
E01030276,9976,3
E01030277,805,1
E01030278,9507,3
E01030279,995,1
E01030280,23327,7
E01030281,13672,5
E01030283,12533,4
E01030285,15206,5
E01030286,13889,5
E01030287,8026,3
E01030288,27726,9
E01030289,5209,2
E01030290,19551,6
E01030291,2217,1
E01030292,30149,9
E01030293,27205,9
E01030294,20823,7
E01030295,12026,4
E01030296,33628,10
E01030297,32205,10
E01030298,25225,8
E01030299,29928,9
E01030300,18058,6
E01030301,30354,9
E01030302,24249,8
E01030303,33540,10
E01030304,7809,3
E01030305,32573,10
E01030306,33060,10
E01030307,31979,10
E01030308,32847,10
E01030309,32012,10
E01030310,15690,5
E01030311,16638,5
E01030312,17515,6
E01030313,24374,8
E01030314,31477,10
E01030315,29985,9
E01030316,33672,10
E01030317,27113,9
E01030318,23237,7
E01030319,31412,10
E01030320,31260,10
E01030321,33185,10
E01030322,26203,8
E01030323,32097,10
E01030324,30462,10
E01030325,29300,9
E01030326,27565,9
E01030327,31116,10
E01030328,32524,10
E01030329,33075,10
E01030330,29887,9
E01030331,28920,9
E01030332,20773,7
E01030333,28370,9
E01030334,23826,8
E01030335,23248,7
E01030336,16527,5
E01030337,14285,5
E01030338,33506,10
E01030339,29284,9
E01030340,28923,9
E01030341,33303,10
E01030342,31504,10
E01030343,31453,10
E01030344,32085,10
E01030345,31060,10
E01030346,31071,10
E01030347,24888,8
E01030348,32857,10
E01030349,32153,10
E01030350,32123,10
E01030351,31713,10
E01030352,29090,9
E01030353,32502,10
E01030354,8831,3
E01030355,32008,10
E01030356,29082,9
E01030357,31774,10
E01030358,30322,9
E01030360,30407,10
E01030361,26205,8
E01030362,7801,3
E01030363,19594,6
E01030364,9600,3
E01030365,31817,10
E01030366,23751,8
E01030367,32939,10
E01030368,33351,10
E01030369,33281,10
E01030370,31445,10
E01030371,16050,5
E01030372,29907,9
E01030373,27442,9
E01030374,27467,9
E01030375,31023,10
E01030376,32122,10
E01030377,33465,10
E01030378,32185,10
E01030379,33251,10
E01030380,32953,10
E01030381,31628,10
E01030382,32926,10
E01030384,26131,8
E01030385,8853,3
E01030386,33594,10
E01030387,32643,10
E01030388,29718,9
E01030389,28220,9
E01030390,22265,7
E01030391,29290,9
E01030392,30826,10
E01030393,25398,8
E01030394,31999,10
E01030395,31864,10
E01030396,32740,10
E01030398,33633,10
E01030399,19521,6
E01030400,6376,2
E01030401,29570,9
E01030402,27208,9
E01030403,30871,10
E01030404,32859,10
E01030405,29789,9
E01030406,29045,9
E01030407,33612,10
E01030408,33726,10
E01030409,26990,8
E01030410,23206,7
E01030412,22845,7
E01030413,27564,9
E01030414,24210,8
E01030415,33013,10
E01030416,29590,9
E01030417,33696,10
E01030418,31150,10
E01030419,32073,10
E01030420,23409,7
E01030421,28801,9
E01030422,22061,7
E01030423,22020,7
E01030424,16051,5
E01030425,31795,10
E01030426,19633,6
E01030427,32575,10
E01030428,29816,9
E01030429,24420,8
E01030430,30350,9
E01030431,26679,8
E01030432,12111,4
E01030433,11954,4
E01030434,30003,9
E01030435,32839,10
E01030436,32811,10
E01030437,33245,10
E01030438,29947,9
E01030439,32640,10
E01030440,25182,8
E01030441,32039,10
E01030442,33298,10
E01030443,32794,10
E01030444,32948,10
E01030445,31259,10
E01030446,28868,9
E01030447,26825,8
E01030448,33512,10
E01030449,24234,8
E01030450,25577,8
E01030451,15686,5
E01030452,20866,7
E01030453,29009,9
E01030454,32955,10
E01030455,23272,7
E01030456,33678,10
E01030457,16379,5
E01030458,20129,6
E01030459,14624,5
E01030460,33482,10
E01030461,33600,10
E01030462,30346,9
E01030463,32295,10
E01030464,16997,6
E01030465,20582,7
E01030466,22466,7
E01030467,33492,10
E01030468,32750,10
E01030469,30211,9
E01030470,32995,10
E01030471,28189,9
E01030472,19511,6
E01030473,30256,9
E01030474,26460,8
E01030475,30881,10
E01030476,31850,10
E01030477,22804,7
E01030478,26684,8
E01030479,23315,7
E01030480,32021,10
E01030481,13714,5
E01030482,16650,5
E01030483,6444,2
E01030484,10830,4
E01030485,26087,8
E01030486,32551,10
E01030487,28869,9
E01030488,31289,10
E01030489,30355,9
E01030490,23405,7
E01030491,20140,6
E01030492,27808,9
E01030493,13043,4
E01030494,14233,5
E01030495,30157,9
E01030496,12311,4
E01030497,8467,3
E01030498,33213,10
E01030499,29884,9
E01030500,31242,10
E01030501,27920,9
E01030502,15907,5
E01030503,11591,4
E01030504,32047,10
E01030505,27248,9
E01030506,33567,10
E01030507,31411,10
E01030508,33601,10
E01030509,25509,8
E01030510,32152,10
E01030511,33479,10
E01030512,31207,10
E01030513,31202,10
E01030514,31250,10
E01030515,18225,6
E01030516,18354,6
E01030517,32587,10
E01030518,33515,10
E01030519,22417,7
E01030520,19435,6
E01030521,24939,8
E01030522,33529,10
E01030523,31062,10
E01030524,18527,6
E01030525,31418,10
E01030526,27524,9
E01030527,24016,8
E01030528,15936,5
E01030529,21569,7
E01030530,22196,7
E01030531,19154,6
E01030532,30121,9
E01030533,32398,10
E01030534,23606,7
E01030535,29383,9
E01030536,29389,9
E01030537,27866,9
E01030538,24145,8
E01030539,25333,8
E01030540,33586,10
E01030541,33509,10
E01030542,33029,10
E01030543,31985,10
E01030544,24412,8
E01030545,28173,9
E01030546,18264,6
E01030547,6782,3
E01030548,18166,6
E01030549,20311,7
E01030550,17250,6
E01030551,8947,3
E01030552,25297,8
E01030553,26361,8
E01030554,32642,10
E01030555,18170,6
E01030556,28110,9
E01030557,17838,6
E01030558,25414,8
E01030559,32213,10
E01030560,27610,9
E01030561,30309,9
E01030562,22138,7
E01030563,28794,9
E01030564,29162,9
E01030565,27100,9
E01030566,30523,10
E01030567,28860,9
E01030568,32076,10
E01030569,21370,7
E01030570,17666,6
E01030571,27861,9
E01030572,17382,6
E01030573,28391,9
E01030574,24995,8
E01030576,21935,7
E01030577,23223,7
E01030578,12690,4
E01030579,12891,4
E01030580,29798,9
E01030581,33405,10
E01030582,29576,9
E01030583,24687,8
E01030585,27764,9
E01030586,16289,5
E01030587,15944,5
E01030588,8082,3
E01030589,31160,10
E01030590,27050,9
E01030591,23782,8
E01030592,27900,9
E01030593,31238,10
E01030594,22994,7
E01030595,29209,9
E01030596,33511,10
E01030597,32193,10
E01030598,22190,7
E01030599,5781,2
E01030600,22541,7
E01030601,16864,5
E01030602,29236,9
E01030603,32846,10
E01030604,29998,9
E01030605,31052,10
E01030606,33036,10
E01030607,33448,10
E01030608,10104,3
E01030609,16946,6
E01030610,16667,5
E01030613,26494,8
E01030614,31195,10
E01030615,11743,4
E01030616,33325,10
E01030617,29413,9
E01030618,21128,7
E01030619,11814,4
E01030620,28123,9
E01030621,22685,7
E01030622,28926,9
E01030623,32770,10
E01030624,32697,10
E01030625,31425,10
E01030626,32411,10
E01030627,32550,10
E01030628,23075,7
E01030629,18229,6
E01030630,22677,7
E01030631,18932,6
E01030632,31335,10
E01030633,17655,6
E01030634,10205,4
E01030635,27424,9
E01030636,31727,10
E01030637,33258,10
E01030638,32260,10
E01030639,28785,9
E01030640,13487,4
E01030641,30141,9
E01030642,29328,9
E01030643,21378,7
E01030644,30913,10
E01030645,8823,3
E01030646,25110,8
E01030647,22446,7
E01030648,23209,7
E01030649,20478,7
E01030650,11113,4
E01030651,20537,7
E01030652,20905,7
E01030653,17605,6
E01030654,24800,8
E01030655,28398,9
E01030656,14659,5
E01030657,9641,3
E01030658,18624,6
E01030659,24958,8
E01030660,20098,6
E01030661,27715,9
E01030662,24363,8
E01030663,13654,5
E01030664,13285,4
E01030665,17205,6
E01030666,23761,8
E01030667,17630,6
E01030668,25342,8
E01030669,26852,8
E01030670,31796,10
E01030671,29226,9
E01030672,32133,10
E01030673,30648,10
E01030674,10940,4
E01030675,21480,7
E01030676,6445,2
E01030677,12540,4
E01030678,21260,7
E01030679,26850,8
E01030680,29790,9
E01030681,17985,6
E01030682,29626,9
E01030683,27887,9
E01030684,18155,6
E01030685,22399,7
E01030686,26578,8
E01030687,27419,9
E01030688,26594,8
E01030689,30927,10
E01030690,27583,9
E01030691,32259,10
E01030692,28127,9
E01030693,31951,10
E01030694,21813,7
E01030695,33597,10
E01030696,24792,8
E01030697,26191,8
E01030698,25778,8
E01030699,22319,7
E01030700,18431,6
E01030701,22783,7
E01030702,7653,3
E01030703,23504,7
E01030704,25539,8
E01030705,28537,9
E01030706,26152,8
E01030707,19582,6
E01030708,24649,8
E01030709,17279,6
E01030710,9899,3
E01030711,7761,3
E01030712,18172,6
E01030713,25502,8
E01030714,15893,5
E01030715,29387,9
E01030716,26666,8
E01030717,17524,6
E01030718,25847,8
E01030719,18688,6
E01030720,28856,9
E01030721,15009,5
E01030722,27552,9
E01030723,28798,9
E01030724,13464,4
E01030725,16287,5
E01030726,32609,10
E01030727,28938,9
E01030728,31283,10
E01030729,18289,6
E01030730,27693,9
E01030731,29428,9
E01030732,26556,8
E01030733,25997,8
E01030734,22070,7
E01030735,22129,7
E01030737,19425,6
E01030738,17787,6
E01030739,10423,4
E01030740,13526,5
E01030741,22259,7
E01030742,28382,9
E01030743,12635,4
E01030744,5671,2
E01030745,8109,3
E01030746,9971,3
E01030747,13350,4
E01030748,19277,6
E01030749,11512,4
E01030750,13007,4
E01030751,19684,6
E01030752,8756,3
E01030753,29425,9
E01030754,29682,9
E01030755,19755,6
E01030756,32310,10
E01030757,28458,9
E01030758,27468,9
E01030759,14891,5
E01030760,28977,9
E01030761,27995,9
E01030762,31689,10
E01030763,15413,5
E01030764,28053,9
E01030765,14089,5
E01030766,25882,8
E01030767,20233,6
E01030768,29494,9
E01030769,33521,10
E01030770,32923,10
E01030771,33655,10
E01030772,27317,9
E01030773,32872,10
E01030774,32689,10
E01030775,33324,10
E01030776,32414,10
E01030777,30712,10
E01030778,33091,10
E01030779,32554,10
E01030780,32306,10
E01030781,27152,9
E01030782,24827,8
E01030783,29757,9
E01030784,28388,9
E01030785,27180,9
E01030786,12299,4
E01030787,14549,5
E01030788,8781,3
E01030789,32702,10
E01030790,31237,10
E01030791,32930,10
E01030792,32279,10
E01030793,13802,5
E01030794,24355,8
E01030795,27982,9
E01030796,33312,10
E01030797,32788,10
E01030798,33668,10
E01030799,33503,10
E01030800,22123,7
E01030801,19962,6
E01030802,31138,10
E01030803,23758,8
E01030804,33261,10
E01030805,13614,5
E01030806,32725,10
E01030807,29623,9
E01030808,32291,10
E01030809,29883,9
E01030810,32906,10
E01030811,32010,10
E01030812,10132,4
E01030813,26296,8
E01030814,15263,5
E01030815,13776,5
E01030816,11069,4
E01030817,20944,7
E01030818,16366,5
E01030819,14215,5
E01030820,31417,10
E01030821,22944,7
E01030822,27988,9
E01030823,24727,8
E01030824,9246,3
E01030825,21163,7
E01030826,16073,5
E01030827,17899,6
E01030828,31267,10
E01030829,25278,8
E01030830,30308,9
E01030831,31704,10
E01030832,23562,7
E01030833,16256,5
E01030834,14001,5
E01030835,25426,8
E01030836,24316,8
E01030837,30431,10
E01030838,23650,8
E01030839,32474,10
E01030840,16455,5
E01030841,33074,10
E01030842,16672,5
E01030843,11981,4
E01030844,26615,8
E01030845,22263,7
E01030846,29724,9
E01030847,24521,8
E01030848,23271,7
E01030850,15508,5
E01030851,18924,6
E01030852,16019,5
E01030853,26584,8
E01030854,28287,9
E01030855,33561,10
E01030856,29268,9
E01030857,19518,6
E01030858,22075,7
E01030859,22121,7
E01030861,30832,10
E01030862,13796,5
E01030863,31248,10
E01030864,25142,8
E01030865,20852,7
E01030866,32883,10
E01030867,20272,7
E01030868,30188,9
E01030869,24205,8
E01030870,33284,10
E01030871,30389,10
E01030872,17807,6
E01030873,31468,10
E01030874,31421,10
E01030875,20771,7
E01030876,30703,10
E01030877,15865,5
E01030878,28694,9
E01030879,18502,6
E01030880,29513,9
E01030881,32682,10
E01030882,33517,10
E01030883,31844,10
E01030884,22610,7
E01030885,22864,7
E01030886,32372,10
E01030887,33504,10
E01030888,31852,10
E01030889,23783,8
E01030890,26244,8
E01030891,33643,10
E01030892,33072,10
E01030893,27151,9
E01030894,32553,10
E01030895,21451,7
E01030896,18118,6
E01030897,31916,10
E01030898,32535,10
E01030899,33353,10
E01030900,29397,9
E01030901,12552,4
E01030902,31537,10
E01030903,30154,9
E01030904,27635,9
E01030905,21992,7
E01030906,31029,10
E01030907,31431,10
E01030908,22858,7
E01030909,25988,8
E01030910,26073,8
E01030911,29915,9
E01030912,18635,6
E01030913,14246,5
E01030914,10270,4
E01030915,25227,8
E01030916,27892,9
E01030917,33146,10
E01030918,27695,9
E01030919,33538,10
E01030920,26305,8
E01030921,21941,7
E01030922,29658,9
E01030923,33553,10
E01030924,33629,10
E01030925,33632,10
E01030926,32045,10
E01030927,21846,7
E01030928,22950,7
E01030929,29208,9
E01030930,32608,10
E01030931,32570,10
E01030932,28521,9
E01030933,25774,8
E01030934,22818,7
E01030935,31315,10
E01030937,26237,8
E01030938,16138,5
E01030939,31423,10
E01030940,28845,9
E01030941,29746,9
E01030942,26639,8
E01030943,17943,6
E01030944,29346,9
E01030945,32092,10
E01030946,10186,4
E01030947,26629,8
E01030948,28676,9
E01030949,23860,8
E01030950,24699,8
E01030951,20683,7
E01030952,4422,2
E01030953,30232,9
E01030954,21194,7
E01030955,31463,10
E01030956,16709,5
E01030957,15201,5
E01030958,31618,10
E01030959,30671,10
E01030960,24005,8
E01030961,32937,10
E01030962,11693,4
E01030963,33742,10
E01030964,32333,10
E01030965,32385,10
E01030966,32932,10
E01030967,31429,10
E01030968,19149,6
E01030969,32863,10
E01030970,26480,8
E01030971,19508,6
E01030972,20446,7
E01030974,15144,5
E01030975,25393,8
E01030976,29460,9
E01030977,20601,7
E01030978,28783,9
E01030979,24082,8
E01030980,10702,4
E01030981,10905,4
E01030983,10452,4
E01030984,10697,4
E01030986,31638,10
E01030987,28299,9
E01030988,30042,9
E01030989,26406,8
E01030990,33215,10
E01030991,26440,8
E01030992,30485,10
E01030994,20394,7
E01030995,12602,4
E01030996,32842,10
E01030997,25647,8
E01030998,33332,10
E01030999,33520,10
E01031000,31981,10
E01031001,30774,10
E01031002,32533,10
E01031003,32542,10
E01031004,26458,8
E01031005,7487,3
E01031006,7572,3
E01031007,18080,6
E01031008,5965,2
E01031009,12391,4
E01031010,3944,2
E01031011,23340,7
E01031012,9464,3
E01031013,24097,8
E01031014,24494,8
E01031015,1010,1
E01031016,11469,4
E01031017,19391,6
E01031018,15186,5
E01031019,24663,8
E01031020,23681,8
E01031021,12535,4
E01031022,24526,8
E01031023,24622,8
E01031024,20541,7
E01031025,13587,5
E01031026,11178,4
E01031027,17057,6
E01031028,13742,5
E01031029,21175,7
E01031030,9554,3
E01031031,14157,5
E01031032,9119,3
E01031033,12454,4
E01031034,24022,8
E01031035,13387,4
E01031036,22189,7
E01031037,15727,5
E01031038,19528,6
E01031039,26102,8
E01031040,19200,6
E01031041,22587,7
E01031042,24327,8
E01031043,2021,1
E01031044,4278,2
E01031045,12731,4
E01031046,3642,2
E01031047,10244,4
E01031048,17409,6
E01031049,17612,6
E01031050,13369,4
E01031051,23577,7
E01031052,9660,3
E01031053,8479,3
E01031054,9149,3
E01031055,23661,8
E01031056,12480,4
E01031057,619,1
E01031058,9241,3
E01031059,9793,3
E01031060,13224,4
E01031061,18854,6
E01031062,16967,6
E01031063,3302,1
E01031064,5032,2
E01031065,6259,2
E01031066,3293,1
E01031067,9757,3
E01031068,19807,6
E01031069,26925,8
E01031070,21273,7
E01031073,11372,4
E01031074,4698,2
E01031075,4677,2
E01031077,7537,3
E01031078,15313,5
E01031079,9948,3
E01031080,8783,3
E01031081,9456,3
E01031082,28765,9
E01031083,19689,6
E01031084,13223,4
E01031085,18769,6
E01031086,10624,4
E01031087,9030,3
E01031088,13311,4
E01031089,19635,6
E01031090,769,1
E01031091,19795,6
E01031092,5316,2
E01031093,14934,5
E01031094,8170,3
E01031095,5214,2
E01031096,11913,4
E01031097,5183,2
E01031098,15251,5
E01031099,19336,6
E01031100,31754,10
E01031101,31169,10
E01031102,17551,6
E01031104,31462,10
E01031105,12542,4
E01031106,14020,5
E01031107,17727,6
E01031108,21143,7
E01031109,8532,3
E01031110,23893,8
E01031111,26772,8
E01031112,27148,9
E01031114,12700,4
E01031115,9844,3
E01031116,2968,1
E01031117,9133,3
E01031118,4997,2
E01031119,6897,3
E01031120,28508,9
E01031121,32404,10
E01031122,30852,10
E01031123,30827,10
E01031124,30055,9
E01031125,25930,8
E01031127,10563,4
E01031129,27081,9
E01031130,15778,5
E01031131,13096,4
E01031132,12487,4
E01031133,17412,6
E01031134,32326,10
E01031135,32093,10
E01031136,26596,8
E01031137,21265,7
E01031138,28881,9
E01031139,32081,10
E01031140,24928,8
E01031142,3736,2
E01031143,23436,7
E01031144,16609,5
E01031145,16804,5
E01031146,11924,4
E01031148,23780,8
E01031149,21388,7
E01031150,25438,8
E01031151,28802,9
E01031152,25615,8
E01031153,16685,5
E01031154,26626,8
E01031155,31783,10
E01031156,30163,9
E01031157,30342,9
E01031158,31568,10
E01031159,12194,4
E01031160,22857,7
E01031161,25230,8
E01031162,27334,9
E01031163,9197,3
E01031165,9144,3
E01031166,23984,8
E01031167,17521,6
E01031168,14909,5
E01031169,14208,5
E01031170,9395,3
E01031171,15476,5
E01031172,8223,3
E01031173,6580,2
E01031174,8403,3
E01031175,32838,10
E01031176,11681,4
E01031177,10275,4
E01031178,19912,6
E01031179,31105,10
E01031180,26221,8
E01031181,16593,5
E01031182,25857,8
E01031183,27682,9
E01031184,31528,10
E01031185,10532,4
E01031186,14466,5
E01031187,21135,7
E01031188,21950,7
E01031189,20223,6
E01031190,19061,6
E01031191,28698,9
E01031192,22227,7
E01031193,19020,6
E01031194,18553,6
E01031195,23201,7
E01031196,24301,8
E01031197,20424,7
E01031198,21684,7
E01031199,18313,6
E01031200,26432,8
E01031201,30349,9
E01031202,29943,9
E01031203,18149,6
E01031204,20213,6
E01031205,23997,8
E01031206,15560,5
E01031207,19084,6
E01031208,28887,9
E01031209,18345,6
E01031210,25652,8
E01031211,21170,7
E01031213,25077,8
E01031214,29704,9
E01031215,21423,7
E01031216,17434,6
E01031217,25527,8
E01031218,25654,8
E01031219,25400,8
E01031220,27889,9
E01031221,19312,6
E01031222,29728,9
E01031223,27206,9
E01031224,24807,8
E01031225,32773,10
E01031227,25967,8
E01031228,33374,10
E01031229,19655,6
E01031231,13744,5
E01031232,31379,10
E01031233,22007,7
E01031234,20644,7
E01031235,28944,9
E01031236,20058,6
E01031237,25620,8
E01031238,10671,4
E01031239,28493,9
E01031240,18582,6
E01031241,26503,8
E01031242,14874,5
E01031243,26330,8
E01031244,23795,8
E01031245,16824,5
E01031246,24156,8
E01031247,22781,7
E01031248,24342,8
E01031249,15539,5
E01031251,32380,10
E01031252,19671,6
E01031253,18728,6
E01031254,28529,9
E01031255,33610,10
E01031256,31726,10
E01031257,21640,7
E01031258,29995,9
E01031259,27391,9
E01031260,21015,7
E01031261,9929,3
E01031262,14808,5
E01031263,19905,6
E01031264,10707,4
E01031265,13330,4
E01031266,19637,6
E01031267,24438,8
E01031268,28753,9
E01031269,25985,8
E01031271,20153,6
E01031272,27823,9
E01031273,3050,1
E01031274,14231,5
E01031275,31882,10
E01031276,14073,5
E01031277,31794,10
E01031278,25712,8
E01031279,24446,8
E01031280,25312,8
E01031281,22333,7
E01031282,17698,6
E01031283,20470,7
E01031284,26775,8
E01031285,32129,10
E01031286,23302,7
E01031287,33680,10
E01031288,33124,10
E01031289,32296,10
E01031290,27209,9
E01031291,15256,5
E01031292,33015,10
E01031293,25363,8
E01031294,27413,9
E01031295,33739,10
E01031296,32879,10
E01031297,24520,8
E01031298,33071,10
E01031299,33710,10
E01031300,33106,10
E01031301,25273,8
E01031302,20938,7
E01031303,23312,7
E01031304,32341,10
E01031305,33651,10
E01031306,27821,9
E01031307,33618,10
E01031308,26105,8
E01031309,16885,6
E01031310,27059,9
E01031311,13087,4
E01031312,14956,5
E01031313,32074,10
E01031314,30997,10
E01031315,21673,7
E01031316,22887,7
E01031317,31714,10
E01031319,27368,9
E01031320,25523,8
E01031321,9501,3
E01031322,22694,7
E01031323,29129,9
E01031324,22843,7
E01031325,11982,4
E01031327,15988,5
E01031328,27308,9
E01031329,29127,9
E01031330,29345,9
E01031331,30686,10
E01031332,10505,4
E01031333,15947,5
E01031334,20900,7
E01031335,23143,7
E01031336,20280,7
E01031337,22736,7
E01031338,30328,9
E01031339,31847,10
E01031340,32915,10
E01031341,8461,3
E01031342,21238,7
E01031343,23331,7
E01031344,13097,4
E01031345,24330,8
E01031346,20679,7
E01031347,9887,3
E01031348,9180,3
E01031349,27665,9
E01031350,12378,4
E01031351,24582,8
E01031352,23905,8
E01031353,30930,10
E01031354,28332,9
E01031355,17808,6
E01031356,31298,10
E01031357,27107,9
E01031358,7545,3
E01031359,21522,7
E01031360,10633,4
E01031361,7997,3
E01031362,23950,8
E01031363,19186,6
E01031364,15162,5
E01031365,22639,7
E01031366,11846,4
E01031367,33630,10
E01031368,23568,7
E01031369,29365,9
E01031370,15943,5
E01031371,8454,3
E01031372,15089,5
E01031373,17528,6
E01031374,26523,8
E01031375,23255,7
E01031376,20371,7
E01031377,12702,4
E01031378,19271,6
E01031379,25866,8
E01031380,30510,10
E01031381,24495,8
E01031382,21840,7
E01031383,28718,9
E01031384,27940,9
E01031385,13270,4
E01031386,12957,4
E01031387,17458,6
E01031389,30901,10
E01031390,16334,5
E01031391,24642,8
E01031392,15085,5
E01031393,24052,8
E01031394,13698,5
E01031395,19995,6
E01031396,18514,6
E01031397,19639,6
E01031398,18926,6
E01031399,22292,7
E01031400,8881,3
E01031402,18310,6
E01031403,13841,5
E01031404,2313,1
E01031405,18245,6
E01031406,20238,6
E01031407,21326,7
E01031408,14963,5
E01031409,7692,3
E01031410,16996,6
E01031411,27619,9
E01031412,31368,10
E01031413,25686,8
E01031414,19707,6
E01031415,15060,5
E01031416,26428,8
E01031417,19314,6
E01031418,23193,7
E01031419,17637,6
E01031420,27761,9
E01031422,29707,9
E01031423,21455,7
E01031424,27250,9
E01031425,28876,9
E01031426,11823,4
E01031427,2258,1
E01031428,9474,3
E01031429,2030,1
E01031430,8833,3
E01031431,11804,4
E01031432,3867,2
E01031433,11027,4
E01031434,9893,3
E01031435,14672,5
E01031436,1599,1
E01031437,7455,3
E01031438,15182,5
E01031439,21387,7
E01031440,19229,6
E01031441,10614,4
E01031442,13463,4
E01031443,9954,3
E01031444,5958,2
E01031445,20615,7
E01031446,22651,7
E01031447,21308,7
E01031448,17066,6
E01031449,16340,5
E01031450,5036,2
E01031451,8097,3
E01031452,16115,5
E01031453,8725,3
E01031454,3096,1
E01031455,14011,5
E01031456,3911,2
E01031457,19238,6
E01031458,30707,10
E01031459,7733,3
E01031460,20890,7
E01031461,26037,8
E01031462,19805,6
E01031463,25372,8
E01031464,17983,6
E01031465,17661,6
E01031466,18882,6
E01031469,12811,4
E01031470,17199,6
E01031471,16519,5
E01031472,14843,5
E01031473,7454,3
E01031474,21728,7
E01031475,24771,8
E01031476,30560,10
E01031477,12550,4
E01031478,18052,6
E01031479,16249,5
E01031480,15762,5
E01031481,19237,6
E01031482,7550,3
E01031483,8132,3
E01031484,14318,5
E01031485,33165,10
E01031486,29669,9
E01031487,30916,10
E01031489,26164,8
E01031490,20604,7
E01031491,25637,8
E01031492,8009,3
E01031493,18922,6
E01031494,8325,3
E01031495,25474,8
E01031496,29484,9
E01031497,27766,9
E01031498,19902,6
E01031499,14620,5
E01031500,18086,6
E01031501,19138,6
E01031502,31509,10
E01031503,23623,7
E01031504,21028,7
E01031505,25805,8
E01031506,14332,5
E01031507,13031,4
E01031508,15930,5
E01031511,28462,9
E01031512,13505,5
E01031514,19533,6
E01031515,11777,4
E01031516,21878,7
E01031517,21799,7
E01031518,24596,8
E01031519,15101,5
E01031520,15562,5
E01031521,19123,6
E01031522,12127,4
E01031523,13783,5
E01031524,16531,5
E01031525,18036,6
E01031526,10398,4
E01031527,22284,7
E01031528,15973,5
E01031529,16744,5
E01031530,13072,4
E01031531,30714,10
E01031532,28174,9
E01031533,16011,5
E01031534,23347,7
E01031535,17925,6
E01031536,18580,6
E01031538,12771,4
E01031539,14694,5
E01031540,21816,7
E01031541,23041,7
E01031542,26147,8
E01031543,17146,6
E01031544,15177,5
E01031545,19990,6
E01031546,9682,3
E01031547,8508,3
E01031548,6926,3
E01031549,7428,3
E01031550,10419,4
E01031551,12196,4
E01031552,8875,3
E01031553,9433,3
E01031554,14831,5
E01031555,7121,3
E01031556,9381,3
E01031557,11539,4
E01031558,2719,1
E01031559,8734,3
E01031560,20863,7
E01031561,25536,8
E01031562,9594,3
E01031563,27270,9
E01031564,18670,6
E01031565,14284,5
E01031566,20528,7
E01031567,21497,7
E01031568,17246,6
E01031569,12718,4
E01031570,15352,5
E01031571,13584,5
E01031572,12914,4
E01031573,8560,3
E01031574,16633,5
E01031575,8782,3
E01031576,8669,3
E01031577,15965,5
E01031578,29571,9
E01031579,14533,5
E01031580,25291,8
E01031581,30101,9
E01031582,20988,7
E01031583,14342,5
E01031584,14228,5
E01031585,9184,3
E01031586,14972,5
E01031588,28999,9
E01031589,27631,9
E01031590,32072,10
E01031591,16801,5
E01031592,29285,9
E01031593,31110,10
E01031594,14441,5
E01031595,13477,4
E01031596,8091,3
E01031597,26159,8
E01031598,7972,3
E01031599,9487,3
E01031600,15051,5
E01031601,16712,5
E01031603,17280,6
E01031604,12920,4
E01031605,13379,4
E01031606,14324,5
E01031607,15630,5
E01031608,9601,3
E01031609,10966,4
E01031610,12638,4
E01031611,22619,7
E01031612,29137,9
E01031614,18967,6
E01031615,28136,9
E01031616,20698,7
E01031617,25894,8
E01031618,24012,8
E01031620,22005,7
E01031621,31826,10
E01031622,27751,9
E01031623,27590,9
E01031624,25039,8
E01031625,28663,9
E01031626,21029,7
E01031627,32662,10
E01031628,19605,6
E01031629,28553,9
E01031630,22659,7
E01031631,11783,4
E01031632,18918,6
E01031633,24107,8
E01031634,17901,6
E01031635,26291,8
E01031638,31079,10
E01031639,32235,10
E01031640,33617,10
E01031641,26450,8
E01031642,25026,8
E01031643,16935,6
E01031644,32100,10
E01031645,33427,10
E01031646,33390,10
E01031647,23853,8
E01031648,28673,9
E01031649,32625,10
E01031650,32671,10
E01031651,22922,7
E01031652,13716,5
E01031653,19328,6
E01031654,31281,10
E01031655,29855,9
E01031656,21477,7
E01031657,16921,6
E01031658,23093,7
E01031659,23277,7
E01031660,25949,8
E01031661,21559,7
E01031662,22696,7
E01031663,14685,5
E01031664,25707,8
E01031665,20720,7
E01031666,33289,10
E01031667,23748,8
E01031668,30606,10
E01031669,20300,7
E01031670,29028,9
E01031671,12431,4
E01031672,31806,10
E01031673,25309,8
E01031674,26142,8
E01031675,27451,9
E01031677,25479,8
E01031678,31629,10
E01031679,29062,9
E01031680,33133,10
E01031681,30617,10
E01031682,32797,10
E01031683,28024,9
E01031684,31006,10
E01031685,29730,9
E01031686,30344,9
E01031687,14169,5
E01031688,22886,7
E01031689,32888,10
E01031690,33584,10
E01031691,32099,10
E01031693,27138,9
E01031694,23407,7
E01031695,31929,10
E01031696,24324,8
E01031697,17652,6
E01031698,21975,7
E01031699,32354,10
E01031700,32803,10
E01031701,22477,7
E01031702,33051,10
E01031703,33679,10
E01031704,29000,9
E01031705,10658,4
E01031706,30500,10
E01031707,28243,9
E01031708,21013,7
E01031709,21805,7
E01031710,33564,10
E01031712,14755,5
E01031713,30873,10
E01031714,29556,9
E01031715,33434,10
E01031716,10374,4
E01031717,28273,9
E01031718,29409,9
E01031719,25045,8
E01031720,30464,10
E01031721,22358,7
E01031722,22889,7
E01031723,28625,9
E01031724,31112,10
E01031725,29321,9
E01031726,21118,7
E01031727,26476,8
E01031729,32222,10
E01031730,25406,8
E01031731,14983,5
E01031732,20583,7
E01031733,23724,8
E01031734,32767,10
E01031735,33126,10
E01031736,31650,10
E01031737,26009,8
E01031738,33675,10
E01031739,33273,10
E01031740,30495,10
E01031741,25829,8
E01031743,14270,5
E01031744,32101,10
E01031745,31990,10
E01031746,19436,6
E01031747,33327,10
E01031748,32368,10
E01031749,32901,10
E01031750,13961,5
E01031751,27747,9
E01031752,8304,3
E01031753,27385,9
E01031754,29710,9
E01031755,29131,9
E01031757,21395,7
E01031758,31402,10
E01031759,33262,10
E01031760,33268,10
E01031763,33624,10
E01031764,19365,6
E01031765,26600,8
E01031766,20366,7
E01031767,26605,8
E01031768,32739,10
E01031769,25254,8
E01031770,19658,6
E01031771,13547,5
E01031772,26946,8
E01031773,33469,10
E01031774,32668,10
E01031775,32764,10
E01031776,25761,8
E01031777,19775,6
E01031778,26404,8
E01031779,4875,2
E01031780,28292,9
E01031781,26781,8
E01031782,21893,7
E01031783,5715,2
E01031785,17679,6
E01031786,11105,4
E01031787,8636,3
E01031788,13156,4
E01031790,6271,2
E01031791,10501,4
E01031792,19946,6
E01031793,30788,10
E01031794,19121,6
E01031795,7850,3
E01031796,20134,6
E01031797,32269,10
E01031798,18681,6
E01031799,13922,5
E01031800,32635,10
E01031801,16485,5
E01031802,25994,8
E01031803,33255,10
E01031804,32344,10
E01031805,30868,10
E01031806,14351,5
E01031807,19547,6
E01031808,8199,3
E01031809,14214,5
E01031810,14025,5
E01031811,12617,4
E01031812,27528,9
E01031813,22044,7
E01031814,30184,9
E01031815,29672,9
E01031816,27326,9
E01031817,17106,6
E01031818,12654,4
E01031820,30992,10
E01031821,25602,8
E01031822,31681,10
E01031823,31811,10
E01031824,32456,10
E01031825,23132,7
E01031826,17094,6
E01031827,15620,5
E01031828,31467,10
E01031829,27945,9
E01031830,10618,4
E01031831,21359,7
E01031832,17223,6
E01031833,11736,4
E01031834,16933,6
E01031835,12853,4
E01031836,11435,4
E01031837,23395,7
E01031838,27343,9
E01031839,16800,5
E01031840,27864,9
E01031841,24510,8
E01031842,18063,6
E01031843,19613,6
E01031845,19502,6
E01031846,17687,6
E01031847,22905,7
E01031848,21665,7
E01031849,15855,5
E01031850,20597,7
E01031851,13213,4
E01031852,27376,9
E01031853,17036,6
E01031854,6781,3
E01031855,31201,10
E01031856,9336,3
E01031857,14968,5
E01031858,22687,7
E01031859,9520,3
E01031860,14709,5
E01031861,24731,8
E01031862,10364,4
E01031863,24808,8
E01031864,32964,10
E01031865,26088,8
E01031866,18558,6
E01031867,14589,5
E01031868,23220,7
E01031869,12476,4
E01031870,21573,7
E01031871,15552,5
E01031872,13679,5
E01031873,23466,7
E01031874,23798,8
E01031876,19757,6
E01031877,17494,6
E01031879,28235,9
E01031882,18734,6
E01031883,21762,7
E01031884,19914,6
E01031885,20121,6
E01031886,23256,7
E01031887,22654,7
E01031888,28017,9
E01031889,23065,7
E01031890,28352,9
E01031892,22118,7
E01031893,23521,7
E01031894,23181,7
E01031895,15492,5
E01031896,7589,3
E01031897,25257,8
E01031898,13657,5
E01031901,12433,4
E01031902,22701,7
E01031903,30979,10
E01031904,25919,8
E01031905,33530,10
E01031906,31042,10
E01031907,33596,10
E01031908,16231,5
E01031909,27655,9
E01031910,24398,8
E01031911,10528,4
E01031912,9234,3
E01031913,29801,9
E01031914,6555,2
E01031915,29935,9
E01031916,20069,6
E01031917,11489,4
E01031918,30693,10
E01031919,32545,10
E01031920,28557,9
E01031921,31821,10
E01031922,27584,9
E01031923,32443,10
E01031924,32132,10
E01031925,14908,5
E01031926,21458,7
E01031927,33052,10
E01031928,5293,2
E01031929,26508,8
E01031930,26602,8
E01031931,25845,8
E01031932,26997,8
E01031933,15692,5
E01031934,28844,9
E01031935,27005,9
E01031936,11565,4
E01031937,13962,5
E01031938,24933,8
E01031939,23585,7
E01031940,22346,7
E01031941,27330,9
E01031942,19308,6
E01031944,22104,7
E01031946,29867,9
E01031947,14263,5
E01031948,30991,10
E01031949,28140,9
E01031950,18420,6
E01031951,23228,7
E01031952,13334,4
E01031955,30020,9
E01031956,14849,5
E01031957,19456,6
E01031958,23386,7
E01031959,29059,9
E01031960,23172,7
E01031961,18800,6
E01031962,32761,10
E01031963,12584,4
E01031964,29434,9
E01031965,27510,9
E01031966,29684,9
E01031967,18576,6
E01031968,29530,9
E01031969,33285,10
E01031970,30861,10
E01031971,14345,5
E01031972,26575,8
E01031973,27893,9
E01031974,19717,6
E01031975,7178,3
E01031976,23474,7
E01031978,18982,6
E01031979,20910,7
E01031980,13947,5
E01031981,5467,2
E01031982,15919,5
E01031983,5356,2
E01031984,27750,9
E01031985,14753,5
E01031986,12074,4
E01031988,27263,9
E01031989,23731,8
E01031990,17738,6
E01031991,16754,5
E01031992,27284,9
E01031993,20013,6
E01031994,23580,7
E01031995,28227,9
E01031996,14575,5
E01031997,29506,9
E01031999,24996,8
E01032000,20088,6
E01032001,25246,8
E01032002,21930,7
E01032003,21390,7
E01032004,14982,5
E01032005,29429,9
E01032006,33466,10
E01032007,22230,7
E01032008,13372,4
E01032009,32548,10
E01032010,14594,5
E01032012,33388,10
E01032013,16979,6
E01032014,9857,3
E01032015,16064,5
E01032016,25241,8
E01032017,33519,10
E01032018,32968,10
E01032019,14070,5
E01032020,28125,9
E01032021,26334,8
E01032022,16528,5
E01032023,4510,2
E01032024,21966,7
E01032025,24305,8
E01032026,21717,7
E01032027,14858,5
E01032029,20087,6
E01032030,14961,5
E01032031,19300,6
E01032032,28968,9
E01032033,23753,8
E01032034,27605,9
E01032035,26642,8
E01032036,13558,5
E01032037,11593,4
E01032038,26348,8
E01032039,21245,7
E01032040,13888,5
E01032041,25884,8
E01032042,23107,7
E01032043,24835,8
E01032044,23370,7
E01032045,32140,10
E01032046,23840,8
E01032047,30639,10
E01032048,18451,6
E01032049,26233,8
E01032051,20655,7
E01032052,25955,8
E01032053,27495,9
E01032054,14665,5
E01032055,24686,8
E01032056,12377,4
E01032057,25924,8
E01032058,20850,7
E01032059,26272,8
E01032060,29036,9
E01032061,24425,8
E01032062,5064,2
E01032063,20813,7
E01032064,5676,2
E01032065,17764,6
E01032066,16608,5
E01032067,22839,7
E01032068,16504,5
E01032069,31343,10
E01032070,15187,5
E01032072,28357,9
E01032073,22176,7
E01032074,25255,8
E01032075,17227,6
E01032076,13971,5
E01032077,18238,6
E01032078,22260,7
E01032079,23316,7
E01032080,30894,10
E01032081,15927,5
E01032082,19545,6
E01032083,20864,7
E01032085,23998,8
E01032087,15122,5
E01032088,28490,9
E01032089,15362,5
E01032090,13824,5
E01032091,21768,7
E01032092,28850,9
E01032093,9800,3
E01032094,10992,4
E01032095,28448,9
E01032096,2440,1
E01032097,32868,10
E01032098,23136,7
E01032100,25473,8
E01032101,11385,4
E01032102,27465,9
E01032103,15421,5
E01032104,9607,3
E01032105,30096,9
E01032106,29318,9
E01032107,29452,9
E01032108,27816,9
E01032109,17541,6
E01032110,24259,8
E01032111,17578,6
E01032112,27888,9
E01032113,13046,4
E01032114,15010,5
E01032115,12133,4
E01032117,21323,7
E01032118,7721,3
E01032119,20682,7
E01032121,26170,8
E01032122,22518,7
E01032123,22620,7
E01032124,21410,7
E01032125,28956,9
E01032126,25907,8
E01032127,23871,8
E01032128,17322,6
E01032129,13471,4
E01032131,5102,2
E01032132,7765,3
E01032133,10767,4
E01032134,24103,8
E01032135,33159,10
E01032136,23714,8
E01032137,25396,8
E01032138,32769,10
E01032139,33010,10
E01032140,31896,10
E01032141,30170,9
E01032142,29031,9
E01032143,31193,10
E01032144,32139,10
E01032145,32016,10
E01032146,26029,8
E01032147,22037,7
E01032148,29404,9
E01032149,32874,10
E01032150,32134,10
E01032151,31548,10
E01032152,9538,3
E01032153,24106,8
E01032154,32029,10
E01032155,32944,10
E01032156,14428,5
E01032157,9796,3
E01032158,33127,10
E01032159,17716,6
E01032160,24711,8
E01032161,6913,3
E01032162,32579,10
E01032168,20162,6
E01032169,17281,6
E01032170,21862,7
E01032171,30353,9
E01032172,16569,5
E01032173,30228,9
E01032174,16957,6
E01032175,28179,9
E01032176,25101,8
E01032177,29980,9
E01032178,27041,9
E01032179,16493,5
E01032180,21022,7
E01032181,17314,6
E01032182,26008,8
E01032183,25928,8
E01032184,24088,8
E01032185,28524,9
E01032186,22279,7
E01032187,8968,3
E01032188,17535,6
E01032189,25155,8
E01032190,24024,8
E01032191,22151,7
E01032192,20107,6
E01032193,14607,5
E01032194,7870,3
E01032195,23444,7
E01032196,20011,6
E01032197,26316,8
E01032198,14344,5
E01032199,18427,6
E01032200,19896,6
E01032201,8468,3
E01032202,4737,2
E01032203,14600,5
E01032204,1512,1
E01032205,15214,5
E01032206,16369,5
E01032207,26942,8
E01032208,26766,8
E01032209,30638,10
E01032210,26538,8
E01032211,20360,7
E01032212,16361,5
E01032213,19159,6
E01032214,12515,4
E01032215,7797,3
E01032216,17285,6
E01032217,18406,6
E01032218,25689,8
E01032219,30878,10
E01032220,28450,9
E01032221,26883,8
E01032222,18496,6
E01032223,22360,7
E01032224,6678,2
E01032225,3539,2
E01032226,23918,8
E01032227,32814,10
E01032228,24063,8
E01032229,14047,5
E01032230,32357,10
E01032231,27608,9
E01032232,2388,1
E01032234,5947,2
E01032235,4482,2
E01032236,7822,3
E01032237,23545,7
E01032238,18666,6
E01032239,4924,2
E01032240,8225,3
E01032241,6054,2
E01032242,11453,4
E01032243,32264,10
E01032244,17313,6
E01032245,2546,1
E01032246,30701,10
E01032247,16376,5
E01032248,31454,10
E01032249,25244,8
E01032250,3757,2
E01032251,7349,3
E01032252,1697,1
E01032253,28664,9
E01032254,12918,4
E01032255,24214,8
E01032256,14940,5
E01032257,29979,9
E01032258,21841,7
E01032259,22152,7
E01032260,4128,2
E01032261,30995,10
E01032262,5397,2
E01032263,19219,6
E01032264,12940,4
E01032265,7507,3
E01032266,25223,8
E01032267,10212,4
E01032268,30469,10
E01032269,21789,7
E01032270,32254,10
E01032271,30288,9
E01032272,28443,9
E01032273,30914,10
E01032274,26561,8
E01032275,14905,5
E01032276,28511,9
E01032277,10495,4
E01032278,2962,1
E01032279,18110,6
E01032280,18012,6
E01032281,18038,6
E01032282,11457,4
E01032283,17614,6
E01032284,32506,10
E01032285,25896,8
E01032286,18584,6
E01032287,23856,8
E01032288,21856,7
E01032289,31575,10
E01032290,28436,9
E01032292,8551,3
E01032294,15666,5
E01032296,17500,6
E01032297,28828,9
E01032298,29581,9
E01032299,27077,9
E01032300,32349,10
E01032301,15036,5
E01032302,2702,1
E01032303,2909,1
E01032304,3062,1
E01032305,20021,6
E01032306,13845,5
E01032307,4274,2
E01032308,25598,8
E01032309,16976,6
E01032310,8780,3
E01032311,4458,2
E01032312,17427,6
E01032313,2227,1
E01032314,27324,9
E01032315,28459,9
E01032316,29905,9
E01032317,23874,8
E01032318,2718,1
E01032319,21597,7
E01032320,23657,8
E01032321,9965,3
E01032322,12459,4
E01032323,28401,9
E01032324,28150,9
E01032325,29533,9
E01032326,32095,10
E01032327,22863,7
E01032328,12524,4
E01032329,26220,8
E01032330,18348,6
E01032331,3898,2
E01032332,30,1
E01032333,2344,1
E01032334,27676,9
E01032335,32277,10
E01032336,28621,9
E01032337,26283,8
E01032338,22531,7
E01032339,31570,10
E01032340,14292,5
E01032341,25566,8
E01032342,19143,6
E01032344,24295,8
E01032345,10751,4
E01032346,25118,8
E01032347,27362,9
E01032348,28660,9
E01032349,24119,8
E01032350,17892,6
E01032351,29245,9
E01032352,21887,7
E01032353,16731,5
E01032355,14118,5
E01032356,26389,8
E01032357,18356,6
E01032358,9553,3
E01032359,11566,4
E01032360,15716,5
E01032361,32378,10
E01032363,32954,10
E01032364,32674,10
E01032365,9634,3
E01032366,25804,8
E01032367,29395,9
E01032368,3817,2
E01032369,5128,2
E01032370,13267,4
E01032371,14724,5
E01032372,16449,5
E01032373,25684,8
E01032374,19712,6
E01032375,18470,6
E01032376,27279,9
E01032377,4943,2
E01032378,11692,4
E01032379,30443,10
E01032380,30266,9
E01032381,11968,4
E01032382,20317,7
E01032383,20514,7
E01032384,11586,4
E01032385,16213,5
E01032386,14170,5
E01032387,16759,5
E01032388,23099,7
E01032389,7715,3
E01032390,17740,6
E01032391,15125,5
E01032392,26413,8
E01032393,26681,8
E01032394,20846,7
E01032395,17933,6
E01032396,25405,8
E01032397,15017,5
E01032398,24162,8
E01032399,21798,7
E01032400,26288,8
E01032401,20919,7
E01032402,30614,10
E01032403,20553,7
E01032404,14425,5
E01032405,18116,6
E01032406,9448,3
E01032407,16702,5
E01032408,31057,10
E01032409,12680,4
E01032410,16574,5
E01032411,14475,5
E01032412,17218,6
E01032413,19357,6
E01032414,16895,6
E01032415,23396,7
E01032416,21788,7
E01032417,18948,6
E01032418,19966,6
E01032419,31515,10
E01032420,26425,8
E01032421,28307,9
E01032422,8212,3
E01032423,10289,4
E01032424,1760,1
E01032425,19145,6
E01032426,16849,5
E01032427,19023,6
E01032428,12130,4
E01032429,24197,8
E01032430,15132,5
E01032431,19703,6
E01032432,16443,5
E01032433,28035,9
E01032434,2250,1
E01032435,4772,2
E01032436,24037,8
E01032437,7050,3
E01032438,25917,8
E01032439,22033,7
E01032440,6738,2
E01032441,25679,8
E01032442,25544,8
E01032443,27519,9
E01032444,12886,4
E01032445,9415,3
E01032446,23934,8
E01032447,15662,5
E01032448,27328,9
E01032449,10417,4
E01032451,27345,9
E01032452,28068,9
E01032453,3888,2
E01032454,16724,5
E01032455,27127,9
E01032456,9623,3
E01032457,16707,5
E01032458,28898,9
E01032459,21916,7
E01032460,17204,6
E01032461,4629,2
E01032462,18691,6
E01032463,25095,8
E01032464,4890,2
E01032465,4388,2
E01032466,21955,7
E01032467,23216,7
E01032468,26786,8
E01032469,2835,1
E01032471,97,1
E01032472,16428,5
E01032473,9153,3
E01032474,6877,3
E01032475,14384,5
E01032476,20881,7
E01032477,30074,9
E01032478,8267,3
E01032479,16117,5
E01032480,21461,7
E01032481,5956,2
E01032482,27410,9
E01032483,7841,3
E01032484,8487,3
E01032485,21463,7
E01032486,25136,8
E01032487,7279,3
E01032488,29449,9
E01032489,18124,6
E01032490,29978,9
E01032491,31590,10
E01032492,6758,3
E01032493,28417,9
E01032494,5631,2
E01032496,23007,7
E01032497,3565,2
E01032498,11844,4
E01032499,19568,6
E01032500,1597,1
E01032501,30747,10
E01032502,6605,2
E01032503,28983,9
E01032504,29085,9
E01032505,10642,4
E01032506,6138,2
E01032507,12506,4
E01032508,2161,1
E01032509,1075,1
E01032510,7154,3
E01032511,6801,3
E01032512,1388,1
E01032513,3515,2
E01032514,211,1
E01032515,627,1
E01032516,14106,5
E01032517,8346,3
E01032518,4770,2
E01032519,20804,7
E01032520,30942,10
E01032522,29480,9
E01032523,19597,6
E01032524,13617,5
E01032526,18248,6
E01032527,6769,3
E01032528,6675,2
E01032529,10449,4
E01032530,14474,5
E01032532,22475,7
E01032533,32227,10
E01032534,7481,3
E01032535,21839,7
E01032536,8211,3
E01032537,9806,3
E01032538,4010,2
E01032540,7185,3
E01032541,3085,1
E01032542,7143,3
E01032543,529,1
E01032544,9262,3
E01032545,12208,4
E01032546,31617,10
E01032548,31977,10
E01032549,29808,9
E01032551,17270,6
E01032552,6657,2
E01032554,33148,10
E01032555,16297,5
E01032556,12708,4
E01032557,199,1
E01032558,1055,1
E01032559,9172,3
E01032560,21608,7
E01032561,900,1
E01032562,8015,3
E01032563,28895,9
E01032564,4231,2
E01032565,6425,2
E01032566,8084,3
E01032567,13756,5
E01032568,9480,3
E01032569,3446,2
E01032570,20932,7
E01032571,22155,7
E01032572,19441,6
E01032573,21168,7
E01032574,4905,2
E01032575,2924,1
E01032576,26519,8
E01032577,24073,8
E01032579,9049,3
E01032580,5925,2
E01032581,8405,3
E01032582,17105,6
E01032583,12242,4
E01032584,11078,4
E01032585,29426,9
E01032586,10463,4
E01032587,7155,3
E01032588,20201,6
E01032589,14668,5
E01032590,20642,7
E01032591,19332,6
E01032592,14166,5
E01032593,32028,10
E01032594,22583,7
E01032595,2750,1
E01032596,21414,7
E01032597,1637,1
E01032599,21915,7
E01032600,24747,8
E01032601,27416,9
E01032602,3286,1
E01032603,23222,7
E01032604,27932,9
E01032605,26165,8
E01032606,8813,3
E01032607,3130,1
E01032608,5740,2
E01032609,21671,7
E01032610,28669,9
E01032611,30394,10
E01032612,19915,6
E01032613,17002,6
E01032614,31624,10
E01032615,31716,10
E01032616,32734,10
E01032617,29179,9
E01032618,20623,7
E01032619,16635,5
E01032620,23245,7
E01032621,6831,3
E01032622,28899,9
E01032623,33311,10
E01032624,33558,10
E01032625,28832,9
E01032626,30915,10
E01032627,10593,4
E01032628,22537,7
E01032631,22069,7
E01032632,25176,8
E01032633,9171,3
E01032634,29755,9
E01032635,6991,3
E01032636,15232,5
E01032637,29531,9
E01032638,32137,10
E01032639,17423,6
E01032640,27956,9
E01032643,26162,8
E01032644,11456,4
E01032645,12910,4
E01032646,23940,8
E01032647,30215,9
E01032648,7365,3
E01032649,9583,3
E01032650,4661,2
E01032651,22335,7
E01032652,17059,6
E01032653,11139,4
E01032655,23459,7
E01032656,18984,6
E01032657,6610,2
E01032658,5480,2
E01032659,2309,1
E01032660,16164,5
E01032661,18658,6
E01032662,3461,2
E01032664,21104,7
E01032665,19627,6
E01032666,22938,7
E01032667,18764,6
E01032668,21295,7
E01032669,21990,7
E01032670,16557,5
E01032671,19067,6
E01032672,22737,7
E01032673,11241,4
E01032675,32511,10
E01032676,29348,9
E01032677,20906,7
E01032678,33223,10
E01032679,24057,8
E01032680,24554,8
E01032681,25984,8
E01032682,28029,9
E01032683,22621,7
E01032684,3794,2
E01032688,28205,9
E01032689,27913,9
E01032690,22146,7
E01032691,19677,6
E01032692,21287,7
E01032693,23303,7
E01032694,20811,7
E01032695,30752,10
E01032696,17714,6
E01032697,13551,5
E01032699,23455,7
E01032700,32282,10
E01032701,26557,8
E01032702,29096,9
E01032703,28201,9
E01032704,24444,8
E01032705,25505,8
E01032706,24837,8
E01032707,33396,10
E01032708,24216,8
E01032709,22989,7
E01032710,31523,10
E01032711,25277,8
E01032712,23939,8
E01032713,25279,8
E01032714,7961,3
E01032715,11748,4
E01032716,15226,5
E01032719,11887,4
E01032724,14568,5
E01032726,17035,6
E01032728,17770,6
E01032729,9645,3
E01032730,7889,3
E01032731,15751,5
E01032732,12269,4
E01032733,13563,5
E01032734,16789,5
E01032735,28142,9
E01032737,20662,7
E01032738,9906,3
E01032739,25325,8
E01032740,25966,8
E01032741,12673,4
E01032742,13421,4
E01032743,6361,2
E01032744,4412,2
E01032745,16444,5
E01032746,19410,6
E01032748,28038,9
E01032750,4605,2
E01032751,9418,3
E01032753,32105,10
E01032755,247,1
E01032759,29380,9
E01032764,10087,3
E01032765,9230,3
E01032767,24634,8
E01032768,24781,8
E01032769,12385,4
E01032770,22407,7
E01032771,23423,7
E01032772,14470,5
E01032774,11368,4
E01032775,28567,9
E01032776,23371,7
E01032777,11237,4
E01032779,18498,6
E01032780,15484,5
E01032781,22837,7
E01032782,13155,4
E01032783,11209,4
E01032784,18839,6
E01032785,15748,5
E01032786,5982,2
E01032787,4277,2
E01032788,17138,6
E01032789,20986,7
E01032790,18060,6
E01032792,27386,9
E01032794,31775,10
E01032799,3187,1
E01032800,7555,3
E01032802,21110,7
E01032803,20895,7
E01032807,16439,5
E01032808,10329,4
E01032810,7978,3
E01032811,21615,7
E01032812,28473,9
E01032813,22385,7
E01032814,21472,7
E01032815,5503,2
E01032816,28969,9
E01032817,14181,5
E01032818,28134,9
E01032819,24715,8
E01032820,26177,8
E01032821,25611,8
E01032822,23151,7
E01032823,11802,4
E01032824,17173,6
E01032825,26451,8
E01032826,32176,10
E01032827,32243,10
E01032828,32164,10
E01032829,23573,7
E01032830,7180,3
E01032831,24496,8
E01032832,4679,2
E01032833,19032,6
E01032834,28175,9
E01032835,15813,5
E01032836,10342,4
E01032837,29739,9
E01032838,26377,8
E01032839,32956,10
E01032841,23179,7
E01032842,26160,8
E01032843,21651,7
E01032844,17418,6
E01032845,22966,7
E01032846,23033,7
E01032847,12881,4
E01032848,24126,8
E01032849,29115,9
E01032850,31708,10
E01032852,27689,9
E01032853,32173,10
E01032854,33023,10
E01032855,26554,8
E01032856,32127,10
E01032857,31399,10
E01032858,12023,4
E01032859,32747,10
E01032860,29232,9
E01032862,12045,4
E01032863,15516,5
E01032865,22496,7
E01032868,12936,4
E01032870,31521,10
E01032871,24217,8
E01032872,6424,2
E01032873,4270,2
E01032876,33426,10
E01032877,30985,10
E01032878,1943,1
E01032879,2407,1
E01032880,28251,9
E01032881,23965,8
E01032883,8784,3
E01032884,19609,6
E01032885,31089,10
E01032886,26856,8
E01032888,1045,1
E01032891,31311,10
E01032893,31377,10
E01032894,28775,9
E01032895,30392,10
E01032896,7046,3
E01032897,18669,6
E01032898,2098,1
E01032899,19578,6
E01032900,29270,9
E01032901,19234,6
E01032902,20501,7
E01032904,30524,10
E01032905,25265,8
E01032906,10708,4
E01032909,20211,6
E01032912,4720,2
E01032914,16927,6
E01032915,7322,3
E01032920,4181,2
E01032922,21211,7
E01032923,3385,2
E01032924,18249,6
E01032925,6383,2
E01032926,27203,9
E01032927,15137,5
E01032930,9513,3
E01032931,15732,5
E01032932,7153,3
E01032933,16291,5
E01032935,16171,5
E01032937,778,1
E01032938,22575,7
E01032939,30234,9
E01032940,31625,10
E01032941,7093,3
E01032942,12967,4
E01032943,24852,8
E01032944,25131,8
E01032946,28661,9
E01032947,26497,8
E01032948,33317,10
E01032949,28002,9
E01032950,28279,9
E01032951,27382,9
E01032952,32267,10
E01032953,28796,9
E01032955,14467,5
E01032956,32214,10
E01032957,29156,9
E01032958,18774,6
E01032961,11210,4
E01032962,33078,10
E01032963,27267,9
E01032964,21487,7
E01032965,30461,10
E01032966,28687,9
E01032967,27055,9
E01032969,21879,7
E01032970,19574,6
E01032971,12885,4
E01032972,25102,8
E01032973,28379,9
E01032974,23108,7
E01032976,16208,5
E01032978,3869,2
E01032979,2631,1
E01032980,15838,5
E01032981,20954,7
E01032982,25574,8
E01032983,30896,10
E01032984,29762,9
E01032985,27517,9
E01032986,10303,4
E01032987,10118,3
E01032988,18029,6
E01032989,27099,9
E01032991,28482,9
E01032992,18342,6
E01032993,32596,10
E01032994,25880,8
E01032995,8187,3
E01032996,23779,8
E01032997,21571,7
E01032998,28466,9
E01032999,30047,9
E01033000,4674,2
E01033002,12684,4
E01033003,5543,2
E01033008,15567,5
E01033010,9101,3
E01033011,14585,5
E01033013,6531,2
E01033015,25951,8
E01033016,19971,6
E01033021,5941,2
E01033022,18279,6
E01033023,17441,6
E01033024,32984,10
E01033025,30330,9
E01033026,25617,8
E01033027,22746,7
E01033028,21787,7
E01033029,26637,8
E01033030,15171,5
E01033031,7000,3
E01033033,24404,8
E01033034,27993,9
E01033035,1856,1
E01033036,21483,7
E01033037,14103,5
E01033038,10027,3
E01033039,15649,5
E01033040,7400,3
E01033041,13314,4
E01033042,18663,6
E01033043,18325,6
E01033044,25074,8
E01033045,30687,10
E01033046,5530,2
E01033047,21557,7
E01033048,14653,5
E01033049,19071,6
E01033050,31047,10
E01033051,4515,2
E01033052,19587,6
E01033053,27845,9
E01033054,17604,6
E01033055,31357,10
E01033056,22162,7
E01033058,19794,6
E01033059,33550,10
E01033060,7548,3
E01033061,33715,10
E01033062,33413,10
E01033063,28825,9
E01033064,18195,6
E01033067,6515,2
E01033068,15353,5
E01033069,19959,6
E01033070,20849,7
E01033071,15093,5
E01033072,7473,3
E01033073,17383,6
E01033076,4352,2
E01033077,15731,5
E01033078,29231,9
E01033079,19596,6
E01033080,20432,7
E01033081,12233,4
E01033082,9651,3
E01033083,7727,3
E01033084,4887,2
E01033086,2939,1
E01033087,8771,3
E01033088,20848,7
E01033089,12099,4
E01033091,14518,5
E01033092,5381,2
E01033094,1663,1
E01033095,24691,8
E01033097,4119,2
E01033098,27154,9
E01033099,21530,7
E01033100,13686,5
E01033102,17487,6
E01033103,32011,10
E01033104,3659,2
E01033105,25563,8
E01033107,28670,9
E01033109,4847,2
E01033111,7703,3
E01033112,834,1
E01033113,15175,5
E01033114,26978,8
E01033115,29814,9
E01033116,27709,9
E01033117,23825,8
E01033118,26314,8
E01033120,13228,4
E01033121,17343,6
E01033122,2552,1
E01033123,9840,3
E01033124,8318,3
E01033125,4017,2
E01033126,17902,6
E01033127,13111,4
E01033128,14572,5
E01033129,2191,1
E01033130,1790,1
E01033131,3875,2
E01033132,20885,7
E01033133,24858,8
E01033135,30574,10
E01033137,23495,7
E01033138,24795,8
E01033139,17182,6
E01033140,15042,5
E01033142,29225,9
E01033144,27399,9
E01033145,20498,7
E01033146,2617,1
E01033148,7324,3
E01033150,4792,2
E01033151,2624,1
E01033156,25817,8
E01033158,26938,8
E01033160,8093,3
E01033161,15040,5
E01033163,31733,10
E01033166,2433,1
E01033167,1255,1
E01033168,31552,10
E01033169,31831,10
E01033170,24470,8
E01033171,12424,4
E01033172,5225,2
E01033173,25061,8
E01033174,16435,5
E01033175,27120,9
E01033177,18919,6
E01033179,16878,6
E01033180,13371,4
E01033181,23014,7
E01033182,4468,2
E01033184,23696,8
E01033185,25127,8
E01033186,27426,9
E01033188,25744,8
E01033189,30689,10
E01033190,28634,9
E01033191,24787,8
E01033192,20448,7
E01033195,31495,10
E01033197,9919,3
E01033198,3017,1
E01033200,11988,4
E01033205,11054,4
E01033206,4642,2
E01033208,20538,7
E01033209,5891,2
E01033210,23157,7
E01033211,1789,1
E01033212,2607,1
E01033213,18811,6
E01033214,25722,8
E01033215,4676,2
E01033217,439,1
E01033218,25972,8
E01033219,30024,9
E01033220,225,1
E01033223,4442,2
E01033224,1901,1
E01033226,4634,2
E01033228,1635,1
E01033229,18461,6
E01033232,24954,8
E01033234,28590,9
E01033235,26128,8
E01033236,27708,9
E01033237,4295,2
E01033239,17688,6
E01033241,14511,5
E01033242,7782,3
E01033243,30803,10
E01033244,32208,10
E01033245,24286,8
E01033246,13448,4
E01033247,5363,2
E01033248,3162,1
E01033249,7956,3
E01033250,25865,8
E01033251,28522,9
E01033252,33420,10
E01033253,24452,8
E01033254,32945,10
E01033255,24048,8
E01033256,18276,6
E01033257,28819,9
E01033259,21711,7
E01033260,12141,4
E01033261,19554,6
E01033262,20273,7
E01033263,13846,5
E01033264,11764,4
E01033265,11278,4
E01033268,8672,3
E01033269,630,1
E01033270,7492,3
E01033271,3021,1
E01033272,12667,4
E01033273,14448,5
E01033274,12944,4
E01033275,24700,8
E01033276,20641,7
E01033277,1682,1
E01033279,3725,2
E01033280,28118,9
E01033281,7820,3
E01033283,18423,6
E01033285,10309,4
E01033286,19298,6
E01033288,24618,8
E01033289,15638,5
E01033291,12218,4
E01033292,4133,2
E01033294,23837,8
E01033296,20596,7
E01033297,25704,8
E01033299,8999,3
E01033300,2887,1
E01033302,7966,3
E01033303,6253,2
E01033305,14869,5
E01033306,16140,5
E01033308,20643,7
E01033310,28568,9
E01033311,14666,5
E01033313,28749,9
E01033314,24021,8
E01033316,26555,8
E01033317,16381,5
E01033319,29248,9
E01033320,13957,5
E01033322,15034,5
E01033324,8241,3
E01033325,25144,8
E01033327,10690,4
E01033328,12341,4
E01033329,15028,5
E01033330,1982,1
E01033334,32262,10
E01033336,33430,10
E01033338,20913,7
E01033339,18119,6
E01033341,6579,2
E01033342,13626,5
E01033344,20766,7
E01033347,16353,5
E01033348,5570,2
E01033350,20414,7
E01033352,13985,5
E01033353,13748,5
E01033356,1730,1
E01033358,1906,1
E01033359,6598,2
E01033361,6690,2
E01033362,11992,4
E01033364,19153,6
E01033366,4358,2
E01033367,3254,1
E01033369,2845,1
E01033370,1541,1
E01033372,29859,9
E01033373,13682,5
E01033375,32829,10
E01033376,32500,10
E01033378,30856,10
E01033380,28155,9
E01033381,10665,4
E01033383,1882,1
E01033384,26754,8
E01033386,15615,5
E01033387,9482,3
E01033388,7166,3
E01033389,26232,8
E01033390,30934,10
E01033391,32118,10
E01033392,12763,4
E01033394,25305,8
E01033395,22836,7
E01033396,2748,1
E01033397,7928,3
E01033398,6795,3
E01033399,7511,3
E01033400,14421,5
E01033402,8222,3
E01033407,13225,4
E01033409,6851,3
E01033410,21918,7
E01033411,1775,1
E01033412,28043,9
E01033413,16675,5
E01033414,16561,5
E01033415,16119,5
E01033417,16944,6
E01033418,21858,7
E01033420,13924,5
E01033421,10077,3
E01033422,10680,4
E01033423,19828,6
E01033425,33442,10
E01033426,31706,10
E01033427,25260,8
E01033429,24790,8
E01033430,11471,4
E01033431,19051,6
E01033434,30316,9
E01033435,22803,7
E01033436,6060,2
E01033437,3009,1
E01033438,11585,4
E01033440,10311,4
E01033441,23069,7
E01033442,30635,10
E01033443,24321,8
E01033444,30589,10
E01033445,21535,7
E01033446,19423,6
E01033447,31823,10
E01033448,12955,4
E01033449,19834,6
E01033450,29145,9
E01033452,18700,6
E01033454,23091,7
E01033455,576,1
E01033456,2365,1
E01033457,10808,4
E01033458,15487,5
E01033459,11828,4
E01033460,25081,8
E01033461,26915,8
E01033462,16166,5
E01033463,18003,6
E01033465,23847,8
E01033466,667,1
E01033467,20383,7
E01033469,1618,1
E01033470,205,1
E01033471,408,1
E01033472,15340,5
E01033473,3069,1
E01033474,28485,9
E01033475,31503,10
E01033476,29788,9
E01033479,30983,10
E01033480,30604,10
E01033481,22897,7
E01033482,26312,8
E01033485,2371,1
E01033486,5664,2
E01033487,24887,8
E01033488,11132,4
E01033489,24860,8
E01033490,16345,5
E01033491,9411,3
E01033493,31465,10
E01033494,21653,7
E01033495,31040,10
E01033496,32912,10
E01033497,10574,4
E01033498,8022,3
E01033499,6182,2
E01033500,12104,4
E01033501,25504,8
E01033503,29904,9
E01033506,31094,10
E01033508,26760,8
E01033511,19943,6
E01033514,26873,8
E01033515,27474,9
E01033517,31085,10
E01033519,22536,7
E01033520,31802,10
E01033522,13167,4
E01033523,21108,7
E01033526,8016,3
E01033527,21157,7
E01033528,25699,8
E01033530,12159,4
E01033532,29585,9
E01033533,29359,9
E01033534,30420,10
E01033535,22398,7
E01033536,13406,4
E01033537,16202,5
E01033539,22511,7
E01033540,19449,6
E01033541,19296,6
E01033543,11273,4
E01033545,15793,5
E01033547,2601,1
E01033548,14986,5
E01033550,33552,10
E01033551,32588,10
E01033553,17969,6
E01033556,8985,3
E01033557,17471,6
E01033559,12244,4
E01033561,9750,3
E01033562,11043,4
E01033564,20793,7
E01033565,21092,7
E01033567,20222,6
E01033569,24842,8
E01033570,26698,8
E01033571,17451,6
E01033579,20800,7
E01033580,24789,8
E01033581,5927,2
E01033582,23096,7
E01033584,6012,2
E01033586,12246,4
E01033587,7112,3
E01033589,7256,3
E01033590,11993,4
E01033591,7220,3
E01033592,14437,5
E01033593,14037,5
E01033594,6696,2
E01033597,5798,2
E01033598,2336,1
E01033599,6025,2
E01033601,8441,3
E01033602,1874,1
E01033603,3863,2
E01033604,2084,1
E01033605,2826,1
E01033609,25146,8
E01033610,28934,9
E01033611,23103,7
E01033612,23967,8
E01033613,29482,9
E01033614,26974,8
E01033615,14165,5
E01033616,4899,2
E01033617,20084,6
E01033618,29438,9
E01033620,8998,3
E01033622,21807,7
E01033623,8708,3
E01033624,11778,4
E01033625,27277,9
E01033626,10610,4
E01033627,2908,1
E01033629,2424,1
E01033630,3218,1
E01033638,629,1
E01033640,7429,3
E01033642,2380,1
E01033643,1356,1
E01033646,907,1
E01033648,902,1
E01033649,755,1
E01033650,1221,1
E01033651,12725,4
E01033653,11026,4
E01033654,16419,5
E01033655,21277,7
E01033656,23815,8
E01033658,13707,5
E01033660,23475,7
E01033661,20089,6
E01033662,16860,5
E01033664,17591,6
E01033665,7600,3
E01033667,13056,4
E01033668,7754,3
E01033669,1333,1
E01033670,31930,10
E01033671,25934,8
E01033672,6292,2
E01033673,27973,9
E01033674,6364,2
E01033675,3359,1
E01033676,608,1
E01033677,16623,5
E01033678,599,1
E01033679,208,1
E01033680,6793,3
E01033681,17378,6
E01033682,23530,7
E01033684,26699,8
E01033685,11051,4
E01033686,5881,2
E01033687,1861,1
E01033688,865,1
E01033689,2403,1
E01033690,2494,1
E01033691,583,1
E01033692,320,1
E01033693,923,1
E01033694,14057,5
E01033695,16152,5
E01033696,16323,5
E01033697,1271,1
E01033699,7293,3
E01033700,13658,5
E01033702,3344,1
E01033703,7375,3
E01033704,16831,5
E01033705,5704,2
E01033706,12934,4
E01033708,19894,6
E01033709,12376,4
E01033710,10782,4
E01033711,24173,8
E01033712,8522,3
E01033713,10496,4
E01033714,32362,10
E01033715,12508,4
E01033716,3296,1
E01033717,28662,9
E01033718,12573,4
E01033719,18353,6
E01033720,21496,7
E01033721,29106,9
E01033722,3531,2
E01033727,15790,5
E01033728,28291,9
E01033729,8526,3
E01033732,11753,4
E01033734,19982,6
E01033735,5148,2
E01033736,32005,10
E01033737,8186,3
E01033738,15247,5
E01033739,11672,4
E01033740,11542,4
E01033741,13460,4
E01033742,20801,7
E01033743,11628,4
E01033744,8993,3
E01033745,11341,4
E01033746,18442,6
E01033747,3964,2
E01033748,23542,7
E01033750,28196,9
E01033751,7528,3
E01033756,13793,5
E01033757,11022,4
E01033758,11610,4
E01033760,14327,5
E01033761,15367,5
E01033762,17673,6
E01033763,5221,2
E01033765,1885,1
E01033767,2162,1
E01033768,2325,1
E01033769,11146,4
E01033770,15824,5
E01033771,13600,5
E01033772,23350,7
E01033773,29664,9
E01033774,11244,4
E01033775,27886,9
E01033776,28497,9
E01033777,22243,7
E01033778,21158,7
E01033779,28677,9
E01033780,31415,10
E01033781,5290,2
E01033782,12089,4
E01033783,22801,7
E01033784,18405,6
E01033785,21403,7
E01033786,15454,5
E01033787,15494,5
E01033788,19452,6
E01033789,18928,6
E01033790,8202,3
E01033791,6946,3
E01033792,21917,7
E01033793,25098,8
E01033794,1949,1
E01033795,27591,9
E01033796,13631,5
E01033797,1745,1
E01033798,1602,1
E01033799,19119,6
E01033800,15580,5
E01033801,4122,2
E01033802,5510,2
E01033803,1464,1
E01033804,2023,1
E01033805,2263,1
E01033806,1105,1
E01033807,3837,2
E01033808,32198,10
E01033809,25624,8
E01033810,25053,8
E01033811,23878,8
E01033812,24509,8
E01033813,11035,4
E01033814,28788,9
E01033815,22874,7
E01033816,29500,9
E01033817,17170,6
E01033818,24096,8
E01033819,25294,8
E01033820,21312,7
E01033821,24465,8
E01033822,26541,8
E01033823,27232,9
E01033824,26141,8
E01033825,26294,8
E01033826,23528,7
E01033827,7354,3
E01033828,30317,9
E01033829,20875,7
E01033830,19279,6
E01033831,29848,9
E01033832,23164,7
E01033833,26972,8
E01033834,14759,5
E01033835,13172,4
E01033836,24962,8
E01033837,17830,6
E01033838,20268,7
E01033839,17999,6
E01033840,26196,8
E01033841,20724,7
E01033842,25334,8
E01033843,22135,7
E01033844,26732,8
E01033845,11827,4
E01033846,4765,2
E01033847,28940,9
E01033848,21901,7
E01033849,25329,8
E01033850,25455,8
E01033851,29776,9
E01033852,18897,6
E01033853,29787,9
E01033854,23764,8
E01033855,16791,5
E01033856,17334,6
E01033857,7397,3
E01033858,13412,4
E01033859,25952,8
E01033860,18602,6
E01033861,32663,10
E01033862,22911,7
E01033863,6487,2
E01033864,7695,3
E01033865,22131,7
E01033866,28438,9
E01033867,16436,5
E01033868,23806,8
E01033869,13004,4
E01033870,19826,6
E01033871,9585,3
E01033872,13594,5
E01033873,8750,3
E01033874,18069,6
E01033875,13737,5
E01033876,19324,6
E01033877,11336,4
E01033878,6255,2
E01033879,6921,3
E01033880,10086,3
E01033881,5687,2
E01033882,7808,3
E01033883,8591,3
E01033884,23864,8
E01033885,11770,4
E01033886,6866,3
E01033887,6550,2
E01033888,3397,2
E01033889,4741,2
E01033890,3206,1
E01033891,2776,1
E01033892,3993,2
E01033893,11990,4
E01033894,1405,1
E01033895,5157,2
E01033896,773,1
E01033897,1677,1
E01033898,3391,2
E01033899,875,1
E01033900,3249,1
E01033901,3744,2
E01033902,20407,7
E01033903,12846,4
E01033904,23576,7
E01033905,21954,7
E01033906,29421,9
E01033907,10320,4
E01033908,15885,5
E01033909,21797,7
E01033910,11606,4
E01033911,25392,8
E01033912,24688,8
E01033913,6171,2
E01033914,7157,3
E01033915,10538,4
E01033916,5795,2
E01033917,21551,7
E01033918,23353,7
E01033919,26182,8
E01033920,26271,8
E01033921,15968,5
E01033922,12400,4
E01033923,9066,3
E01033924,5037,2
E01033925,16264,5
E01033926,4840,2
E01033927,11740,4
E01033928,14936,5
E01033929,15576,5
E01033930,9936,3
E01033931,7159,3
E01033932,5207,2
E01033933,1888,1
E01033934,2019,1
E01033935,5605,2
E01033936,10243,4
E01033937,5472,2
E01033938,6199,2
E01033939,10866,4
E01033940,26071,8
E01033941,10880,4
E01033942,15926,5
E01033943,15812,5
E01033944,9831,3
E01033945,11952,4
E01033946,19462,6
E01033947,2497,1
E01033948,158,1
E01033949,266,1
E01033950,661,1
E01033951,14638,5
E01033952,18945,6
E01033953,25886,8
E01033954,32112,10
E01033955,25027,8
E01033956,26635,8
E01033957,27095,9
E01033958,21311,7
E01033959,13102,4
E01033960,27327,9
E01033961,28194,9
E01033962,15223,5
E01033963,21136,7
E01033964,16816,5
E01033965,29955,9
E01033966,22521,7
E01033967,25628,8
E01033968,28599,9
E01033969,24519,8
E01033970,25140,8
E01033971,26658,8
E01033972,20249,6
E01033973,11301,4
E01033974,21546,7
E01033975,14009,5
E01033976,27002,8
E01033977,7043,3
E01033978,16278,5
E01033979,7340,3
E01033980,3059,1
E01033981,7798,3
E01033982,4911,2
E01033983,7115,3
E01033984,1854,1
E01033985,4371,2
E01033986,9229,3
E01033987,21201,7
E01033988,20412,7
E01033989,15782,5
E01033990,15526,5
E01033991,8057,3
E01033992,23615,7
E01033993,17514,6
E01033994,23390,7
E01033995,26643,8
E01033996,26003,8
E01033997,22021,7
E01033998,27045,9
E01033999,26143,8
E01034000,11800,4
E01034001,4944,2
E01034002,7594,3
E01034003,23208,7
E01034004,32009,10
E01034005,31933,10
E01034006,23171,7
E01034007,29865,9
E01034008,11367,4
E01034009,4347,2
E01034010,15676,5
E01034011,7415,3
E01034012,9028,3
E01034013,9002,3
E01034014,9240,3
E01034015,19753,6
E01034016,7694,3
E01034017,16106,5
E01034018,4572,2
E01034019,3981,2
E01034020,4712,2
E01034021,10106,3
E01034022,4919,2
E01034023,8620,3
E01034024,7196,3
E01034025,17817,6
E01034026,19264,6
E01034027,6549,2
E01034028,7582,3
E01034029,11575,4
E01034030,11049,4
E01034031,22182,7
E01034032,9865,3
E01034033,21796,7
E01034034,19457,6
E01034035,20277,7
E01034036,7457,3
E01034037,15071,5
E01034038,7904,3
E01034039,7964,3
E01034040,8044,3
E01034041,9993,3
E01034042,9860,3
E01034043,11465,4
E01034044,20727,7
E01034045,17075,6
E01034046,4670,2
E01034047,3292,1
E01034048,9683,3
E01034049,25339,8
E01034050,26211,8
E01034051,32325,10
E01034052,4463,2
E01034053,855,1
E01034054,17152,6
E01034055,3824,2
E01034056,8492,3
E01034057,6416,2
E01034058,3657,2
E01034059,30706,10
E01034060,6576,2
E01034061,3438,2
E01034062,13176,4
E01034063,17644,6
E01034064,10655,4
E01034065,7009,3
E01034066,13455,4
E01034067,6344,2
E01034068,20156,6
E01034069,1610,1
E01034070,23044,7
E01034071,28583,9
E01034072,20558,7
E01034073,20779,7
E01034074,20955,7
E01034075,17031,6
E01034076,8482,3
E01034077,19756,6
E01034078,17341,6
E01034079,28878,9
E01034080,27501,9
E01034081,17640,6
E01034082,17350,6
E01034083,21396,7
E01034084,31751,10
E01034085,16233,5
E01034086,26746,8
E01034087,12687,4
E01034088,14682,5
E01034089,22220,7
E01034090,16159,5
E01034091,15869,5
E01034092,5940,2
E01034093,24067,8
E01034094,15724,5
E01034095,8205,3
E01034096,798,1
E01034097,17482,6
E01034098,25784,8
E01034099,25446,8
E01034100,15908,5
E01034101,26000,8
E01034102,30263,9
E01034103,16749,5
E01034104,23976,8
E01034105,27637,9
E01034106,25718,8
E01034107,4162,2
E01034108,4804,2
E01034109,4595,2
E01034110,3681,2
E01034111,649,1
E01034112,3032,1
E01034113,2406,1
E01034114,4912,2
E01034115,10566,4
E01034116,13066,4
E01034117,14566,5
E01034118,1669,1
E01034119,4962,2
E01034120,921,1
E01034121,5974,2
E01034122,3049,1
E01034123,1115,1
E01034124,2259,1
E01034125,1542,1
E01034126,8885,3
E01034127,6962,3
E01034128,12990,4
E01034129,15371,5
E01034130,19565,6
E01034131,15136,5
E01034132,22049,7
E01034133,3763,2
E01034134,23291,7
E01034135,13216,4
E01034136,20101,6
E01034137,1078,1
E01034138,493,1
E01034139,7474,3
E01034140,11303,4
E01034141,19073,6
E01034142,8880,3
E01034143,9731,3
E01034144,11319,4
E01034145,3475,2
E01034146,15675,5
E01034147,27356,9
E01034148,13942,5
E01034149,9580,3
E01034150,3093,1
E01034151,15035,5
E01034152,6724,2
E01034153,17209,6
E01034154,24563,8
E01034155,12792,4
E01034156,10865,4
E01034157,21914,7
E01034158,16670,5
E01034159,5577,2
E01034160,11682,4
E01034161,8821,3
E01034162,9063,3
E01034165,13207,4
E01034166,14383,5
E01034167,19898,6
E01034168,18306,6
E01034169,16179,5
E01034170,10100,3
E01034171,7223,3
E01034172,14542,5
E01034173,4708,2
E01034174,23191,7
E01034175,21617,7
E01034176,12656,4
E01034177,15054,5
E01034178,23115,7
E01034179,11851,4
E01034180,5491,2
E01034181,26895,8
E01034182,15018,5
E01034183,21400,7
E01034184,19799,6
E01034185,15652,5
E01034186,26502,8
E01034187,10589,4
E01034188,18871,6
E01034189,21310,7
E01034190,7241,3
E01034191,24070,8
E01034192,13491,4
E01034193,18588,6
E01034194,26022,8
E01034195,16868,5
E01034196,22793,7
E01034198,11354,4
E01034199,5083,2
E01034200,10735,4
E01034201,6323,2
E01034202,9308,3
E01034203,15486,5
E01034204,5519,2
E01034205,10072,3
E01034206,11229,4
E01034207,20458,7
E01034208,3729,2
E01034209,16272,5
E01034210,19698,6
E01034211,16250,5
E01034212,24623,8
E01034213,19318,6
E01034214,24471,8
E01034215,17929,6
E01034216,22174,7
E01034217,21894,7
E01034218,7773,3
E01034219,19339,6
E01034220,12553,4
E01034221,12802,4
E01034222,8810,3
E01034223,16876,5
E01034224,6043,2
E01034225,11179,4
E01034226,23876,8
E01034227,19478,6
E01034228,30789,10
E01034229,17408,6
E01034230,30440,10
E01034231,31558,10
E01034232,1005,1
E01034233,1222,1
E01034234,2450,1
E01034235,1842,1
E01034236,2744,1
E01034237,2262,1
E01034238,381,1
E01034239,395,1
E01034240,23233,7
E01034241,27946,9
E01034242,18422,6
E01034243,27098,9
E01034244,13651,5
E01034245,22829,7
E01034246,6038,2
E01034247,21583,7
E01034248,29352,9
E01034249,30077,9
E01034250,19938,6
E01034251,17665,6
E01034252,16277,5
E01034253,19321,6
E01034254,25642,8
E01034255,31323,10
E01034256,3751,2
E01034257,3220,1
E01034258,10601,4
E01034259,4857,2
E01034260,14340,5
E01034261,4841,2
E01034262,9979,3
E01034263,18586,6
E01034264,2169,1
E01034265,785,1
E01034266,30364,9
E01034267,24488,8
E01034268,12640,4
E01034269,26068,8
E01034270,28308,9
E01034271,20752,7
E01034272,23775,8
E01034273,13905,5
E01034274,8549,3
E01034275,1559,1
E01034276,1773,1
E01034277,10637,4
E01034278,9195,3
E01034279,10711,4
E01034280,20971,7
E01034281,20168,6
E01034282,11847,4
E01034283,15320,5
E01034284,14030,5
E01034285,12327,4
E01034286,26035,8
E01034287,13987,5
E01034288,10326,4
E01034289,16240,5
E01034290,18247,6
E01034291,17118,6
E01034292,19274,6
E01034293,9563,3
E01034294,27815,9
E01034295,19505,6
E01034296,24680,8
E01034297,8933,3
E01034298,27295,9
E01034299,19378,6
E01034300,11134,4
E01034301,16686,5
E01034302,19708,6
E01034303,16741,5
E01034304,22753,7
E01034305,19461,6
E01034306,1089,1
E01034307,3325,1
E01034308,1864,1
E01034309,1740,1
E01034310,5686,2
E01034311,15218,5
E01034312,3427,2
E01034313,4703,2
E01034314,5010,2
E01034315,8456,3
E01034316,26050,8
E01034317,19744,6
E01034318,24280,8
E01034319,20486,7
E01034320,23855,8
E01034321,30677,10
E01034322,30361,9
E01034323,17239,6
E01034324,24644,8
E01034325,18428,6
E01034326,16795,5
E01034327,30105,9
E01034328,26817,8
E01034329,8056,3
E01034330,14248,5
E01034331,3288,1
E01034332,9738,3
E01034333,18911,6
E01034334,6947,3
E01034335,1825,1
E01034336,3235,1
E01034337,25853,8
E01034338,23567,7
E01034339,13115,4
E01034340,21307,7
E01034341,22168,7
E01034342,31451,10
E01034343,5396,2
E01034344,22570,7
E01034345,6621,2
E01034346,17110,6
E01034347,27221,9
E01034348,18180,6
E01034349,26640,8
E01034350,29799,9
E01034351,25296,8
E01034352,27269,9
E01034353,24482,8
E01034354,24919,8
E01034355,6564,2
E01034356,24498,8
E01034357,12354,4
E01034358,21257,7
E01034359,15430,5
E01034360,28591,9
E01034361,17890,6
E01034362,25422,8
E01034363,22645,7
E01034364,30145,9
E01034365,24788,8
E01034366,3014,1
E01034367,9131,3
E01034368,21629,7
E01034369,14120,5
E01034370,15521,5
E01034371,13010,4
E01034372,30112,9
E01034373,23473,7
E01034374,16084,5
E01034375,27398,9
E01034376,11525,4
E01034377,11360,4
E01034378,21754,7
E01034379,24455,8
E01034380,23805,8
E01034381,18697,6
E01034382,18559,6
E01034383,9529,3
E01034384,20417,7
E01034385,22303,7
E01034386,17179,6
E01034387,27854,9
E01034388,25812,8
E01034389,12298,4
E01034390,12726,4
E01034391,15472,5
E01034392,13069,4
E01034393,19415,6
E01034394,20926,7
E01034395,12686,4
E01034396,4991,2
E01034397,10321,4
E01034398,3807,2
E01034399,727,1
E01034400,701,1
E01034401,1903,1
E01034402,10996,4
E01034403,4667,2
E01034404,28668,9
E01034405,17004,6
E01034406,19793,6
E01034407,24754,8
E01034408,9107,3
E01034409,27256,9
E01034410,11174,4
E01034411,14536,5
E01034412,23042,7
E01034413,20456,7
E01034414,26386,8
E01034415,15429,5
E01034416,26001,8
E01034417,26113,8
E01034418,14751,5
E01034419,9078,3
E01034420,6565,2
E01034421,12472,4
E01034422,25506,8
E01034423,20962,7
E01034424,24696,8
E01034425,25124,8
E01034426,21033,7
E01034427,20491,7
E01034428,22096,7
E01034429,16036,5
E01034430,19205,6
E01034431,19606,6
E01034432,21691,7
E01034433,21167,7
E01034434,19041,6
E01034435,29367,9
E01034436,26075,8
E01034437,16984,6
E01034438,21900,7
E01034439,20791,7
E01034440,20629,7
E01034441,29412,9
E01034442,21279,7
E01034443,14629,5
E01034444,31660,10
E01034445,27022,9
E01034446,17277,6
E01034447,23493,7
E01034448,24799,8
E01034449,20556,7
E01034450,22632,7
E01034451,15211,5
E01034452,27733,9
E01034453,20844,7
E01034454,4056,2
E01034455,24382,8
E01034456,30470,10
E01034457,18096,6
E01034458,24002,8
E01034459,18724,6
E01034460,23029,7
E01034461,19046,6
E01034462,23741,8
E01034463,28935,9
E01034464,26547,8
E01034465,23165,7
E01034466,30652,10
E01034467,20327,7
E01034468,22296,7
E01034469,16421,5
E01034470,12346,4
E01034471,9814,3
E01034472,9633,3
E01034473,2665,1
E01034474,9400,3
E01034475,7252,3
E01034476,10472,4
E01034477,8820,3
E01034478,20260,7
E01034479,4396,2
E01034480,10663,4
E01034481,10453,4
E01034482,19866,6
E01034483,8280,3
E01034484,5618,2
E01034485,16651,5
E01034486,22460,7
E01034487,7730,3
E01034488,4271,2
E01034489,13038,4
E01034490,25436,8
E01034491,5325,2
E01034492,13900,5
E01034493,28771,9
E01034494,15720,5
E01034495,5228,2
E01034496,33707,10
E01034497,22105,7
E01034498,33695,10
E01034499,19567,6
E01034500,4746,2
E01034501,4219,2
E01034502,30849,10
E01034503,9352,3
E01034504,9759,3
E01034505,6406,2
E01034506,823,1
E01034507,8023,3
E01034508,14648,5
E01034509,11696,4
E01034510,2468,1
E01034511,11034,4
E01034512,9073,3
E01034513,9892,3
E01034514,556,1
E01034515,24775,8
E01034516,30545,10
E01034517,1753,1
E01034518,25067,8
E01034519,28747,9
E01034520,26917,8
E01034521,27983,9
E01034522,19725,6
E01034523,25921,8
E01034524,21790,7
E01034525,31232,10
E01034526,25006,8
E01034527,30958,10
E01034528,26780,8
E01034529,20742,7
E01034530,23269,7
E01034531,23234,7
E01034532,29873,9
E01034533,8548,3
E01034534,2187,1
E01034535,28705,9
E01034536,18646,6
E01034537,22909,7
E01034538,20476,7
E01034539,24709,8
E01034540,21786,7
E01034541,21562,7
E01034542,29223,9
E01034543,24269,8
E01034544,23355,7
E01034545,21120,7
E01034546,20722,7
E01034547,16488,5
E01034548,27518,9
E01034549,13352,4
E01034550,20843,7
E01034551,27486,9
E01034552,23311,7
E01034553,27602,9
E01034554,14882,5
E01034555,26439,8
E01034556,16326,5
E01034557,29024,9
E01034558,29181,9
E01034559,22116,7
E01034560,22643,7
E01034561,14939,5
E01034562,20600,7
E01034563,20148,6
E01034564,17735,6
E01034565,12184,4
E01034566,21102,7
E01034567,16714,5
E01034568,21236,7
E01034569,6671,2
E01034570,21384,7
E01034571,17298,6
E01034572,27252,9
E01034573,16370,5
E01034574,17722,6
E01034575,16622,5
E01034576,27355,9
E01034577,21182,7
E01034578,14140,5
E01034579,22542,7
E01034580,25023,8
E01034581,27320,9
E01034582,931,1
E01034583,4586,2
E01034584,6744,2
E01034585,10515,4
E01034586,29420,9
E01034587,32230,10
E01034588,15210,5
E01034589,17184,6
E01034590,20757,7
E01034591,7392,3
E01034592,9681,3
E01034593,21550,7
E01034594,27530,9
E01034595,13590,5
E01034596,23700,8
E01034597,15082,5
E01034598,23212,7
E01034599,12450,4
E01034600,9912,3
E01034601,15141,5
E01034602,13613,5
E01034603,31165,10
E01034604,14818,5
E01034605,18892,6
E01034606,25388,8
E01034607,12875,4
E01034608,10217,4
E01034609,8277,3
E01034610,10156,4
E01034611,8352,3
E01034612,10660,4
E01034613,16330,5
E01034614,9964,3
E01034615,9884,3
E01034616,8869,3
E01034617,9077,3
E01034618,11415,4
E01034619,15081,5
E01034620,20203,6
E01034621,21006,7
E01034622,24028,8
E01034623,13438,4
E01034624,22859,7
E01034625,18951,6
E01034626,14486,5
E01034627,15239,5
E01034628,31782,10
E01034629,30190,9
E01034630,10978,4
E01034631,4425,2
E01034632,26927,8
E01034633,25211,8
E01034634,15653,5
E01034635,20023,6
E01034636,26367,8
E01034637,25083,8
E01034638,19546,6
E01034639,19360,6
E01034640,11541,4
E01034641,16538,5
E01034642,10849,4
E01034643,16339,5
E01034644,15297,5
E01034645,21152,7
E01034646,13752,5
E01034647,20995,7
E01034648,12995,4
E01034649,3259,1
E01034650,27123,9
E01034651,28732,9
E01034652,31485,10
E01034653,17869,6
E01034654,32546,10
E01034655,28756,9
E01034656,8515,3
E01034657,24475,8
E01034658,33191,10
E01034659,20349,7
E01034660,10502,4
E01034661,26622,8
E01034662,21766,7
E01034663,26668,8
E01034664,18462,6
E01034665,26388,8
E01034666,28424,9
E01034667,23079,7
E01034668,21146,7
E01034669,1514,1
E01034670,9369,3
E01034671,25016,8
E01034672,16402,5
E01034673,28138,9
E01034674,27876,9
E01034675,16295,5
E01034676,22305,7
E01034677,24251,8
E01034678,21616,7
E01034679,6235,2
E01034680,2753,1
E01034681,1528,1
E01034682,4514,2
E01034683,16949,6
E01034684,15475,5
E01034685,6910,3
E01034686,14860,5
E01034687,17268,6
E01034688,14688,5
E01034689,15983,5
E01034690,17228,6
E01034691,15108,5
E01034692,11602,4
E01034693,28331,9
E01034694,26126,8
E01034695,24760,8
E01034696,32226,10
E01034697,27225,9
E01034698,26947,8
E01034699,18574,6
E01034700,18332,6
E01034701,30177,9
E01034702,32437,10
E01034703,30449,10
E01034704,29958,9
E01034705,29660,9
E01034706,25975,8
E01034707,23705,8
E01034708,29354,9
E01034709,25033,8
E01034710,20948,7
E01034711,28087,9
E01034712,32644,10
E01034713,14998,5
E01034714,6867,3
E01034715,18857,6
E01034716,21974,7
E01034717,19908,6
E01034718,16212,5
E01034719,31599,10
E01034720,24872,8
E01034721,25152,8
E01034722,23433,7
E01034723,31278,10
E01034724,31328,10
E01034725,27331,9
E01034726,26393,8
E01034727,22094,7
E01034728,20831,7
E01034729,19077,6
E01034730,4263,2
E01034731,18990,6
E01034732,19220,6
E01034733,15131,5
E01034734,22397,7
E01034735,14700,5
E01034736,1695,1
E01034737,11392,4
E01034738,6700,2
E01034739,20820,7
E01034740,8248,3
E01034741,5931,2
E01034742,5531,2
E01034743,9895,3
E01034744,8179,3
E01034745,10506,4
E01034746,2219,1
E01034747,3529,2
E01034748,1583,1
E01034749,6957,3
E01034750,23242,7
E01034751,20706,7
E01034752,5893,2
E01034753,16621,5
E01034754,27698,9
E01034755,26489,8
E01034756,24777,8
E01034757,29242,9
E01034758,32809,10
E01034759,27463,9
E01034760,24411,8
E01034761,25271,8
E01034762,24045,8
E01034763,19954,6
E01034764,31633,10
E01034765,20335,7
E01034766,29971,9
E01034767,9827,3
E01034768,5018,2
E01034769,3827,2
E01034770,22057,7
E01034771,18469,6
E01034772,23695,8
E01034773,17745,6
E01034774,15047,5
E01034775,14994,5
E01034776,17621,6
E01034777,17537,6
E01034778,25912,8
E01034779,28476,9
E01034780,31578,10
E01034781,21393,7
E01034782,27744,9
E01034783,25887,8
E01034784,18517,6
E01034785,19840,6
E01034786,26240,8
E01034787,27535,9
E01034788,23199,7
E01034789,27977,9
E01034790,17811,6
E01034791,8911,3
E01034792,3057,1
E01034793,4030,2
E01034794,24561,8
E01034795,18221,6
E01034796,11362,4
E01034797,22600,7
E01034798,15940,5
E01034799,24769,8
E01034800,20546,7
E01034801,25163,8
E01034802,23689,8
E01034803,19983,6
E01034804,11121,4
E01034805,21641,7
E01034806,19802,6
E01034807,21741,7
E01034808,23186,7
E01034809,24351,8
E01034810,27379,9
E01034811,23446,7
E01034812,24989,8
E01034813,20380,7
E01034814,28366,9
E01034815,15416,5
E01034816,12432,4
E01034817,20003,6
E01034818,15139,5
E01034819,17910,6
E01034820,24604,8
E01034821,23844,8
E01034822,22470,7
E01034823,20054,6
E01034824,12047,4
E01034825,26676,8
E01034826,7201,3
E01034827,15368,5
E01034828,24985,8
E01034829,16873,5
E01034830,15834,5
E01034831,7297,3
E01034832,4314,2
E01034833,13437,4
E01034834,1299,1
E01034835,5522,2
E01034836,871,1
E01034837,2145,1
E01034838,220,1
E01034839,473,1
E01034840,12817,4
E01034841,28182,9
E01034842,22,1
E01034843,29450,9
E01034844,14382,5
E01034845,4331,2
E01034846,1739,1
E01034847,20648,7
E01034848,10766,4
E01034849,12255,4
E01034850,13003,4
E01034851,10713,4
E01034852,11163,4
E01034853,15193,5
E01034854,21407,7
E01034855,11920,4
E01034856,22772,7
E01034857,28165,9
E01034858,17501,6
E01034859,22429,7
E01034860,15688,5
E01034862,24810,8
E01034863,20547,7
E01034864,7912,3
E01034865,8510,3
E01034866,7436,3
E01034867,11711,4
E01034868,11503,4
E01034869,5877,2
E01034913,3612,2
E01034914,4272,2
E01034915,613,1
E01034916,10279,4
E01034917,2180,1
E01034918,2589,1
E01034919,1363,1
E01034920,1689,1
E01034921,1226,1
E01034922,2489,1
E01034923,963,1
E01034924,2007,1
E01034925,2558,1
E01034926,877,1
E01034927,1298,1
E01034928,892,1
E01034929,914,1
E01034930,7705,3
E01034931,2499,1
E01034932,1944,1
E01034933,582,1
E01034934,578,1
E01034935,645,1
E01034936,31489,10
E01034937,30957,10
E01034938,3689,2
E01034939,1800,1
E01034940,12220,4
E01034941,15905,5
E01034942,10222,4
E01034943,802,1
E01034944,8259,3
E01034945,9023,3
E01034946,4818,2
E01034947,5382,2
E01034948,8524,3
E01034949,9321,3
E01034950,26401,8
E01034951,16144,5
E01034952,1433,1
E01034953,1639,1
E01034954,2389,1
E01034955,3242,1
E01034956,10099,3
E01034957,15348,5
E01034958,24548,8
E01034959,24683,8
E01034960,18685,6
E01034961,26940,8
E01034962,23128,7
E01034963,29337,9
E01034964,24544,8
E01034965,21139,7
E01034966,17912,6
E01034967,19827,6
E01034968,31364,10
E01034969,18645,6
E01034970,10746,4
E01034971,8480,3
E01034972,6481,2
E01034973,15754,5
E01034974,11313,4
E01034975,30391,10
E01034976,26490,8
E01034977,21080,7
E01034978,28554,9
E01034979,18704,6
E01034980,9804,3
E01034981,9650,3
E01034982,11271,4
E01034983,26335,8
E01034984,25970,8
E01034985,7991,3
E01034986,6847,3
E01034987,18475,6
E01034988,22427,7
E01034989,17330,6
E01034990,30817,10
E01034991,2882,1
E01034992,4275,2
E01034993,15772,5
E01034994,15774,5
E01034995,5615,2
E01034996,343,1
E01034997,16872,5
E01034998,14821,5
E01034999,18262,6
E01035000,19813,6
E01035001,23397,7
E01035002,14854,5
E01035003,19431,6
E01035004,21402,7
E01035005,21602,7
E01035006,14927,5
E01035007,18977,6
E01035008,24086,8
E01035009,21793,7
E01035010,21419,7
E01035011,29240,9
E01035012,18662,6
E01035013,23015,7
E01035014,25855,8
E01035015,23498,7
E01035016,1047,1
E01035017,10902,4
E01035018,24285,8
E01035019,19250,6
E01035020,27730,9
E01035021,18297,6
E01035022,16216,5
E01035023,27137,9
E01035024,22321,7
E01035025,31161,10
E01035026,27101,9
E01035027,30838,10
E01035028,21876,7
E01035029,23988,8
E01035030,22540,7
E01035031,23808,8
E01035032,23088,7
E01035033,25343,8
E01035034,15871,5
E01035035,17913,6
E01035036,19374,6
E01035037,18794,6
E01035038,33308,10
E01035039,17919,6
E01035040,20715,7
E01035041,22997,7
E01035042,12325,4
E01035043,11869,4
E01035044,19700,6
E01035045,22663,7
E01035046,24994,8
E01035047,9693,3
E01035048,16866,5
E01035049,24625,8
E01035050,15837,5
E01035051,27460,9
E01035052,11998,4
E01035053,20768,7
E01035054,29778,9
E01035055,27332,9
E01035056,25584,8
E01035057,15044,5
E01035058,15989,5
E01035059,24657,8
E01035060,28959,9
E01035061,15507,5
E01035062,25328,8
E01035063,12693,4
E01035064,20886,7
E01035065,21603,7
E01035066,29692,9
E01035067,18453,6
E01035068,15707,5
E01035069,21652,7
E01035070,27543,9
E01035071,14042,5
E01035072,12808,4
E01035073,7355,3
E01035074,18337,6
E01035075,16925,6
E01035076,31236,10
E01035077,5680,2
E01035078,25062,8
E01035079,25891,8
E01035080,27912,9
E01035081,22255,7
E01035082,14000,5
E01035083,14559,5
E01035084,23802,8
E01035085,29771,9
E01035086,20598,7
E01035087,21012,7
E01035088,28626,9
E01035089,30244,9
E01035090,31353,10
E01035091,17326,6
E01035092,24003,8
E01035093,22711,7
E01035094,18168,6
E01035095,12980,4
E01035096,23762,8
E01035097,23150,7
E01035098,18675,6
E01035099,19742,6
E01035100,25212,8
E01035101,30533,10
E01035102,31670,10
E01035103,25530,8
E01035104,19448,6
E01035105,28116,9
E01035106,26913,8
E01035107,23612,7
E01035108,23141,7
E01035109,15435,5
E01035110,23098,7
E01035111,22512,7
E01035112,13823,5
E01035113,23057,7
E01035114,11277,4
E01035115,25587,8
E01035116,15055,5
E01035117,18568,6
E01035118,16718,5
E01035119,22957,7
E01035120,17050,6
E01035121,14395,5
E01035122,21949,7
E01035123,31365,10
E01035124,30214,9
E01035125,6924,3
E01035126,4611,2
E01035127,27033,9
E01035128,25604,8
E01035129,14018,5
E01035130,6130,2
E01035131,11522,4
E01035132,18210,6
E01035133,5505,2
E01035134,11224,4
E01035135,24378,8
E01035136,25531,8
E01035137,13198,4
E01035138,11877,4
E01035139,14581,5
E01035140,8424,3
E01035141,29423,9
E01035142,32744,10
E01035143,28117,9
E01035144,27197,9
E01035145,21732,7
E01035146,25676,8
E01035147,25220,8
E01035148,27729,9
E01035149,30166,9
E01035150,30291,9
E01035151,23322,7
E01035152,25942,8
E01035153,28260,9
E01035154,22420,7
E01035155,13948,5
E01035156,21716,7
E01035157,6179,2
E01035158,8713,3
E01035159,21536,7
E01035160,24013,8
E01035161,3615,2
E01035162,8129,3
E01035163,9038,3
E01035164,7632,3
E01035165,19776,6
E01035166,12102,4
E01035167,17590,6
E01035168,22996,7
E01035169,21961,7
E01035170,22433,7
E01035171,21962,7
E01035172,32634,10
E01035173,25869,8
E01035174,22932,7
E01035175,17870,6
E01035176,28106,9
E01035177,23039,7
E01035178,18017,6
E01035179,29681,9
E01035180,25207,8
E01035181,26082,8
E01035182,19788,6
E01035183,15710,5
E01035184,16288,5
E01035185,27654,9
E01035186,23293,7
E01035187,484,1
E01035188,132,1
E01035189,224,1
E01035190,729,1
E01035191,3371,1
E01035192,2240,1
E01035193,28249,9
E01035194,19025,6
E01035195,21285,7
E01035196,20946,7
E01035197,164,1
E01035198,13192,4
E01035199,98,1
E01035200,927,1
E01035201,22577,7
E01035202,9656,3
E01035203,31953,10
E01035204,32813,10
E01035205,20325,7
E01035206,22097,7
E01035207,26598,8
E01035208,26818,8
E01035209,18783,6
E01035210,22424,7
E01035211,30977,10
E01035212,29083,9
E01035213,16072,5
E01035214,21016,7
E01035215,9603,3
E01035216,21594,7
E01035217,16582,5
E01035218,17844,6
E01035219,23587,7
E01035220,31476,10
E01035221,23273,7
E01035222,22612,7
E01035223,18989,6
E01035224,18045,6
E01035225,15306,5
E01035226,14192,5
E01035227,14946,5
E01035228,30557,10
E01035229,25356,8
E01035230,30622,10
E01035231,32919,10
E01035232,22980,7
E01035233,22378,7
E01035234,28310,9
E01035235,30441,10
E01035236,26910,8
E01035237,32712,10
E01035238,31835,10
E01035239,33321,10
E01035240,26477,8
E01035241,14097,5
E01035242,19331,6
E01035243,24844,8
E01035244,23929,8
E01035245,31832,10
E01035246,30076,9
E01035247,7478,3
E01035248,8001,3
E01035249,27122,9
E01035250,25908,8
E01035251,12039,4
E01035252,11483,4
E01035253,19168,6
E01035254,13612,5
E01035255,21945,7
E01035256,25560,8
E01035257,33196,10
E01035258,33648,10
E01035259,22995,7
E01035260,30111,9
E01035261,30174,9
E01035262,33400,10
E01035263,30776,10
E01035264,27407,9
E01035265,31778,10
E01035266,28293,9
E01035267,22749,7
E01035268,22286,7
E01035269,21657,7
E01035270,27293,9
E01035271,24486,8
E01035272,11504,4
E01035273,10861,4
E01035274,2179,1
E01035275,18448,6
E01035276,20574,7
E01035277,22656,7
E01035278,23106,7
E01035279,22408,7
E01035280,25538,8
E01035281,28208,9
E01035282,19952,6
E01035283,10189,4
E01035284,20512,7
E01035285,6741,2
E01035286,17422,6
E01035287,18510,6
E01035288,13966,5
E01035289,8320,3
E01035290,26380,8
E01035291,31789,10
E01035292,14260,5
E01035293,6734,2
E01035294,20854,7
E01035295,6920,3
E01035296,9915,3
E01035297,2577,1
E01035298,7566,3
E01035299,16030,5
E01035300,6359,2
E01035301,7584,3
E01035302,14977,5
E01035303,6536,2
E01035304,21659,7
E01035305,10679,4
E01035306,18368,6
E01035307,6582,2
E01035308,22842,7
E01035309,29853,9
E01035310,16753,5
E01035311,15545,5
E01035312,13205,4
E01035313,11930,4
E01035314,18860,6
E01035315,12079,4
E01035316,897,1
E01035317,638,1
E01035318,8826,3
E01035319,12504,4
E01035320,23672,8
E01035321,17300,6
E01035322,15112,5
E01035323,19218,6
E01035324,13385,4
E01035325,20959,7
E01035326,15592,5
E01035327,19955,6
E01035328,22373,7
E01035329,14960,5
E01035330,22027,7
E01035331,18765,6
E01035332,27727,9
E01035333,27461,9
E01035334,25669,8
E01035335,9562,3
E01035336,31435,10
E01035337,30555,10
E01035338,27798,9
E01035339,30423,10
E01035340,18292,6
E01035341,21957,7
E01035342,30910,10
E01035343,24911,8
E01035344,30259,9
E01035345,19773,6
E01035346,19710,6
E01035347,27012,9
E01035348,25547,8
E01035349,26877,8
E01035350,22792,7
E01035351,30319,9
E01035352,25742,8
E01035353,24130,8
E01035354,26455,8
E01035355,25525,8
E01035356,28680,9
E01035357,28528,9
E01035358,18051,6
E01035359,30225,9
E01035360,31997,10
E01035361,22472,7
E01035362,20699,7
E01035363,18256,6
E01035364,23011,7
E01035365,5435,2
E01035366,13978,5
E01035367,5512,2
E01035368,312,1
E01035369,23090,7
E01035370,31886,10
E01035371,20563,7
E01035372,29649,9
E01035373,15467,5
E01035374,6666,2
E01035375,18377,6
E01035376,12709,4
E01035377,22759,7
E01035378,14707,5
E01035379,29401,9
E01035380,30352,9
E01035381,29025,9
E01035382,11333,4
E01035383,10141,4
E01035384,31224,10
E01035385,32850,10
E01035386,33440,10
E01035387,25802,8
E01035388,32804,10
E01035389,23937,8
E01035390,29075,9
E01035391,21075,7
E01035392,11855,4
E01035393,28614,9
E01035394,26277,8
E01035395,28807,9
E01035396,24384,8
E01035397,19940,6
E01035398,27872,9
E01035399,25084,8
E01035400,19127,6
E01035401,28699,9
E01035402,26792,8
E01035403,18316,6
E01035404,29488,9
E01035405,24380,8
E01035406,25338,8
E01035407,28500,9
E01035408,26117,8
E01035409,30692,10
E01035410,31000,10
E01035411,7523,3
E01035412,9461,3
E01035413,2830,1
E01035414,2452,1
E01035415,27339,9
E01035416,18021,6
E01035417,10350,4
E01035418,12902,4
E01035419,33033,10
E01035420,23873,8
E01035421,21210,7
E01035422,23742,8
E01035423,13669,5
E01035424,18104,6
E01035425,24233,8
E01035426,29522,9
E01035427,28636,9
E01035428,33201,10
E01035429,16338,5
E01035430,20130,6
E01035431,4000,2
E01035432,2679,1
E01035433,16756,5
E01035434,17715,6
E01035435,13089,4
E01035436,15250,5
E01035437,13553,5
E01035438,20517,7
E01035439,28735,9
E01035440,22464,7
E01035441,26298,8
E01035442,19248,6
E01035443,12330,4
E01035444,10579,4
E01035445,9327,3
E01035446,16632,5
E01035447,16960,6
E01035448,17732,6
E01035449,30302,9
E01035450,19796,6
E01035451,25203,8
E01035452,26063,8
E01035453,23482,7
E01035454,12643,4
E01035455,21346,7
E01035456,16780,5
E01035457,20322,7
E01035458,18041,6
E01035459,22971,7
E01035460,12798,4
E01035461,14535,5
E01035462,18971,6
E01035463,4754,2
E01035464,112,1
E01035465,5345,2
E01035466,506,1
E01035467,8299,3
E01035468,787,1
E01035469,28411,9
E01035470,31059,10
E01035471,23534,7
E01035472,29719,9
E01035473,20,1
E01035474,28290,9
E01035475,28576,9
E01035476,23013,7
E01035477,30502,10
E01035478,29448,9
E01035479,27617,9
E01035480,24124,8
E01035481,1296,1
E01035482,15349,5
E01035483,20669,7
E01035484,13771,5
E01035485,6511,2
E01035486,22237,7
E01035487,14227,5
E01035488,27999,9
E01035489,27820,9
E01035490,29407,9
E01035491,27837,9
E01035492,24278,8
E01035493,17070,6
E01035494,25299,8
E01035495,3382,2
E01035496,26549,8
E01035497,21567,7
E01035498,26897,8
E01035499,10201,4
E01035500,7420,3
E01035501,9128,3
E01035502,13296,4
E01035503,20778,7
E01035504,16083,5
E01035505,13641,5
E01035506,8626,3
E01035507,26217,8
E01035508,14698,5
E01035509,31749,10
E01035510,26903,8
E01035511,28730,9
E01035512,32367,10
E01035513,32375,10
E01035514,31241,10
E01035515,21367,7
E01035516,33222,10
E01035517,25969,8
E01035518,27019,9
E01035519,29333,9
E01035520,32875,10
E01035521,33003,10
E01035522,24733,8
E01035523,23755,8
E01035524,25608,8
E01035525,21034,7
E01035526,22316,7
E01035527,26192,8
E01035528,23306,7
E01035529,24230,8
E01035530,26874,8
E01035531,9147,3
E01035532,22965,7
E01035533,32621,10
E01035534,26456,8
E01035535,28317,9
E01035536,13109,4
E01035537,9671,3
E01035538,10465,4
E01035539,2848,1
E01035540,2680,1
E01035541,6810,3
E01035542,2521,1
E01035543,5189,2
E01035544,14078,5
E01035545,13761,5
E01035546,23038,7
E01035547,25825,8
E01035548,14809,5
E01035549,19618,6
E01035551,13190,4
E01035552,25089,8
E01035553,11155,4
E01035554,25944,8
E01035555,23554,7
E01035556,32768,10
E01035557,22426,7
E01035558,28766,9
E01035559,29541,9
E01035560,25643,8
E01035561,30119,9
E01035562,13367,4
E01035563,13149,4
E01035564,25119,8
E01035565,31274,10
E01035566,29094,9
E01035567,20573,7
E01035568,22454,7
E01035569,14626,5
E01035570,6415,2
E01035571,8572,3
E01035572,21983,7
E01035573,29366,9
E01035574,15769,5
E01035575,18163,6
E01035576,8996,3
E01035577,11482,4
E01035578,7359,3
E01035579,15506,5
E01035580,14800,5
E01035581,19595,6
E01035582,31669,10
E01035583,13059,4
E01035584,11412,4
E01035585,8196,3
E01035586,7181,3
E01035587,24664,8
E01035588,22214,7
E01035589,27307,9
E01035590,22137,7
E01035591,17473,6
E01035592,25487,8
E01035593,21364,7
E01035594,25485,8
E01035595,22291,7
E01035596,24346,8
E01035597,16880,6
E01035598,17523,6
E01035599,18577,6
E01035600,26116,8
E01035601,21281,7
E01035602,26517,8
E01035603,26613,8
E01035604,10229,4
E01035605,15090,5
E01035606,16613,5
E01035607,17275,6
E01035608,25174,8
E01035609,19615,6
E01035610,2637,1
E01035611,16263,5
E01035612,1359,1
E01035613,15643,5
E01035614,32455,10
E01035615,32239,10
E01035616,27723,9
E01035617,15148,5
E01035618,958,1
E01035619,212,1
E01035620,13548,5
E01035621,14492,5
E01035622,70,1
E01035623,973,1
E01035624,6478,2
E01035625,16604,5
E01035626,26559,8
E01035627,25496,8
E01035628,29846,9
E01035629,18135,6
E01035630,28059,9
E01035631,15911,5
E01035632,24422,8
E01035633,15986,5
E01035634,23470,7
E01035635,27593,9
E01035636,25191,8
E01035637,14501,5
E01035638,12004,4
E01035639,14034,5
E01035640,8534,3
E01035641,10977,4
E01035642,18899,6
E01035643,14370,5
E01035644,24913,8
E01035645,7697,3
E01035646,16592,5
E01035647,32835,10
E01035648,8804,3
E01035649,12789,4
E01035650,7066,3
E01035651,9862,3
E01035652,8824,3
E01035653,24874,8
E01035654,10748,4
E01035655,12832,4
E01035656,18529,6
E01035657,21154,7
E01035658,18944,6
E01035659,5444,2
E01035660,6552,2
E01035661,4254,2
E01035662,18643,6
E01035663,11652,4
E01035664,7520,3
E01035665,13786,5
E01035666,7261,3
E01035667,6218,2
E01035668,6789,3
E01035669,8139,3
E01035670,10488,4
E01035671,14041,5
E01035672,3864,2
E01035673,8317,3
E01035674,12106,4
E01035675,7380,3
E01035676,4486,2
E01035677,6502,2
E01035678,10371,4
E01035679,10379,4
E01035680,12842,4
E01035681,4054,2
E01035682,4078,2
E01035683,4740,2
E01035684,4819,2
E01035685,2316,1
E01035686,7069,3
E01035687,13212,4
E01035688,22298,7
E01035689,15817,5
E01035690,17643,6
E01035691,20009,6
E01035692,9604,3
E01035693,11538,4
E01035694,3134,1
E01035695,3752,2
E01035696,20477,7
E01035697,13182,4
E01035698,20635,7
E01035699,15191,5
E01035700,29917,9
E01035701,28613,9
E01035702,8064,3
E01035703,28566,9
E01035704,13639,5
E01035705,5908,2
E01035706,20877,7
E01035707,14354,5
E01035708,12748,4
E01035709,4238,2
E01035710,7508,3
E01035711,12414,4
E01035712,11091,4
E01035713,23218,7
E01035714,25416,8
E01035715,20509,7
E01035716,13000,4
E01035717,11956,4
E01035718,24418,8
E01035719,24783,8
E01035720,19208,6
E01035721,10352,4
E01035722,25766,8
E01035723,19537,6
E01035724,26030,8
E01035725,23192,7
E01035726,20093,6
E01035727,27404,9
E01035728,23777,8
E01035729,30518,10
E01035730,20179,6
E01035731,24581,8
E01035733,26433,8
E01035734,21513,7
E01035735,13539,5
E01035736,21030,7
E01035737,25195,8
E01035738,26026,8
E01035739,22798,7
E01035740,32433,10
E01035741,31038,10
E01035742,30883,10
E01035743,15121,5
E01035744,17982,6
E01035745,14388,5
E01035746,23097,7
E01035747,28793,9
E01035748,22216,7
E01035749,31710,10
E01035750,28789,9
E01035751,24541,8
E01035752,25831,8
E01035753,22877,7
E01035754,30717,10
E01035755,21734,7
E01035756,28964,9
E01035757,20777,7
E01035758,27536,9
E01035759,27902,9
E01035760,27532,9
E01035761,28981,9
E01035762,24000,8
